energy_au,total_recorded_SI,n1_l0_m+0,n2_l0_m+0,n2_l1_m-1,n2_l1_m+0,n2_l1_m+1
1.000000000000000021e-02,6.905002252077545311e-02,3.980914998406457662e-03,3.499448719628583254e-02,3.803444963088877320e-03,2.564629171198122559e-02,6.248836510130512069e-04
1.499999999999999944e-02,4.568504843804287174e-02,3.641074408349356285e-03,1.637112263873415768e-02,3.005452681062768285e-03,2.264341919860817301e-02,2.397951128842026132e-05
1.999999999999999695e-02,3.218070263545490944e-02,2.510481805775986470e-03,8.432960215135173326e-03,2.540152003413475180e-03,1.868292146523582026e-02,1.418714589445348695e-05
2.499999999999999792e-02,2.152573630239099090e-02,1.697787344519651603e-03,5.203511937678947583e-03,1.823163552894615548e-03,1.279189193711629050e-02,9.381530181486097796e-06
2.999999999999999889e-02,1.370437979535778228e-02,9.811272331576013396e-04,3.437885632972735757e-03,1.176224040399003823e-03,8.094950677160449304e-03,1.419221166799170481e-05
3.499999999999999639e-02,8.264778890085863056e-03,5.100855511213618371e-04,2.234587219695242585e-03,6.679895486163687146e-04,4.838471349798520449e-03,1.364522085436908177e-05
3.999999999999999389e-02,4.630523586075508541e-03,2.355877618239074988e-04,1.354825967869383420e-03,3.229046739528631865e-04,2.708119449967356929e-03,9.085732461997826845e-06
4.499999999999999833e-02,2.353144626675496807e-03,9.502665943270655470e-05,7.400267862795791712e-04,1.274719725349556573e-04,1.386535695757811978e-03,4.083512670443811767e-06
4.999999999999999584e-02,1.055011605858864176e-03,3.276524455361694266e-05,3.551913326181391217e-04,3.838079206279578534e-05,6.277693351629565514e-04,9.049014613557666648e-07
5.499999999999999334e-02,4.051126935564667133e-04,9.366466797278692226e-06,1.469042788537795871e-04,7.583831480150360184e-06,2.402998026913729214e-04,9.583137338851381522e-07
5.999999999999999084e-02,1.329533964681435792e-04,2.108297556159778605e-06,5.189473479963703170e-05,1.004785695072078679e-06,7.479930846341002033e-05,3.146269953864680465e-06
6.499999999999998834e-02,4.575022007845832667e-05,3.468279192951544120e-07,1.632488593212047897e-05,1.464849472438244929e-06,2.284930245215913031e-05,4.764354302445322600e-06
6.999999999999999278e-02,2.854188340841349545e-05,5.328682731349057349e-08,5.420046121704483763e-06,2.777070082226470092e-06,1.571104293553035741e-05,4.580437441638689935e-06
7.499999999999998335e-02,2.761096357750892271e-05,3.200647885980141542e-08,2.104482891978784065e-06,3.527449247802024495e-06,1.793316032562448654e-05,4.013864633243824094e-06
7.999999999999998779e-02,2.614802193970739645e-05,3.087034730246600177e-08,6.158830248400819213e-07,3.672990086172391597e-06,1.694763385350490622e-05,4.880644627887547072e-06
8.499999999999997835e-02,2.236620796124477793e-05,2.596906258276477467e-08,1.655087642091405286e-07,3.375558421492478689e-06,1.218723711681063121e-05,6.611934596149765474e-06
8.999999999999998279e-02,1.711012716592957128e-05,2.231129429695801343e-08,9.083364238847335772e-07,2.786111294430120353e-06,6.729812309561116129e-06,6.663555843756641875e-06
9.499999999999998723e-02,1.134026858222551769e-05,2.027103974232487095e-08,2.444403306967140710e-06,2.045445407230305721e-06,2.826927647331879377e-06,4.003221180953866058e-06
9.999999999999997780e-02,7.427566195979993534e-06,1.778193952622632273e-08,3.970771729864626244e-06,1.290043546626939193e-06,8.609032870857010451e-07,1.288065692876500438e-06
1.049999999999999822e-01,7.850316076706316542e-06,1.447709246770277028e-08,4.898777385665187705e-06,6.468352976907310430e-07,1.589348850111308002e-07,2.131291415871565688e-06
1.099999999999999728e-01,1.141222155156071264e-05,1.207904669836661127e-08,5.128821839786755592e-06,2.153615408141535555e-07,3.564320102004006978e-08,6.020315923241395959e-06
1.149999999999999772e-01,1.298240053651135954e-05,1.218646612768734024e-08,4.867423068753343067e-06,4.135256576674115571e-08,2.115303320279197169e-07,7.849908103835667744e-06
1.199999999999999817e-01,9.561684031450787188e-06,1.469311791785789386e-08,4.323998658689551334e-06,1.034585795813895134e-07,6.494974186739055968e-07,4.470036256588082052e-06
1.249999999999999722e-01,5.830593232321070947e-06,1.856712910581183374e-08,3.593279174542633467e-06,3.315987564989080359e-07,1.273450569499573796e-06,6.136976026741436026e-07
1.299999999999999767e-01,9.725079572354584380e-06,2.313269991495915246e-08,2.727002368252539499e-06,6.441542206274687355e-07,1.895815946157511444e-06,4.434974337402104616e-06
1.349999999999999811e-01,2.059459958158752429e-05,2.768252793195377582e-08,1.823479870553427212e-06,9.739657112502274407e-07,2.336161797100085396e-06,1.543330967475183094e-05
1.399999999999999856e-01,2.611496370532853507e-05,3.061552025625996499e-08,1.022934079281910606e-06,1.270246247671468508e-06,2.535382094958622717e-06,2.125578576316027301e-05
1.449999999999999900e-01,1.749132592384006340e-05,3.062865735656944689e-08,4.410792284389196438e-07,1.491197172347468291e-06,2.546872062313028864e-06,1.298154880338407802e-05
1.499999999999999944e-01,6.475750945316391517e-06,2.951623116622423563e-08,1.296043429739241706e-07,1.609486101844819530e-06,2.435852394233231944e-06,2.271291875098191477e-06
1.549999999999999989e-01,1.600877329156660377e-05,2.965120365349828728e-08,6.056003655059063861e-08,1.598610205457271261e-06,2.223992836820398912e-06,1.209595900908484365e-05
1.599999999999999756e-01,4.668494882467199794e-05,3.340247095427446640e-08,1.978496043745833349e-07,1.507566807588483079e-06,1.881219713854990528e-06,4.306491022789966493e-05
1.649999999999999800e-01,6.378106122340814323e-05,3.290039594724450896e-08,4.733837141010659534e-07,1.317741114410385726e-06,1.537188724473526192e-06,6.041984727447592641e-05
1.699999999999999845e-01,3.905213799544536389e-05,2.465759075228730254e-08,8.558700736635456000e-07,1.073506398707799252e-06,1.128004394368624391e-06,3.597009953795310525e-05
1.749999999999999889e-01,5.685793824346845052e-06,1.508834469633579987e-08,1.274308954569128952e-06,8.146419855579959193e-07,7.349316454285037660e-07,2.846822894094880224e-06
1.799999999999999933e-01,3.697374224598575025e-05,1.628556839066321781e-08,1.661849752859674036e-06,5.646604480006271872e-07,4.164010784717934763e-07,3.431454539826299399e-05
1.809999999999999942e-01,5.402786225554080836e-05,1.786487018914771443e-08,1.732382677709030821e-06,5.158212066730479891e-07,3.683334852056112716e-07,5.139346001576397337e-05
1.819999999999999951e-01,7.388784558934078186e-05,2.082871040446089349e-08,1.788856822415294541e-06,4.688722107105972861e-07,3.393140256761979706e-07,7.126997382013422998e-05
1.829999999999999960e-01,9.571101232785556609e-05,2.466604066729771430e-08,1.843135201018239036e-06,4.262579282531322043e-07,3.032746857801640269e-07,9.311367847213673646e-05
1.839999999999999969e-01,1.184778859563136128e-04,2.797785321815226048e-08,1.906156993550059611e-06,3.868518984607332511e-07,2.493047006691112332e-07,1.159075945104155606e-04
1.849999999999999978e-01,1.410262165895968041e-04,3.022064964019092312e-08,1.970762946308610412e-06,3.473204708180416301e-07,1.960229763306316083e-07,1.384818895464993180e-04
1.859999999999999987e-01,1.620740384288990132e-04,3.229884214034327388e-08,2.020774210960446881e-06,3.065839243307175323e-07,1.637742202245711969e-07,1.595506072312429381e-04
1.869999999999999996e-01,1.802900768978365109e-04,3.508072116659794930e-08,2.054304598514598689e-06,2.673725436492156597e-07,1.472892954330376543e-07,1.777860297390730562e-04
1.880000000000000004e-01,1.944156075182847034e-04,3.793216370633310589e-08,2.087409194170629510e-06,2.329157243201195826e-07,1.266374728098891389e-07,1.919307129632777311e-04
1.890000000000000013e-01,2.033769105379828340e-04,3.936577749082901229e-08,2.131896186718977878e-06,2.032481147574616594e-07,9.630298714949265095e-08,2.009060974718660723e-04
1.900000000000000022e-01,2.063500821010529540e-04,3.887328549031717274e-08,2.178440492174816697e-06,1.757085626817651738e-07,6.968683651051961625e-08,2.038873729241955470e-04
1.910000000000000031e-01,2.028124345861160042e-04,3.737361033387253079e-08,2.208816417784947207e-06,1.484540983440364326e-07,5.699322591520852661e-08,2.003607972337379417e-04
1.920000000000000040e-01,1.926247586280343247e-04,3.577113256708172126e-08,2.219969345010441798e-06,1.223254768314984272e-07,5.198551741443038560e-08,1.901947071562108693e-04
1.930000000000000049e-01,1.761227989048267794e-04,3.376536645120550005e-08,2.226847925355335935e-06,9.925090740497696054e-08,4.440735745909021613e-08,1.737185273481561701e-04
1.940000000000000058e-01,1.541568256980306931e-04,3.050251608721035654e-08,2.241636575507725171e-06,7.987378161575331821e-08,3.532531475302749155e-08,1.517694875100669867e-04
1.950000000000000067e-01,1.280639873022301073e-04,2.595214654497080733e-08,2.259001589482494993e-06,6.332640286396337216e-08,3.274333341660119181e-08,1.256829638299220768e-04
1.960000000000000075e-01,9.961745451941118141e-05,2.104948965209016646e-08,2.265936796759982787e-06,4.873535009790242224e-08,3.802298227019919225e-08,9.724370990063101357e-05
1.970000000000000084e-01,7.098160805764540328e-05,1.663209922012388966e-08,2.259688912507469884e-06,3.615108421294546357e-08,4.533147443542421132e-08,6.862380448726944121e-05
1.980000000000000093e-01,4.464341182652723872e-05,1.283897872273944139e-08,2.248778556578558337e-06,2.606322781219920310e-08,5.231143811363853415e-08,4.230341962530010215e-05
1.989999999999999825e-01,2.328176111068013969e-05,9.658777387731339060e-09,2.238929752656830215e-06,1.864000065874377672e-08,6.285786869121617134e-08,2.095167471128561775e-05
1.999999999999999833e-01,9.590452367554349629e-06,7.544413476619307252e-09,2.226169989717378297e-06,1.368565540252704861e-08,7.872168465281205143e-08,7.264330624305011667e-06
2.009999999999999842e-01,6.101646332658104037e-06,7.165101327409389777e-09,2.205505652353179769e-06,1.100378767923620718e-08,9.607374647735072030e-08,3.781898044820927658e-06
2.019999999999999851e-01,1.502130219061571860e-05,8.868577202562435895e-09,2.179565078199161177e-06,1.052824233652853526e-08,1.132816939630757129e-07,1.270905859891438981e-05
2.029999999999999860e-01,3.805004925969302117e-05,1.273864470608499372e-08,2.153660014654397989e-06,1.224419726960612390e-08,1.352299714587584189e-07,3.573617643160417409e-05
2.039999999999999869e-01,7.618792219488348006e-05,1.896387868826506293e-08,2.126183995037054870e-06,1.617208818557641772e-08,1.646566662898937400e-07,7.386194556668269537e-05
2.049999999999999878e-01,1.295695408958525276e-04,2.773377084395092013e-08,2.090454291739836728e-06,2.232248831806058021e-08,1.946444569821408885e-07,1.272343858879685470e-04
2.059999999999999887e-01,1.973671310641892827e-04,3.884543071662638796e-08,2.045667618890165362e-06,3.051395480058094213e-08,2.175501497453799380e-07,1.950345539100365345e-04
2.069999999999999896e-01,2.777438578925334883e-04,5.180408081171355690e-08,1.999776314884781977e-06,4.036770920192367916e-08,2.387189687876907965e-07,2.754131908188473909e-04
2.079999999999999905e-01,3.678286161184037483e-04,6.628004544486341090e-08,1.958854028253842322e-06,5.169348782214343148e-08,2.715427987850272174e-07,3.654802457580978497e-04
2.089999999999999913e-01,4.637384385527466325e-04,8.199801451204196675e-08,1.918130799366625424e-06,6.477487126533601342e-08,3.172503869570132231e-07,4.613562844806456432e-04
2.099999999999999922e-01,5.607081217612521623e-04,9.808214180840386380e-08,1.868204695749543211e-06,7.997101352485422760e-08,3.594557856652820442e-07,5.583024081245041310e-04
2.109999999999999931e-01,6.533352286894933457e-04,1.130674297237000238e-07,1.808155430574504337e-06,9.702647918544084563e-08,3.854447084438673081e-07,6.509315346415658204e-04
2.119999999999999940e-01,7.358804367895965251e-04,1.259213778195996652e-07,1.747205830995957592e-06,1.151168337798291555e-07,4.056963719890926589e-07,7.334864963750120474e-04
2.129999999999999949e-01,8.025800741530379886e-04,1.365839095855348064e-07,1.692665963736710078e-06,1.337560152098951332e-07,4.415316095976998231e-07,8.001755366549080954e-04
2.139999999999999958e-01,8.480045056761059902e-04,1.449210293792447916e-07,1.640845388676170868e-06,1.533776768628639943e-07,4.954325360962773889e-07,8.455699290450914085e-04
2.149999999999999967e-01,8.675099805612644871e-04,1.495189576126631989e-07,1.582874153708104577e-06,1.746901910227178894e-07,5.459047297448925661e-07,8.650569925291761494e-04
2.159999999999999976e-01,8.577488277248805811e-04,1.484579029460964218e-07,1.516682604320352330e-06,1.975899252721287933e-07,5.759576042302555514e-07,8.553101396881117400e-04
2.169999999999999984e-01,8.171383534131694115e-04,1.414025778322793404e-07,1.449007461818926572e-06,2.211210849417930630e-07,5.961049288111799286e-07,8.147307173597652863e-04
2.179999999999999993e-01,7.462365290485292171e-04,1.300255170601862940e-07,1.386040799341519690e-06,2.445745712578016080e-07,6.294606148521868551e-07,7.438464275460175169e-04
2.190000000000000002e-01,6.480593657121399166e-04,1.159132237241287201e-07,1.326247152589960194e-06,2.682377994028605511e-07,6.800575833889330018e-07,6.456689099530339964e-04
2.200000000000000011e-01,5.283666738200569913e-04,9.895326540296330635e-08,1.264100754975203940e-06,2.927995462326720318e-07,7.288994199231391013e-07,5.259819208335230574e-04
2.210000000000000020e-01,3.958498980024906569e-04,7.877087830796751316e-08,1.197991037001042908e-06,3.182840249612567704e-07,7.616087748635518911e-07,3.934932432873568622e-04
2.220000000000000029e-01,2.621208125009191563e-04,5.723034873065099290e-08,1.131416093215488694e-06,3.439755645539707070e-07,7.866467069077379278e-07,2.598015437875113190e-04
2.230000000000000038e-01,1.414803398918630347e-04,3.820678816743407258e-08,1.067457207298949940e-06,3.693261763090853774e-07,8.193768235562889266e-07,1.391859728965312711e-04
2.239999999999999769e-01,5.052358589145475418e-05,2.493313554604047999e-08,1.005311645948506785e-06,3.944913575636898714e-07,8.587885834381595797e-07,4.824006116895835906e-05
2.249999999999999778e-01,7.599101841073278534e-06,1.908127985214965180e-08,9.429405242740894260e-07,4.198085370762351212e-07,8.924736415383715171e-07,5.324797858332433215e-06
2.259999999999999787e-01,3.206113273833479944e-05,2.297382571794678864e-08,8.806351448005075353e-07,4.451131713110535882e-07,9.194108262138600736e-07,2.979299977029142829e-05
2.269999999999999796e-01,1.432784789178202702e-04,4.094838303962924720e-08,8.201778726788142019e-07,4.699270839413569281e-07,9.517043144848675042e-07,1.409957212636755899e-04
2.279999999999999805e-01,3.594735940619204974e-04,7.686147817370777247e-08,7.617817208603712033e-07,4.941474098983776351e-07,9.911946692295342486e-07,3.571496087837585038e-04
2.289999999999999813e-01,6.964969782707848079e-04,1.313340789975799726e-07,7.039990652835265449e-07,5.181023283061500414e-07,1.020677700700000971e-06,6.941228650974975772e-04
2.299999999999999822e-01,1.166550129512846550e-03,2.038436269702277504e-07,6.465235654872767826e-07,5.418583596773306234e-07,1.029796422534253340e-06,1.164128107538177533e-03
2.309999999999999831e-01,1.776821293148618704e-03,2.971811273214813265e-07,5.912027651069077584e-07,5.648723592490334926e-07,1.037806861335673276e-06,1.774330230035605542e-03
2.319999999999999840e-01,2.528112714654161264e-03,4.163782072827475729e-07,5.395702180153188590e-07,5.866065613297112826e-07,1.071434475613594306e-06,2.525498725191919688e-03
2.329999999999999849e-01,3.413671903691377872e-03,5.613517887187230810e-07,4.906771469327275027e-07,6.072495722230192460e-07,1.122517884151855560e-06,3.410890107299351451e-03
2.339999999999999858e-01,4.418378496309883531e-03,7.234251964184080748e-07,4.425252995454539865e-07,6.274359544002681716e-07,1.150264975128569568e-06,4.415434844884390947e-03
2.349999999999999867e-01,5.518250615565245196e-03,8.928059141169297352e-07,3.950062587435540751e-07,6.472750845800947138e-07,1.135886249325396588e-06,5.515179642058479562e-03
2.359999999999999876e-01,6.680216043859930550e-03,1.068160504098144946e-06,3.501445815861646717e-07,6.660497143979068361e-07,1.115987281579157414e-06,6.677015701778268864e-03
2.369999999999999885e-01,7.862321326375137226e-03,1.253517083603760609e-06,3.094539256189715550e-07,6.830667785528947741e-07,1.139292080909997890e-06,7.858935996506451194e-03
2.379999999999999893e-01,9.014709365413953526e-03,1.444071286403044421e-06,2.721861545312702106e-07,6.985349415918190340e-07,1.197925537032261993e-06,9.011096647494394596e-03
2.389999999999999902e-01,1.008150592171567703e-02,1.620311139101092572e-06,2.366613772405118506e-07,7.132654446719509432e-07,1.230687483380189619e-06,1.007770499627128405e-02
2.399999999999999911e-01,1.100343278660775338e-02,1.761475267624515438e-06,2.025295435230993688e-07,7.275701122864857387e-07,1.203181282214663186e-06,1.099953803040210412e-02
2.409999999999999920e-01,1.172096756635039767e-02,1.862412395826645623e-06,1.709567541880408059e-07,7.408021852270155778e-07,1.158242849779514984e-06,1.171703515216537643e-02
2.419999999999999929e-01,1.217822115170599621e-02,1.930284415898517170e-06,1.429433057590471678e-07,7.521242406245900409e-07,1.162018825247381529e-06,1.217423378091846663e-02
2.429999999999999938e-01,1.232788761495927192e-02,1.964053701552567071e-06,1.182853189372355956e-07,7.614976611538014054e-07,1.214127317493796109e-06,1.232382965096013444e-02
2.439999999999999947e-01,1.213729580600953102e-02,1.945586744945492310e-06,9.625510666215659609e-08,7.696642429420955675e-07,1.246336650667889925e-06,1.213323796326431364e-02
2.449999999999999956e-01,1.159513851068904450e-02,1.857673965673086811e-06,7.663323969924581711e-08,7.772160380356246126e-07,1.215362680437600705e-06,1.159121162476519848e-02
2.459999999999999964e-01,1.071849113877725024e-02,1.706655159175882341e-06,5.972120593411104283e-08,7.839318211111016529e-07,1.162005986483512199e-06,1.071477882460454556e-02
2.469999999999999973e-01,9.560203602180640178e-03,1.518909697241692275e-06,4.572284043565178942e-08,7.891076145820983827e-07,1.152793128566382827e-06,9.556697068899814088e-03
2.479999999999999982e-01,8.216939825548944670e-03,1.316626830838218451e-06,3.453972156595496075e-08,7.923708710533750702e-07,1.186383949381956688e-06,8.213609904176105703e-03
2.489999999999999991e-01,6.837687964774209586e-03,1.109174484145302241e-06,2.605097663768546061e-08,7.940091006448591183e-07,1.198940448250017707e-06,6.834559789764532017e-03
2.500000000000000000e-01,5.632049990708191782e-03,9.153200925368202422e-07,2.025423864811218331e-08,7.945442281996922565e-07,1.160080040447159633e-06,5.629159792108359706e-03
2.510000000000000009e-01,4.877772758204513767e-03,7.859751733274580811e-07,1.713537508738261347e-08,7.941385133721288857e-07,1.116988899102676197e-06,4.875058520243624044e-03
2.520000000000000018e-01,4.927585486263237960e-03,7.943288723245311223e-07,1.663402800804734661e-08,7.924835370743568193e-07,1.119193609377232285e-06,4.924862846216454017e-03
2.530000000000000027e-01,6.215536496074871957e-03,1.008389308695470083e-06,1.873760740456906051e-08,7.892181384234066151e-07,1.137515329331004946e-06,6.212582635691017534e-03
2.540000000000000036e-01,9.262405310985348181e-03,1.490190999912085504e-06,2.340086819189426849e-08,7.843879037818261420e-07,1.106884563131793620e-06,9.259000446650331173e-03
2.550000000000000044e-01,1.467928651025853827e-02,2.327939657065167696e-06,3.038176150630967623e-08,7.784646471422908608e-07,1.035738959456861690e-06,1.467511398523336716e-02
2.560000000000000053e-01,2.316888944118539878e-02,3.653734086185898361e-06,3.941438724820785691e-08,7.718919997223175736e-07,1.008815541351423727e-06,2.316341558517089061e-02
2.570000000000000062e-01,3.552490950219848453e-02,5.614111549040724951e-06,5.059817690728031369e-08,7.646035863211677248e-07,1.058275878189500594e-06,3.551742191300802376e-02
2.580000000000000071e-01,5.262977891029806121e-02,8.331713748551908559e-06,6.431565984392887474e-08,7.560446265968026175e-07,1.091058320584001289e-06,5.261953577794248327e-02
2.590000000000000080e-01,7.545015776464798762e-02,1.191957498448842469e-05,8.057659448193096638e-08,7.457577317782931566e-07,1.007310256929467478e-06,7.543640454508031279e-02
2.600000000000000089e-01,1.050290927981533673e-01,1.653763171768699499e-05,9.870934981293919225e-08,7.339529698312984114e-07,8.633912035924095762e-07,1.050108591129124413e-01
2.610000000000000098e-01,1.424747361875208507e-01,2.240913588043061717e-05,1.180366458732298328e-07,7.213926467609986390e-07,8.276451283288920259e-07,1.424506599772194515e-01
2.620000000000000107e-01,1.889467342851993414e-01,2.975722080974202530e-05,1.387172761627058501e-07,7.086314634671073035e-07,9.478844036598221741e-07,1.889151818312463094e-01
2.630000000000000115e-01,2.456410951506648177e-01,3.873714499925344067e-05,1.614866088286069924e-07,6.954352211630515271e-07,1.047402152413279332e-06,2.456004536816831507e-01
2.640000000000000124e-01,3.137727673123421046e-01,4.946410148438063154e-05,1.865118610258809013e-07,6.810732357253095802e-07,9.373151744022760589e-07,3.137214983105865440e-01
2.650000000000000133e-01,3.945545825028111686e-01,6.211296738399137130e-05,2.129487441303685426e-07,6.651808367701722708e-07,6.931418340660600008e-07,3.944908982640122352e-01
2.660000000000000142e-01,4.891728395149078645e-01,7.695209828913174809e-05,2.399091140944290306e-07,6.481970803357771909e-07,5.985355993966006598e-07,4.890944007748249112e-01
2.670000000000000151e-01,5.987617410023268194e-01,9.424188886424293243e-05,2.675389762694406677e-07,6.308855035271880116e-07,7.765314833811852200e-07,5.986658241574993600e-01
2.680000000000000160e-01,7.243784219666012936e-01,1.141134002935470987e-04,2.966853802624540204e-07,6.135446510216154441e-07,9.871912904137595095e-07,7.242624111449860180e-01
2.690000000000000169e-01,8.669777850594982960e-01,1.365926248607471794e-04,3.276055817821704109e-07,5.958403646002503917e-07,9.078721447259201377e-07,8.668393611165464696e-01
2.700000000000000178e-01,1.027385207076732643e+00,1.617554645618376737e-04,3.595138071837553412e-07,5.773687408926144072e-07,5.711734823723348024e-07,1.027221943556140271e+00
2.710000000000000187e-01,1.206267378422580361e+00,1.898097660331085667e-04,3.915337178252695438e-07,5.581802795530815373e-07,3.674262982709189550e-07,1.206076251516251530e+00
2.720000000000000195e-01,1.404104518007805780e+00,2.209723198072208238e-04,4.236474031457546381e-07,5.386582859160863619e-07,5.529149686688125710e-07,1.403882030467340725e+00
2.730000000000000204e-01,1.621166888119778937e+00,2.552769379772861467e-04,4.563668627804103667e-07,5.190317048292455169e-07,8.860001007911253960e-07,1.620909749783133291e+00
2.740000000000000213e-01,1.857494935891012666e+00,2.925640542832054665e-04,4.897791780348763881e-07,4.992032690653459679e-07,9.043193420166615973e-07,1.857200478534940302e+00
2.750000000000000222e-01,2.112880137557535232e+00,3.326835434529619526e-04,5.234138864652902470e-07,4.790423425197871205e-07,5.269790748192493142e-07,2.112545924578778322e+00
2.760000000000000231e-01,2.386846003285238549e+00,3.756545616812554940e-04,5.569721214690976541e-07,4.586548754160627390e-07,1.935381386200361046e-07,2.386469139558421659e+00
2.770000000000000240e-01,2.678632903762858675e+00,4.215582160541723198e-04,5.906318792583349132e-07,4.382617523558857740e-07,3.161509609678489858e-07,2.678210000502212029e+00
2.780000000000000249e-01,2.987190752431195584e+00,4.702793944338942798e-04,6.244415126954085744e-07,4.179243384298603658e-07,7.322748127183644774e-07,2.986718698396098048e+00
2.790000000000000258e-01,3.311179156536642854e+00,5.214283291984920295e-04,6.578850607181895981e-07,3.975462603962331671e-07,8.886205164554718947e-07,3.310655784155606796e+00
2.800000000000000266e-01,3.648970923688272361e+00,5.745595883655163407e-04,6.904782893219586130e-07,3.771298386614582830e-07,5.499076987935151751e-07,3.648394746584080028e+00
2.810000000000000275e-01,3.998656762213419480e+00,6.294197437137897568e-04,7.225260373787600693e-07,3.568810577376715966e-07,1.174508225055764169e-07,3.998026145611788262e+00
2.820000000000000284e-01,4.358054302162054583e+00,6.859006410442266286e-04,7.547150221393549382e-07,3.369948955993215208e-07,1.238979508099424525e-07,4.357367185913141761e+00
2.830000000000000293e-01,4.724726174763373088e+00,7.437461484753802015e-04,7.869405069950969669e-07,3.174350392628188312e-07,5.450887024384456104e-07,4.723980779150648956e+00
2.840000000000000302e-01,5.096007296031006106e+00,8.023874395178285995e-04,8.181132908996497685e-07,2.980356542293563504e-07,8.258673066031266249e-07,5.095202966575236303e+00
2.849999999999999756e-01,5.469036323015513013e+00,8.611307298898931983e-04,8.474428729679896880e-07,2.787899234996158283e-07,5.941847362482104768e-07,5.468173471868090552e+00
2.859999999999999765e-01,5.840787156684847936e+00,9.194713504412584159e-04,8.754919125425616742e-07,2.599246276861631959e-07,1.373031035452859550e-07,5.839866412614762581e+00
2.869999999999999774e-01,6.208102239676609457e+00,9.771389114511114249e-04,9.034266441329396898e-07,2.416607867903291211e-07,2.377650976528843200e-08,6.207123931901217695e+00
2.879999999999999782e-01,6.567732531404537610e+00,1.033818390754396438e-03,9.313668249941115643e-07,2.239884201499645581e-07,3.707783996585247107e-07,6.566697186880138482e+00
2.889999999999999791e-01,6.916385122836163468e+00,1.088908975744107667e-03,9.580845536009257897e-07,2.067476321635376914e-07,7.095009023003253088e-07,6.915294339527330969e+00
2.899999999999999800e-01,7.250773333531710385e+00,1.141636974586739562e-03,9.825089732202679085e-07,1.898872446654709287e-07,6.051613336491637928e-07,7.249629918999572098e+00
2.909999999999999809e-01,7.567663639279701648e+00,1.191387020097609472e-03,1.005017673396959620e-06,1.735565217834172853e-07,2.070216671870180147e-07,7.566470866663741468e+00
2.919999999999999818e-01,7.863919501187011107e+00,1.237839207302626580e-03,1.026803385906635856e-06,1.579375017050936354e-07,2.480927495818777596e-08,7.862680452429545497e+00
2.929999999999999827e-01,8.136546647410742850e+00,1.280752168437093285e-03,1.048240382398009060e-06,1.430633200160730703e-07,2.584906973469770621e-07,8.135264445447905501e+00
2.939999999999999836e-01,8.382741794205369246e+00,1.319683162105109164e-03,1.068448606556416937e-06,1.288457705464517128e-07,5.684864261506247283e-07,8.381420345262460714e+00
2.949999999999999845e-01,8.599940560526210476e+00,1.354006916822005080e-03,1.086497892209822420e-06,1.152368971973233512e-07,5.522513318601803240e-07,8.598584799623267827e+00
2.959999999999999853e-01,8.785858507647121840e+00,1.383206102724846530e-03,1.102499160197543068e-06,1.023009113562152380e-07,2.616161000096376702e-07,8.784473835128224550e+00
2.969999999999999862e-01,8.938524085965937616e+00,1.407066680668981684e-03,1.117201430960998872e-06,9.013321443838800236e-08,9.006375705333419414e-08,8.937115721886865316e+00
2.979999999999999871e-01,9.056307467221708762e+00,1.425548025014802735e-03,1.130881483345437723e-06,7.876546861144169925e-08,2.308573758208251632e-07,9.054880478692366452e+00
2.989999999999999880e-01,9.137948251628356999e+00,1.438515085849505042e-03,1.143114715418666602e-06,6.817443579202437961e-08,4.511835720310034519e-07,9.136508074069784158e+00
2.999999999999999889e-01,9.182579515794193625e+00,1.445677631939804985e-03,1.153530849324369827e-06,5.834929083521674669e-08,4.476244422927326283e-07,9.181132178657671616e+00
3.009999999999999898e-01,9.189742979769624398e+00,1.446798554967734969e-03,1.162274496002703195e-06,4.931327080165874848e-08,2.550369565845469745e-07,9.188294714589932966e+00
3.019999999999999907e-01,9.159393612444794996e+00,1.441894759207976206e-03,1.169564329760426878e-06,4.108910906405731980e-08,1.572524760717574983e-07,9.157950349779671484e+00
3.029999999999999916e-01,9.091897059116433866e+00,1.431187124354817240e-03,1.175220276368495390e-06,3.367670762959489161e-08,2.693748500710947048e-07,9.090464393720244729e+00
3.039999999999999925e-01,8.988023540981812332e+00,1.414887173286048360e-03,1.178985852315803938e-06,2.707209603497325253e-08,3.955271589376069308e-07,8.986607052223419601e+00
3.049999999999999933e-01,8.848937556609408617e+00,1.393097362381899920e-03,1.181090429049165516e-06,2.128642382865537169e-08,3.376875843125966877e-07,8.847542919182590282e+00
3.059999999999999942e-01,8.676179811770925454e+00,1.365928919847001930e-03,1.182034791483788975e-06,1.633265307906311737e-08,1.864753582677845517e-07,8.674812498008275696e+00
3.069999999999999951e-01,8.471640017636776321e+00,1.333660970463254863e-03,1.181812415053005937e-06,1.220471230114019407e-08,1.756276736981548575e-07,8.470304987021512133e+00
3.079999999999999960e-01,8.237523411200642798e+00,1.296737666175640322e-03,1.179779182178791494e-06,8.882745906180062496e-09,3.259157472560761921e-07,8.236225158956791859e+00
3.089999999999999969e-01,7.976314703568587738e+00,1.255626954224127369e-03,1.175517112590514353e-06,6.353869468794631188e-09,4.061231906994475320e-07,7.975057488620191037e+00
3.099999999999999978e-01,7.690740080629045572e+00,1.210728626054174539e-03,1.169516706763767936e-06,4.617111452688839131e-09,2.733044817295533366e-07,7.689527904564691596e+00
3.109999999999999987e-01,7.383725328037685998e+00,1.162425775893722885e-03,1.162634120375754184e-06,3.670670494043675747e-09,9.803105032819532531e-08,7.382561637925951104e+00
3.119999999999999996e-01,7.058349387547766085e+00,1.111179979161568783e-03,1.154988158358916430e-06,3.504365883477125480e-09,1.352381772171325450e-07,7.057236913837902748e+00
3.130000000000000004e-01,6.717795689748562005e+00,1.057536093036263568e-03,1.145810679009184367e-06,4.103837536857529653e-09,3.532166720066116020e-07,6.716736650524337549e+00
3.140000000000000013e-01,6.365304374302568569e+00,1.002043097666716715e-03,1.134486855871735991e-06,5.451894160992739780e-09,4.538977273856009708e-07,6.364300737368424166e+00
3.150000000000000022e-01,6.004126343733847015e+00,9.452016408578551784e-04,1.121390178122512856e-06,7.523726162140000087e-09,2.791999466357665467e-07,6.003179733979138177e+00
3.160000000000000031e-01,5.637478195530070124e+00,8.874889377763841864e-04,1.107412536443276193e-06,1.029079617232451087e-08,4.617898399200465184e-08,5.636589542709977252e+00
3.170000000000000040e-01,5.268497841959664640e+00,8.293976567230622711e-04,1.092867586875059252e-06,1.373500305399238926e-08,6.958562881245699526e-08,5.267667268114722745e+00
3.180000000000000049e-01,4.900202609014479016e+00,7.714211700546556860e-04,1.077226739581138871e-06,1.785112756682855509e-08,3.336195297437786559e-07,4.899429759147027497e+00
3.190000000000000058e-01,4.535451904176006188e+00,7.140097103126416458e-04,1.059938266691381230e-06,2.262734903378185782e-08,4.975568620030299581e-07,4.534736314343216002e+00
3.200000000000000067e-01,4.176914863615175832e+00,6.575636524775369581e-04,1.041154960101142691e-06,2.802865887618221886e-08,3.425824259920462020e-07,4.176255888196653387e+00
3.210000000000000075e-01,3.827042144395692347e+00,6.024657083104863805e-04,1.021470617884940546e-06,3.400912255790007333e-08,6.697723517517885125e-08,3.826438556230406185e+00
3.220000000000000084e-01,3.488041749124801694e+00,5.490899553741040474e-04,1.001177144455717846e-06,4.053804712996588383e-08,3.124355996884927521e-08,3.487491586210675898e+00
3.230000000000000093e-01,3.161860092790965027e+00,4.977616758808298125e-04,9.800764634570719017e-07,4.760334880373529438e-08,2.869733193025952716e-07,3.161361016461952556e+00
3.240000000000000102e-01,2.850169346266198112e+00,4.487219952783547561e-04,9.579522561589472177e-07,5.518868508096904500e-08,5.107734142759887023e-07,2.849719100356564283e+00
3.249999999999999556e-01,2.554360592430885202e+00,4.021517565602955374e-04,9.349143493413308770e-07,6.325944141998811403e-08,4.263786199991495332e-07,2.553957016121914059e+00
3.259999999999999565e-01,2.275541559471585540e+00,3.582247634724152570e-04,9.111872059985400573e-07,7.177653313974341107e-08,1.576719751169827932e-07,2.275182194072399078e+00
3.269999999999999574e-01,2.014538573144502465e+00,3.171140506504690213e-04,8.868032120592062578e-07,8.071203395996471573e-08,5.816565699837089032e-08,2.014220433412948985e+00
3.279999999999999583e-01,1.771903441002938617e+00,2.789377312149643267e-04,8.617099420956338376e-07,9.003956812395407245e-08,2.539261466887271418e-07,1.771623297596066848e+00
3.289999999999999591e-01,1.547925574080640576e+00,2.437175605977479488e-04,8.360554534302493333e-07,9.971776232405045693e-08,4.961901154494706667e-07,1.547680424556711731e+00
3.299999999999999600e-01,1.342648244929274481e+00,2.114106482308406249e-04,8.101171246247647791e-07,1.097013006917412359e-07,4.951765082313190363e-07,1.342435419286110099e+00
3.309999999999999609e-01,1.155887366791842785e+00,1.819771663151715645e-04,7.839416290711560057e-07,1.199686671002714858e-07,2.841207732852909973e-07,1.155704201594458080e+00
3.319999999999999618e-01,9.872521774101822301e-01,1.553979409635618595e-04,7.572822430692841179e-07,1.305189013880554299e-07,1.529932191441956324e-07,9.870957386748551166e-01
3.329999999999999627e-01,8.361682534626119212e-01,1.316229664386851773e-04,7.300068483459149790e-07,1.413291187268187349e-07,2.679074447803323988e-07,8.360354912527613314e-01
3.339999999999999636e-01,7.019029066774910008e-01,1.105239398571866098e-04,7.024128488266908777e-07,1.523301328590554853e-07,4.783946726725266814e-07,7.017910495999795106e-01
3.349999999999999645e-01,5.835917652463660232e-01,9.191720999936057361e-05,6.749590453855724484e-07,1.634454312938038537e-07,5.349673119611861665e-07,5.834984746645780485e-01
3.359999999999999654e-01,4.802649458070900601e-01,7.562968484341868632e-05,6.477454163368780871e-07,1.746515176587839935e-07,4.052151332572638099e-07,4.801880885101794116e-01
3.369999999999999662e-01,3.908721862452653739e-01,6.152624134859264798e-05,6.204534171302149386e-07,1.859767809957133231e-07,2.864093973200740752e-07,3.908095671643213587e-01
3.379999999999999671e-01,3.143073213845958835e-01,4.947163753169568325e-05,5.928369359851157346e-07,1.974305303131213513e-07,3.351810882730838362e-07,3.142567242985095932e-01
3.389999999999999680e-01,2.494322655742307326e-01,3.928535994641060278e-05,5.651043736313461506e-07,2.089497128240573266e-07,4.834023625889044139e-07,2.493917227578352769e-01
3.399999999999999689e-01,1.950996710998171013e-01,3.075147752624083714e-05,5.376991386921661023e-07,2.204341722939071075e-07,5.549217160553103777e-07,1.950676065672638237e-01
3.409999999999999698e-01,1.501731054762475981e-01,2.366949896623928425e-05,5.108050092778181311e-07,2.318282798343762461e-07,4.959483989647826000e-07,1.501481973955932914e-01
3.419999999999999707e-01,1.135443809359747702e-01,1.788159397125619980e-05,4.842308783088256161e-07,2.431474248386002342e-07,4.185984269803850606e-07,1.135253533652733904e-01
3.429999999999999716e-01,8.414852627964843068e-02,1.324868469317152856e-05,4.577704044779994182e-07,2.544205159229411149e-07,4.346690291955404530e-07,8.413413073500566886e-02
3.439999999999999725e-01,6.097679144254949946e-02,9.615493530919726715e-06,4.315156732614412877e-07,2.656248167745397041e-07,5.203530489418530609e-07,6.096595845547959913e-02
3.449999999999999734e-01,4.308735598609095274e-02,6.812439602496155127e-06,4.057450361686297902e-07,2.766900259465893976e-07,5.731809669310326338e-07,4.307928793045941174e-02
3.459999999999999742e-01,2.961317348901877644e-02,4.687977632562606074e-06,3.806107518353233944e-07,2.875544397209951987e-07,5.542004333342975489e-07,2.960726314576132487e-02
3.469999999999999751e-01,1.976695212343302852e-02,3.126809587235789001e-06,3.560572662825043960e-07,2.981981018775415423e-07,5.213677206016748230e-07,1.976264969075703162e-02
3.479999999999999760e-01,1.284386839461967508e-02,2.034343952296313228e-06,3.320105458889710686e-07,3.086222844899791192e-07,5.343211559118589103e-07,1.284065909668108754e-02
3.489999999999999769e-01,8.222518043168718441e-03,1.314189170668215766e-06,3.085234115854323252e-07,3.188155120995874280e-07,5.783158305314127685e-07,8.219998199243834167e-03
3.499999999999999778e-01,5.364108197586908884e-03,8.694763409614940304e-07,2.857058091382959423e-07,3.287487077512682464e-07,6.013515141526578441e-07,5.362022915214904872e-03
3.509999999999999787e-01,3.809758993968866310e-03,6.215929828511553114e-07,2.636064917469242333e-07,3.383913172574165561e-07,5.923088185594117282e-07,3.807943094358451439e-03
3.519999999999999796e-01,3.176172098223779047e-03,5.172732375130022373e-07,2.422319997790485124e-07,3.477185105531275371e-07,5.873113799907333133e-07,3.174477563095943339e-03
3.529999999999999805e-01,3.150255067180713058e-03,5.152595576152488438e-07,2.216319567218519943e-07,3.567070913015859800e-07,6.090426561676548782e-07,3.148552425918906689e-03
3.539999999999999813e-01,3.483128594294337098e-03,5.732193880618034386e-07,2.018847631150633624e-07,3.653376136153432687e-07,6.351485923937508302e-07,3.481353003937151351e-03
3.549999999999999822e-01,3.983578102207659642e-03,6.523960727522635499e-07,1.830077827366543336e-07,3.736009258168691286e-07,6.366192691697559782e-07,3.981732478157183966e-03
3.559999999999999831e-01,4.510968875376869698e-03,7.300251876359123052e-07,1.649546372831329558e-07,3.814905417512287172e-07,6.224259664474484633e-07,4.509069979043751550e-03
3.569999999999999840e-01,4.967930163072515302e-03,7.991110956578532357e-07,1.477227939674842308e-07,3.889846702853406038e-07,6.247838309619525907e-07,4.965969560681642372e-03
3.579999999999999849e-01,5.293261860514132666e-03,8.548769035730021498e-07,1.314082030776574659e-07,3.960474534510947826e-07,6.507536161586332453e-07,5.291228774337871851e-03
3.589999999999999858e-01,5.455293149836758400e-03,8.865322601850642356e-07,1.161127266094247216e-07,4.026570453610968239e-07,6.721491773869838095e-07,5.453215698627215946e-03
3.599999999999999867e-01,5.445634305293058607e-03,8.845414748209002387e-07,1.018318198751877931e-07,4.088236815083269605e-07,6.661952991392177696e-07,5.443572913017715072e-03
3.609999999999999876e-01,5.273282769024743855e-03,8.511946699638501562e-07,8.848471367550314306e-08,4.145656032660271320e-07,6.470231703703409008e-07,5.271281500867468217e-03
3.619999999999999885e-01,4.959281348499300010e-03,7.983488692312254615e-07,7.604457159802799424e-08,4.198690584447917554e-07,6.448743868180160389e-07,4.957342211613207858e-03
3.629999999999999893e-01,4.532191260080991116e-03,7.349546363570183874e-07,6.458674997350654413e-08,4.246882609617231284e-07,6.648809575429095123e-07,4.530302149476156219e-03
3.639999999999999902e-01,4.024416504474099057e-03,6.608968023798764246e-07,5.419667034342483609e-08,4.289914109412145520e-07,6.823935214088309591e-07,4.022590026069025777e-03
3.649999999999999911e-01,3.469193682332278542e-03,5.740732412313737817e-07,4.487357168245683540e-08,4.327937242286676702e-07,6.776300870542645949e-07,3.467464311708081618e-03
3.659999999999999920e-01,2.898111167258892590e-03,4.795463904648988606e-07,3.655552092663706965e-08,4.361317187410280048e-07,6.600955841277579893e-07,2.896498838044632342e-03
3.669999999999999929e-01,2.339220760378806722e-03,3.881698784487431747e-07,2.921285664091483684e-08,4.390111971285285803e-07,6.525251595347105079e-07,2.337711841287054039e-03
3.679999999999999938e-01,1.815845695951012057e-03,3.074587876805323909e-07,2.287730276023218451e-08,4.413970638507683183e-07,6.606791441626081202e-07,1.814413283652558002e-03
3.689999999999999947e-01,1.346015433292447813e-03,2.372563505784208163e-07,1.758489929742905413e-08,4.432563289058882714e-07,6.695723510424925572e-07,1.344647763362623576e-03
3.699999999999999956e-01,9.423129850431753371e-04,1.747508367644043687e-07,1.332797107381011286e-08,4.445955416642960399e-07,6.660909001262793642e-07,9.410142197935465356e-04
3.709999999999999964e-01,6.119820908959806936e-04,1.206974916124924025e-07,1.007474257148897346e-08,4.454461885499835724e-07,6.542820186812491386e-07,6.107515904545654300e-04
3.719999999999999973e-01,3.572910295230900595e-04,7.876135878976944494e-08,7.809238207596329254e-09,4.458241795869684974e-07,6.457651095881468403e-07,3.561128696369175533e-04
3.729999999999999982e-01,1.761738279454358794e-04,5.049854301385711920e-08,6.531815524272396746e-09,4.457189833188453965e-07,6.434393134616712242e-07,1.750276392901172254e-04
3.739999999999999991e-01,6.306163369728694430e-05,3.366469391036830273e-08,6.235057675318840756e-09,4.451191326818613433e-07,6.410503281596395700e-07,6.193556448485975697e-05
3.750000000000000000e-01,9.753753936814434338e-06,2.534202766579123450e-08,6.899795903091437853e-09,4.440309622809360349e-07,6.346870550832895820e-07,8.642794095881325858e-06
3.760000000000000009e-01,6.246903447901747647e-06,2.443852017696022134e-08,8.508682729967367300e-09,4.424667717675503969e-07,6.271369442504020716e-07,5.144352528976867841e-06
3.770000000000000018e-01,4.153259994909374957e-05,3.026729309282670439e-08,1.104569529651825677e-08,4.404295600873934441e-07,6.208627989159437369e-07,4.042999460170106991e-05
3.780000000000000027e-01,1.043640031562526900e-04,4.047007597313811246e-08,1.448529672649724592e-08,4.379229631811889184e-07,6.132321333968537833e-07,1.032578926869750173e-04
3.790000000000000036e-01,1.839273603754365939e-04,5.211324963238271643e-08,1.879999115084084820e-08,4.349681484848090897e-07,6.017596735969818744e-07,1.828197193125715824e-04
3.800000000000000044e-01,2.703530515499142175e-04,6.420204417312517880e-08,2.397802590808015303e-08,4.315927361239398071e-07,5.897567006468188184e-07,2.692435220430622724e-04
3.810000000000000053e-01,3.550774620070818182e-04,7.736025497647074599e-08,3.001283757138407052e-08,4.278012400424163436e-07,5.821440640214757481e-07,3.539601436104700930e-04
3.820000000000000062e-01,4.311094159912095191e-04,9.089592779099807357e-08,3.686940151752872951e-08,4.235735678996415243e-07,5.773953306491808431e-07,4.299806817633521528e-04
3.830000000000000071e-01,4.932079588410108852e-04,1.018069483541127674e-07,4.448414368999383863e-08,4.189037848170438392e-07,5.685459560240053242e-07,4.920742180081257716e-04
3.840000000000000080e-01,5.379244794174335492e-04,1.076212508688172069e-07,5.281508781321028446e-08,4.138294378895551821e-07,5.528348094811560951e-07,5.367973788313808604e-04
3.850000000000000089e-01,5.634938203073652004e-04,1.091861487662934127e-07,6.187323425899495086e-08,4.084057732282501352e-07,5.361553458569088814e-07,5.623781998052547948e-04
3.860000000000000098e-01,5.696377004189782500e-04,1.092974418403590432e-07,7.167569481081332986e-08,4.026525615221090389e-07,5.254379165050474011e-07,5.685286368042999404e-04
3.870000000000000107e-01,5.573578817434203265e-04,1.088841585115545915e-07,8.217433133742975056e-08,3.965435557997650752e-07,5.193463133078847446e-07,5.562509333844636817e-04
3.880000000000000115e-01,5.287266335104122937e-04,1.059513333661440971e-07,9.326556117244643702e-08,3.900560119429570155e-07,5.101668873390228777e-07,5.276271937165917265e-04
3.890000000000000124e-01,4.866287010961356453e-04,9.864771691025303776e-08,1.048819056026880810e-07,3.832179026326343757e-07,4.941148220051760502e-07,4.855478387489848896e-04
3.900000000000000133e-01,4.344462491124191227e-04,8.817022356035647565e-08,1.170430901073187900e-07,3.760921558326713019e-07,4.759407818539402756e-07,4.333890028610648537e-04
3.910000000000000142e-01,3.757495694061312240e-04,7.762976572832879265e-08,1.297895103349684654e-07,3.687191634619708861e-07,4.621644555644194692e-07,3.747112665110415453e-04
3.920000000000000151e-01,3.140593657038269178e-04,6.861941220899158851e-08,1.430831885712053288e-07,3.610910432575140411e-07,4.527520135583393670e-07,3.130338200462308407e-04
3.930000000000000160e-01,2.526778558045166424e-04,6.009953981638450013e-08,1.568109959632968439e-07,3.531863661600799637e-07,4.421304939506153796e-07,2.516656284086262797e-04
3.940000000000000169e-01,1.945399135184788819e-04,5.071010894213625492e-08,1.708853252153727900e-07,3.450163931086468979e-07,4.270093395219494787e-07,1.935462923516907685e-04
3.950000000000000178e-01,1.420674014762252644e-04,4.103768672325690190e-08,1.853047147137122366e-07,3.366259133829990380e-07,4.100102089180658881e-07,1.410944229524872437e-04
3.960000000000000187e-01,9.706454391045221805e-05,3.292496711890782658e-08,2.000983711613280312e-07,3.280559231204744174e-07,3.952071395072481168e-07,9.610825750954425520e-05
3.970000000000000195e-01,6.069020990413726078e-05,2.722395688954355755e-08,2.152406771127143379e-07,3.193202724584483876e-07,3.828014748165803261e-07,5.974562352285997622e-05
3.980000000000000204e-01,3.349141689513636134e-05,2.319453431080659095e-08,2.306514282060956720e-07,3.104199586679232806e-07,3.699429027208592714e-07,3.255720807123067579e-05
3.990000000000000213e-01,1.545500060582211135e-05,1.999283414720848546e-08,2.462641846512380190e-07,3.013666897054615129e-07,3.552625354699921162e-07,1.453211436184821039e-05
4.000000000000000222e-01,6.062470713575137001e-06,1.780925608011582358e-08,2.620547445879196899e-07,2.921840112653246579e-07,3.402487944082248410e-07,5.150173907233552127e-06
4.010000000000000231e-01,4.367843393644792073e-06,1.717460600294044848e-08,2.780004333513040134e-07,2.828936015382787975e-07,3.263320679730464805e-07,3.463442684779222022e-06
4.020000000000000240e-01,9.109265346214829201e-06,1.782323642765201866e-08,2.940521627373369630e-07,2.735127234175185240e-07,3.127747919208063698e-07,8.211102431711514522e-06
4.030000000000000249e-01,1.883147234568615088e-05,1.892787537915613297e-08,3.101686975313867173e-07,2.640638432652886686e-07,2.983443123196740275e-07,1.793996761719064586e-05
4.040000000000000258e-01,3.199030296375119032e-05,2.020797408121773067e-08,3.263466145072764449e-07,2.545746455577887693e-07,2.836103239272111705e-07,3.110556340567769676e-05
4.050000000000000266e-01,4.703909183211728355e-05,2.208809519646863649e-08,3.425771834773867498e-07,2.450634523351263363e-07,2.701000769483537853e-07,4.615926302415995037e-05
4.060000000000000275e-01,6.251500754228073121e-05,2.465636652182262127e-08,3.587869887028590240e-07,2.355330759155608537e-07,2.577611210644168457e-07,6.163826999007606744e-05
4.070000000000000284e-01,7.712556360592266519e-05,2.708282076733608104e-08,3.748691638587797083e-07,2.259879522859629118e-07,2.448371052672351305e-07,7.625278656374335183e-05
4.080000000000000293e-01,8.981187635965796261e-05,2.847665986379875145e-08,3.907847812535503011e-07,2.164539881743070688e-07,2.304683231749580730e-07,8.894569260719134931e-05
4.090000000000000302e-01,9.977384501502326757e-05,2.897034004545254551e-08,4.065899475279848681e-07,2.069716421256806646e-07,2.161128098427543651e-07,9.891520027548139063e-05
4.100000000000000311e-01,1.064720150340525549e-04,2.942709926166668318e-08,4.223279566830378867e-07,1.975676620895958405e-07,2.036078495145373775e-07,1.056190844665037170e-04
4.110000000000000320e-01,1.096290434077237352e-04,3.014891775903209125e-08,4.379206091665393618e-07,1.882419058506698406e-07,1.926377909533727326e-07,1.087800941839941256e-04
4.120000000000000329e-01,1.092300340923704836e-04,3.039934340094794903e-08,4.532152270461651237e-07,1.789876598696982733e-07,1.812070188145426709e-07,1.083862248432391356e-04
4.130000000000000338e-01,1.055012844568641153e-04,2.939321029171284447e-08,4.681390007586847447e-07,1.698198765069619722e-07,1.683838350925474199e-07,1.046655485342142141e-04
4.140000000000000346e-01,9.885996840854371405e-05,2.736136201249960453e-08,4.827575983304355846e-07,1.607754723553308775e-07,1.554711662259921454e-07,9.803360280961945607e-05
4.150000000000000355e-01,8.985413896171814691e-05,2.525930162445123218e-08,4.971554791292888304e-07,1.518866121515478105e-07,1.441500764937051588e-07,8.903568749231915384e-05
4.160000000000000364e-01,7.911564252750412016e-05,2.359550509731575364e-08,5.112939454066273096e-07,1.431616522971627987e-07,1.343271366363476094e-07,7.830326428806666365e-05
4.170000000000000373e-01,6.732535538970584683e-05,2.197585288113885148e-08,5.250316784780504492e-07,1.345957538532961210e-07,1.245252952376378691e-07,6.651922680925572112e-05
4.180000000000000382e-01,5.517390437701831675e-05,1.985440835297660011e-08,5.382731962940354851e-07,1.261944331775648210e-07,1.139673390031733456e-07,5.437561500019056477e-05
4.190000000000000391e-01,4.331240488567756491e-05,1.735410699161392263e-08,5.510469879924528112e-07,1.179803103647872204e-07,1.034161367020111341e-07,4.252260734362670204e-05
4.199999999999999845e-01,3.230784044380764796e-05,1.509631656405252720e-08,5.634234921575458651e-07,1.099786560400705260e-07,9.392123575748554046e-08,3.152542074328849023e-05
4.209999999999999853e-01,2.261800101530411542e-05,1.343023072871565527e-08,5.753983922180043845e-07,1.022032527168961482e-07,8.548143544772675244e-08,2.184148770419277230e-05
4.219999999999999862e-01,1.458307751538345609e-05,1.215901893113663265e-08,5.868919934779405769e-07,9.465845547534828159e-08,7.734471937415903842e-08,1.381202332812487212e-05
4.229999999999999871e-01,8.420842373461423093e-06,1.100179202792536739e-08,5.978398779172116807e-07,8.734993966551914851e-08,6.917244608069458772e-08,7.655478317770073043e-06
4.239999999999999880e-01,4.221445218867892255e-06,1.001649110271181357e-08,6.082374326848048571e-07,8.028881169185758447e-08,6.134153987137798732e-08,3.461560943517140204e-06
4.249999999999999889e-01,1.949949819894729524e-06,9.429663887969962752e-09,6.180947733132470253e-07,7.348723440046689727e-08,5.421987932879903553e-08,1.194718268964246595e-06
4.259999999999999898e-01,1.462214539552833486e-06,9.250835220411295379e-09,6.273937684723919341e-07,6.695505531774881351e-08,4.768017941622391860e-08,7.109347011260575943e-07
4.269999999999999907e-01,2.528219859907742692e-06,9.274919800671068055e-09,6.361130776593457337e-07,6.070154178871079721e-08,4.146818031221301806e-08,1.780662140346802015e-06
4.279999999999999916e-01,4.853964706027303373e-06,9.399918444319943740e-09,6.442621459979368684e-07,5.473661570366837460e-08,3.566273600817560337e-08,4.109903289873202661e-06
4.289999999999999925e-01,8.101380477338565280e-06,9.726139150693198257e-09,6.518503089191151427e-07,4.906788905448315175e-08,3.049344783667259680e-08,7.360242692377601915e-06
4.299999999999999933e-01,1.191144485733283692e-05,1.030275424658366624e-08,6.588349418474937935e-07,4.369844103040102848e-08,2.591430806200406431e-08,1.117269441214635484e-05
4.309999999999999942e-01,1.593056258762723246e-05,1.094927745398633813e-08,6.651461489498929226e-07,3.863035772445201380e-08,2.167203941029103648e-08,1.519416476408861046e-05
4.319999999999999951e-01,1.983324013635897004e-05,1.144212195600159155e-08,6.707736433535577961e-07,3.387002388744137755e-08,1.773506079375006732e-08,1.909941928636821996e-05
4.329999999999999960e-01,2.333630936671631455e-05,1.178146345912237055e-08,6.757894489002464168e-07,2.942743499257339289e-08,1.436387754955446757e-08,2.260494714181481943e-05
4.339999999999999969e-01,2.620801672716339674e-05,1.213511137515207168e-08,6.802536593090304466e-07,2.530975874612208598e-08,1.170808323755042944e-08,2.547861011449554174e-05
4.349999999999999978e-01,2.827723128162458975e-05,1.254659317858312346e-08,6.841211137290760670e-07,2.151753292725219933e-08,9.575806402826354074e-09,2.754947023538685346e-05
4.359999999999999987e-01,2.944159285120928819e-05,1.283746839548655995e-08,6.872838149251707991e-07,1.804838888002878003e-08,7.732128405252600780e-09,2.871569105060334975e-05
4.369999999999999996e-01,2.966877878884048892e-05,1.283728538647074579e-08,6.897044065088563501e-07,1.490316735688250740e-08,6.248645741181577019e-09,2.894508528384709747e-05
4.380000000000000004e-01,2.898917928440463020e-05,1.260496696655140224e-08,6.914650912081852043e-07,1.208671496152440463e-08,5.369206775624135190e-09,2.826765330449274407e-05
4.390000000000000013e-01,2.748506960606583366e-05,1.234042789082941655e-08,6.926637263880735179e-07,9.603229386778433134e-09,5.124361106339991372e-09,2.676533786129381138e-05
4.400000000000000022e-01,2.528139257447741599e-05,1.213192367927454593e-08,6.932926723253645069e-07,7.452648410826223621e-09,5.295514106582340711e-09,2.456321981595536690e-05
4.410000000000000031e-01,2.253730482959286698e-05,1.188599701989352042e-08,6.932570324651257848e-07,5.631978995044178470e-09,5.759017616917920052e-09,2.182077080349588487e-05
4.420000000000000040e-01,1.943461040761297528e-05,1.149959076278830142e-08,6.925012615690798884e-07,4.138709286772531514e-09,6.659882824100389832e-09,1.871981096317023495e-05
4.430000000000000049e-01,1.616285758520048048e-05,1.101266900179487054e-08,6.910758922912349601e-07,2.971871498326344434e-09,8.161428648615315780e-09,1.544963572376050975e-05
4.440000000000000058e-01,1.290527260044579138e-05,1.055640252684239100e-08,6.890682887612227383e-07,2.130487449991891320e-09,1.018161151655813756e-08,1.219333581019117607e-05
4.450000000000000067e-01,9.828732316175458147e-06,1.021083572298656190e-08,6.865023941012236286e-07,1.612191606084288621e-09,1.251952167619230136e-08,9.117887373068970738e-06
4.460000000000000075e-01,7.076770769562973569e-06,9.967788199558410263e-09,6.833356009262842649e-07,1.413410503442254358e-09,1.515180083976082337e-08,6.366902169093928022e-06
4.470000000000000084e-01,4.763281647484830449e-06,9.803637325158393761e-09,6.795359081816219044e-07,1.530046619109892804e-09,1.823554792363089420e-08,4.054176507435309381e-06
4.480000000000000093e-01,2.967112377078955162e-06,9.726744883394732775e-09,6.751248479459739456e-07,1.957646245888616846e-09,2.183935416396752444e-08,2.258463783839730332e-06
4.490000000000000102e-01,1.729617981757081470e-06,9.749585277828287036e-09,6.701428734756593289e-07,2.691296160113617246e-09,2.583917787190815835e-08,1.021195048971572091e-06
4.500000000000000111e-01,1.055817673261747120e-06,9.861654452803158688e-09,6.646072265049785068e-07,3.725604423447447960e-09,3.012152893044233803e-08,3.475016589500756573e-07
4.510000000000000120e-01,9.176809616057870462e-07,1.005165326016628705e-08,6.585229077197168081e-07,5.054605768786563428e-09,3.474061388495294363e-08,2.093111809721645209e-07
4.520000000000000129e-01,1.258303596408587736e-06,1.033000639681441421e-08,6.519115810568416646e-07,6.671730350532949351e-09,3.977767661566193703e-08,5.496126019887368689e-07
4.530000000000000138e-01,1.997259932362741274e-06,1.070838908741495218e-08,6.447997911032367326e-07,8.570266541837503884e-09,4.515919622769505305e-08,1.288022289402557127e-06
4.540000000000000147e-01,3.037486830407725250e-06,1.117332283815367484e-08,6.371862995689071097e-07,1.074382788419117711e-08,5.075974042124427044e-08,2.327623639695228813e-06
4.550000000000000155e-01,4.272782571071352757e-06,1.169667072614169135e-08,6.290532203881450846e-07,1.318567779038975239e-08,5.662589210554508859e-08,3.562221110061131308e-06
4.560000000000000164e-01,5.594729114106908614e-06,1.225502760618832188e-08,6.204178119175452041e-07,1.588728821038851612e-08,6.292008032181199280e-08,4.883248906050974712e-06
4.570000000000000173e-01,6.898983878070284781e-06,1.281844243779776144e-08,6.113464900157377178e-07,1.883836728305866207e-08,6.962472245200935220e-08,6.186355855881681069e-06
4.580000000000000182e-01,8.091380567826364988e-06,1.333961182997872377e-08,6.018964280821406720e-07,2.202921158529518333e-08,7.648158785708571319e-08,7.377633728471864107e-06
4.590000000000000191e-01,9.093269348503522145e-06,1.379156440855110743e-08,5.920586938641000185e-07,2.545261914705848606e-08,8.332867406929957696e-08,8.378637797014512552e-06
4.600000000000000200e-01,9.844887602069740554e-06,1.421370272839266875e-08,5.817872232421207766e-07,2.910221959882625254e-08,9.036007639125821071e-08,9.129424380109142021e-06
4.610000000000000209e-01,1.030668629857287887e-05,1.467885157738631238e-08,5.710829387295609845e-07,3.296868868668823598e-08,9.787573629145197120e-08,9.590080083287791038e-06
4.620000000000000218e-01,1.045983505269807362e-05,1.519580643320851272e-08,5.600212221292875559e-07,3.703889750670254896e-08,1.058274265739417649e-07,9.741751700054932810e-06
4.630000000000000226e-01,1.030647193019769405e-05,1.567640125068165033e-08,5.486830568195830266e-07,4.129978090286238626e-08,1.138210843772507508e-07,9.586991606847315971e-06
4.640000000000000235e-01,9.868613465674807306e-06,1.603085030297815131e-08,5.370795779872100608e-07,4.574224993301491452e-08,1.216195988954470715e-07,9.148141188556156367e-06
4.650000000000000244e-01,9.184743559861855661e-06,1.627738199751243971e-08,5.251680605158143060e-07,5.035987826099456445e-08,1.294572786298186487e-07,8.463480960457716185e-06
4.660000000000000253e-01,8.305104976049765468e-06,1.652012937911768308e-08,5.129345219308571969e-07,5.514385308093916976e-08,1.377106428468452300e-07,7.582795828812005764e-06
4.670000000000000262e-01,7.287681160287931029e-06,1.682587025178645908e-08,5.004336383705938055e-07,6.008075402712584777e-08,1.463710176755274264e-07,6.563969879962897596e-06
4.680000000000000271e-01,6.195212421968448820e-06,1.716752548826083594e-08,4.877405780302020492e-07,6.515597113678334571e-08,1.550465722961431079e-07,5.470101775017059799e-06
4.689999999999999725e-01,5.091722021498069813e-06,1.749962276368914022e-08,4.748857821512884337e-07,7.035810838526649906e-08,1.634764071257670499e-07,4.365502101072058641e-06
4.699999999999999734e-01,4.037767235161140772e-06,1.783968019674866757e-08,4.618551857590882542e-07,7.567880902923370856e-08,1.718349020242108403e-07,3.310558658151858894e-06
4.709999999999999742e-01,3.085906803339279655e-06,1.823296478241045483e-08,4.486428845082142680e-07,8.110893779121440081e-08,1.804327232013544615e-07,2.357489293056086179e-06
4.719999999999999751e-01,2.278246438576320111e-06,1.866595808664423403e-08,4.352804319952445414e-07,8.663653251239792367e-08,1.892753585404585379e-07,1.548388157441574788e-06
4.729999999999999760e-01,1.645777978228259214e-06,1.907647713067478510e-08,4.218133370757447813e-07,9.224856459925783823e-08,1.980908484683040567e-07,9.145487509542777066e-07
4.739999999999999769e-01,1.207729950954456742e-06,1.945707336508289352e-08,4.082697891567154597e-07,9.793309808970051681e-08,2.067238544209901368e-07,4.753461359219676627e-07
4.749999999999999778e-01,9.704326946441146310e-07,1.989447308776917141e-08,3.946640047162414591e-07,1.036789348415127908e-07,2.152953609665758772e-07,2.368999210320152928e-07
4.759999999999999787e-01,9.271547829278030143e-07,2.047226373999411575e-08,3.810165280641761509e-07,1.094745189996624125e-07,2.239388913080258931e-07,1.922525808159445149e-07
4.769999999999999796e-01,1.059921036710756652e-06,2.116612752311806198e-08,3.673537267798851321e-07,1.153087387415658901e-07,2.325670101299722862e-07,3.235254335362152025e-07
4.779999999999999805e-01,1.342187900439140614e-06,2.187631794888849897e-08,3.536914764331604665e-07,1.211721189373170502e-07,2.410264346778736549e-07,6.044215524419010328e-07
4.789999999999999813e-01,1.740782382491293257e-06,2.254511681309576982e-08,3.400374957879385142e-07,1.270552266197864692e-07,2.493614967078629769e-07,1.001783046562609447e-06
4.799999999999999822e-01,2.217434896695622946e-06,2.319304639146173206e-08,3.264145086341610378e-07,1.329456211912457786e-07,2.577359431400179650e-07,1.477145777338736465e-06
4.809999999999999831e-01,2.731454856318178771e-06,2.384442623305922461e-08,3.128664414211691092e-07,1.388283993140041089e-07,2.661209965986181055e-07,1.989794592751328243e-06
4.819999999999999840e-01,3.243520063234563738e-06,2.448346007546505311e-08,2.994303955240393580e-07,1.446911743557692210e-07,2.742611334014297745e-07,2.500653899877860497e-06
4.829999999999999849e-01,3.718524936324864544e-06,2.511816072947471196e-08,2.861108604182330082e-07,1.505271897903582698e-07,2.820232686072251379e-07,2.974745456779573350e-06
4.839999999999999858e-01,4.126276865280970176e-06,2.583152081755211622e-08,2.728962104926962796e-07,1.563313129876123773e-07,2.896190677072037680e-07,3.381598753275905288e-06
4.849999999999999867e-01,4.441586497562874147e-06,2.669142045820614099e-08,2.597996022247854141e-07,1.620931338114890893e-07,2.973257733242085264e-07,3.695676567744184781e-06
4.859999999999999876e-01,4.645867390906732185e-06,2.761413765165796444e-08,2.468690847052423836e-07,1.677964038815832444e-07,3.050667184626936772e-07,3.898521046205554919e-06
4.869999999999999885e-01,4.729648623799336824e-06,2.839668581284975305e-08,2.341512924802188085e-07,1.734264426982715642e-07,3.124634263271618903e-07,3.981210776480834573e-06
4.879999999999999893e-01,4.693259372034112589e-06,2.893284221419196530e-08,2.216560927875394434e-07,1.789763409227626325e-07,3.193243639314224438e-07,3.944369732178196021e-06
4.889999999999999902e-01,4.544659794018817187e-06,2.936000575625893212e-08,2.093682784093918568e-07,1.844437698506095335e-07,3.259001386584872225e-07,3.795587601344069808e-06
4.899999999999999911e-01,4.296726115399462277e-06,2.993653145567933178e-08,1.972892444513056119e-07,1.898223303647273280e-07,3.325397381420045320e-07,3.547138270985745189e-06
4.909999999999999920e-01,3.966531242130408864e-06,3.077990849789660605e-08,1.854538515222150850e-07,1.950984943835367134e-07,3.392139777616611899e-07,3.215985009965099534e-06
4.919999999999999929e-01,3.575930282218300173e-06,3.176846525912150977e-08,1.739040050967970044e-07,2.002577224488889912e-07,3.455547594696253727e-07,2.824445329943867461e-06
4.929999999999999938e-01,3.150660278825995904e-06,3.269641170438129542e-08,1.626570571474429393e-07,2.052915161509854500e-07,3.513395975725154871e-07,2.398675696250670865e-06
4.939999999999999947e-01,2.717152236002496590e-06,3.346961023897063537e-08,1.517082404766296164e-07,2.101967324147960776e-07,3.567515086067550905e-07,1.965026144265345143e-06
4.949999999999999956e-01,2.299419704668966999e-06,3.413195422635920818e-08,1.410576787136786358e-07,2.149691499301887214e-07,3.620885392091635922e-07,1.547172382589577033e-06
4.959999999999999964e-01,1.918225527721664943e-06,3.476937245224570500e-08,1.307241471326113231e-07,2.196000504057829162e-07,3.673604478192709218e-07,1.165771509911753898e-06
4.969999999999999973e-01,1.591615426006895045e-06,3.546471179657869931e-08,1.207325833664906117e-07,2.240791615710525195e-07,3.723166815060977048e-07,8.390222877666755562e-07
4.979999999999999982e-01,1.334385678783084519e-06,3.632432911842135086e-08,1.110980442663561615e-07,2.283986578038117469e-07,3.768078766894758939e-07,5.817567709050193129e-07
4.989999999999999991e-01,1.156149000347098549e-06,3.744458588654862791e-08,1.018267207120144058e-07,2.325530564584924452e-07,3.809465289317688907e-07,4.033781083582743121e-07
5.000000000000000000e-01,1.060111736040687260e-06,3.878903239955705589e-08,9.292627251786448430e-08,2.365368719724476408e-07,3.848842906845126169e-07,3.069752684663053491e-07
5.010000000000000009e-01,1.043914586356431512e-06,4.014300510512699531e-08,8.440781197227578129e-08,2.403444726009378109e-07,3.885843191014189074e-07,2.904349775766720368e-07
5.020000000000000018e-01,1.101241304000753064e-06,4.127279235407297534e-08,7.627978992217122271e-08,2.439716545132715238e-07,3.919174215874849990e-07,3.477996456237524817e-07
5.030000000000000027e-01,1.222358497922211193e-06,4.215622992745005737e-08,6.854717909689277294e-08,2.474149549611410313e-07,3.948875564940696457e-07,4.693525774426577059e-07
5.040000000000000036e-01,1.393937157172150457e-06,4.302875135933761877e-08,6.121812688544347583e-08,2.506687514409090010e-07,3.976137254851586457e-07,6.414078020013016167e-07
5.050000000000000044e-01,1.599908827859726442e-06,4.418872079190760919e-08,5.430586503338130046e-08,2.537250820742803262e-07,4.001060480778106815e-07,8.475831118823465772e-07
5.060000000000000053e-01,1.823556338327750091e-06,4.576971586255230215e-08,4.782056043281319018e-08,2.565780571840354089e-07,4.022118832056708768e-07,1.071176121642678306e-06
5.070000000000000062e-01,2.049016142531247307e-06,4.768213880173692144e-08,4.176267394252049983e-08,2.592273341444430889e-07,4.038436932524040105e-07,1.296500302390142773e-06
5.080000000000000071e-01,2.261155900876173166e-06,4.970502813202315069e-08,3.612868838281853097e-08,2.616749558345797244e-07,4.051434472620148163e-07,1.508503781264736858e-06
5.090000000000000080e-01,2.445331367753597672e-06,5.159597668666030155e-08,3.092197658037108318e-08,2.639186792990606746e-07,4.063042257990967641e-07,1.692590509388408954e-06
5.100000000000000089e-01,2.588892616305348816e-06,5.318788534212209254e-08,2.615354985557977006e-08,2.659506419685825640e-07,4.072829874675840648e-07,1.836317551671480212e-06
5.110000000000000098e-01,2.683667264376995806e-06,5.451784610841028058e-08,2.183169784957336044e-08,2.677638433380580765e-07,4.078310701338718467e-07,1.931722806947082365e-06
5.120000000000000107e-01,2.726752855551708202e-06,5.591702663264939672e-08,1.795497082255124795e-08,2.693583865100840279e-07,4.078283940754877523e-07,1.975694077510935777e-06
5.130000000000000115e-01,2.718738951117047524e-06,5.787940361518491311e-08,1.451744695908387871e-08,2.707392873545677357e-07,4.074600629398641951e-07,1.968142750248346794e-06
5.140000000000000124e-01,2.661645154834317459e-06,6.069065519967988101e-08,1.151791173906623249e-08,2.719085950672887106e-07,4.069780467686865963e-07,1.910549946059595843e-06
5.150000000000000133e-01,2.559011698261072768e-06,6.411640295923897061e-08,8.960539278134536341e-09,2.728619341756378375e-07,4.063688042783709802e-07,1.806704017569690284e-06
5.160000000000000142e-01,2.417499269865009458e-06,6.750252416308749816e-08,6.847859309803480906e-09,2.735935482207119139e-07,4.053802627507219578e-07,1.664175075420684623e-06
5.170000000000000151e-01,2.247314349849327478e-06,7.027835975999919458e-08,5.176745244000197288e-09,2.741029116263494424e-07,4.038632404106700726e-07,1.493893092808308650e-06
5.180000000000000160e-01,2.060461329707980861e-06,7.244577802322373863e-08,3.941836710955964086e-09,2.743946693689183776e-07,4.019587789573414077e-07,1.307720266647541255e-06
5.190000000000000169e-01,1.868658397079387065e-06,7.463484604039503120e-08,3.139880913537044398e-09,2.744729519924936569e-07,3.998952950904183384e-07,1.116515423042543039e-06
5.200000000000000178e-01,1.682779478676582069e-06,7.769493865511804077e-08,2.768949116756650302e-09,2.743378713248418599e-07,3.976961605996757300e-07,9.302815589801896266e-07
5.210000000000000187e-01,1.513186424483234901e-06,8.214596075057695160e-08,2.825216243319202096e-09,2.739878635532908786e-07,3.951884098618279984e-07,7.590389740742197630e-07
5.220000000000000195e-01,1.369127158998014657e-06,8.784494475479096547e-08,3.302672229982795407e-09,2.734235551886903542e-07,3.922610710757198359e-07,6.122949157488306214e-07
5.230000000000000204e-01,1.257148754265179583e-06,9.403549639070492584e-08,4.195284863813780063e-09,2.726480691123898168e-07,3.889979431040798668e-07,4.972719607941912415e-07
5.240000000000000213e-01,1.180400261526468831e-06,9.976807086964299580e-08,5.497556070184815574e-09,2.716647197192343673e-07,3.855319363512415017e-07,4.179379785161650627e-07
5.250000000000000222e-01,1.139809293368334199e-06,1.045319372139546154e-07,7.203156591046935700e-09,2.704762136278991689e-07,3.818676386845436779e-07,3.757303472508898668e-07
5.260000000000000231e-01,1.135647564994488187e-06,1.087593127370695103e-07,9.304686110279794144e-09,2.690858856148390724e-07,3.779210649181702486e-07,3.705766156141295156e-07
5.270000000000000240e-01,1.167497795681783795e-06,1.137815980851069227e-07,1.179476779392496009e-08,2.674978609413536121e-07,3.736779747303344696e-07,4.007455941310637805e-07
5.280000000000000249e-01,1.232779538713914066e-06,1.210825557814383454e-07,1.466560179994137529e-08,2.657152775450773942e-07,3.692145351658613281e-07,4.621015684215954679e-07
5.290000000000000258e-01,1.325769800916297592e-06,1.312498524764775857e-07,1.790714207318938239e-08,2.637397608288521601e-07,3.645652809979257976e-07,5.483077645398528553e-07
5.300000000000000266e-01,1.438222404144612462e-06,1.434043568404351951e-07,2.150786815733106346e-08,2.615740357524273127e-07,3.596655841592103898e-07,6.520705592352084544e-07
5.310000000000000275e-01,1.560805868083358264e-06,1.556539350494587049e-07,2.545859202704625055e-08,2.592243683221225838e-07,3.544687643303809528e-07,7.660002083543497387e-07
5.320000000000000284e-01,1.684334418578422104e-06,1.663873353137966602e-07,2.975343926853192981e-08,2.566987363679943472e-07,3.490522313701721504e-07,8.824426762579270632e-07
5.329999999999999183e-01,1.800941408713975775e-06,1.755745235402543682e-07,3.438460980427183651e-08,2.540024067541526784e-07,3.435321196643324042e-07,9.934477489509646067e-07
5.340000000000000302e-01,1.905503372082909238e-06,1.851639160590179364e-07,3.933735569553898785e-08,2.511368646803910903e-07,3.378996965363576575e-07,1.091965539111603494e-06
5.349999999999999201e-01,1.996262796987203759e-06,1.981846551314410541e-07,4.459360784558992003e-08,2.481040499585552921e-07,3.320275951369360581e-07,1.173352888914681501e-06
5.360000000000000320e-01,2.073195732805046039e-06,2.169407982331376316e-07,5.014113209574628281e-08,2.449105917908592712e-07,3.258548773745917769e-07,1.235348333310710898e-06
5.369999999999999218e-01,2.134826869557273389e-06,2.413313941887996524e-07,5.597564121289973197e-08,2.415663803884752063e-07,3.194926933053327051e-07,1.276460760461765875e-06
5.380000000000000338e-01,2.176642115059452856e-06,2.684966521457132055e-07,6.209143084746416116e-08,2.380792231124964166e-07,3.130937684916086745e-07,1.294881040462170318e-06
5.389999999999999236e-01,2.193502010797370274e-06,2.944138194189868958e-07,6.847232689049388748e-08,2.344524907523645395e-07,3.066609110082479737e-07,1.289502462727276819e-06
5.400000000000000355e-01,2.184669401784481137e-06,3.168292217008839158e-07,7.509570580347274419e-08,2.306885884069830221e-07,3.000577570370879377e-07,1.261998128836053637e-06
5.409999999999999254e-01,2.157235758612244497e-06,3.377000638945963652e-07,8.194499680023781364e-08,2.267934730310714779e-07,2.932043572033001703e-07,1.217592867683038538e-06
5.420000000000000373e-01,2.124863261177950830e-06,3.631446444293598025e-07,8.901410958195707399e-08,2.227765169462921341e-07,2.861894475055158832e-07,1.163738542714825949e-06
5.429999999999999272e-01,2.102442113738385474e-06,4.002640263984074045e-07,9.629796457272877345e-08,2.186464883565510361e-07,2.791561400197093913e-07,1.108077494390988842e-06
5.440000000000000391e-01,2.099924458517557457e-06,4.524346100073938325e-07,1.037820740761657184e-07,2.144091472251188597e-07,2.721290218530312486e-07,1.057169605355847838e-06
5.449999999999999289e-01,2.118763940280613545e-06,5.162319346149540049e-07,1.114447309510220469e-07,2.100690241028357101e-07,2.650131829920937622e-07,1.016005067619707889e-06
5.460000000000000409e-01,2.153182211019908598e-06,5.827097767928575035e-07,1.192676036583894675e-07,2.056322511379635438e-07,2.577449255221461567e-07,9.878276539085520319e-07
5.469999999999999307e-01,2.196716714619766316e-06,6.432479600921037730e-07,1.272400012548536024e-07,2.011067196848928039e-07,2.503775272928022154e-07,9.747445062951139474e-07
5.480000000000000426e-01,2.251617771058667145e-06,6.969364724954848459e-07,1.353526792812367311e-07,1.965001993284988586e-07,2.430019263431366375e-07,9.798264936103098869e-07
5.489999999999999325e-01,2.335212337378615540e-06,7.545368621486771829e-07,1.435917762885950979e-07,1.918195437835547527e-07,2.356362309839980627e-07,1.009627924173790523e-06
5.500000000000000444e-01,2.476630636097388348e-06,8.350961980525429683e-07,1.519409595850738278e-07,1.870716659395163173e-07,2.282363348711489814e-07,1.074285477649106518e-06
5.509999999999999343e-01,2.702322728799928403e-06,9.554283400118670241e-07,1.603860396520135640e-07,1.822640715245932225e-07,2.207876394532821830e-07,1.183456638158172197e-06
5.520000000000000462e-01,3.017729601624660586e-06,1.118007333349586330e-06,1.689135569901820220e-07,1.774038794912871589e-07,2.133322664495283057e-07,1.340072565344077060e-06
5.529999999999999361e-01,3.398580044897609268e-06,1.305908351982104394e-06,1.775066141545571542e-07,1.724971719074094269e-07,2.059043371399064637e-07,1.536763569713631539e-06
5.540000000000000480e-01,3.802430377564332929e-06,1.491219086547042466e-06,1.861472110081564015e-07,1.675502337331983495e-07,1.984876327218073437e-07,1.759026213554128447e-06
5.549999999999999378e-01,4.199186229456075026e-06,1.655554908089690824e-06,1.948235008104596370e-07,1.625710668176347712e-07,1.910628407092198367e-07,1.995173913029069851e-06
5.560000000000000497e-01,4.604851792723901660e-06,1.811701936598882560e-06,2.035298367960692619e-07,1.575686169626586187e-07,1.836637490069774195e-07,2.248387653359313429e-06
5.569999999999999396e-01,5.094666930820988173e-06,2.010410614376027166e-06,2.122562239565576755e-07,1.525503244892217295e-07,1.763470025029797493e-07,2.543102765496201244e-06
5.580000000000000515e-01,5.777329384907006705e-06,2.321313619865118448e-06,2.209809647831313660e-07,1.475213465072089395e-07,1.691174874859813001e-07,2.918395966265566705e-06
5.589999999999999414e-01,6.732839658438360527e-06,2.791974710667703015e-06,2.296789425106960191e-07,1.424867979109144008e-07,1.619258608613246548e-07,3.406773346487721803e-06
5.600000000000000533e-01,7.945358121443115337e-06,3.407247154017799041e-06,2.383366139973596408e-07,1.374541647663258155e-07,1.547497296968616578e-07,4.007570458964769421e-06
5.609999999999999432e-01,9.282313476369210032e-06,4.080636928844243314e-06,2.469533061787011344e-07,1.324326163820097305e-07,1.476425056859437697e-07,4.674648119278312004e-06
5.620000000000000551e-01,1.056187560789486635e-05,4.699742371450149459e-06,2.555256108823346031e-07,1.274300545314754360e-07,1.406759505579357708e-07,5.338501620472970657e-06
5.629999999999999449e-01,1.170435735460322320e-05,5.217595660054242886e-06,2.640353087603308140e-07,1.224517525247788826e-07,1.338545519960959120e-07,5.966420081267774705e-06
5.640000000000000568e-01,1.289561431075004965e-05,5.743349673062983477e-06,2.724574825802410382e-07,1.175022434860930545e-07,1.271211215410056140e-07,6.635183790079726425e-06
5.649999999999999467e-01,1.464341222020862604e-05,6.563505558497406514e-06,2.807778547026012842e-07,1.125878294156204760e-07,1.204448789986461787e-07,7.566096098594351480e-06
5.660000000000000586e-01,1.762836771520682973e-05,8.043605242910200124e-06,2.889949913857250880e-07,1.077165115386218957e-07,1.138702949976663957e-07,9.074180674374617545e-06
5.669999999999999485e-01,2.236170493876243515e-05,1.042837899289209171e-05,2.971034252939549130e-07,1.028957524029890511e-07,1.074640449886991972e-07,1.142586272318470034e-05
5.680000000000000604e-01,2.883157113583800719e-05,1.365306882039547435e-05,3.050807381859745603e-07,9.813114259496836242e-08,1.012380752338134830e-07,1.467405235942777315e-05
5.689999999999999503e-01,3.645483397475047811e-05,1.734473519437679468e-05,3.128985470033274889e-07,9.342741406189693232e-08,9.515140485033366184e-08,1.860862141445812791e-05
5.700000000000000622e-01,4.462213533046715657e-05,2.116042083480981417e-05,3.205481820483623697e-07,8.879004180294758837e-08,8.917845544616698399e-08,2.296319781635986737e-05
5.709999999999999520e-01,5.382819630038122372e-05,2.543339729969881143e-05,3.280539803802909141e-07,8.422532234827205360e-08,8.334620022875879181e-08,2.789917349772509615e-05
5.720000000000000639e-01,6.683325029703812974e-05,3.180264705234024745e-05,3.354592001450510808e-07,7.973926466292282039e-08,7.769761546380971679e-08,3.453770716442609552e-05
5.729999999999999538e-01,8.871963197272159291e-05,4.320874737592282438e-05,3.427904801901538229e-07,7.533708255704217954e-08,7.224234560933666910e-08,4.502051468844224210e-05
5.740000000000000657e-01,1.245173431039551463e-04,6.257291464365505470e-05,3.500131201402019894e-07,7.102376238939756116e-08,6.696119825717919089e-08,6.145643037951332077e-05
5.749999999999999556e-01,1.738168736026677219e-04,8.989643596185516606e-05,3.569933492299924685e-07,6.680449485539914378e-08,6.184654688214130360e-08,8.343479324984502958e-05
5.760000000000000675e-01,2.239069916413158085e-04,1.186170233218937525e-04,3.635145191959875803e-07,6.268423611090995459e-08,5.691597495654954598e-08,1.048068535891585971e-04
5.769999999999999574e-01,2.465128106069536316e-04,1.338232474799387595e-04,3.694514276870976729e-07,5.866725598707552864e-08,5.218658167972783810e-08,1.122092578616609883e-04
5.780000000000000693e-01,2.075397662437224091e-04,1.170233034048415415e-04,3.752532919604149267e-07,5.475759165774294596e-08,4.765591772235226835e-08,9.003879603754034945e-05
5.789999999999999591e-01,1.029412120770616709e-04,6.389649114600693422e-05,3.828867364735468200e-07,5.095979375958700409e-08,4.331725928492743414e-08,3.856755714153668020e-05
5.800000000000000711e-01,3.488558887409484765e-05,2.186385482098724656e-05,3.973410443678211044e-07,4.727872010307254037e-08,3.918011097643505679e-08,1.253793417766027536e-05
5.809999999999999609e-01,3.386429410211878399e-04,1.524075821328192367e-04,4.287034995661596354e-07,4.371849096245526706e-08,3.526159458907684990e-08,1.857276753032509331e-04
5.820000000000000728e-01,1.760538649859146390e-03,8.181816796684907240e-04,4.946605079699239778e-07,4.028205458018567311e-08,3.156338477924715649e-08,9.417904642433262566e-04
5.829999999999999627e-01,5.670970861292461834e-03,2.687137342528979171e-03,6.230617799551119856e-07,3.697206002355622555e-08,2.807206100916248552e-08,2.983145412862494607e-03
5.840000000000000746e-01,1.427610379441229815e-02,6.836191432337983265e-03,8.539412140932081328e-07,3.379190887014513414e-08,2.478340926919344885e-08,7.438999845542081622e-03
5.849999999999999645e-01,3.077203112474926824e-02,1.482752231762282311e-02,1.240211958794020935e-06,3.074557223412577502e-08,2.171349068933525287e-08,1.594321613610472782e-02
5.860000000000000764e-01,5.937227904190398031e-02,2.872430959197894498e-02,1.846233667278276631e-06,2.783642746986519241e-08,1.887928204620592561e-08,3.064607650054824300e-02
5.869999999999999662e-01,1.051401153894069712e-01,5.101273931309789622e-02,2.743624361649673467e-06,2.506664996212626808e-08,1.627748400413476109e-08,5.412459110781345228e-02
5.880000000000000782e-01,1.735761844473713567e-01,8.440574987061050249e-02,4.004050807696267310e-06,2.243787402401143689e-08,1.389219002659966079e-08,8.916639419588912041e-02
5.889999999999999680e-01,2.699506759307659931e-01,1.315220019263245721e-01,5.689259602397779897e-06,1.995215327916108019e-08,1.171916607321472107e-08,1.384229530735196501e-01
5.900000000000000799e-01,3.984235129320037871e-01,1.944592382700689459e-01,7.839261891821594421e-06,1.761199537298851074e-08,9.771620608509687963e-09,2.039564080164270599e-01
5.909999999999999698e-01,5.610563756885749154e-01,2.743102879488688028e-01,1.046024534088418293e-05,1.541958147443796745e-08,8.061275235128109258e-09,2.867356040135085049e-01
5.920000000000000817e-01,7.568730940477118585e-01,3.706961245438449848e-01,1.351427433782773829e-05,1.337626791538182500e-08,6.583620866888083677e-09,3.861634352696402539e-01
5.929999999999999716e-01,9.811551077677098665e-01,4.814064499264900654e-01,1.691297181987729410e-05,1.148290522862121240e-08,5.326909996957670820e-09,4.997317280595846567e-01
5.940000000000000835e-01,1.225153973504318428e+00,6.022380318581257441e-01,2.051706171247104398e-05,9.740401213132569585e-09,4.288822780232037045e-09,6.228954105552562126e-01
5.949999999999999734e-01,1.476357414007758884e+00,7.271010941593776256e-01,2.414291324400050980e-05,8.149812775227399871e-09,3.476617716042383426e-09,7.492321653087066213e-01
5.960000000000000853e-01,1.719362466232907893e+00,8.484253350166303109e-01,2.757617176423276549e-05,6.712024561045070941e-09,2.893771823756798606e-09,8.709095454387170143e-01
5.969999999999999751e-01,1.937301983392807347e+00,9.578453155843720257e-01,3.059134189911900064e-05,5.427542986443799935e-09,2.534592331723886449e-09,9.794260685044009485e-01
5.979999999999999760e-01,2.113659953172348338e+00,1.047089768673740817e+00,3.297502032725161617e-05,4.296590060280518665e-09,2.392724095623437060e-09,1.066537202788966354e+00
5.989999999999999769e-01,2.234221081014331922e+00,1.108952707709043750e+00,3.454961268035086793e-05,3.319223872267423772e-09,2.468046369171000969e-09,1.125233817905337830e+00
5.999999999999999778e-01,2.288852736727184034e+00,1.138197317195734914e+00,3.519403985078650482e-05,2.495292793894728002e-09,2.761960965285703118e-09,1.150620220234344515e+00
6.009999999999999787e-01,2.272826460441675245e+00,1.132244184605800008e+00,3.485825139415673680e-05,1.824360909009121601e-09,3.270942506037757398e-09,1.140547412489177681e+00
6.019999999999999796e-01,2.187453420203803400e+00,1.091525408164762734e+00,3.356926817653142715e-05,1.305758028327806580e-09,3.989351580037404372e-09,1.095894437475754657e+00
6.029999999999999805e-01,2.039921888352647095e+00,1.019440713469145887e+00,3.142780021867135808e-05,9.386708740106248780e-10,4.915380755038600580e-09,1.020449741229230600e+00
6.039999999999999813e-01,1.842362315026133457e+00,9.219202660118905879e-01,2.859598798357032467e-05,7.221426977651590752e-10,6.048809538473226359e-09,9.204134462553070772e-01
6.049999999999999822e-01,1.610298426216061785e+00,8.066671841298227452e-01,2.527822169077557067e-05,6.550238691480554109e-10,7.384407362878548793e-09,8.036059558251170687e-01
6.059999999999999831e-01,1.360743383092397174e+00,6.822064902192607194e-01,2.169803039004351033e-05,7.359711378694659527e-10,8.913616833519303836e-09,6.785151851931583433e-01
6.069999999999999840e-01,1.110248345554322169e+00,5.568953618127643335e-01,1.807449519378526577e-05,9.634571248602430936e-10,1.063329938224119935e-08,5.533348976496076377e-01
6.079999999999999849e-01,8.731988852777248233e-01,4.380469957319875762e-01,1.460146415871445417e-05,1.335721372249950826e-09,1.254652835775303566e-08,4.351372741993287385e-01
6.089999999999999858e-01,6.605883418473392776e-01,3.312891672480793859e-01,1.143212083653902887e-05,1.850749539435425101e-09,1.465159694622308258e-08,3.292877259760769171e-01
6.099999999999999867e-01,4.793938235043130325e-01,2.402269556538292883e-01,8.670377125379291990e-06,2.506391896218377000e-09,1.693573563062735017e-08,2.391581780312308225e-01
6.109999999999999876e-01,3.325643932451700646e-01,1.664194203071482081e-01,6.369347840394626775e-06,3.300499167162761143e-09,1.938560465502234907e-08,1.661385809040776262e-01
6.119999999999999885e-01,2.195269666141393961e-01,1.096253409594004080e-01,4.536039070759743575e-06,4.230839900474954091e-09,2.200085366462117844e-08,1.098970633839746747e-01
6.129999999999999893e-01,1.370432388400485979e-01,6.823417880715879069e-02,3.140543547365274844e-06,5.294849645989067036e-09,2.478948853252080732e-08,6.880588940500428907e-02
6.139999999999999902e-01,8.022090005544543767e-02,3.978114952043626529e-02,2.127622650649659415e-06,6.489568931133880931e-09,2.774937153240029087e-08,4.043758867341805396e-02
6.149999999999999911e-01,4.349419690566209973e-02,2.145009192560973568e-02,1.428592774759943151e-06,7.811925692040501088e-09,3.086231545384420359e-08,2.204263771303645661e-02
6.159999999999999920e-01,2.143311266180957658e-02,1.049004532726207674e-02,9.718280437669442177e-07,9.259017522070379160e-09,3.411091383887985370e-08,1.094205213657237219e-02
6.169999999999999929e-01,9.302038056029185084e-03,4.503325194059982356e-03,6.907814581384571608e-07,1.082799374652666190e-08,3.749511004438246964e-08,4.797973757407272832e-03
6.179999999999999938e-01,3.351627061681093644e-03,1.595824954818004203e-03,5.290619580484329298e-07,1.251567907619942436e-08,4.102455975482894430e-08,1.755219504666210000e-03
6.189999999999999947e-01,8.783026639964874264e-04,4.070994120724434010e-04,4.426760033669076708e-07,1.431845737659532471e-08,4.469718407200308015e-08,4.707015602792285211e-04
6.199999999999999956e-01,1.168233472024277406e-04,5.422235876111931993e-05,3.999685163898806010e-07,1.623256959545974685e-08,4.849428726152101831e-08,6.213629306806156137e-05
6.209999999999999964e-01,4.089989962936851415e-05,2.852871936492011544e-05,3.800232828387206207e-07,1.825439159564609676e-08,5.239863109990913397e-08,1.192050395891411945e-05
6.219999999999999973e-01,1.387562026443143310e-04,8.007174293250273497e-05,3.702986511984090015e-07,2.038032079517472217e-08,5.640897126805401163e-08,5.823737176854993703e-05
6.229999999999999982e-01,2.115557638054448800e-04,1.145784166633572723e-04,3.641342264582148038e-07,2.260651258362513129e-08,6.053090291226013852e-08,9.653007550013351502e-05
6.239999999999999991e-01,2.202270857758649035e-04,1.158730249269266185e-04,3.585551924574740561e-07,2.492891651471302774e-08,6.475913478471595322e-08,1.039058176051813683e-04
6.250000000000000000e-01,1.865060182536307232e-04,9.641773290885793392e-05,3.525934901143245830e-07,2.734353700608157531e-08,6.907764737811092328e-08,8.963927067027427993e-05
6.260000000000000009e-01,1.405428595603531354e-04,7.167370587623740142e-05,3.461726753254705550e-07,2.984642930213780618e-08,7.347570326669361434e-08,6.841965887622145526e-05
6.270000000000000018e-01,1.010785492225977635e-04,5.083997879396323730e-05,3.394795636359439420e-07,3.243335795620433181e-08,7.795372310039888023e-08,4.978870378394197743e-05
6.280000000000000027e-01,7.377863641168795378e-05,3.648715150716170006e-05,3.326823495196872539e-07,3.509968293111292617e-08,8.251011932157761737e-08,3.684119275275387766e-05
6.290000000000000036e-01,5.654403685254006870e-05,2.741561865783999829e-05,3.258526323108959670e-07,3.784081594665776472e-08,8.713111204056791223e-08,2.867759363440195363e-05
6.300000000000000044e-01,4.511990589953313534e-05,2.146201218074136920e-05,3.189845546773077318e-07,4.065269160930979315e-08,9.180140224656939013e-08,2.320645507025858003e-05
6.310000000000000053e-01,3.632507204662123446e-05,1.703262057432940738e-05,3.120439975454358820e-07,4.353148212266386633e-08,9.651980661895462662e-08,1.884035618600477235e-05
6.320000000000000062e-01,2.883291267652375047e-05,1.342648286826048234e-05,3.050079597720162261e-07,4.647277139600261186e-08,1.012935436258767643e-07,1.495365553346937063e-05
6.330000000000000071e-01,2.255762215088368228e-05,1.051651942075033033e-05,2.978759933790804777e-07,4.947129615233756049e-08,1.061167071411364735e-07,1.158763873346079569e-05
6.340000000000000080e-01,1.774573013619379461e-05,8.328324425493045528e-06,2.906590980088960102e-07,5.252176710775086327e-08,1.109653780594306864e-07,8.963259467524670675e-06
6.350000000000000089e-01,1.440805455848456624e-05,6.799348038348345096e-06,2.833666752596120360e-07,5.561982751915699413e-08,1.158202440827744808e-07,7.153899773274676843e-06
6.360000000000000098e-01,1.221829996268286361e-05,5.751082352153314889e-06,2.760060156804365400e-07,5.876187112166461857e-08,1.206861259832963581e-07,6.011763597744149532e-06
6.370000000000000107e-01,1.069877101202426521e-05,4.974483091276883366e-06,2.685892604400083778e-07,6.194383571945361138e-08,1.255785487229715955e-07,5.268176275864948788e-06
6.380000000000000115e-01,9.449527838321151150e-06,4.316959606925312058e-06,2.611337379244842236e-07,6.516045554196016636e-08,1.304933753509632706e-07,4.675780662578430889e-06
6.390000000000000124e-01,8.267583444306858781e-06,3.713328175096694650e-06,2.536529752117097875e-07,6.840595491742473604e-08,1.354016970603929162e-07,4.096794642020635566e-06
6.400000000000000133e-01,7.130660567850373618e-06,3.163043958545502390e-06,2.461504365254906218e-07,7.167537954070312119e-08,1.402788132254282550e-07,3.509511980013249150e-06
6.410000000000000142e-01,6.104643948122700912e-06,2.687035085930786258e-06,2.386254132246814155e-07,7.496496681476500777e-08,1.451284926292009141e-07,2.958889989523267898e-06
6.420000000000000151e-01,5.251190216596747300e-06,2.295673018412785471e-06,2.310842746029471896e-07,7.827113986784655966e-08,1.499693364459870523e-07,2.496192447267180605e-06
6.430000000000000160e-01,4.581601906933418691e-06,1.980154915524358441e-06,2.235429345714936101e-07,8.158934297255375391e-08,1.548018994420077220e-07,2.141512814423005137e-06
6.440000000000000169e-01,4.060523547105463538e-06,1.721147174096657837e-06,2.160178221868433304e-07,8.491403803437526458e-08,1.596008942283431289e-07,1.878843618559244560e-06
6.450000000000000178e-01,3.635625553646458318e-06,1.501199066430651372e-06,2.085171963767317304e-07,8.823978038406318511e-08,1.643413672385833569e-07,1.673328143216428832e-06
6.460000000000000187e-01,3.265713545513567332e-06,1.311034064638110080e-06,2.010432002147324010e-07,9.156214781564900026e-08,1.690220828676628013e-07,1.493052049977412878e-06
6.470000000000000195e-01,2.932182092253485946e-06,1.147957896183944012e-06,1.936006677162811008e-07,9.487760202212392800e-08,1.736562075057449364e-07,1.322089718825392299e-06
6.480000000000000204e-01,2.634186482463643815e-06,1.010629020369420009e-06,1.862009731742261495e-07,9.818253354468239249e-08,1.782455053440916743e-07,1.160928450031223589e-06
6.490000000000000213e-01,2.376783444154965873e-06,8.953739078493830811e-07,1.788571592452281275e-07,1.014724713815871102e-07,1.827736193823608239e-07,1.018306286296406890e-06
6.500000000000000222e-01,2.161472131149733607e-06,7.963147173405712220e-07,1.715779872752843136e-07,1.047421845437260179e-07,1.872234431481067555e-07,9.016137988420454563e-07
6.510000000000000231e-01,1.983460687035786247e-06,7.080457482613562231e-07,1.643684170891997265e-07,1.079865784814413021e-07,1.915910712584328005e-07,8.114688719453563535e-07
6.520000000000000240e-01,1.834429649902930392e-06,6.280293307355081931e-07,1.572344415452412246e-07,1.112015761832856239e-07,1.958791330517422344e-07,7.420851683871530759e-07
6.530000000000000249e-01,1.706777973643673194e-06,5.567745549690835437e-07,1.501851548105985866e-07,1.143841031196203256e-07,2.000842699123697368e-07,6.853498908320010280e-07
6.540000000000000258e-01,1.595942897132182360e-06,4.959271081087538017e-07,1.432301045345678394e-07,1.175310636811592782e-07,2.041980807740028904e-07,6.350565400336985366e-07
6.550000000000000266e-01,1.499933892532745973e-06,4.459181950957016758e-07,1.363765925739393671e-07,1.206382857315688036e-07,2.082159399012401775e-07,5.887848792302960547e-07
6.560000000000000275e-01,1.417490140772310878e-06,4.048805550855074050e-07,1.296305561073545525e-07,1.237006552485163131e-07,2.121363478478075879e-07,5.471420264831249400e-07
6.570000000000000284e-01,1.346769631029259926e-06,3.694065040803305875e-07,1.229988995755575172e-07,1.267134723414879992e-07,2.159523673156876259e-07,5.116983877161960905e-07
6.580000000000000293e-01,1.285360057422162768e-06,3.363833937903875906e-07,1.164895436416826366e-07,1.296735593274342859e-07,2.196524551291481159e-07,4.831611055335101917e-07
6.590000000000000302e-01,1.231047664130198333e-06,3.045193039153342853e-07,1.101095233297381223e-07,1.325787423900094411e-07,2.232325286801847477e-07,4.606075658149317762e-07
6.599999999999999201e-01,1.182382959665647000e-06,2.745630531145679843e-07,1.038643783072595912e-07,1.354262094370773668e-07,2.266993317697564310e-07,4.418299870369855735e-07
6.610000000000000320e-01,1.138633307516982540e-06,2.482222991361432981e-07,9.775969568099794792e-08,1.382117087690797309e-07,2.300556747746376376e-07,4.243839291561239523e-07
6.619999999999999218e-01,1.099358080516843823e-06,2.266468495054831499e-07,9.180221032858410250e-08,1.409306058789229995e-07,2.332881947885442435e-07,4.066902200153094337e-07
6.630000000000000338e-01,1.063994859292898895e-06,2.095158799943616951e-07,8.599870749711884298e-08,1.435794970628232105e-07,2.363791707671282098e-07,3.885216039714668309e-07
6.639999999999999236e-01,1.031666131038661621e-06,1.952284035138620259e-07,8.035449582147767377e-08,1.461563765339603744e-07,2.393283526801420626e-07,3.705985024892195112e-07
6.650000000000000355e-01,1.001283091912221257e-06,1.819087990180518107e-07,7.487384441072087882e-08,1.486592481733280683e-07,2.421513511690387770e-07,3.536898491410817225e-07
6.659999999999999254e-01,9.719433706701796169e-07,1.684629651429310095e-07,6.956166305038400081e-08,1.510850570706958324e-07,2.448527337150974409e-07,3.379809516910712274e-07
6.670000000000000373e-01,9.434096709792950998e-07,1.550123500703750552e-07,6.442376588279145186e-08,1.534302322405506197e-07,2.474121815758162669e-07,3.231311412097616929e-07
6.679999999999999272e-01,9.162519068425576960e-07,1.425299093551118999e-07,5.946527134074176751e-08,1.556918734055992433e-07,2.498079367011128497e-07,3.087569160399919224e-07
6.690000000000000391e-01,8.914064748804867588e-07,1.320189613453952634e-07,5.468963185143338287e-08,1.578678906178873666e-07,2.520470168487633947e-07,2.947829742170073380e-07
6.699999999999999289e-01,8.694433282804999739e-07,1.237998350786730228e-07,5.009992575228015374e-08,1.599561480615486042e-07,2.541559689382061767e-07,2.814314504497919304e-07
6.710000000000000409e-01,8.501738435954330463e-07,1.173235186357784808e-07,4.570058282135916604e-08,1.619541697975572497e-07,2.561396829112180605e-07,2.690558894295200496e-07
6.719999999999999307e-01,8.329303784449379130e-07,1.115584044414303686e-07,4.149682228387495988e-08,1.638599138450294380e-07,2.579663806396948698e-07,2.580488572349083297e-07
6.730000000000000426e-01,8.171954751743820433e-07,1.056394453567780430e-07,3.749227814234161544e-08,1.656721619456682708e-07,2.596063636914137466e-07,2.487852260381803144e-07
6.739999999999999325e-01,8.029768573635193185e-07,9.933901154684273752e-08,3.368811787190551839e-08,1.673894621188837998e-07,2.610750464488211941e-07,2.414852193770661349e-07
6.750000000000000444e-01,7.906758778253817886e-07,9.307982612800350100e-08,3.008524842418976626e-08,1.690090368761612454e-07,2.624165105621587032e-07,2.360852558348685595e-07
6.759999999999999343e-01,7.807023176352169370e-07,8.753819682223427998e-08,2.668698814176253316e-08,1.705277608486533276e-07,2.636422091468525006e-07,2.323071626757143354e-07
6.770000000000000462e-01,7.731922264626091934e-07,8.314669445326870284e-08,2.349853280632580830e-08,1.719444913033725812e-07,2.647073390071608444e-07,2.298951688924812500e-07
6.779999999999999361e-01,7.679273816785270686e-07,7.982751007790985343e-08,2.052339701515622062e-08,1.732604342117825794e-07,2.655645158678852278e-07,2.287515245057932072e-07
6.790000000000000480e-01,7.643736535224514815e-07,7.708771987170310766e-08,1.776109361095401478e-08,1.744762126881644352e-07,2.662291655037234106e-07,2.288194618479064603e-07
6.799999999999999378e-01,7.618172281803416573e-07,7.435797474121547184e-08,1.520930242097007857e-08,1.755890321026642927e-07,2.667663367843973978e-07,2.298945821310944429e-07
6.810000000000000497e-01,7.596229079554782368e-07,7.132932184644930458e-08,1.286843909465176200e-08,1.765941955472728235e-07,2.672077880059037053e-07,2.316231634612005902e-07
6.819999999999999396e-01,7.574891584526050723e-07,6.808818776314411178e-08,1.074315182889195409e-08,1.774899242426088431e-07,2.675052121859497652e-07,2.336626824320103915e-07
6.830000000000000515e-01,7.554580945051766281e-07,6.499831909276808388e-08,8.838344809412097951e-09,1.782793997064070245e-07,2.675865234103418449e-07,2.357555074862475172e-07
6.839999999999999414e-01,7.536256585581216340e-07,6.242904182877266313e-08,7.153882456176366211e-09,1.789665608376807861e-07,2.674492379286988490e-07,2.376269355067929844e-07
6.850000000000000533e-01,7.518252387251527548e-07,6.050821569537396184e-08,5.684473803284179472e-09,1.795502400616429420e-07,2.671703948260215300e-07,2.389119143388300877e-07
6.859999999999999432e-01,7.496036017964716732e-07,5.905210290313838911e-08,4.425747781734750338e-09,1.800243513203854748e-07,2.668139905813439767e-07,2.392874092098690806e-07
6.870000000000000551e-01,7.464858203701038337e-07,5.770521095787534157e-08,3.379821297457365103e-09,1.803848651412552082e-07,2.663493592570945142e-07,2.386665637164213985e-07
6.879999999999999449e-01,7.422325861792727301e-07,5.618125368668588127e-08,2.553171357850017012e-09,1.806352487846823512e-07,2.656858466219398292e-07,2.371770657281146080e-07
6.890000000000000568e-01,7.368723083684786165e-07,5.443239959582788194e-08,1.948288373879298896e-09,1.807829381073735741e-07,2.647852827629111561e-07,2.349233995284866299e-07
6.899999999999999467e-01,7.305820744072407627e-07,5.263913609508843092e-08,1.558852154323418199e-09,1.808303537687701423e-07,2.637137625462363657e-07,2.318399698428223830e-07
6.910000000000000586e-01,7.235979143616078921e-07,5.105262296619440178e-08,1.375192188214340933e-09,1.807715766322722396e-07,2.625659651047458170e-07,2.278325574701811669e-07
6.919999999999999485e-01,7.161825903487088231e-07,4.981891491106754950e-08,1.394503567877025731e-09,1.805996083457292261e-07,2.613520344188890408e-07,2.230175291051459892e-07
6.930000000000000604e-01,7.085640403276833553e-07,4.890113413441394313e-08,1.623276937123526796e-09,1.803158807818941015e-07,2.599851023572128069e-07,2.177386461170389112e-07
6.939999999999999503e-01,7.008556843005910333e-07,4.812623489094764711e-08,2.067759882833926760e-09,1.799299951004526868e-07,2.583866660359023408e-07,2.123450283904545101e-07
6.950000000000000622e-01,6.930813470654358087e-07,4.730250330911940713e-08,2.723309792303682572e-09,1.794491920144939672e-07,2.565841163317436703e-07,2.070222256177751237e-07
6.959999999999999520e-01,6.853242439652526848e-07,4.633001888101815016e-08,3.576314737428478748e-09,1.788701468470097198e-07,2.546828968303470052e-07,2.018648666694492920e-07
6.970000000000000639e-01,6.778307173927031445e-07,4.524691177100576091e-08,4.617587339540198127e-09,1.781836581717274658e-07,2.527450688546770353e-07,1.970374912557525991e-07
6.979999999999999538e-01,6.709255562085634000e-07,4.419183724378430828e-08,5.851069978649480467e-09,1.773871877249538627e-07,2.507178919584118345e-07,1.927775693027639123e-07
6.990000000000000657e-01,6.648320191789205395e-07,4.330650629929223620e-08,7.286148520248786703e-09,1.764899760225887075e-07,2.484977694702803572e-07,1.892516188665104138e-07
6.999999999999999556e-01,6.596052019752300311e-07,4.263989759303599664e-08,8.922074502024530516e-09,1.755038779564138967e-07,2.460555485081266126e-07,1.864838034156289467e-07
7.010000000000000675e-01,6.552147558814040015e-07,4.211969486802997852e-08,1.074396474783176569e-08,1.744305697348070179e-07,2.434760116646265091e-07,1.844445148661087567e-07
7.019999999999999574e-01,6.516101394856507583e-07,4.160983887295607430e-08,1.273639261081999732e-08,1.732608665712573060e-07,2.408636081700669702e-07,1.831394332605503707e-07
7.030000000000000693e-01,6.486706684736300519e-07,4.100689218723967355e-08,1.489829326778327852e-08,1.719875854362116128e-07,2.382232503251504932e-07,1.825546472572450434e-07
7.039999999999999591e-01,6.461672959147474111e-07,4.030132346833732634e-08,1.724015677503926705e-08,1.706166388949329339e-07,2.354564253431893952e-07,1.825527514332485152e-07
7.050000000000000711e-01,6.438757669762258661e-07,3.956632424957277447e-08,1.976613412545170341e-08,1.691625735769154145e-07,2.324798330558614300e-07,1.829009019684245370e-07
7.059999999999999609e-01,6.417320701537081121e-07,3.889684240049177232e-08,2.246315141015339651e-08,1.676334184493323278e-07,2.293289731768848147e-07,1.834096847168457479e-07
7.070000000000000728e-01,6.397893120557151598e-07,3.834908851087250654e-08,2.531119633770809248e-08,1.660230705492618958e-07,2.261231707068927496e-07,1.839827859509799055e-07
7.079999999999999627e-01,6.379709745640171379e-07,3.791388515747852355e-08,2.830255606383038737e-08,1.643208366153913996e-07,2.229298379177704581e-07,1.845038588095463759e-07
7.090000000000000746e-01,6.359258980620418283e-07,3.752797420111912771e-08,3.144599418493362374e-08,1.625270157320450333e-07,2.196873588679376960e-07,1.847375550760063012e-07
7.099999999999999645e-01,6.332151958272931507e-07,3.711214939843984442e-08,3.475017388070264823e-08,1.606556434907095937e-07,2.162807778662870265e-07,1.844164511911540511e-07
7.110000000000000764e-01,6.296464489957452606e-07,3.661861582310181629e-08,3.820663485106033917e-08,1.587206526727424623e-07,2.126835822358431881e-07,1.834169634129974415e-07
7.119999999999999662e-01,6.253583117057985118e-07,3.606175942906708204e-08,4.179361577587039063e-08,1.567218625145502753e-07,2.089963352629129901e-07,1.817847387233977803e-07
7.130000000000000782e-01,6.205564341180778496e-07,3.550800019664145426e-08,4.549631657493299057e-08,1.546478584581940394e-07,2.053327794446490676e-07,1.795714794436603507e-07
7.139999999999999680e-01,6.152359261761167187e-07,3.502657894351658205e-08,4.931868163952303132e-08,1.524926651635533173e-07,2.016878894555340214e-07,1.767101109739897402e-07
7.150000000000000799e-01,6.092278483580323950e-07,3.463800796030667102e-08,5.327207258223663597e-08,1.502662543790657184e-07,1.979477311814225430e-07,1.731037822550007671e-07
7.159999999999999698e-01,6.024804806302673427e-07,3.430255350880026978e-08,5.735462907052694494e-08,1.479860054033064039e-07,1.940316156048066505e-07,1.688056770428270736e-07
7.170000000000000817e-01,5.951980410673484601e-07,3.395576336960905058e-08,6.154657831194510154e-08,1.456591234910545567e-07,1.899953120708797122e-07,1.640412638238600125e-07
7.179999999999999716e-01,5.876740086408657114e-07,3.355678546569876894e-08,6.582723424793272394e-08,1.432771571996773833e-07,1.859691569361488859e-07,1.590436747914079627e-07
7.190000000000000835e-01,5.800605064736352575e-07,3.311014684315283846e-08,7.019301235799203222e-08,1.408294013929653936e-07,1.820054926759386502e-07,1.539224532035862968e-07
7.199999999999999734e-01,5.723700762491459473e-07,3.265237306774644614e-08,7.465467590411320197e-08,1.383191990616166341e-07,1.780212442236038484e-07,1.487225839920658432e-07
7.210000000000000853e-01,5.646716686015039326e-07,3.222364256468173021e-08,7.921725276009886039e-08,1.357634999479207186e-07,1.739053515855145396e-07,1.435619217432881169e-07
7.219999999999999751e-01,5.571920028521493817e-07,3.184583521312059312e-08,8.386684982125207081e-08,1.331761110822430146e-07,1.696590053910155438e-07,1.386442013445181263e-07
7.230000000000000870e-01,5.501855214422074569e-07,3.151370470962494489e-08,8.858008280745178196e-08,1.305547339195117609e-07,1.653976326260435584e-07,1.341393673795754108e-07
7.239999999999999769e-01,5.437506294188880082e-07,3.119854935987579678e-08,9.334469368819938484e-08,1.278873456904342038e-07,1.612145089706862513e-07,1.301055317096923582e-07
7.250000000000000888e-01,5.378208620843801893e-07,3.086450015138764254e-08,9.816676891516260010e-08,1.251702047634689125e-07,1.570744927464734130e-07,1.265448955078876674e-07
7.259999999999999787e-01,5.323145688245663317e-07,3.049209261042806654e-08,1.030561517683295426e-07,1.224158565510641866e-07,1.528658565044099673e-07,1.234846113903344761e-07
7.270000000000000906e-01,5.272393312800984003e-07,3.009282594362056819e-08,1.080075200146036976e-07,1.196416779244041923e-07,1.485426449564438103e-07,1.209546624410261848e-07
7.279999999999999805e-01,5.226433828005383687e-07,2.970015191033571940e-08,1.129994958615057101e-07,1.168528713954213729e-07,1.441825333763244976e-07,1.189083302569510984e-07
7.290000000000000924e-01,5.185111687757655578e-07,2.934275397799956437e-08,1.180126476577984573e-07,1.140402197758944694e-07,1.398939287259401365e-07,1.172216186381329104e-07
7.299999999999999822e-01,5.147359490114929512e-07,2.902391847232600873e-08,1.230450159754414769e-07,1.111949512850077585e-07,1.356906309148626856e-07,1.157814323638550611e-07
7.310000000000000941e-01,5.111693150019683398e-07,2.872399459006658779e-08,1.281069651007193666e-07,1.083226968104668184e-07,1.314857304755820969e-07,1.145299280251334370e-07
7.319999999999999840e-01,5.076632873118698482e-07,2.841905265945328372e-08,1.332016623958098360e-07,1.054400860065347574e-07,1.272055849251021549e-07,1.133969013249698856e-07
7.330000000000000959e-01,5.040777837918918992e-07,2.809619376432258960e-08,1.383142797915563489e-07,1.025585481483238205e-07,1.228812435489950957e-07,1.122275185386940709e-07
7.339999999999999858e-01,5.002942312932307731e-07,2.775622601178963299e-08,1.434224645410435005e-07,9.967479586874681719e-08,1.186103122180735241e-07,1.108304326535773711e-07
7.350000000000000977e-01,4.962435203975296210e-07,2.740969368611362464e-08,1.485154800707395571e-07,9.677885792129853952e-08,1.144429442700637198e-07,1.090965444493141468e-07
7.359999999999999876e-01,4.919008136131013882e-07,2.707282370463282223e-08,1.535994433652450439e-07,9.386950750523203614e-08,1.103315061940338007e-07,1.070275328439577084e-07
7.370000000000000995e-01,4.872357634812752236e-07,2.676115555117360683e-08,1.586828086057917275e-07,9.095878046299499526e-08,1.061982155291401270e-07,1.046348033321747537e-07
7.379999999999999893e-01,4.821848742081382222e-07,2.647884009894200164e-08,1.637595429390657354e-07,8.806091142431245129e-08,1.020326143190556595e-07,1.018529654267624339e-07
7.390000000000001013e-01,4.766970452198574613e-07,2.621203451143424612e-08,1.688097371124458337e-07,8.517933969576798718e-08,9.790309862023864286e-08,9.859283527997069853e-08
7.399999999999999911e-01,4.707994350566163926e-07,2.593721067332003239e-08,1.738164318946054952e-07,8.230685243046595832e-08,9.387629527355218651e-08,9.486264478467271359e-08
7.410000000000001030e-01,4.645928967517842278e-07,2.564065022014998285e-08,1.787784967091215976e-07,7.943785599170750123e-08,8.994516250720068954e-08,9.079073132360447646e-08
7.419999999999999929e-01,4.581810221077032490e-07,2.533066366902925009e-08,1.837047167930521910e-07,7.657793301691957017e-08,8.604765529120137407e-08,8.652005333750085043e-08
7.430000000000001048e-01,4.516301652624207509e-07,2.502970322716305405e-08,1.885967577272634645e-07,7.374000335041478554e-08,8.214656581974359507e-08,8.211713513783581208e-08
7.439999999999999947e-01,4.450097998440370955e-07,2.475462211504660324e-08,1.934412850461472745e-07,7.093244204957140359e-08,7.827402353636302767e-08,7.760742709690877661e-08
7.450000000000001066e-01,4.384413922304798033e-07,2.450475611845506128e-08,1.982198868476832775e-07,6.815319132012558685e-08,7.449323035815954834e-08,7.307032758605637892e-08
7.459999999999999964e-01,4.320700725768605393e-07,2.426676045631576427e-08,2.029243703373203528e-07,6.539599093549941302e-08,7.082816273972781848e-08,6.865478810799721719e-08
7.470000000000001084e-01,4.259900039492209897e-07,2.402732884514581676e-08,2.075595417137525675e-07,6.266072599379580766e-08,6.724355943777725750e-08,6.449884795874952714e-08
7.479999999999999982e-01,4.202284006887321420e-07,2.378095892982814758e-08,2.121311028386536820e-07,5.995599732573554610e-08,6.369346597363495764e-08,6.066687562087980214e-08
7.490000000000001101e-01,4.148108850390904391e-07,2.353000571430902330e-08,2.166334787294858625e-07,5.729175710127798223e-08,6.017781028291080127e-08,5.717783321110677641e-08
7.500000000000000000e-01,4.098103418099799222e-07,2.328203664169700476e-08,2.210513933907950960e-07,5.467106021500827536e-08,5.674250441199176452e-08,5.406334715048777824e-08
7.600000000000000089e-01,3.782969432926549863e-07,2.138836777062603638e-08,2.596547924642191509e-07,3.097350570201738718e-08,2.762382244727984985e-08,3.865645490851258180e-08
7.700000000000000178e-01,3.448898138061124381e-07,2.038756753750566906e-08,2.857986024171311051e-07,1.329752889821782422e-08,8.807408853033783676e-09,1.659870610022407584e-08
7.800000000000000266e-01,3.267212541448379747e-07,2.035527227021113675e-08,2.971953561403227368e-07,2.961591701731066542e-09,1.406773080634307284e-09,4.802260951938710571e-09
7.900000000000000355e-01,3.273737451571942060e-07,2.137710433364390244e-08,2.932212639390164406e-07,4.600480526159800154e-10,5.329183511834347163e-09,6.986145320083487494e-09
8.000000000000000444e-01,3.294069785259535471e-07,2.339024878368970189e-08,2.748407372385585889e-07,5.476508139711109373e-09,1.938515804833316767e-08,6.314326315661019750e-09
8.100000000000000533e-01,3.513173974275217014e-07,2.624809098260860744e-08,2.443750157264639922e-07,1.697161334836320118e-08,4.145453987790995005e-08,2.226813749217596372e-08
8.200000000000000622e-01,3.736869230610651081e-07,2.975394194450304417e-08,2.051820563718079000e-07,3.334403443744439677e-08,6.874948682037830781e-08,3.665740348693140315e-08
8.299999999999999600e-01,4.009083404901212368e-07,3.364209041507075442e-08,1.612578506296452093e-07,5.263289203536024819e-08,9.821028290053141042e-08,5.516522450951360779e-08
8.399999999999999689e-01,4.313999491935096915e-07,3.762235577806811529e-08,1.168035756646560054e-07,7.272669528385507936e-08,1.268123917780727655e-07,7.743493068885777884e-08
8.499999999999999778e-01,4.535571174265723737e-07,4.140836525007654141e-08,7.580747669341848440e-08,9.156883873443852407e-08,1.517474885542030022e-07,9.302494819443578851e-08
8.599999999999999867e-01,4.751738099660392093e-07,4.473947513880382872e-08,4.168463903197081500e-08,1.073539550294952938e-07,1.706750443440640011e-07,1.107206964217052773e-07
8.699999999999999956e-01,4.856508333846864868e-07,4.740648978944527638e-08,1.702278190556583489e-08,1.186806600600683075e-07,1.820062779738657228e-07,1.205346236557412724e-07
8.800000000000000044e-01,4.879733199511267491e-07,4.926653529278115457e-08,3.402248911060398206e-09,1.246383330161744889e-07,1.850050135916769738e-07,1.256611891394337728e-07
8.900000000000000133e-01,4.827638133447256583e-07,5.025665582900165780e-08,1.302093325556357775e-09,1.248513324162234909e-07,1.796848782614931442e-07,1.266688535124509398e-07
9.000000000000000222e-01,4.659885363383673639e-07,5.040070790800787628e-08,1.015692992649592054e-08,1.194877084316528774e-07,1.667227032549601048e-07,1.192204868172505749e-07
9.100000000000000311e-01,4.447964639070267491e-07,4.980258401079712807e-08,2.849777850886863217e-08,1.092073741869108561e-07,1.474738347774565700e-07,1.098148924229935495e-07
9.200000000000000400e-01,4.164040636102680391e-07,4.863375984495002362e-08,5.411037781472822622e-08,9.505579447026850495e-08,1.238467974233366002e-07,9.475733405698464446e-08
9.299999999999999378e-01,3.853016272812265471e-07,4.712439558720589094e-08,8.425815949285888564e-08,7.834550110798405681e-08,9.796931670846152366e-08,7.760425438471620331e-08
9.399999999999999467e-01,3.544624244468353079e-07,4.553466372081539539e-08,1.159881088428916054e-07,6.054137505360413236e-08,7.196548573781266301e-08,6.043279109171151839e-08
9.499999999999999556e-01,3.236776897581968515e-07,4.414504823230976874e-08,1.464187688851771582e-07,4.312830868146467408e-08,4.789659855552950942e-08,4.208896540371574770e-08
9.599999999999999645e-01,2.984740531518315393e-07,4.322546551381112310e-08,1.729398550944006727e-07,2.747302484843505970e-08,2.759257756386687678e-08,2.724313013131780372e-08
9.699999999999999734e-01,2.778927623645643264e-07,4.301182192969261697e-08,1.933948461468999872e-07,1.471852127966477438e-08,1.244352715603268059e-08,1.432404585227428542e-08
9.799999999999999822e-01,2.644126258025321287e-07,4.368879347471771461e-08,2.062402514395119859e-07,5.709443338472260350e-09,3.353747036953916878e-09,5.420390512876264290e-09
9.899999999999999911e-01,2.590052123723974896e-07,4.538612138853845562e-08,2.106207073425422280e-07,9.419713651232476219e-10,7.140022537659121118e-10,1.342410022427678531e-09
1.000000000000000000e+00,2.601214572911314382e-07,4.815722062492248851e-08,2.064123300488429786e-07,5.493482922412557991e-10,4.326522928999597934e-09,6.760353961251140442e-10
1.010000000000000009e+00,2.691528356941570645e-07,5.198229196373908430e-08,1.942282422525549583e-07,4.315553483046030407e-09,1.349962127605558478e-08,5.127126718761400145e-09
1.020000000000000018e+00,2.835478119574666892e-07,5.676531388760521292e-08,1.752955478838657594e-07,1.170620295387711803e-08,2.725142641382394222e-08,1.252932081829462018e-08
1.030000000000000027e+00,3.027029605072038264e-07,6.236862423086391867e-08,1.512581359118965634e-07,2.192493489380175721e-08,4.431471242232593998e-08,2.283655304831559086e-08
1.040000000000000036e+00,3.250337851312438492e-07,6.858600022602493469e-08,1.240506314350401336e-07,3.400396477956836754e-08,6.309967466619830628e-08,3.529351402441209389e-08
1.050000000000000044e+00,3.476963767164411723e-07,7.514034005153693786e-08,9.574226822550471204e-08,4.689761459316631060e-08,8.195647585641813717e-08,4.795967798981506135e-08
1.060000000000000053e+00,3.700766550379905179e-07,8.176371346932602179e-08,6.837554888425385579e-08,5.954134188098977989e-08,9.942223961573990250e-08,6.097381118768097114e-08
1.070000000000000062e+00,3.899128935252747646e-07,8.832143638332127345e-08,4.412395012567712639e-08,7.093322798419330361e-08,1.142296275188832594e-07,7.230465151319980843e-08
1.080000000000000071e+00,4.067990076235226189e-07,9.468774066570220228e-08,2.504089379649566084e-08,8.024749008773617018e-08,1.253609726436011876e-07,8.146191042998733839e-08
1.090000000000000080e+00,4.190659981554160879e-07,1.006397046979492638e-07,1.139866920105813652e-08,8.689336789887693928e-08,1.322422446794324030e-07,8.789201167809933704e-08
1.100000000000000089e+00,4.343011845240995960e-07,1.071318582456110439e-07,3.010073070559018124e-09,9.165604412170640326e-08,1.418043092537868731e-07,9.069889983243628123e-08
1.109999999999999876e+00,5.132421592457723853e-07,1.210395123755629545e-07,1.521398046188331407e-08,1.012542121044048338e-07,1.851191301639176571e-07,9.061532414000364576e-08
1.120000000000000107e+00,7.598291383792161658e-07,1.585391037730905353e-07,9.359929150217145020e-08,1.318174381328669603e-07,2.887325384835356008e-07,8.714076648755152661e-08
1.129999999999999893e+00,1.185157465046609333e-06,2.327991452125375225e-07,2.513238223813469886e-07,1.966564162246387338e-07,4.234513945944879806e-07,8.092668663359810779e-08
1.140000000000000124e+00,2.024284774141079133e-06,3.336726865767915310e-07,3.673033522115754331e-07,2.859972314584754366e-07,9.647511370808735956e-07,7.256036681336340094e-08
1.149999999999999911e+00,5.598741047708079520e-06,4.594374124041022391e-07,4.244149895380512816e-07,3.986789215004709230e-07,4.253990157520964257e-06,6.221956674449002486e-08
1.160000000000000142e+00,1.839859692255274402e-05,7.245293328496880801e-07,1.261076392550963594e-06,6.497102755121058537e-07,1.571223744645828949e-05,5.104347518169782341e-08
1.169999999999999929e+00,4.812821664291255038e-05,1.388409215921618209e-06,4.783274319517288235e-06,1.298989668366434474e-06,4.061814863132795831e-05,3.939480777924825329e-08
1.179999999999999938e+00,9.366677680265019293e-05,2.605427581686029842e-06,1.223813081426552614e-05,2.501229820238849785e-06,7.629369293473203741e-05,2.829565172776292152e-08
1.189999999999999947e+00,1.377825285391005644e-04,4.056640739923469116e-06,2.166783052159859094e-05,3.937686162026738287e-06,1.081017939265203789e-04,1.857718903138630182e-08
1.199999999999999956e+00,1.559045764398296022e-04,4.981552639264855046e-06,2.810829837937139773e-05,4.847679510430750748e-06,1.179564557114176919e-04,1.059019934491093081e-08
1.209999999999999964e+00,1.367484782729329622e-04,4.778153834648201577e-06,2.757600372493283598e-05,4.629085443006278309e-06,9.976011456035998475e-05,5.120709985648618402e-09
1.219999999999999973e+00,9.269634865796982676e-05,3.564629276515219263e-06,2.071393495230985370e-05,3.405883184886839536e-06,6.500808618604042620e-05,3.815058217481567342e-09
1.229999999999999982e+00,4.791457578115284753e-05,2.083128680630908119e-06,1.189165554315022488e-05,1.899063327671342020e-06,3.204012740123712757e-05,6.008284632489437075e-10
1.239999999999999991e+00,1.847647272233983299e-05,9.763353268047902548e-07,5.154929924816591535e-06,7.762517342961335407e-07,1.156664519902035218e-05,2.310537401962867916e-09
1.250000000000000000e+00,5.289322428204242465e-06,4.383426541836165584e-07,1.673484783079690885e-06,2.211493665029270248e-07,2.949982572210041740e-06,6.363052227965963775e-09
1.260000000000000009e+00,1.345332475936415274e-06,2.824637112222695099e-07,4.411127362070325698e-07,4.692790677343689306e-08,5.623298945201595641e-07,1.249822721351683938e-08
1.270000000000000018e+00,6.015888081706474327e-07,2.775586326394048622e-07,1.468484707807850480e-07,2.165851888646238468e-08,1.355169440382928148e-07,2.000624182570233625e-08
1.280000000000000027e+00,5.251590038388640642e-07,3.073096912511266947e-07,9.060900243387959904e-08,2.803546361636219644e-08,7.077183981436679574e-08,2.843300672312877830e-08
1.290000000000000036e+00,5.495895596039980469e-07,3.430600001185836095e-07,6.836847264024753374e-08,3.669140120919328166e-08,6.421959157895862709e-08,3.725009405701498169e-08
1.300000000000000044e+00,5.998246867595923980e-07,3.846696836339048772e-07,4.982386673303259636e-08,4.501686544610064709e-08,7.449206969764308481e-08,4.582220124891127192e-08
1.310000000000000053e+00,6.534727398058907279e-07,4.294238634448880947e-07,3.337171246684192118e-08,5.266256394327860392e-08,8.469555893756781657e-08,5.331904101331422538e-08
1.320000000000000062e+00,7.120376061532969359e-07,4.816296684894709246e-07,1.961750505093769782e-08,5.907788232484234001e-08,9.212116249304538505e-08,5.959138779500062816e-08
1.330000000000000071e+00,7.762740620768567189e-07,5.415389391456489364e-07,9.277815151825003855e-09,6.389141447121696774e-08,9.725341623882372310e-08,6.431247706934213744e-08
1.339999999999999858e+00,8.478163568494859487e-07,6.113727350196345111e-07,2.770930138329529296e-09,6.683940006116329848e-08,9.957144020627472419e-08,6.726185142408393196e-08
1.350000000000000089e+00,9.287072079705415632e-07,6.937844774200920753e-07,3.001652558489000135e-10,6.777806557624862133e-08,9.890790593289405742e-08,6.793659378545790114e-08
1.359999999999999876e+00,1.024104427052180972e-06,7.928981258617682904e-07,1.840563903230548199e-09,6.669524578674941851e-08,9.538912558386998637e-08,6.728136591656268497e-08
1.370000000000000107e+00,1.139007261957995107e-06,9.143745497104704694e-07,7.125316502447178356e-09,6.369612409597839172e-08,8.926304381024831190e-08,6.454822783885098577e-08
1.379999999999999893e+00,1.227728262814826364e-06,1.009352554782204932e-06,1.570194168929493311e-08,5.899955789897129364e-08,8.093397376913787503e-08,6.274023467521723046e-08
1.390000000000000124e+00,1.531159631100422154e-06,1.320765378277801081e-06,2.688377672860026037e-08,5.289581722680536407e-08,7.090806860366981732e-08,5.970659026354566070e-08
1.399999999999999911e+00,1.834269820473774494e-06,1.640474755048761796e-06,3.995147547298999460e-08,4.577414938715334389e-08,5.979271210506713043e-08,4.827672845980226867e-08
1.410000000000000142e+00,2.931210513866482421e-06,2.545438917364459480e-06,5.408700056780648464e-08,3.805502835938066215e-08,4.823531938991811164e-08,2.453942481849175162e-07
1.419999999999999929e+00,3.363772148748923729e-06,2.838963611581261618e-06,6.834437216666756866e-08,3.017820859675928268e-08,3.688037479346507834e-08,3.894055816107705255e-07
1.430000000000000160e+00,1.265691309961630718e-05,1.227250236686409487e-05,8.201791218507289927e-08,2.866132335485574610e-08,4.189462758067601468e-08,2.318368696316085546e-07
1.439999999999999947e+00,6.648216610810692368e-04,1.864655379247558164e-04,9.425127279665785514e-08,3.810895172488659575e-08,8.080584392325420162e-08,4.781429570878685704e-04
1.450000000000000178e+00,7.685679058885642242e-05,1.046262902678811804e-05,1.067589999546313900e-07,1.510009264113369931e-08,1.118463799720159768e-08,6.626111783147533869e-05
1.459999999999999964e+00,5.474705257726586883e-04,2.757574179852101875e-05,5.277088366058149224e-07,1.315796277812674443e-07,9.369744520172427932e-08,5.191417980645488895e-04
1.469999999999999973e+00,1.495971929428252913e-03,3.775836284205818681e-04,1.664957431473670988e-06,5.483524156563181676e-07,2.713783039802039144e-07,1.115903612856560759e-03
1.479999999999999982e+00,5.678673154113598152e-03,1.184865032862567898e-04,3.101518835049391660e-07,9.442839244922301976e-09,3.249955114704247019e-09,5.559863806149476992e-03
1.489999999999999991e+00,4.597042286753383333e-02,9.136525496057250340e-03,6.758314141968112600e-06,1.583274568391719084e-06,9.594684374367922819e-07,3.682459631432878633e-02
1.500000000000000000e+00,3.364283318749489854e-02,1.289231227725771240e-03,2.221421789485995503e-06,5.761804800539369497e-07,8.654941169916998796e-07,3.234993886338259628e-02
1.510000000000000009e+00,8.868258164033056626e-03,2.887762461962393133e-04,5.626839033587030776e-07,1.260319918153020809e-07,4.432563773033644264e-07,8.578349945564339371e-03
1.520000000000000018e+00,4.188676205736753706e-03,2.676416702730318893e-05,9.884111347717138300e-08,1.038832292213914380e-08,2.102902934458543568e-08,4.161781780243706264e-03
1.530000000000000027e+00,1.914882120621478430e-03,1.281817373390985892e-05,8.122237558619698098e-08,1.441322710145457496e-08,2.690081475845850425e-08,1.901941410470122393e-03
1.540000000000000036e+00,7.109236258521730613e-04,7.252861524517728798e-06,6.839504019882744260e-08,2.014978487353859580e-08,3.557673208046086616e-08,7.035466427705025028e-04
1.550000000000000044e+00,1.912774742245805623e-04,4.667140665649754088e-06,5.533465496822227989e-08,2.619867560990602487e-08,4.444183261194320236e-08,1.864843583957407366e-04
1.560000000000000053e+00,3.288137364765146044e-05,3.405824468579991300e-06,4.254703666327271150e-08,3.220540552250713919e-08,5.292528940620966674e-08,2.934787144747948092e-05
1.570000000000000062e+00,4.570891352776434985e-06,2.571447776930378600e-06,3.063982655544745934e-08,3.784282673987351959e-08,6.057992002082814790e-08,1.870381002529907655e-06
1.580000000000000071e+00,2.308559775938686675e-06,1.980291585617764196e-06,2.016513866338549054e-08,4.282021319065769387e-08,6.702031339229066799e-08,1.982625250745886666e-07
1.589999999999999858e+00,1.815979663429088555e-06,1.569058262661878683e-06,1.158847074032676921e-08,4.689144737944657330e-08,7.193547543264120667e-08,1.165060072147952437e-07
1.600000000000000089e+00,1.452841203298111923e-06,1.271348184427182527e-06,5.264179480250651931e-09,4.986405375258118612e-08,7.510278854491616665e-08,5.126199709318128893e-08
1.609999999999999876e+00,1.235311102357450963e-06,1.048955346614016985e-06,1.422528727299428363e-09,5.160697786729817356e-08,7.639455078260934081e-08,5.693169836622698950e-08
1.620000000000000107e+00,1.062585957402675002e-06,8.814586314359986854e-07,1.637370235630329840e-10,5.205495081241370736e-08,7.577986791482470135e-08,5.312877021587505346e-08
1.629999999999999893e+00,9.306752017486142587e-07,7.531735436315076388e-07,1.457650315564725390e-09,5.120909097792017185e-08,7.332315184939563251e-08,5.151176497422609716e-08
1.640000000000000124e+00,8.255204870649696136e-07,6.525789120234464625e-07,5.150333531034044159e-09,4.913409615390646813e-08,6.917703769217217654e-08,4.948010766441038866e-08
1.649999999999999911e+00,7.392017638827434241e-07,5.728746327195832231e-07,1.097645171496748763e-08,4.595245061328587210e-08,6.357117287775465608e-08,4.582705595715214551e-08
1.660000000000000142e+00,6.691069861589007467e-07,5.101027109648222806e-07,1.857619489989742759e-08,4.183670529763128531e-08,5.679872721658191103e-08,4.179264777996785540e-08
1.669999999999999929e+00,6.090966213388220128e-07,4.586018977746741416e-07,2.751624319204987230e-08,3.699918486990490650e-08,4.919982667198727033e-08,3.677946883020582210e-08
1.680000000000000160e+00,5.578922306845068768e-07,4.163560958831579760e-07,3.731354325674799051e-08,3.167996588741192292e-08,4.114307691502086497e-08,3.139954874216799672e-08
1.689999999999999947e+00,5.136712095113534840e-07,3.812262223626054740e-07,4.745974929097753471e-08,2.613452891027068392e-08,3.300750336970680369e-08,2.584320557779303734e-08
1.700000000000000178e+00,4.747689088295864160e-07,3.512268131327468271e-07,5.744617682743104335e-08,2.062138852866837563e-08,2.516433515534797049e-08,2.031019518539224241e-08
1.709999999999999964e+00,4.405924316554310049e-07,3.253577066370905768e-07,6.678825305291819162e-08,1.538951548956159964e-08,1.795945242066092112e-08,1.509750405519968926e-08
1.719999999999999973e+00,4.102758393290271812e-07,3.024631315520224348e-07,7.504682953489075668e-08,1.066694890627477450e-08,1.169843832386361872e-08,1.040049101197558822e-08
1.729999999999999982e+00,3.834400402689642850e-07,2.818817261592301713e-07,8.184669847381227885e-08,6.651227292487634147e-09,6.634044582293220634e-09,6.426343761140943618e-09
1.739999999999999991e+00,3.596746678860418116e-07,2.629920255128864846e-07,8.689218918181729517e-08,3.501285175959813777e-09,2.956206398906303200e-09,3.332961616471929741e-09
1.750000000000000000e+00,3.387615744315581940e-07,2.454442852171207351e-07,8.997756768586527957e-08,1.331369286331885426e-09,7.857373340053390289e-10,1.222614908234964008e-09
1.760000000000000009e+00,3.203861587310943184e-07,2.288449891118875684e-07,9.099285804598620021e-08,2.076014849924472046e-10,1.713682554104392193e-10,1.693418328176992401e-10
1.770000000000000018e+00,3.044475205078506275e-07,2.131071525831932213e-07,8.992584014846828835e-08,1.466766675567902367e-10,1.090005596997323505e-09,1.778455116350239828e-10
1.780000000000000027e+00,2.906990995614311091e-07,1.980562680992358683e-07,8.685910894441412005e-08,1.116784946998440803e-09,3.450399111414000698e-09,1.216538459368699669e-09
1.790000000000000036e+00,2.789763339246138196e-07,1.836659903201541169e-07,8.196264381478806341e-08,3.040850981043886756e-09,7.099593666889219283e-09,3.207255141738527481e-09
1.800000000000000044e+00,2.690579795838619045e-07,1.699167287807008622e-07,7.548328322743056572e-08,5.801547550588676456e-09,1.183191909539900176e-08,6.024500929742826483e-09
1.810000000000000053e+00,2.607398223383821784e-07,1.568395525489207434e-07,6.773124552011407117e-08,9.247845985735543344e-09,1.740002849188447256e-08,9.521149791727314876e-09
1.820000000000000062e+00,2.537804538243789341e-07,1.444726744261359574e-07,5.906402730319973557e-08,1.320300745443921603e-08,2.352709729758323873e-08,1.351364734302079298e-08
1.830000000000000071e+00,2.479490058866537444e-07,1.328777557527862300e-07,4.986894953472841389e-08,1.747323069488178963e-08,2.992005624919444997e-08,1.780901365506285099e-08
1.840000000000000080e+00,2.429994557199349393e-07,1.221088768521729271e-07,4.054535952005129203e-08,2.185653522012021798e-08,3.628308832216554337e-08,2.220559580542494227e-08
1.850000000000000089e+00,2.386840340438035008e-07,1.122163687380793129e-07,3.148710250308000095e-08,2.615201727035802782e-08,4.233005735504392911e-08,2.649848817724224325e-08
1.860000000000000098e+00,2.347812085926448954e-07,1.032483638312775445e-07,2.306541027093481401e-08,3.016859022945847125e-08,4.779646793007935945e-08,3.050237633089470944e-08
1.870000000000000107e+00,2.310645445547882088e-07,9.522818204217249583e-08,1.561328182940295154e-08,3.373257601532031689e-08,5.245106735151573081e-08,3.403943731637670709e-08
1.880000000000000115e+00,2.273469674673344842e-07,8.816988039086331664e-08,9.412866752423291140e-09,3.669466792608388699e-08,5.610478822582970107e-08,3.696476417213429164e-08
1.890000000000000124e+00,2.234608630117750262e-07,8.206255231854214638e-08,4.685610834026529199e-09,3.893570809820956423e-08,5.861590240977185737e-08,3.916108935122491248e-08
1.900000000000000133e+00,2.192727561535022711e-07,7.688155015897165505e-08,1.584766270313404081e-09,4.037042807924353306e-08,5.989305891487694220e-08,4.054295273009671276e-08
1.909999999999999920e+00,2.146849462026337422e-07,7.257880838682893156e-08,1.907908647677016242e-10,4.094997549331096415e-08,5.989865511555079712e-08,4.106671634217533907e-08
1.919999999999999929e+00,2.096427736650730817e-07,6.909443985050046272e-08,5.102464770708347564e-10,4.066304145068962283e-08,5.865293259603996632e-08,4.072211329077218188e-08
1.929999999999999938e+00,2.041298606678610048e-07,6.634760811985091401e-08,2.478624106393047687e-09,3.953476198005772087e-08,5.623276457021981621e-08,3.953610189133950023e-08
1.939999999999999947e+00,1.981737615520233541e-07,6.425209427763081989e-08,5.965516841071696317e-09,3.762444612801659233e-08,5.275945881590356982e-08,3.757224548940067080e-08
1.949999999999999956e+00,1.918135184816736745e-07,6.270611338934976396e-08,1.078070101719224398e-08,3.502247779152749767e-08,4.838416865487321878e-08,3.492005762873093688e-08
1.959999999999999964e+00,1.851230628086808267e-07,6.160836915407559090e-08,1.668340399246942146e-08,3.184519317722469388e-08,4.328520246895213984e-08,3.170089401595900044e-08
1.969999999999999973e+00,1.781984479139557752e-07,6.085010063922107438e-08,2.339593553916625835e-08,2.822874018687807404e-08,3.767385511042867844e-08,2.804981643826169327e-08
1.979999999999999982e+00,1.711821527848399230e-07,6.032879299971014330e-08,3.061801465491763058e-08,2.432356270300209771e-08,3.179060259163664050e-08,2.412117983557341755e-08
1.989999999999999991e+00,1.642254861236206926e-07,5.994170978051129239e-08,3.803837105697749962e-08,2.028861146465308760e-08,2.588352467238527114e-08,2.007326914909354182e-08
2.000000000000000000e+00,1.574745970220469106e-07,5.959826522017205709e-08,4.534388273017135949e-08,1.628421592719036287e-08,2.018292339912507274e-08,1.606530974538805505e-08
2.009999999999999787e+00,1.510534748714221707e-07,5.921325935154083038e-08,5.222970671402371171e-08,1.246474301886944255e-08,1.489274080202634750e-08,1.225302498496183856e-08
2.020000000000000018e+00,1.450802559266671449e-07,5.871734603375957683e-08,5.841493191454470757e-08,8.972622061408838773e-09,1.019789792019002484e-08,8.777457996763975338e-09
2.030000000000000249e+00,1.396754261982043020e-07,5.805118228056838097e-08,6.366021419502887057e-08,5.933724071251298233e-09,6.266215054829426562e-09,5.764090596526333063e-09
2.040000000000000036e+00,1.349552403231938154e-07,5.717282863057576531e-08,6.777538711544792787e-08,3.453197179355545113e-09,3.235976497161755494e-09,3.317850900652832396e-09
2.049999999999999822e+00,1.309983071694672000e-07,5.605246197896690099e-08,7.061647154865576113e-08,1.611803744540153952e-09,1.201648352974649195e-09,1.515921544329743852e-09
2.060000000000000053e+00,1.278527338350189076e-07,5.467926862459454698e-08,7.208587001941550990e-08,4.631911540989108061e-10,2.102586430460815903e-10,4.141453938638535446e-10
2.070000000000000284e+00,1.258386328143906082e-07,5.323203320039426122e-08,7.214011424689292463e-08,3.241000470873014226e-11,2.676387787439682834e-10,1.664365836507454122e-10
2.080000000000000071e+00,6.013451024824390387e-07,2.830547649637364651e-07,7.081053506088730104e-08,3.161443437977357611e-10,1.343189744893978392e-09,2.458204683691236347e-07
2.089999999999999858e+00,2.220407142270259735e-05,1.091580413987033444e-05,6.865440298012525197e-08,1.283770946449193110e-09,3.369525297325759611e-09,1.121495958360836174e-05
2.100000000000000089e+00,7.017887996234782545e-05,3.496623369468588021e-05,6.571507392800527684e-08,2.878715541380157208e-09,6.245847164657512465e-09,3.513780663102789460e-05
2.110000000000000320e+00,2.461934280026325207e-05,1.236043992637528181e-05,5.980949013150187211e-08,5.022103449942903983e-09,9.841637727260182145e-09,1.218422964257926541e-05
2.120000000000000107e+00,7.393525372943043019e-07,3.486761248430702539e-07,5.355691185450952427e-08,7.617866956735955624e-09,1.399559818991328287e-08,3.155060354500753646e-07
2.129999999999999893e+00,1.267157486410545393e-07,3.952276923003770256e-08,4.717473433948210843e-08,1.055554580415590710e-08,1.852456103374841094e-08,1.093813823363041362e-08
2.140000000000000124e+00,1.281446610095552478e-07,3.678440870481899207e-08,4.044177709066908424e-08,1.371266412778250753e-08,2.324133727635387035e-08,1.396447380993082338e-08
2.150000000000000355e+00,1.300272786718764661e-07,3.429982557406004621e-08,3.358407417259029043e-08,1.696037989522629569e-08,2.796462464203918689e-08,1.721837438796064026e-08
2.160000000000000142e+00,1.318972737605079932e-07,3.192732139207643542e-08,2.684726648067162404e-08,2.017036210732073296e-08,3.252185336400581921e-08,2.043047041643338815e-08
2.169999999999999929e+00,1.336223670043086828e-07,2.970932898993050263e-08,2.047285164030926540e-08,2.322082265720201393e-08,3.674360078779034413e-08,2.347576292907654014e-08
2.179999999999999716e+00,1.350763074701123251e-07,2.768408209452993697e-08,1.468718173223578544e-08,2.599993184141158900e-08,4.046478487628621874e-08,2.624032692564880155e-08
2.189999999999999947e+00,1.361526649579705071e-07,2.588299991206944446e-08,9.684584062871334945e-09,2.840582101752222869e-08,4.355447591680815646e-08,2.862478404869934919e-08
2.200000000000000178e+00,1.367630542212929980e-07,2.432906455840742957e-08,5.620516671791589453e-09,3.035138108811263273e-08,4.591822898271580121e-08,3.054386292026555745e-08
2.209999999999999964e+00,1.368276520052497457e-07,2.303747040907060864e-08,2.618247975399123234e-09,3.177241013118303645e-08,4.746526372348887366e-08,3.193425976610810748e-08
2.219999999999999751e+00,1.362889324501124100e-07,2.201422025724925805e-08,7.591735974451963114e-10,3.262516541810469308e-08,4.813982202987940066e-08,3.275055114743387888e-08
2.229999999999999982e+00,1.351392092437317921e-07,2.125725124792213012e-08,7.774480347216465354e-11,3.288433867792841147e-08,4.794828523282476195e-08,3.297158928158433457e-08
2.240000000000000213e+00,1.333707312477642712e-07,2.075589247930221179e-08,5.692372071385401772e-10,3.255010895708110060e-08,4.689901291864015223e-08,3.259647968560225166e-08
2.250000000000000000e+00,1.309964855591113107e-07,2.049267165466364660e-08,2.184967063269635155e-09,3.164372903020161979e-08,4.502860342087614115e-08,3.164651439010028537e-08
2.259999999999999787e+00,1.281207467131467023e-07,2.044258862848958694e-08,4.848741101568623425e-09,3.019902943431953575e-08,4.246772503225022545e-08,3.016266251651871423e-08
2.270000000000000018e+00,1.248379167645245620e-07,2.057534763465849269e-08,8.439522551901015540e-09,2.825913007050525257e-08,3.935870852305158805e-08,2.820520798440820817e-08
2.280000000000000249e+00,1.211575161141447272e-07,2.085637986687790680e-08,1.276603430228395914e-08,2.589037605172124092e-08,3.579780022125803866e-08,2.584692567200358669e-08
2.290000000000000036e+00,1.170777729643061458e-07,2.125426358503532756e-08,1.775045535163563603e-08,2.325837151517696415e-08,3.163999927670731413e-08,2.317468323575090058e-08
2.299999999999999822e+00,1.122319975911385477e-07,2.173782100961339218e-08,2.333721093885852503e-08,2.057334001076716934e-08,2.629808488535097933e-08,2.028554074654848846e-08
2.310000000000000053e+00,1.061760005243495494e-07,2.225879217445048623e-08,2.883007688165392854e-08,1.774308832663155841e-08,2.005867295835617387e-08,1.728537018325739570e-08
2.320000000000000284e+00,1.007773911885341339e-07,2.275649056449971393e-08,3.350159140206921871e-08,1.444284629083670460e-08,1.580264030503354832e-08,1.427382262609494998e-08
2.330000000000000071e+00,1.005513303269280138e-07,2.321117579735490964e-08,3.846860999146331078e-08,1.099677591774495197e-08,1.653107727074883626e-08,1.134369134961600514e-08
2.339999999999999858e+00,1.067022317322061986e-07,2.364880289204636451e-08,4.513426533028122195e-08,8.441042306507454229e-09,2.088633151265418652e-08,8.591789690716968129e-09
2.350000000000000089e+00,1.141063705900588162e-07,2.406777231077143284e-08,5.122461718301458149e-08,6.938919985029728558e-09,2.575434377055248660e-08,6.120717340690585873e-09
2.360000000000000320e+00,1.212992711790786835e-07,2.444498776128349803e-08,5.411409524533695007e-08,5.312687922088668707e-09,3.341702361831667883e-08,4.010476632052882856e-09
2.370000000000000107e+00,1.385679211188554035e-07,2.485050301369379873e-08,5.876260007698423025e-08,3.167662152147150830e-09,4.947982868509231974e-08,2.307327190937898145e-09
2.379999999999999893e+00,1.737272188032181310e-07,2.538666427827388761e-08,7.267728122523230403e-08,1.867853718566612573e-09,7.274808780465168875e-08,1.047331776493638056e-09
2.390000000000000124e+00,2.123991824992648501e-07,2.591426006100489754e-08,9.069056462021960763e-08,2.171513622473823908e-09,9.334731758456806954e-08,2.755266109984396458e-10
2.399999999999999911e+00,2.266392828814355206e-07,2.601274406759368962e-08,9.669755113455045164e-08,2.778476286448372572e-09,1.011319237226161891e-07,1.858767022681780596e-11
