energy_au,total_recorded_SI,n1_l0_m+0,n2_l0_m+0,n2_l1_m-1,n2_l1_m+0,n2_l1_m+1,n3_l0_m+0,n3_l1_m-1,n3_l1_m+0,n3_l1_m+1,n3_l2_m-2,n3_l2_m-1,n3_l2_m+0,n3_l2_m+1,n3_l2_m+2,n5_l2_m-2,n5_l2_m+2,n5_l4_m-4,n5_l4_m-2,n5_l4_m+2,n5_l4_m+4
1.000000000000000021e-02,7.405181476176198041e-02,5.992361010221457229e-03,1.886976851120769627e-02,7.710259144533420511e-03,4.090008750450215697e-02,5.409526922252917702e-04,3.612165080526167420e-13,1.731068533014653900e-13,3.389790639178406314e-13,1.870092415559196128e-06,1.306648768281719532e-13,5.724375979130543745e-13,2.351970834582041430e-12,2.331713062473899582e-11,4.118602620894291902e-06,1.388675020269685634e-16,7.951231126643192600e-07,2.034067191076780293e-31,6.543842064147599821e-21,3.141113680942007652e-05,1.909168677904340557e-07
1.499999999999999944e-02,5.189843423865660860e-02,4.854302920973604246e-03,8.088492356171463060e-03,5.333409186806629954e-03,3.355942302563302837e-02,3.745647724145297579e-05,2.788697111749549953e-13,1.218752249430435882e-13,3.479350558122257714e-13,1.293596854258602560e-06,1.542917663399298722e-13,5.795177137597505646e-13,2.230492740976254883e-12,1.922093362799855985e-11,1.765431526816603795e-06,9.605454053986450285e-17,5.500095027165195495e-07,2.076676308961147082e-31,4.673678437985713361e-21,2.172799156595436553e-05,1.321944667901838103e-08
1.999999999999999695e-02,3.071452514286709609e-02,2.736938119638833520e-03,4.740913131908965766e-03,2.862064170614368221e-03,2.030562361874750296e-02,5.528259047108023748e-05,2.075647696050751910e-13,8.271755848802232187e-14,3.189768108857250739e-13,6.941822160710350727e-07,1.218220630453329644e-13,4.950751121559954071e-13,1.712556520888424790e-12,1.176319380019246031e-11,1.034773517709036239e-06,5.154410559726492823e-17,2.951512390024750175e-07,1.521087741985103577e-31,2.594042538712260447e-21,1.165987906946569633e-05,1.951074213497941404e-08
2.499999999999999792e-02,1.744174984188310434e-02,1.521593246508250999e-03,3.075622014981304470e-03,1.444834885734130447e-03,1.136964773986238672e-02,2.298692476505105495e-05,1.415358040242310240e-13,6.678317132217870506e-14,2.974591313882791934e-13,3.504387147226192131e-07,6.750785048823709916e-14,3.516539027506224193e-13,1.120621413401509468e-12,6.659271137200336867e-12,6.712994042838182854e-07,2.602113793228647647e-17,1.489991631182656571e-07,8.292230653387596499e-32,1.320756376739177733e-21,5.886171322618998566e-06,8.112722373294393296e-09
2.999999999999999889e-02,9.620653690945658171e-03,7.838565061155493025e-04,2.094674163228634096e-03,7.081471288925522386e-04,6.020996037139389467e-03,9.389608486651115427e-06,8.762422662359941075e-14,6.172121088154873983e-14,2.654041784392190239e-13,1.717578427600882489e-07,2.374159285944512034e-14,2.120848206584547069e-13,6.005142504173471144e-13,3.556214981624061835e-12,4.571932020818513890e-07,1.275484185430196722e-17,7.302811933695025442e-08,3.086513362099072162e-32,6.259577671763321632e-22,2.884949253455269991e-06,3.313857931406781159e-09
3.499999999999999639e-02,5.202229975154496269e-03,3.769144856272025170e-04,1.444550484219786837e-03,3.415498457592337713e-04,3.033528921168481517e-03,3.860061698297469794e-06,4.791782066607563351e-14,5.804319675008616092e-14,2.055837821201283512e-13,8.284130738702707086e-08,4.631884329537143604e-15,1.154205379237700039e-13,2.544033541406945626e-13,1.803027303121682190e-12,3.152942186943022271e-07,6.152975103544750930e-18,3.522259569251662502e-08,7.844627706251410651e-33,2.875308170481168076e-22,1.391453742280745316e-06,1.362328406382016369e-09
3.999999999999999389e-02,2.770238209498707398e-03,1.632568242043680549e-04,9.694838390964872132e-04,1.628980034782684253e-04,1.472027545885907325e-03,1.639866704263878173e-06,2.235406699889753901e-14,4.674481269777289371e-14,1.325829343575173571e-13,3.951048595132356142e-08,7.333377863359512124e-15,6.964412288558944832e-14,9.221196210351403066e-14,8.859897457732586334e-13,2.116039987410879318e-07,2.935268239217119402e-18,1.679886098081199301e-08,9.184066357600652924e-33,1.497536780059296928e-22,6.636367678015482876e-07,5.787590751200337192e-10
4.499999999999999833e-02,1.459567967979331395e-03,6.201085382275201355e-05,6.113112080428468546e-04,7.614946761696892883e-05,7.085662509391473830e-04,1.059833798287939528e-06,1.165981745815334513e-14,2.817877419445568931e-14,8.604947362029829050e-14,1.847028637605802935e-08,2.311848347959744614e-14,6.360980896885769894e-14,5.243360072175648297e-14,4.482907351246175577e-13,1.334275942808644306e-07,1.372548285812807095e-18,7.852723222292570796e-09,2.493043095595890574e-32,1.151314533925348110e-22,3.102283944290191076e-07,3.740476784580147978e-10
4.999999999999999584e-02,7.605765258323248434e-04,1.994833826884717057e-05,3.529104113609295938e-04,3.458661680086428714e-05,3.504212443590879345e-04,2.479152096796692715e-06,1.343021242209229788e-14,1.596280949066718348e-14,8.332467440196682227e-14,8.389168447411065112e-09,4.238737901965686906e-14,8.786425760034046690e-14,6.214151919287002765e-14,2.650321713909226613e-13,7.702783490049765362e-08,6.237593404591782050e-19,3.566594809438159394e-09,4.471945445208653025e-32,1.251253063630992992e-22,1.409038158108191318e-07,8.749616874065783934e-10
5.499999999999999334e-02,3.894185833871158958e-04,5.173732960664307860e-06,1.821574079219414894e-04,1.565780831041652772e-05,1.814034691794918185e-04,4.915469724754275706e-06,1.703268706013511612e-14,1.985349611012861783e-14,9.308525509850291550e-14,3.797613063361443699e-09,5.519776688695557490e-14,1.336576185028453059e-13,7.008755146927226168e-14,2.091085791946784407e-13,3.975849908550969786e-08,2.826551491415294897e-19,1.614797462171210042e-09,5.799610509607458454e-32,1.394119638023584692e-22,6.378897959213865058e-08,1.734802621029078788e-09
5.999999999999999084e-02,1.979948985435624198e-04,1.040276464185106113e-06,8.141752214954408478e-05,7.716908534623099044e-06,1.016457621913169579e-04,6.120392082685202813e-06,1.095170610044671668e-14,3.032707383731428683e-14,7.115081563504502260e-14,1.871704133483444143e-09,6.649658363553003368e-14,1.506611940654629705e-13,5.766845188035689625e-14,1.794053440407313953e-13,1.777057452388570952e-08,1.393945947684227475e-19,7.959988912279960028e-10,6.980397447305236042e-32,1.593435959999168500e-22,3.143822553102958039e-08,2.160051467007303489e-09
6.499999999999998834e-02,1.093448835691803611e-04,2.426679563027197670e-07,3.022635931175603988e-05,4.536395187788824738e-06,6.932547689566224709e-05,4.985577016928465657e-06,8.623780701840765659e-15,2.969716327428992989e-14,3.232025995285348062e-14,1.100951276656099133e-09,6.643877644210642729e-14,1.620476624094789708e-13,8.942023022071985638e-14,1.709446724087492435e-13,6.597374212990454241e-09,8.199250638340886003e-20,4.677720312648132073e-10,6.969179189747565003e-32,1.563239029813670479e-22,1.848099931393423788e-08,1.759544414627742075e-09
6.999999999999999278e-02,7.768114332699987631e-05,1.831378906586218831e-07,9.751468985959119314e-06,3.054928871832804892e-06,6.176164831504931687e-05,2.913300906141125667e-06,7.999140305985855247e-15,2.771172898813621725e-14,1.996963908459105153e-14,7.406328840326334545e-10,4.928610348845884670e-14,1.343479624259686612e-13,6.453936002917161913e-14,1.459166141537191167e-13,2.128420548105526593e-09,5.518522525219221910e-20,3.150710703503973663e-10,5.169626761751010354e-32,1.157212319342172508e-22,1.244560081139673852e-08,1.028182274390464629e-09
7.499999999999998335e-02,7.165213689986883955e-05,1.788401642610234644e-07,5.684049725215148044e-06,2.056886577388065248e-06,6.143915170734486671e-05,2.282075411358000580e-06,3.818684530909389318e-15,3.472450442707361724e-14,3.007768651519592829e-14,4.933337822650485882e-10,3.470731828963935135e-14,9.988543685631058789e-14,3.585656534857839025e-14,1.168747442286698141e-13,1.240628549783235913e-09,3.707541123172047037e-20,2.139203083888846119e-10,3.641090582282223267e-32,8.149840796107805774e-23,8.379669908745790795e-09,8.054058075766896730e-10
7.999999999999998779e-02,7.103151844216616900e-05,1.429239273494927719e-07,9.281453511177951897e-06,1.233666338001501802e-06,5.683368300698601384e-05,3.531072384589170435e-06,1.690613610483148549e-13,4.608456684959503107e-14,5.043678876004399468e-14,2.867483250407749904e-10,2.279755535383824501e-14,5.676630472733364560e-14,4.018586902875867148e-14,7.963177064097596029e-14,2.025795129297522855e-09,2.219621245787206921e-20,1.340952178738287193e-10,2.391207613691261314e-32,5.338617744377228109e-23,5.025959898701892490e-09,1.246210526864267966e-09
8.499999999999997835e-02,6.645584794598770361e-05,1.014358166277653962e-07,1.638550351571776070e-05,5.981788962783857879e-07,4.492777031494744791e-05,4.435115560989114055e-06,3.185323883663471115e-12,1.012559581656609596e-12,1.634322448412616320e-13,2.194880937801485064e-10,9.890077142251126306e-15,2.214147709013026139e-14,4.166674995539565886e-13,4.469633265068316991e-14,3.576285298917928659e-09,1.073764239486177693e-20,4.122597545960903183e-11,1.037492352027972962e-32,2.321925389666325229e-23,2.436715638272055118e-09,1.565271709682104855e-09
8.999999999999998279e-02,5.759222879141840095e-05,7.104063810384773926e-08,2.503327634965504887e-05,2.036019887536605169e-07,2.930189878838737361e-05,2.974558831888052764e-06,1.576879202190187646e-11,8.677036649332820308e-12,1.016505563803250056e-12,3.413501986246304862e-10,5.984382298010094430e-15,1.454220859482777071e-14,1.994392839122851994e-12,2.917147555757370019e-14,5.464093074366490127e-09,3.789193181595456185e-21,1.401135136016651215e-10,6.277460195321175752e-33,1.394145023102852837e-23,8.293294943023822311e-10,1.049801924385518157e-09
9.499999999999998723e-02,4.922161889640844836e-05,5.167109606834133540e-08,3.336992398524499042e-05,4.781697214815944457e-08,1.523341955532645965e-05,5.098219262380851792e-07,3.211895323981146416e-11,2.732594548780493735e-11,3.110527779472429462e-12,8.961453338371556510e-10,1.565898046301567030e-14,2.226209647124302473e-14,3.402540614578072488e-12,1.227118822582465204e-13,7.287879498810176076e-09,1.438526096309382412e-21,3.402158128721523820e-10,1.641975952857435332e-32,3.607802819111376507e-23,1.950721830629414958e-10,1.799299537495732460e-10
9.999999999999997780e-02,4.586257268493969486e-05,3.890248299076037103e-08,3.922579835963945676e-05,7.644690387495040054e-08,5.824272382388688443e-06,6.862172345964901685e-07,2.975865189478610259e-11,3.952880421813026033e-11,4.481383464346195652e-12,1.273062557391605854e-09,5.900862220344990447e-14,2.014555702485823426e-14,1.390265973942755328e-12,2.090202519775549428e-12,8.552397490921681596e-09,2.461232024686512427e-21,4.777803129879710845e-10,6.187114056067396593e-32,1.358270554027016736e-22,3.125679833616694378e-10,2.421846424400567919e-10
1.049999999999999822e-01,4.704974569028207452e-05,3.101573362433459388e-08,4.104553854646692706e-05,2.129697689915849292e-07,1.244235057861944425e-06,4.502767744723677205e-06,1.143096802164529651e-11,2.789061759988433808e-11,3.168165802752546299e-12,1.478478329157177455e-09,1.221751220498893031e-14,2.069047288363472534e-14,5.722628637955646304e-13,1.153677383017927923e-11,8.939656429429573087e-09,4.458842251978167178e-21,2.919523626707228802e-10,1.281491770110981979e-32,2.831249177302844230e-23,8.649717650804415220e-10,1.589148031157442554e-09
1.099999999999999728e-01,4.719806645209173823e-05,2.923389079820327489e-08,3.872691849021463910e-05,3.857850873801378860e-07,1.893371405129210939e-07,7.853469582375253647e-06,9.781351479794559925e-13,9.150629146622523079e-12,1.056253193368883090e-12,1.030975583503430270e-10,1.848237011542406696e-14,3.299390733300828815e-14,6.492978312552180134e-12,2.681547484330863332e-11,8.559799674606292274e-09,7.274614243991197169e-21,2.691841052855749357e-10,1.937867471741549064e-32,4.281368085499454455e-23,1.573933668461646073e-09,2.771700856946641810e-09
1.149999999999999772e-01,4.161847791706073732e-05,3.494267680360390698e-08,3.339049221268242736e-05,5.498773099487442172e-07,1.441486491099300745e-06,6.189747529774444915e-06,1.671499289060262250e-13,1.126773424453530290e-12,1.415986404661458000e-13,3.115041971360410927e-10,2.522851228651757806e-14,4.706151456176980210e-14,1.012927327663637771e-11,2.988254497261614066e-11,7.136811726441628176e-09,1.011929870179125728e-20,1.799060388059678270e-11,2.646072249256367662e-32,5.845550395048161271e-23,2.239342038493709308e-09,2.184528555985203933e-09
1.199999999999999817e-01,3.322637286523580824e-05,4.756822950696036574e-08,2.653626519309313021e-05,6.831749800856030107e-07,4.310194918289031601e-06,1.639636348136701877e-06,3.136261486161624250e-13,2.332678138546539137e-14,1.039585425271024082e-14,1.525439171801854540e-10,3.017536691948545922e-14,5.305455182526220347e-14,5.943739183218581621e-12,1.609044254182832605e-11,5.917739107454711327e-09,1.250697912609287887e-20,7.848042087082977685e-11,3.164629417730831382e-32,6.996777422898105014e-23,2.783296010829810948e-09,5.786719076079050869e-10
1.249999999999999722e-01,3.068136851727545840e-05,6.440188082786237948e-08,1.935267209884635153e-05,7.713633674110164158e-07,8.227482623466769116e-06,2.257062776728961664e-06,7.987046919513283756e-14,4.392647432653745997e-15,9.586316132077369590e-15,1.867686902201215481e-10,3.227348183214686646e-14,5.428236573203161199e-14,1.422898138627304257e-12,3.769734656283282302e-12,4.174027004155428851e-09,1.409152221431559342e-20,8.053468384530213728e-11,3.384379599164857394e-32,7.481156679342414890e-23,3.142488235364686218e-09,7.965783428318177772e-10
1.299999999999999767e-01,3.726571403100432267e-05,8.147187499865260857e-08,1.266674279667603565e-05,8.048882195328262353e-07,1.238767724553631536e-05,1.131460909593884424e-05,1.458022084844545407e-14,4.201129292945671919e-15,1.749005009115921085e-14,1.951454097002511681e-10,3.057276394183803990e-14,5.360000121218649982e-14,1.403770710724468723e-13,3.001913657387955327e-13,2.773782255366414258e-09,1.466195440645500041e-20,8.301235822622218489e-11,3.206327922169267836e-32,7.095363228716934131e-23,3.279067257272275279e-09,3.993230028470837319e-09
1.349999999999999811e-01,4.359583170788389769e-05,9.464721515336600836e-08,7.102938388899780360e-06,7.801159734691757618e-07,1.588353024893702012e-05,1.972264143185468833e-05,9.973770119335919862e-15,4.768440572211157919e-15,1.912143730971946198e-14,1.887665649707731360e-10,2.711168171684415336e-14,4.954858008748809902e-14,4.407742851532024587e-14,4.810144570445931697e-14,1.550166462649766575e-09,1.416262320895029016e-20,8.051395759684650175e-11,2.843519403145028658e-32,6.299212941030324542e-23,3.178149205739482826e-09,6.960650676114893216e-09
1.399999999999999856e-01,3.766063542833127890e-05,1.012790732418996296e-07,3.148114326508451074e-06,7.045687577119011815e-07,1.809471460386792785e-05,1.560265104485575950e-05,8.287887163222290490e-15,7.028223307803602034e-15,1.555269795467738906e-14,1.706407477439645011e-10,2.266647817698501089e-14,4.214182787850468248e-14,3.602196811249046683e-14,4.369003982539901165e-14,6.871095847456941053e-10,1.275763827434264595e-20,7.272841909431857367e-11,2.377176350191322987e-32,5.268523680634426695e-23,2.870372853147222842e-09,5.506595151477010490e-09
1.449999999999999900e-01,2.399336405745597738e-05,1.019670508676048217e-07,1.053655932416678363e-06,5.952388350079336126e-07,1.887990002845048003e-05,3.358556004887574044e-06,8.226443938406611115e-15,1.052701618513682350e-14,1.523570383006597278e-14,1.443945323929889698e-10,1.770079512766042482e-14,3.453813329027616167e-14,2.837856460734523629e-14,3.795489607721021612e-14,2.299841437931530752e-10,1.075651361559564936e-20,6.138242124374005787e-11,1.856348782728441084e-32,4.116911456856840735e-23,2.424967467519516387e-09,1.185324699187958702e-09
1.499999999999999944e-01,2.448145413331697550e-05,9.939634213780660454e-08,7.499837081056936186e-07,4.743745695786014128e-07,1.841088262276585760e-05,4.742882554505879387e-06,7.900780920763408702e-15,1.380419457359324323e-14,2.095837881209454226e-14,1.151450303766937839e-10,1.222419606028696003e-14,2.763386509846974829e-14,2.207390222544568551e-14,3.257190197777727578e-14,1.636978803141267797e-10,8.545888854595345917e-21,4.889205993657864595e-11,1.282138891479984363e-32,2.849224393842950018e-23,1.932573260662767838e-09,1.673890824617748414e-09
1.549999999999999989e-01,4.998200723585170547e-05,9.474031821236611740e-08,1.924249541297359563e-06,3.523505748074263943e-07,1.698082491585499503e-05,3.061705888559999086e-05,5.836690880332302555e-15,1.565948565397250706e-14,2.872164440404149557e-14,8.550754291673791956e-11,7.302191575657291676e-15,1.987626020896415545e-14,1.561118841055756832e-14,2.588819349371557517e-14,4.200122682079256728e-10,6.320155645618029219e-21,3.632285665048586185e-11,7.659763956759069818e-33,1.707600038743636348e-23,1.435455042443742325e-09,1.080558347368819918e-08
1.599999999999999756e-01,7.544619117458349709e-05,8.938280391382434111e-08,4.209864893709160276e-06,2.321181281357508756e-07,1.459085721836918519e-05,5.630215273116905169e-05,3.516799488281587180e-15,1.633394493535938809e-14,3.277078313506348183e-14,5.627667080091393362e-11,3.541652306079954771e-15,1.171225618442525313e-14,9.536794176973556572e-15,1.805298670807659906e-14,9.188938553710261010e-10,4.141694857265172154e-21,2.395398563520969128e-11,3.715295410165010925e-33,8.324185151246046988e-24,9.456356340046222892e-10,1.987054367551081986e-08
1.649999999999999800e-01,6.463387658305493847e-05,7.424212565756606409e-08,7.041835629760187966e-06,1.412283912914110327e-07,1.187699750690666069e-05,4.548136009368958775e-05,2.793243368243127276e-15,1.692331672341558593e-14,3.098051384470114389e-14,3.420334064602181370e-11,1.035103080051959541e-15,6.652698515510368235e-15,5.642429274486332230e-15,1.242271899239146676e-14,1.537001852905659813e-09,2.503251467827592804e-21,1.460286088481003687e-11,1.086632866013021451e-33,2.489953339257586441e-24,5.753564038235260143e-10,1.605159484125413117e-08
1.699999999999999845e-01,2.768846166596562207e-05,5.314132681257820515e-08,1.000969723162495941e-05,7.326049211248758365e-08,8.893916115015188781e-06,8.652884039673602954e-06,3.603643886540616565e-15,1.762055164972951383e-14,2.582003714843809830e-14,1.777043232813313112e-11,1.833859967347930041e-16,6.607570548163076741e-15,4.014616271534592049e-15,1.076069918293917588e-14,2.184753960282076229e-09,1.288736370486848170e-21,7.573390184063226529e-12,1.933751850632876845e-34,4.816176488689847213e-25,2.984588985446391798e-10,3.053835434952298464e-09
1.749999999999999889e-01,3.239279607844322150e-05,3.945159727767744641e-08,1.274489589242757934e-05,3.153287970025057441e-08,5.995701366967450665e-06,1.357350270464793044e-05,5.292979403311369457e-15,1.729579884008974254e-14,2.120557129868815993e-14,7.632196427948140455e-12,1.165688870633082591e-15,9.126106154108575545e-15,3.978213227692147013e-15,1.122990583104516758e-14,2.781758533911609715e-09,5.586016742006275825e-22,3.259994008637207923e-12,1.222936825803348132e-33,2.705872266550802261e-24,1.284632508533464715e-10,4.790454152863091526e-09
1.799999999999999933e-01,1.187929819100100982e-04,4.085790258437027645e-08,1.492229093512418105e-05,1.605615093151152991e-08,3.516072808258802162e-06,1.002589917097406825e-04,2.673983436636763206e-15,1.611945940837590849e-14,1.915856986434813115e-14,4.018692123419146908e-12,3.336333419798926156e-15,1.128179271892985275e-14,5.901457245293486190e-15,1.147055929587407060e-14,3.257082579357683503e-09,3.067746538204159004e-22,1.727048369971000842e-12,3.498949632569919151e-33,7.684299833983710511e-24,6.541106531668286415e-11,3.538409404324474228e-08
1.804999999999999938e-01,1.300052683745079869e-04,4.074462747528912131e-08,1.508310457186436262e-05,1.570194746521274602e-08,3.321259175328439250e-06,1.115017442678938855e-04,4.658399230590954899e-15,1.601380120160330909e-14,1.597505192854532271e-14,3.838253811880951749e-12,3.713159583272183053e-15,1.147898976449050948e-14,6.392388222368667724e-15,1.150678548036562538e-14,3.292199322303208868e-09,3.038150662685499127e-22,1.744770430783268078e-12,3.894074388132424939e-33,8.550600408290141013e-24,6.396867154144451332e-11,3.935196372417595873e-08
1.809999999999999942e-01,1.412002702249586102e-04,4.119206128462372212e-08,1.523493511912240182e-05,1.562042604824017447e-08,3.143854655815131174e-06,1.227179629586798069e-04,1.352150115898335857e-14,1.576727494150898385e-14,1.640356746034842694e-14,3.675015775474740088e-12,4.081200228478849073e-15,1.210114931996849442e-14,8.179857877227242217e-15,1.189225064922007590e-14,3.325344767596118393e-09,3.055463508808881066e-22,1.795895503875244112e-12,4.280009013012257425e-33,9.397149901470572262e-24,6.363748928809433218e-11,4.331046889343765951e-08
1.814999999999999947e-01,1.522195960023936924e-04,4.232451085048254133e-08,1.538417322411531621e-05,1.585414053969591552e-08,2.972294473592474210e-06,1.337543161099759032e-04,3.491320886929452267e-14,1.533468358683473691e-14,2.041204891003449870e-14,3.563374328953309066e-12,4.400988053839604644e-15,1.303193670379440903e-14,1.189761702839677904e-14,1.252126505575328657e-14,3.357911753082894882e-09,3.125309143796646692e-22,1.870279825511150649e-12,4.615372325847397480e-33,1.013317272662301131e-23,6.459072716679477278e-11,4.720549467363394426e-08
1.819999999999999951e-01,1.628980476790930934e-04,4.401665480649394897e-08,1.553553440495704011e-05,1.642397032662015193e-08,2.795846871540325139e-06,1.444517813420112496e-04,7.703606420125050323e-14,1.469809503590700984e-14,2.662852194765949574e-14,3.554137961215439072e-12,4.650015421814997574e-15,1.404488142712861030e-14,1.834173712788606286e-14,1.320313749283701505e-14,3.390930511285447348e-09,3.250672228090142858e-22,1.951266553691070989e-12,4.876562665495481195e-33,1.070684779313029417e-23,6.691314945249714071e-11,5.098091778366682445e-08
1.824999999999999956e-01,1.730676495142674043e-04,4.592385193663711866e-08,1.569013009057704418e-05,1.731341448961468358e-08,2.608490498985585660e-06,1.546477111521542529e-04,1.513151575502354167e-13,1.389025017299042537e-14,3.280167819468415399e-14,3.706908291673432571e-12,4.832147721906720840e-15,1.488032332582877389e-14,2.860113103634239670e-14,1.372885147345697343e-14,3.424648124568242718e-09,3.429512270466840234e-22,2.018384054981564825e-12,5.067627839899031984e-33,1.112695962778315670e-23,7.053711567915880499e-11,5.457933554216332941e-08
1.829999999999999960e-01,1.825618893594416442e-04,4.759807775603403566e-08,1.584484820316795980e-05,1.846423168642357908e-08,2.410783952304118796e-06,1.641787116616332280e-04,2.731298835769011699e-13,1.302842975922881058e-14,3.661464879441980355e-14,4.078313692826396026e-12,4.977558393149827584e-15,1.533613434155829630e-14,4.423174535215034745e-14,1.394572904984296036e-14,3.458393039054612780e-09,3.653822502016873126e-22,2.053529784411466237e-12,5.220197179939459431e-33,1.146276191789005503e-23,7.522489064014169109e-11,5.794308185663179671e-08
1.834999999999999964e-01,1.912197001120198039e-04,4.864583359792394627e-08,1.599331621828318430e-05,1.978780862173345602e-08,2.209164551352413784e-06,1.728841914502263525e-04,4.625801856382288314e-13,1.236319894698055640e-14,3.655159096804129172e-14,4.707462601309974294e-12,5.132843537504482853e-15,1.533943319662895623e-14,6.744425770412775053e-14,1.381283696935563197e-14,3.490784100589172502e-09,3.910933976603312770e-22,2.050366769907989677e-12,5.383117051277605144e-33,1.182126714376521762e-23,8.061508100643954858e-11,6.101547970281262896e-08
1.839999999999999969e-01,1.988888833462602987e-04,4.886727611328154322e-08,1.612811407232841841e-05,2.119065918726872904e-08,2.013138008656145245e-06,1.806102160393442311e-04,7.452490654983626528e-13,1.234635610476842005e-14,3.248944072451046242e-14,5.600388538449310613e-12,5.344745650430848926e-15,1.497312179436976196e-14,1.012708107274193942e-13,1.341669255080786795e-14,3.520211591213442564e-09,4.187019310953622055e-22,2.025410072192097437e-12,5.605385725174928084e-33,1.230984575659924459e-23,8.632667736339503684e-11,6.374220147351542941e-08
1.844999999999999973e-01,2.054288713560356507e-04,4.832282032462312464e-08,1.624342124698293724e-05,2.260617537419968453e-08,1.831589793224183041e-06,1.872132111241420519e-04,1.152913841896085268e-12,1.372118823105953914e-14,2.578794915504667280e-14,6.715675782313550809e-12,5.643425975134069488e-15,1.444764103311430100e-14,1.496837415471985303e-13,1.294139240392799069e-14,3.545412525292658197e-09,4.471768057544022590e-22,2.028122910997630497e-12,5.918615226772941993e-33,1.299778681640348851e-23,9.208857898878585024e-11,6.607257594550721658e-08
1.849999999999999978e-01,2.107128813589743261e-04,4.730180597991256735e-08,1.633711084251063549e-05,2.402092605203989447e-08,1.669680019300288766e-06,1.925631311746708765e-04,1.724152073793124165e-12,1.763589521172019340e-14,1.884215475577072917e-14,7.954139517151106119e-12,6.031467793662834787e-15,1.402854600992185807e-14,2.176555614240234284e-13,1.260406732409056822e-14,3.565925217829534027e-09,4.762520133740654741e-22,2.146708585235160743e-12,6.325502333076470457e-33,1.389102850085537655e-23,9.784688426123265997e-11,6.796070656058159927e-08
1.854999999999999982e-01,2.146296164717892061e-04,4.620609777042972747e-08,1.641151023976641563e-05,2.548441802551692312e-08,1.527429055616280023e-06,1.965459197108156532e-04,2.504784663950253623e-12,2.577821065551908263e-14,1.426847543131264277e-14,9.156427763966144832e-12,6.482661204691800811e-15,1.394656810898506348e-14,3.111682265164018586e-13,1.257915593044798209e-14,3.582253392359481119e-09,5.066106119971162579e-22,2.506504938123605623e-12,6.798555687000629807e-33,1.492936581793324190e-23,1.038047414657391676e-10,6.936633972044741967e-08
1.859999999999999987e-01,2.170847200320077150e-04,4.539438105329536108e-08,1.647255180899704941e-05,2.709654663683312723e-08,1.400349521879919344e-06,1.990653487616615106e-04,3.548098209964344854e-12,4.052640320086341398e-14,1.403722827103398665e-14,1.011339111003527988e-11,6.950950650944816098e-15,1.432264237019786991e-14,4.371936345427596961e-13,1.293866729360877335e-14,3.595680080326391077e-09,5.397353011907132944e-22,3.259059653894238944e-12,7.289478689628124056e-33,1.600700930581352090e-23,1.103711990413244731e-10,7.025551398124111983e-08
1.864999999999999991e-01,2.180022074226146381e-04,4.504738861644778613e-08,1.652764181883610095e-05,2.897521482796999939e-08,1.281662516125990776e-06,2.000445327624465969e-04,4.914790619534155565e-12,6.510953756708197764e-14,1.888462920578935266e-14,1.059436755266274611e-11,7.386161004320632905e-15,1.513388466046750939e-14,6.036708450824264828e-13,1.362919159488010163e-14,3.607803422372193757e-09,5.774449421922772166e-22,4.561896177617439365e-12,7.745659709500658328e-33,1.700871583486365959e-23,1.180291199896038529e-10,7.060109435057149991e-08
1.869999999999999996e-01,2.173260861897632792e-04,4.510488280500850078e-08,1.658304810110324673e-05,3.121462231276289621e-08,1.165079716460657998e-06,1.994274838004764466e-04,6.672587917909264768e-12,1.037684375491035524e-13,2.822817331708253118e-14,1.039737332684751038e-11,7.750716610077297788e-15,1.623050095287570446e-14,8.194974334431496622e-13,1.449270234186781375e-14,3.619969329755016787e-09,6.212651781238732114e-22,6.551239308684411592e-12,8.127703252081517358e-33,1.784819647378484892e-23,1.271649276168696423e-10,7.038332117922026231e-08
1.875000000000000000e-01,2.150223199012480041e-04,4.529611837064036445e-08,1.664176871639013583e-05,3.384919465342394960e-08,1.047031953896226361e-06,1.971809837476456875e-04,8.895486101782685559e-12,1.619082355722622025e-13,4.061399763808787345e-14,9.422029417386241156e-12,8.031421926919448766e-15,1.739454798866141879e-14,1.094535952483294531e-12,1.532273713359953671e-14,3.632810885781136951e-09,6.718614168161134836e-22,9.312013836942978893e-12,8.421782899617835640e-33,1.849517454662668994e-23,1.379211790815058434e-10,6.959047089076294292e-08
1.880000000000000004e-01,2.110811808312323468e-04,4.524872243386460346e-08,1.670263974103198314e-05,3.683695589881351041e-08,9.275720690227588503e-07,1.932968334481914032e-04,1.166258048618372830e-11,2.462334374528657675e-13,5.452056296588068396e-14,7.760917018296954339e-12,8.242458569124079312e-15,1.841678753596979136e-14,1.439618253415395709e-12,1.593640286970931920e-14,3.646059390680067464e-09,7.287563722903638746e-22,1.285077098083006866e-11,8.642784193533765771e-33,1.898226328234296931e-23,1.501282436823909212e-10,6.821964978277989524e-08
1.885000000000000009e-01,2.055198756111787869e-04,4.463123724153194505e-08,1.676095745994612401e-05,4.006946795296622247e-08,8.097894054112669605e-07,1.877942880796170712e-04,1.505645726964763282e-11,3.648566452392461537e-13,6.920990669112644795e-14,5.798731655307215058e-12,8.419166892641056281e-15,1.916302725679483744e-14,1.866517563029404290e-12,1.623993750577132909e-14,3.658686165651258410e-09,7.904581836360955329e-22,1.707753935597540773e-11,8.827784528596901146e-33,1.939067616893436812e-23,1.633441783383821625e-10,6.627765353129686819e-08
1.890000000000000013e-01,1.983851512322097577e-04,4.327351421570139174e-08,1.681032071879712470e-05,4.340565515017883988e-08,6.981728491512413550e-07,1.807223021231803371e-04,1.916113891451831207e-11,5.273720717893726581e-13,8.530688240608498058e-14,4.302559882381882696e-12,8.605529241195497570e-15,1.960764071714833716e-14,2.387855642453328953e-12,1.627185359294808253e-14,3.669309628956619423e-09,8.549723195022751951e-22,2.180189397464080044e-11,9.022928538585255526e-33,1.982147603151818428e-23,1.769919749079430280e-10,6.378175949898110812e-08
1.895000000000000018e-01,1.897554568858746756e-04,4.122042989541613321e-08,1.684496243780472162e-05,4.671768103391771655e-08,5.967098348876703399e-07,1.721611597465339742e-04,2.405959665482629219e-11,7.448845645442377021e-13,1.049000687261980865e-13,4.482623571668043975e-12,8.840261165208028526e-15,1.982623312530237487e-14,3.016920868454048196e-12,1.621993387600494190e-14,3.676706723591470653e-09,9.205199740067408534e-22,2.674695988709866846e-11,9.268843140554610789e-33,2.036363497382106864e-23,1.905460860416844806e-10,6.076030213729809144e-08
1.900000000000000022e-01,1.797422136801774353e-04,3.870262878631644082e-08,1.686169619443420118e-05,4.993220953403175788e-08,5.074989927036084130e-07,1.622231724080747096e-04,2.983086923190870502e-11,1.029984148852734006e-12,1.311479229961959771e-13,8.002516513342479940e-12,9.146370764931564955e-15,1.995548048768273263e-14,3.767389250056946757e-12,1.642124614336629417e-14,3.680236686329884863e-09,9.861985120824408562e-22,3.158290395785537896e-11,9.589688039094842453e-33,2.107006617751424307e-23,2.037004379612218626e-10,5.725291918612684831e-08
1.905000000000000027e-01,1.684898639065733053e-04,3.604119172856023854e-08,1.686079613277648224e-05,5.305190508122456053e-08,4.303331799451286868e-07,1.510523388692543156e-04,3.654685499526384127e-11,1.396655495427436103e-12,1.675632671910364826e-13,1.692217286232738584e-11,9.527155722320225267e-15,2.013949008791751310e-14,4.652958140027259048e-12,1.736261401427832006e-14,3.680027547944738457e-09,1.052333565948167102e-21,3.597900527922994628e-11,9.988955285191786307e-33,2.194844122326846424e-23,2.164563196568223996e-10,5.331043168070596511e-08
1.910000000000000031e-01,1.561746153040033858e-04,3.352779279649404558e-08,1.684556711414219232e-05,5.614943938739188133e-08,3.632492410560745603e-07,1.388230960231283547e-04,4.426887225852501331e-11,1.860111756932738481e-12,2.172632692975463034e-13,3.356538593346153249e-11,9.968803866290081715e-15,2.048445334377807061e-14,5.686915588002606374e-12,1.969953536737614516e-14,3.676872166424911217e-09,1.120385621194691128e-21,3.967084076444157127e-11,1.045219190754508830e-32,2.296716478722646636e-23,2.290986985243618366e-10,4.899440308551194113e-08
1.915000000000000036e-01,1.430020882555727555e-04,3.132860979615361695e-08,1.682086681262941712e-05,5.933673204301090814e-08,3.036499552552099068e-07,1.257384501498154752e-04,5.304410760098336717e-11,2.436543427394829231e-12,2.824678476349899351e-13,6.031539209257661374e-11,1.044728415979308856e-14,2.103671258007653819e-14,6.881673196521900534e-12,2.430465467990047037e-14,3.671891620550360902e-09,1.192443914327432100e-21,4.253660716940449759e-11,1.095422061553703784e-32,2.407118704910391091e-23,2.420720665703195396e-10,4.437647976639023942e-08
1.920000000000000040e-01,1.292043072628826228e-04,2.944729761969713691e-08,1.679121526644073619e-05,6.272154651670536257e-08,2.494361268722973640e-07,1.120278087365443435e-04,6.290209145001875479e-11,3.142775589442679249e-12,3.644128237826907125e-13,9.935481146141426046e-11,1.093605951605891220e-14,2.178730316640362955e-14,8.248287008261014479e-12,3.234590806237893688e-14,3.666106286824970704e-09,1.270500478667504673e-21,4.467424301507740816e-11,1.146722223417908679e-32,2.519968636002551647e-23,2.558051262841923855e-10,3.953762578514879555e-08
1.925000000000000044e-01,1.150365553568005056e-04,2.775611342488540805e-08,1.675923392363424039e-05,6.636816804544459121e-08,1.996820859302918307e-07,9.794473007267750684e-05,7.385135341173280240e-11,3.995831173392384800e-12,4.636663926197192071e-13,1.523777687778653183e-10,1.141166195098230476e-14,2.269428196097435808e-14,9.795982787761908506e-12,4.538418361075011280e-14,3.660078985573770076e-09,1.355782940461104229e-21,4.646901896329201660e-11,1.196657747740585842e-32,2.629883177596801555e-23,2.705523163972718210e-10,3.456732867451694594e-08
1.930000000000000049e-01,1.007744891597539295e-04,2.607627172719293758e-08,1.672497050126045543e-05,7.027688614003626261e-08,1.546672266608581665e-07,8.376462336721737561e-05,8.587641596222301426e-11,5.012403401258654935e-12,5.806730418775748295e-13,2.203102319912895987e-10,1.185591546208714413e-14,2.370789011577224389e-14,1.153169408063998645e-11,6.547490433908770585e-14,3.653754596184291046e-09,1.448400703660038997e-21,4.863999059467828241e-11,1.243319525418651543e-32,2.732684877898897610e-23,2.863119544651064378e-10,2.956278774957460989e-08
1.935000000000000053e-01,8.671163021636584575e-05,2.427037073064448967e-08,1.668627869817792460e-05,7.438923191874663054e-08,1.153907239785547359e-07,6.978224899100744913e-05,9.893528439387646088e-11,6.208246934386379261e-12,7.162645807015360758e-13,3.030780990669676860e-10,1.225560890309196692e-14,2.478519246799009314e-14,1.345961787445737067e-11,9.525901723250583048e-14,3.646536151238427637e-09,1.547433870092444218e-21,5.225364506536598774e-11,1.285316935955559026e-32,2.825324537833086424e-23,3.028490680260350427e-10,2.462803187553986809e-08
1.940000000000000058e-01,7.315701277589162297e-05,2.230811693982193997e-08,1.663999765475376625e-05,7.861554662040756321e-08,8.290117198535850369e-08,5.630876471559144534e-05,1.129575835980537905e-10,7.597503769876043476e-12,8.719050167524165980e-13,3.994607749136773160e-10,1.260168041789208164e-14,2.588890188667974552e-14,1.558079510932594079e-11,1.380350490905517777e-13,3.637544466868511430e-09,1.651417199134926193e-21,5.869473028797915287e-11,1.321692559846063912e-32,2.905694396559419324e-23,3.198087120662883268e-10,1.987287700356876406e-08
1.945000000000000062e-01,6.043251732681331837e-05,2.028110285723481805e-08,1.658338464454476172e-05,8.287268832511573977e-08,5.779098662984020658e-08,4.366808058652549252e-05,1.278434783896826662e-10,9.191986019544449441e-12,1.049559059043961940e-12,5.070611242987624451e-10,1.288986921611442685e-14,2.697526156682236903e-14,1.789273000222737912e-11,1.978114545139394421e-13,3.625943839922178989e-09,1.759013699379943639e-21,6.958796403406965957e-11,1.351991017955962390e-32,2.972781276752278661e-23,3.368698683978251198e-10,1.541163970417022635e-08
1.950000000000000067e-01,4.886936368388139338e-05,1.836584812744731521e-08,1.651520260461345895e-05,8.711604374894538829e-08,4.005604508429652297e-08,3.219241098982019919e-05,1.434634933197516110e-10,1.100044282475566218e-11,1.251237974087694980e-12,6.224115237093273370e-10,1.312341857803393935e-14,2.798286806681416375e-14,2.038906917796062482e-11,2.793432277326366353e-13,3.611203608446816460e-09,1.869597871661111046e-21,8.667003980990034382e-11,1.376543140155499571e-32,3.027293000933400808e-23,3.538752532075933728e-10,1.136156736906101037e-08
1.955000000000000071e-01,3.880341175559297447e-05,1.675616648706283543e-08,1.643605641477364319e-05,9.135290280249760862e-08,2.929957019917799055e-08,2.221709110759551530e-05,1.596593198262759311e-10,1.302784241584301544e-11,1.478410930239331796e-12,7.412213243746156389e-10,1.331653241215687334e-14,2.883452817128739488e-14,2.305936469456137541e-11,3.881559950413940226e-13,3.593205598108076314e-09,1.983507592120689880e-21,1.116185397788975258e-10,1.396829342515748064e-32,3.072458523523894765e-23,3.708842299387832471e-10,7.841008797957209675e-09
1.960000000000000075e-01,3.056926113578923296e-05,1.559698473218976403e-08,1.634791444232928351e-05,9.563238798762810135e-08,2.508442238635556693e-08,1.407488086382078451e-05,1.762456630366467081e-10,1.527470246689088405e-11,1.731518969680166101e-12,8.587545884335305738e-10,1.349594875110717235e-14,2.945735686178581785e-14,2.588894181696616299e-11,5.305546957638333807e-13,3.572180406239292756e-09,2.101860458412834860e-21,1.458520129114984062e-10,1.415645667836629537e-32,3.114394543207003194e-23,3.881292820925694405e-10,4.967403909007606889e-09
1.965000000000000080e-01,2.449351685293871402e-05,1.494803864545038668e-08,1.625309551288623035e-05,1.000170762076410869e-07,2.719240504199787508e-08,8.090051190082883894e-06,1.930131383028864789e-10,1.773650231061563079e-11,2.009774355590563092e-12,9.703098260926363939e-10,1.369803411853506153e-14,2.981558926453684155e-14,2.885888350630818872e-11,7.136054754980465764e-13,3.548528814371859870e-09,2.226009488430785209e-21,1.903222433311124416e-10,1.436800168707043762e-32,3.161441139329621491e-23,4.058971474033713716e-10,2.855196625734364314e-09
1.970000000000000084e-01,2.088784264713411195e-05,1.479006462738475336e-08,1.615320497767179151e-05,1.045490595301897989e-07,3.564219783890431193e-08,4.572513106608772483e-06,2.097321805413716687e-10,2.040320926711685955e-11,2.311296946392551766e-12,1.071757245208455986e-09,1.396041701408925171e-14,2.994133364593833927e-14,3.194613253944460222e-11,9.450730435559216088e-13,3.522627854622554925e-09,2.356861330500741245e-21,2.453242510450236385e-10,1.464236560756158940e-32,3.222240640649827430e-23,4.243868371105005997e-10,1.613762874986951127e-09
1.975000000000000089e-01,2.004244567062032418e-05,1.506597394868645523e-08,1.604849101508236620e-05,1.092253231308662800e-07,5.048599124903349662e-08,3.812134760878760458e-06,2.261578806685315474e-10,2.325894841056341898e-11,2.633490540799408416e-12,1.160075656117362778e-09,1.430977649094463433e-14,2.994569237903584517e-14,3.512370360678321336e-11,1.233295415834101085e-12,3.494717878890103293e-09,2.494337016142849356e-21,3.103507537044993700e-10,1.500754450224899182e-32,3.302931513151559923e-23,4.436055486661997581e-10,1.345404919120166574e-09
1.980000000000000093e-01,2.222041305232214041e-05,1.573425572574684782e-08,1.593788098401189399e-05,1.139931385992738032e-07,7.154997724961639895e-08,6.073253892594393486e-06,2.420356165149857708e-10,2.628184074417062220e-11,2.973461371199408129e-12,1.233822846916559635e-09,1.474982820906590470e-14,2.999851694984595947e-14,3.836099520005639356e-11,1.586985152733752471e-12,3.464921336614342140e-09,2.637197449216619804e-21,3.840151418936265727e-10,1.546749871453338888e-32,3.404386924514732969e-23,4.633465110903495943e-10,2.143414657375120812e-09
1.984999999999999820e-01,2.765294181420949521e-05,1.680801471177359956e-08,1.581964646723342218e-05,1.187674879872370572e-07,9.832376823717219615e-08,1.158929816906153077e-05,2.571073041316094494e-10,2.944402923561240339e-11,3.328271734203800074e-12,1.293472122526059473e-09,1.525458486354225307e-14,3.027776302703210827e-14,4.162419518703777521e-11,2.014959082837047589e-12,3.433377504942018297e-09,2.783306907019128972e-21,4.640606273383702541e-10,1.599508377911981778e-32,3.520665213586932647e-23,4.832574362544286977e-10,4.090174995574039533e-09
1.989999999999999825e-01,3.653512984447333014e-05,1.836165192818115917e-08,1.569237067437289441e-05,1.234630366452657784e-07,1.301161108852413335e-07,2.055741572310763106e-05,2.711180621777753009e-10,3.271190576855061664e-11,3.694907178069453632e-12,1.341555425247306383e-09,1.577088835571170446e-14,3.090377780534255834e-14,4.487678179862271316e-11,2.525812553135934978e-12,3.400419744051771566e-09,2.930228816287888513e-21,5.474638997108803085e-10,1.653469793906561611e-32,3.639590914964077613e-23,5.029695055548695895e-10,7.255264815405869476e-09
1.994999999999999829e-01,4.902179147293405037e-05,2.050360503800202331e-08,1.555576834226068787e-05,1.280268820148976495e-07,1.664269471244150365e-07,3.313309481084750311e-05,2.838230587264758220e-10,3.604654505673693543e-11,4.069977130736033014e-12,1.382570569645679221e-09,1.623117289902210051e-14,3.188341503976328120e-14,4.808012810156793695e-11,3.127564095836831075e-12,3.366697883447022946e-09,3.075912366664993435e-21,6.306306218230839368e-10,1.701565242105981915e-32,3.745686241192456821e-23,5.222310818133752392e-10,1.169356010411465685e-08
1.999999999999999833e-01,6.522282425695422828e-05,2.332981670977622988e-08,1.541098345574468017e-05,1.324578906044889856e-07,2.073323481264884740e-07,4.942487699754220733e-05,2.949942967688811610e-10,3.940434414793736341e-11,4.449303092411889959e-12,1.422635625435620206e-09,1.657346862249344037e-14,3.308872751874973397e-14,5.119421766488183527e-11,3.827298157363194066e-12,3.333168039648729000e-09,3.219191875300846488e-21,7.096688599610273642e-10,1.737313005605347575e-32,3.824764970523710961e-23,5.409884850805504170e-10,1.744336809444394955e-08
2.004999999999999838e-01,8.519796992496973115e-05,2.688115950285726102e-08,1.526022609010647840e-05,1.368040940653087636e-07,2.536292613104614456e-07,6.948938386802625835e-05,3.044270915789298135e-10,4.273785844059738196e-11,4.827615205905944404e-12,1.468904668144604608e-09,1.676235493418385616e-14,3.428409691578485829e-14,5.417846934774900638e-11,4.630826570631364352e-12,3.300926799182490688e-09,3.359898399556542905e-21,7.807164950790623034e-10,1.757013801777237562e-32,3.868742420230788862e-23,5.593790302164740005e-10,2.452467205817603359e-08
2.009999999999999842e-01,1.089512579055963823e-04,3.112524454024935391e-08,1.510590193581022979e-05,1.411389843631531196e-07,3.065802917690897495e-07,9.332693048222874999e-05,3.119459993042575699e-10,4.599681721950557224e-11,5.198546104743760116e-12,1.528791862330923068e-09,1.680336797935169311e-14,3.519760007634308760e-14,5.699265136113448019e-11,5.542376855997537510e-12,3.270932992664195184e-09,3.498543243082694686e-21,8.402909699234875301e-10,1.761259747131113484e-32,3.878938930819575708e-23,5.776394884051570934e-10,3.293758317976233779e-08
2.014999999999999847e-01,1.364258086483841981e-04,3.597062702401685343e-08,1.494961110229647405e-05,1.455266838224896299e-07,3.672993030380993033e-07,1.208779671525784302e-04,3.174099713427975611e-10,4.912929367631878063e-11,5.554992385991766719e-12,1.609080259066362391e-09,1.674496643859088800e-14,3.561413446473030298e-14,5.959784437525576050e-11,6.564302870316654684e-12,3.243710417055916930e-09,3.635710110821159334e-21,8.856252536004590297e-10,1.755139056789836332e-32,3.866522878511301880e-23,5.959701635022642570e-10,4.266108476769452194e-08
2.019999999999999851e-01,1.674998350619199389e-04,4.130558236630825071e-08,1.479145300256816360e-05,1.499909881026511212e-07,4.360301015361390495e-07,1.520204913534945921e-04,3.207165333411289620e-10,5.208299640811572148e-11,5.889759017319541559e-12,1.715013041318981624e-09,1.666618721546896129e-14,3.545692259240338290e-14,6.195739788377536819e-11,7.696806710718137767e-12,3.219138087174214214e-09,3.771414034760386055e-21,9.149531712313275009e-10,1.746940768260575956e-32,3.849665575502563950e-23,6.144150853163292298e-10,5.365211885056802023e-08
2.024999999999999856e-01,2.019845309894207502e-04,4.704198364589202674e-08,1.462994796032185284e-05,1.545019974065695729e-07,5.116809942239148462e-07,1.865684507923666175e-04,3.218048213120069700e-10,5.480664185208923958e-11,6.196277438134494850e-12,1.849474574167192527e-09,1.665319496116155925e-14,3.482554418546289876e-14,6.403781975050508678e-11,8.937663769946278518e-12,3.196405628450065261e-09,3.904700774574306482e-21,9.277104624975445529e-10,1.745695571806098388e-32,3.848146479551979764e-23,6.328135095656928846e-10,6.584502257834270650e-08
2.029999999999999860e-01,2.396241196718393003e-04,5.314281466676804566e-08,1.446262837806768688e-05,1.589868915314840787e-07,5.919160425473813421e-07,2.242710717431262862e-04,3.206573503576804863e-10,5.725136058691566319e-11,6.469149021574671335e-12,2.012364618638051435e-09,1.677215967144237066e-14,3.397287902686145705e-14,6.580954853361595888e-11,1.028195511681405178e-11,3.174152257635322633e-09,4.033663340626286326e-21,9.246250060040797223e-10,1.758332300512068130e-32,3.877118997509296699e-23,6.508487378413630584e-10,7.915129117092935810e-08
2.034999999999999865e-01,2.800978102521984908e-04,5.962025978770117485e-08,1.428707152575486127e-05,1.633612633551312726e-07,6.738777006519367132e-07,2.648130306144070873e-04,3.173004427663693075e-10,5.937208562988970573e-11,6.704330977282860291e-12,2.200251633073584108e-09,1.704762151932224190e-14,3.322540854157556104e-14,6.724757929800422857e-11,1.172182854904442859e-11,3.150742419348490883e-09,4.155881800933314234e-21,9.076801509723822003e-10,1.787410401048971170e-32,3.942142623110477696e-23,6.681790330738861673e-10,9.345963846501157367e-08
2.039999999999999869e-01,3.230229866748233450e-04,6.650590202864435334e-08,1.410195894975836882e-05,1.675684892071682537e-07,7.553164829212424170e-07,3.078154435498513274e-04,3.118032994036897523e-10,6.112886852419915848e-11,6.898926113926017518e-12,2.406362349673117946e-09,1.745395066723714822e-14,3.287294629884715800e-14,6.833193917561300270e-11,1.324632485832909729e-11,3.124585478989331277e-09,4.269117964741962530e-21,8.799482203442807160e-10,1.830225947967869497e-32,4.037229290573974264e-23,6.845991564788011906e-10,1.086363461661761831e-07
2.044999999999999873e-01,3.679588082181420327e-04,7.380820354534042156e-08,1.390773075257750919e-05,1.716106400851957434e-07,8.356685293476676136e-07,3.528377456132194916e-04,3.042757575968898156e-10,6.248806973468443529e-11,7.050701279339528601e-12,2.620928385979853450e-09,1.792313846245308671e-14,3.306657718112091998e-14,6.904802998687535481e-11,1.484131236600147012e-11,3.094398227777971355e-09,4.371989141671659064e-21,8.453057508571606774e-10,1.879630352546014446e-32,4.146645974669587867e-23,7.001650803873430132e-10,1.245259270611027195e-07
2.049999999999999878e-01,4.144096044459751201e-04,8.147852222971239489e-08,1.370656242661211096e-05,1.755571955696386114e-07,9.165725848973317862e-07,3.993806156925818395e-04,2.948648355700289101e-10,6.342337393158812606e-11,7.157572723297721796e-12,2.831870957728225995e-09,1.836650762809501526e-14,3.376210392726412091e-14,6.938686445500652035e-11,1.648956682472803587e-11,3.059339274022463265e-09,4.464349122118915733e-21,8.080562883212994150e-10,1.926308593461484344e-32,4.249916630303042823e-23,7.152259271932271707e-10,1.409521572950873968e-07
2.054999999999999882e-01,4.618279294684981477e-04,8.940250566992600869e-08,1.350166161198899866e-05,1.795263446200423510e-07,1.001500000484709166e-06,4.468901294027299853e-04,2.837502134885272501e-10,6.391658799861463286e-11,7.217311168525758261e-12,3.025766387695877064e-09,1.870306007360406392e-14,3.473073503007244514e-14,6.934521718124250674e-11,1.817101604132540901e-11,3.018999920423883817e-09,4.547218900250974407e-21,7.724986967357344434e-10,1.961753272296318966e-32,4.328347584943717671e-23,7.303421737428586117e-10,1.577195420462082331e-07
2.059999999999999887e-01,5.096177142976286104e-04,9.742096870329185219e-08,1.329615246305747446e-05,1.836446009076982733e-07,1.094527367252432255e-06,4.947632715717935423e-04,2.711388408863921228e-10,6.395818948440773253e-11,7.227627230689503334e-12,3.189002283378495830e-09,1.888488276770480013e-14,3.563467880918147523e-14,6.892569469296928872e-11,1.986314414833987809e-11,2.973293451044325905e-09,4.622288800759186652e-21,7.424871393973814139e-10,1.980929859870046611e-32,4.370873067885537368e-23,7.461139892805846961e-10,1.746152610351737043e-07
2.064999999999999891e-01,5.571383900283915190e-04,1.053695500205675270e-07,1.309197804755530533e-05,1.879994415036288760e-07,1.198667740738790958e-06,5.423548305772843501e-04,2.572588878939317964e-10,6.354760482388782892e-11,7.186636046205376696e-12,3.309010515531940672e-09,1.891114485894632537e-14,3.614169814634779163e-14,6.813670836492737064e-11,2.154152695609208995e-11,2.922320578773098000e-09,4.691185610786971088e-21,7.210316964754764316e-10,1.983745229169392518e-32,4.377274482420666383e-23,7.629803542411383180e-10,1.914116017268209483e-07
2.069999999999999896e-01,6.037109638100968687e-04,1.131168895142806736e-07,1.288924302469618356e-05,1.926030394328657620e-07,1.314421870908509322e-06,5.889855749836538827e-04,2.423532732379984910e-10,6.269320893332265409e-11,7.093535228013793943e-12,3.375451106197146884e-09,1.882631313739322320e-14,3.603842302378788310e-14,6.699231939271554450e-11,2.318045453456757893e-11,2.866289380232697242e-09,4.754793853123471743e-21,7.099852483012889501e-10,1.974860894950315247e-32,4.357769105697621768e-23,7.810634124152441188e-10,2.078688450880866755e-07
2.074999999999999900e-01,6.486267517190537780e-04,1.205816339658398857e-07,1.268624558649947898e-05,1.973814537779699980e-07,1.439191834033663572e-06,6.339515305900152858e-04,2.266730067603906323e-10,6.141204972908548147e-11,6.949231080033493871e-12,3.381222429548574352e-09,1.870375936154371575e-14,3.530268768956671871e-14,6.551192371147964882e-11,2.475359430608070384e-11,2.805534440830645939e-09,4.812900891521483262e-21,7.098529508011489220e-10,1.961974005670561884e-32,4.329239402921700375e-23,8.001174213242250761e-10,2.237385397069100184e-07
2.079999999999999905e-01,6.911588959973005361e-04,1.277192286002571378e-07,1.248018029973568302e-05,2.021942223996012413e-07,1.567899226918688125e-06,6.765341657944364592e-04,2.104705800686117335e-10,5.972931196427180794e-11,6.756656011393567706e-12,3.323188152007289215e-09,1.862089535286909831e-14,3.411013138857547744e-14,6.371975909631335354e-11,2.623465705718685972e-11,2.740627185918420752e-09,4.864308640611890616e-21,7.197464911289278273e-10,1.953209511486302408e-32,4.309514766778278168e-23,8.196032085793479784e-10,2.387670964772598810e-07
2.084999999999999909e-01,7.305761265507378045e-04,1.344851410686133330e-07,1.226823836024091983e-05,2.068778072010357751e-07,1.694674358259546989e-06,7.160113523320872381e-04,1.939936275172430425e-10,5.767754407664588237e-11,6.520632641502299825e-12,3.202539128917654474e-09,1.863458158340592636e-14,3.277406718978603904e-14,6.164424275344228127e-11,2.759804463295636764e-11,2.672520026458544204e-09,4.907370716306531620e-21,7.374882576282250374e-10,1.954540624961152338e-32,4.311716802928165113e-23,8.388620344038716160e-10,2.526996569327533193e-07
2.089999999999999913e-01,7.661577165694438132e-04,1.407941568891766150e-07,1.204868751806649905e-05,2.112972454833438448e-07,1.815022241532258020e-06,7.516690594112208999e-04,1.774790618697304584e-10,5.529567937693836544e-11,6.247311332672902241e-12,3.024746561662548558e-09,1.876496836811378979e-14,3.164123776478306186e-14,5.931717682425961163e-11,2.881947448959579410e-11,2.602641751722341574e-09,4.940745970516582495e-21,7.598529564168289175e-10,1.968093213292126756e-32,4.340543585090766826e-23,8.573254551145263555e-10,2.652842204166518662e-07
2.094999999999999918e-01,7.972084224041883294e-04,1.464989591572414532e-07,1.182153301353202100e-05,2.153872077317383212e-07,1.927623795732224408e-06,7.828138073887148463e-04,1.611478647568056001e-10,5.262788898925441943e-11,5.943368000193927007e-12,2.799107133221218839e-09,1.899251170963589054e-14,3.098083475205570890e-14,5.677288122549666361e-11,2.987658602478328570e-11,2.532871212782762527e-09,4.964073914326644610e-21,7.829184466120158042e-10,1.991831486743697126e-32,4.391582100084249821e-23,8.746846487479049335e-10,2.762760393164043541e-07
2.099999999999999922e-01,8.230724496472028228e-04,1.514030039529445244e-07,1.158853058315685247e-05,2.191676707477615741e-07,2.035016852762389087e-06,8.087859071317022360e-04,1.452006811174843321e-10,4.972230868008942869e-11,5.615233345754760877e-12,2.537926401757349175e-09,1.926804794331624578e-14,3.090491208424813463e-14,5.404732044754206454e-11,3.074953299132744330e-11,2.465357282863246126e-09,4.978307910058958773e-21,8.024856530767686461e-10,2.020612983496825510e-32,4.453621132175028422e-23,8.909587017943576060e-10,2.854422915915219575e-07
2.104999999999999927e-01,8.431460550224613264e-04,1.553061062268191594e-07,1.135257245183880960e-05,2.227290114738391732e-07,2.142807359286938509e-06,8.289734301221375525e-04,1.298143292269522264e-10,4.662968521228626617e-11,5.268600352080153846e-12,2.255427650681495094e-09,1.953135591777192101e-14,3.134534648534406431e-14,5.117728106884945940e-11,3.142155602196622683e-11,2.402209447745049351e-09,4.985575534005480097e-21,8.145206782686283895e-10,2.048133675254506875e-32,4.512912945903352764e-23,9.064401888558425807e-10,2.925670112033394593e-07
2.109999999999999931e-01,8.568890598592747649e-04,1.580639204893924819e-07,1.111669866368480976e-05,2.261927828614016395e-07,2.257636404605985704e-06,8.428267195459936134e-04,1.151392947419144946e-10,4.340199011024487280e-11,4.908336231352230830e-12,1.966504132547076644e-09,1.973116178610681268e-14,3.209119620822959063e-14,4.819963381898018992e-11,3.187951401223649696e-11,2.345133396966684021e-09,4.988618926831314458e-21,8.155711969642776306e-10,2.069024622840066593e-32,4.557764240336595649e-23,9.215428478899201424e-10,2.974562094740288374e-07
2.114999999999999936e-01,8.638360592007176663e-04,1.596332268472476271e-07,1.088311196157577373e-05,2.296633441433827069e-07,2.384643578065204497e-06,8.498731204850216037e-04,1.012982308038954793e-10,4.009104952027530412e-11,4.538759525536529285e-12,1.685448879815441717e-09,1.983978467062356916e-14,3.286895641870728239e-14,4.515068668132203504e-11,3.211433950073341231e-11,2.295110661901312266e-09,4.990028935556768861e-21,8.031136341267951527e-10,2.080387075844025377e-32,4.581893658680199415e-23,9.366123421499075694e-10,2.999430737716764507e-07
2.119999999999999940e-01,8.636082635033977880e-04,1.600788859896935648e-07,1.065255218852404750e-05,2.331885263131062970e-07,2.525405367701457718e-06,8.497315373151880565e-04,8.838544011298423381e-11,3.674723787814379526e-11,4.164101291567634342e-12,1.424795709421125978e-09,1.985824968848418922e-14,3.343466135300509719e-14,4.206561365196712214e-11,3.212137727023146759e-11,2.252211721681207611e-09,4.991562812343465666e-21,7.757966383895185073e-10,2.082328446936407120e-32,4.585598022790723757e-23,9.517733398121370486e-10,2.998931052089601771e-07
2.124999999999999944e-01,8.559266443871672327e-04,1.595346724966444611e-07,1.042423222383165821e-05,2.367435947696964587e-07,2.677177859379606085e-06,8.421264519550606233e-04,7.646727291873520914e-11,3.341828004040666307e-11,3.788908067078111829e-12,1.194387965002615318e-09,1.981151264791178762e-14,3.364549221772820164e-14,3.897793466362000615e-11,3.190057021256413091e-11,2.215592217589942451e-09,4.993797834475217183e-21,7.335587066771812965e-10,2.077461858612308491e-32,4.574647348062286896e-23,9.668702587225877842e-10,2.972090660577267239e-07
2.129999999999999949e-01,8.406264674770992651e-04,1.581319873549567090e-07,1.019631763959704413e-05,2.402435839080923362e-07,2.833781337332756298e-06,8.269011471423049625e-04,6.558334049532710870e-11,3.014820122434903331e-11,3.418185302548913549e-12,1.000760673901842643e-09,1.973691451070703853e-14,3.348905016883008466e-14,3.591902784541320257e-11,3.145647106315700937e-11,2.183667104099488994e-09,4.996238975291860839e-21,6.776120148972727304e-10,2.069696156625973798e-32,4.557626939575727674e-23,9.815217625274631008e-10,2.918356465940751137e-07
2.134999999999999953e-01,8.176726015194613843e-04,1.559275589653091106e-07,9.966733748481427092e-06,2.435782624937501261e-07,2.987819642501916044e-06,8.040300220910753456e-04,5.574841902443101839e-11,2.697645661187568342e-11,3.057201746822437516e-12,8.468818878047863367e-10,1.967086214326551410e-14,3.306584454995895090e-14,3.291767186254720513e-11,3.079807844853107615e-11,2.154407579128542251e-09,4.997821786525012475e-21,6.102990323047596640e-10,2.062840209736987763e-32,4.542875935022289744e-23,9.952652601017663720e-10,2.837638116198739591e-07
2.139999999999999958e-01,7.871744502794935641e-04,1.528650032483155405e-07,9.733980136079680646e-06,2.466557066668402940e-07,3.133388378039813005e-06,7.736299921289944807e-04,4.695490438099405595e-11,2.393726318808235045e-11,2.711023714080583435e-12,7.322558592535716292e-10,1.963850843981368602e-14,3.253768521082527281e-14,2.999963560399350792e-11,2.993851473487793574e-11,2.125677352611964674e-09,4.997601642427272339e-21,5.348418557344982071e-10,2.059521864560887799e-32,4.536119371401153935e-23,1.007734181101909837e-09,2.730348236980338987e-07
2.144999999999999962e-01,7.493991608265509552e-04,1.487925844118933294e-07,9.497656631530389633e-06,2.494377725349831574e-07,3.268216599721901270e-06,7.359709718515830036e-04,3.917567304178248625e-11,2.105914596855319188e-11,2.383960234337462748e-12,6.533502516300866795e-10,1.964924741086825662e-14,3.206511348215297681e-14,2.718734621423762808e-11,2.889457614089993733e-11,2.095526002911354466e-09,4.995355059430928945e-21,4.550150356205447492e-10,2.060716665313190643e-32,4.539440067130255699e-23,1.018800122713425332e-09,2.597439429399333779e-07
2.149999999999999967e-01,7.047819847672987664e-04,1.435352946644346954e-07,9.258537461226816579e-06,2.519544877406375098e-07,3.394399987367137233e-06,6.914853386527919366e-04,3.236720618981954893e-11,1.836470007009044551e-11,2.079130889458541501e-12,6.042767366226156248e-10,1.969815743236218349e-14,3.175749597276656967e-14,2.449966835652055189e-11,2.768618991460391363e-11,2.062384260007508752e-09,4.991861163599646378e-21,3.747798408337060677e-10,2.065900192862929785e-32,4.551619538056657030e-23,1.028627375731323805e-09,2.440437669435649078e-07
2.154999999999999971e-01,6.539332178661099067e-04,1.369939530170447950e-07,9.018213139982413188e-06,2.542928494126738109e-07,3.517440761429481211e-06,6.407760992470511348e-04,2.647284088035147669e-11,1.587055999361762886e-11,1.798309195492457149e-12,5.776324652499759661e-10,1.977129440095016822e-14,3.165089112822546533e-14,2.195181659840902888e-11,2.633580992105711456e-11,2.025146377386288541e-09,4.988762104696735219e-21,2.979206259549287668e-10,2.073603915973268536e-32,4.569364182006069545e-23,1.037622005483422878e-09,2.261471129842230912e-07
2.159999999999999976e-01,5.976418081636031970e-04,1.292292698235869645e-07,8.778478810722830706e-06,2.565653014480219059e-07,3.643987960215837249e-06,5.846233139235121204e-04,2.142602219598830497e-11,1.358755880488169971e-11,1.542075765773699960e-12,5.654005163767313396e-10,1.985179577896981119e-14,3.171571434575673573e-14,1.955540304980616408e-11,2.486777430798623982e-11,1.983162131375219389e-09,4.988066961319851729e-21,2.277218983753879650e-10,2.082055826659155532e-32,4.588717017855296681e-23,1.046297622022235680e-09,2.063292853111284057e-07
2.164999999999999980e-01,5.368762538313887837e-04,1.204924552524932166e-07,8.540724467724742725e-06,2.588704826590913076e-07,3.779193900329780909e-06,5.239882544996884387e-04,1.715344284789842052e-11,1.152105317416160467e-11,1.310191148578272974e-12,5.598102877466158781e-10,1.992429139718637210e-14,3.188439018218361172e-14,1.731860127051494843e-11,2.330764154143147708e-11,1.936182212113219765e-09,4.991499014639481163e-21,1.667180934703553155e-10,2.089643242053227856e-32,4.606078669284666334e-23,1.055109800033695851e-09,1.849295426023371545e-07
2.169999999999999984e-01,4.727836159840610709e-04,1.111856170848278756e-07,8.305554630050541293e-06,2.612610209548260350e-07,3.924751635578039097e-06,4.600148309171531885e-04,1.357797163039081146e-11,9.671385718989256543e-12,1.102021610434016158e-12,5.540722631184618799e-10,1.997664522765464412e-14,3.208327498807216859e-14,1.524639257623140202e-11,2.168151754882659431e-11,1.884300410075652040e-09,4.999939662899638218e-21,1.165378349640906062e-10,2.095095435962185519e-32,4.618612985500622897e-23,1.064319936824672876e-09,1.623516014456659406e-07
2.174999999999999989e-01,4.066872833753454103e-04,1.017660677506917021e-07,8.072752825241524138e-06,2.637296298983489799e-07,4.078389094628325046e-06,3.940280070717766927e-04,1.062128976733738346e-11,8.034453722490705697e-12,9.168518327135231482e-13,5.429231010620228531e-10,1.999970341909576950e-14,3.225485445439775745e-14,1.334085692201879463e-11,2.001538807479521474e-11,1.827917740251381940e-09,5.013175849828510948e-21,7.785200917119398238e-11,2.097456914570877204e-32,4.624192404824113489e-23,1.073934868405916061e-09,1.390630772361193748e-07
2.179999999999999993e-01,3.400836318030232321e-04,9.263497928758872767e-08,7.841561056576179544e-06,2.662171998414947428e-07,4.234985650998209206e-06,3.275291686850693995e-04,8.206174491238719574e-12,6.602352767488187489e-12,7.539903816881115052e-13,5.229434923055880014e-10,1.998666824480170377e-14,3.236380854959939540e-14,1.160147767338696371e-11,1.833447508825089909e-11,1.767727916697954649e-09,5.030033421075985483e-21,5.042208325028694546e-11,2.096021199659696904e-32,4.621255226408361439e-23,1.083737571270218707e-09,1.155938493658671242e-07
2.184999999999999998e-01,2.746371244202749657e-04,8.405999842169975240e-08,7.611126012262529161e-06,2.686380985444084946e-07,4.388799692781188377e-06,2.621886042698177814e-04,6.258391471076999814e-12,5.364064694228590778e-12,6.126795070831759436e-13,4.926395204070151497e-10,1.993354949390573233e-14,3.238982534738609010e-14,1.002544361225417328e-11,1.666264089033983573e-11,1.704702723157246485e-09,5.048827771932244733e-21,3.323356373765803405e-11,2.090377382791662534e-32,4.608908215114027831e-23,1.093389546379459562e-09,9.253340755005407001e-08
2.190000000000000002e-01,2.121729410431455085e-04,7.616803606859423262e-08,7.380916008693964324e-06,2.709118205779837508e-07,4.535836442287179428e-06,1.998353286815415515e-04,4.708180486499954105e-12,4.306161115456302449e-12,4.919099899954024282e-13,4.523052278515935857e-10,1.984104845068963434e-14,3.231648726732098218e-14,8.607945991019584436e-12,1.502186508136256187e-11,1.640048840098033869e-09,5.067945458936887773e-21,2.469086124715873676e-11,2.080606777694965760e-32,4.587355947623019825e-23,1.102560542119794965e-09,7.052726028472770025e-08
2.195000000000000007e-01,1.546660908228262015e-04,6.901327197883558941e-08,7.150947489770825614e-06,2.729886450961237534e-07,4.675340263302409387e-06,1.424443878731166345e-04,3.491340092633634338e-12,3.413496170082236127e-12,3.902746709475595668e-13,4.037069215502244336e-10,1.971686287420711684e-14,3.212629045441814642e-14,7.342477413178435678e-12,1.343181587173713564e-11,1.575116856000353754e-09,5.086330668120316954e-21,2.284509088823609952e-11,2.067523707468573688e-32,4.558424385554060861e-23,1.111035086285520404e-09,5.027245435929364237e-08
2.200000000000000011e-01,1.042262126350012826e-04,6.268996904642077469e-08,6.921755298739479880e-06,2.748603510784351089e-07,4.809787415588063501e-06,9.212157841623303607e-05,2.549935055692935571e-12,2.669865092239777831e-12,3.059596965207741073e-13,3.496461296198143014e-10,1.957655933291625120e-14,3.180693370791730352e-14,6.221139849553611053e-12,1.190952883636761779e-11,1.511263619444810442e-09,5.103700725128093086e-21,2.562578628657842617e-11,2.052766175471907790e-32,4.525753097768888489e-23,1.118758993907575799e-09,3.251218197457278429e-08
2.205000000000000016e-01,6.307781141687560436e-05,5.743646969460037484e-08,6.694152605078507379e-06,2.765536462035148218e-07,4.943418960648818903e-06,5.108530045160003763e-05,1.832663802009798231e-12,2.058608497173898857e-12,2.368917626259305449e-13,2.934664585123719885e-10,1.944137692815678877e-14,3.136622100586899431e-14,5.234962284238152042e-12,1.046919568479613741e-11,1.449691279269700125e-09,5.120431380662626003e-21,3.105073312304420363e-11,2.038564984190598822e-32,4.494281209535405571e-23,1.125815878516514019e-09,1.802937617107838393e-08
2.210000000000000020e-01,3.353631241854793988e-05,5.367768706730291075e-08,6.468907477928822377e-06,2.781109701742944642e-07,5.080004030851177554e-06,2.164515689292971585e-05,1.294931689450615256e-12,1.563146106285689362e-12,1.809752958204881160e-13,2.385692776725887238e-10,1.933260615448860346e-14,3.084640502244923912e-14,4.374218666536137680e-12,9.122056429913692313e-12,1.391300474342019688e-09,5.137186393255603120e-21,3.739418616851599940e-11,2.027154025078325668e-32,4.468946821143716807e-23,1.132352232255623438e-09,7.639157918970059380e-09
2.215000000000000024e-01,1.798079993711626623e-05,5.197988998580016523e-08,6.246483453854187245e-06,2.795679292016391176e-07,5.220875268426214196e-06,6.176993231936143367e-06,8.986801711533489957e-13,1.167428001479273243e-12,1.363082531576091148e-13,1.879946915621350020e-10,1.926397620661549029e-14,3.032706346786398118e-14,3.628729466792284345e-12,7.876383287513833755e-12,1.336595115966355374e-09,5.154463132258837259e-21,4.330137491267668233e-11,2.019972067270794954e-32,4.452931135877413177e-23,1.138488415909578489e-09,2.180026993707944216e-09
2.220000000000000029e-01,1.882446216165913668e-05,5.293293010401533401e-08,6.026948380380496947e-06,2.809371292808233324e-07,5.364168634604441617e-06,7.094338088699223246e-06,6.120230246976163932e-13,8.562963492448753913e-13,1.012808390358725147e-13,1.441092949778646927e-10,1.923491890936247099e-14,2.990984153896335691e-14,2.988129191962369245e-12,6.737544597976453099e-12,1.285662078867122431e-09,5.172249459543637057e-21,4.784515413146708696e-11,2.016956778357429042e-32,4.446107990005545393e-23,1.144255072534829947e-09,2.503782570852393372e-09
2.225000000000000033e-01,3.848353940572164474e-05,5.701256709275783028e-08,5.810073003441499910e-06,2.822046651566158168e-07,5.505664531636454469e-06,2.681656429572643050e-05,4.087399469911366354e-13,6.157556315947815374e-13,7.452830336949788682e-14,1.084233174663246027e-10,1.922787988691717772e-14,2.968689677073882765e-14,2.442088463285998558e-12,5.708140605823511348e-12,1.238226645484156277e-09,5.189930820587503440e-21,5.052784305418602448e-11,2.016263374976779561e-32,4.444428141258134947e-23,1.149580289846583560e-09,9.464286404302553371e-09
2.230000000000000038e-01,7.934507211864954656e-05,6.449065325215643113e-08,5.595556360727466978e-06,2.833396740772245530e-07,5.640891009296414478e-06,6.773440068837055723e-05,2.676757261772019902e-13,4.331543668489719155e-13,5.479094684337960554e-14,8.154001349997311181e-11,1.921170363822953137e-14,2.970375642237561789e-14,1.980489930860691500e-12,4.788207029921824963e-12,1.193762571896759362e-09,5.206476288108734965e-21,5.123697696408609450e-11,2.014620312867747448e-32,4.440703595967140577e-23,1.154329132646537627e-09,2.390529099725990940e-08
2.235000000000000042e-01,1.437331860558908826e-04,7.544405404692232429e-08,5.383264772060038003e-06,2.843117202772516996e-07,5.767535580205143911e-06,1.321735528139887281e-04,1.720900365055153920e-13,2.972856183102521099e-13,4.078704011992905793e-14,6.322255488493263437e-11,1.915086083571349905e-14,2.993222446351898096e-14,1.593567468389883000e-12,3.975483790155419105e-12,1.151622326462307792e-09,5.220814889763182819e-21,5.016748409166066047e-11,2.008297603007569989e-32,4.426737093061707886e-23,1.158374286093500058e-09,4.664760036422081898e-08
2.239999999999999769e-01,2.338732850102406976e-04,8.986910405720680761e-08,5.173373744635202644e-06,2.851076627847728286e-07,5.887003295524075711e-06,2.223570773947577159e-04,1.089983177475629098e-13,1.984168329055791406e-13,3.119755097245169104e-14,5.255062381875800733e-11,1.901778927569267220e-14,3.026719559965954662e-14,1.272022999103219673e-12,3.265743152491688106e-12,1.111152652474265596e-09,5.232236771990773717e-21,4.772462134662591557e-11,1.994401525462998790e-32,4.396167292553812937e-23,1.161663953440100979e-09,7.847579096681658791e-08
2.244999999999999774e-01,3.518535292387023491e-04,1.078554820798564631e-07,4.966352518434151317e-06,2.857402478182276983e-07,6.004272827438428544e-06,3.403668510372914605e-04,6.853776565889087952e-14,1.282614494119899270e-13,2.479601206859214125e-14,4.813175558930942564e-11,1.880395222114685958e-14,3.055288466329131814e-14,1.007132631883491986e-12,2.653164328802436234e-12,1.071772043590863108e-09,5.240647440897558465e-21,4.442199366844451764e-11,1.972034664224611043e-32,4.347016897833415609e-23,1.164255605332588887e-09,1.201246129930617391e-07
2.249999999999999778e-01,4.995833987862512583e-04,1.297362663942432300e-07,4.762804493136138998e-06,2.862445500205490610e-07,6.125930793710571997e-06,4.881041260755828630e-04,4.338411115569614393e-14,7.990523834739363928e-14,2.066511561070119245e-14,4.833141574167467354e-11,1.852518236209564743e-14,3.063218039516949844e-14,7.908448140767950107e-13,2.130732855017662832e-12,1.033004404402235581e-09,5.246567905864732839e-21,4.078741244382555513e-11,1.942856497267172008e-32,4.282923464708866651e-23,1.166300017975805993e-09,1.722650694667597289e-07
2.254999999999999782e-01,6.787498468355492509e-04,1.561295564110912281e-07,4.563240491085278660e-06,2.866638098360969584e-07,6.257107777219438635e-06,6.672489614150590607e-04,2.823520698585056135e-14,4.769970912935114134e-14,1.837312301334095147e-14,5.148992179746579791e-11,1.821864834167570843e-14,3.040245211797601843e-14,6.158623251001371120e-13,1.690636651393448789e-12,9.944795906483914130e-10,5.250880804638203779e-21,3.728656279317229068e-11,1.910765282162900644e-32,4.212440359058552121e-23,1.167982119739290111e-09,2.354900983151232402e-07
2.259999999999999787e-01,8.907722854709258309e-04,1.878267840832218761e-07,4.367888989005149865e-06,2.870308491849436678e-07,6.398626821904415001e-06,8.792183945666833325e-04,1.936772729003994886e-14,2.713355341559219026e-14,1.797948914920837962e-14,5.610201217316942468e-11,1.793178101435626848e-14,2.985675174773445255e-14,4.756927035797397256e-13,1.324629839422103684e-12,9.559204386789824692e-10,5.254427836669370019e-21,3.427084706254848927e-11,1.880736615610122074e-32,4.146486203082117301e-23,1.169444010860021671e-09,3.102998101641043401e-07
2.264999999999999791e-01,1.136758130328868873e-03,2.255502775351092564e-07,4.176628359903191253e-06,2.873531685392846947e-07,6.545722951637583507e-06,1.125123606961790299e-03,1.426508158889408246e-14,1.469144951956901000e-14,1.981126578504657882e-14,6.094423590720187798e-11,1.770660737253856827e-14,2.909325627316604712e-14,3.646522981705834275e-13,1.024341479039222793e-12,9.171347416759600869e-10,5.257624375162608710e-21,3.195180419897760923e-11,1.857180269602635573e-32,4.094737139853239031e-23,1.170723292362590619e-09,3.970863708278133777e-07
2.269999999999999796e-01,1.417460658213560857e-03,2.696696574351650612e-07,3.989071131903568213e-06,2.876082895655164714e-07,6.689133474520814433e-06,1.405726910391094479e-03,1.130928346747084173e-14,7.708008784200826133e-15,2.407140604025664281e-14,6.514466532619283792e-11,1.756492736495520386e-14,2.828692143753917432e-14,2.778183237760955726e-13,7.815180551481519797e-13,8.780212666903181290e-10,5.260249326324576702e-21,3.040066358702858166e-11,1.842385314835627326e-32,4.062213400734840995e-23,1.171733508885145789e-09,4.961188206600679795e-07
2.274999999999999800e-01,1.733240468168871116e-03,3.200017048789164261e-07,3.804764208463181917e-06,2.877516118791041953e-07,6.818387405348360684e-06,1.721399925387015039e-03,9.527587448999402847e-15,4.223391501294394438e-15,3.044941058422472978e-14,6.819746372464817341e-11,1.749978489402906650e-14,2.763155015281749076e-14,2.109378679579992915e-13,5.882021780415601783e-13,8.385864621648158751e-10,5.261496541722879414e-21,2.956836870917241155e-11,1.835625237682471000e-32,4.047315031453704286e-23,1.172295950074098556e-09,6.075283145698934149e-07
2.279999999999999805e-01,2.084031042187396016e-03,3.758006125457138009e-07,3.623420205019980904e-06,2.877338232792191641e-07,6.926127663343462260e-06,2.072084594409807912e-03,8.385807384058799956e-15,2.846134882593723648e-15,3.794330842176333244e-14,6.993088437518514174e-11,1.747662629389760242e-14,2.727225087502905178e-14,1.603167081993709541e-13,4.368610628448079724e-13,7.989589760927337998e-10,5.260268301816019843e-21,2.931922010920802676e-11,1.833278956792963649e-32,4.042087725484544623e-23,1.172210701615364668e-09,7.312943625152970196e-07
2.284999999999999809e-01,2.469308083464906347e-03,4.359757396887363251e-07,3.445083272750981681e-06,2.875209087858824968e-07,7.011712944348106484e-06,2.457258526820507282e-03,7.623065376278836102e-15,2.627838339509678005e-15,4.503701143959023238e-14,7.044114600040408451e-11,1.744411669562170813e-14,2.725279146086014215e-14,1.227177600987560508e-13,3.204832871415874904e-13,7.593867570713970699e-10,5.255594470834757342e-21,2.947040111408765318e-11,1.829964708147816148e-32,4.034711841181766899e-23,1.171338530214802134e-09,8.672325988053425332e-07
2.289999999999999813e-01,2.888061810249719242e-03,4.994766846236506241e-07,3.270161446355873434e-06,2.871086678507268744e-07,7.082458188409210832e-06,2.875905630707805642e-03,7.125580625032321208e-15,2.953317028548003071e-15,5.022403533834859422e-14,7.000645485867603856e-11,1.735106000044186463e-14,2.749761499394974277e-14,9.529515482544267943e-14,2.326597874709966453e-13,7.202071889886162236e-10,5.247011335337150733e-21,2.983010075562116110e-11,1.820314144048018153e-32,4.013396546927048082e-23,1.169660541123049881e-09,1.014984417281753792e-06
2.294999999999999818e-01,3.338771446131596002e-03,5.657008299743994712e-07,3.099313269377746073e-06,2.865258036466095806e-07,7.151699075905090910e-06,3.326492249945006436e-03,6.838494426493262031e-15,3.448518643824864402e-15,5.268990341624054994e-14,6.899549015815873135e-11,1.716357458873933846e-14,2.783587602565754844e-14,7.557584786232483420e-14,1.676565956010732133e-13,6.817916867815245687e-10,5.234750754643113759e-21,3.022852616122134401e-11,1.800773450791753037e-32,3.970333312558922726e-23,1.167291323246605421e-09,1.174008549450120607e-06
2.299999999999999822e-01,3.819381813220370982e-03,6.347461421092741560e-07,2.933235367956681576e-06,2.858241887173986304e-07,7.234120044362206730e-06,3.806948405503908766e-03,6.713911355429185321e-15,3.906921766878212012e-15,5.284632804193028756e-14,6.778321322857035726e-11,1.687649811590018175e-14,2.805942580735940175e-14,6.148120675958452667e-14,1.204762311114811020e-13,6.444775078635145944e-10,5.219665385911243757e-21,3.053838467174372360e-11,1.770799504738224030e-32,3.904321898944081603e-23,1.164439807319220901e-09,1.343574444043079017e-06
2.304999999999999827e-01,4.327283004767413371e-03,7.073733028658773402e-07,2.772435768238754940e-06,2.850599907369456133e-07,7.339975734516082234e-06,4.314653535283640221e-03,6.690612223678527487e-15,4.233494366229478466e-15,5.241962007638226928e-14,6.668416030949781405e-11,1.651501836734923586e-14,2.799410641577687878e-14,5.136373729691339631e-14,8.689649102738843800e-14,6.085062450281720378e-10,5.202918868407423510e-21,3.068388882121329252e-11,1.733031248792297933e-32,3.821147646436777032e-23,1.161332779213557761e-09,1.522757234228344555e-06
2.309999999999999831e-01,4.859295208406094919e-03,7.846477463881442234e-07,2.617080704714871448e-06,2.842729328270177030e-07,7.470458279600523328e-06,4.846426485653448912e-03,6.697434160120593648e-15,4.403894661043886034e-15,5.395105260391146863e-14,6.590972538331182327e-11,1.612600763825314872e-14,2.755881296546296323e-14,4.402611678658241768e-14,6.347308409569807327e-14,5.739876625092714326e-10,5.185560181956125219e-21,3.063948939511489061e-11,1.692381413552118554e-32,3.731589634547354051e-23,1.158130646925484033e-09,1.710434205355530702e-06
2.314999999999999836e-01,5.411661442002244603e-03,8.673658028902343630e-07,2.466970949379351562e-06,2.834716674494156130e-07,7.616210033148208212e-06,5.398520348636655537e-03,6.669675340247445147e-15,4.435739378717607089e-15,5.981804138229336397e-14,6.555173004504776443e-11,1.576218397223464430e-14,2.679139747168184624e-14,3.869476624545670602e-14,4.749720296361281712e-14,5.408995018519716846e-10,5.168144153283274492e-21,3.042100664657438127e-11,1.654376009077411489e-32,3.647778035634353444e-23,1.154867958443218351e-09,1.905282972854146389e-06
2.319999999999999840e-01,5.980050938522103558e-03,9.554755147809867273e-07,2.321651611866263197e-06,2.826308319258124977e-07,7.759884995509220022e-06,5.966623757207433799e-03,6.567370556000331597e-15,4.368610169019656296e-15,7.112889484754183755e-14,6.559034760169351996e-11,1.546469284166335298e-14,2.583280061989325401e-14,3.493697074635224886e-14,3.690896752187144978e-14,5.091218346797727437e-10,5.150539881286836344e-21,3.007245478068660043e-11,1.623328059069419714e-32,3.579187245851351572e-23,1.151441370062945972e-09,2.105781939370249159e-06
2.324999999999999845e-01,6.559575110671216763e-03,1.047732838079953607e-06,2.180608459066014159e-06,2.817008250041313134e-07,7.882104670605589268e-06,6.545871028088534951e-03,6.386414882931948562e-15,4.249975806521860649e-15,8.696553118420057141e-14,6.592082749009320001e-11,1.525011638825311254e-14,2.487607217700686367e-14,3.253292067038800044e-14,3.017889341071475154e-14,4.784931894811302941e-10,5.131995080216458729e-21,2.965170961436932323e-11,1.600975444132215744e-32,3.529646520746034652e-23,1.147649333134236947e-09,2.310213874426224924e-06
2.329999999999999849e-01,7.144816672789930552e-03,1.141766079883737959e-06,2.043473814573979686e-06,2.806264966084983979e-07,7.968735395158514808e-06,7.130863709527267974e-03,6.157796583721712253e-15,4.125134731217775599e-15,1.043729813263315877e-13,6.639105287540123830e-11,1.510617673022568074e-14,2.409939822164145607e-14,3.133335250058675136e-14,2.617779268764366935e-14,4.488692823674722559e-10,5.111426735461873884e-21,2.921748982573430822e-11,1.586030239377357855e-32,3.496349523797187427e-23,1.143268029460316799e-09,2.516673519211329799e-06
2.334999999999999853e-01,7.729871060701459622e-03,1.234573151662824158e-06,1.910166260130833923e-06,2.793676507104890043e-07,8.016720897578886602e-06,7.715705498647584815e-03,5.935323046546627891e-15,4.030273857699649264e-15,1.192266582241018488e-13,6.684116783023331645e-11,1.499720756275319106e-14,2.360732134502857426e-14,3.114193533752502995e-14,2.405762549323375269e-14,4.201658726555227509e-10,5.087824935172847793e-21,2.881921398503867342e-11,1.574752226203261853e-32,3.471110043749514337e-23,1.138134675092776494e-09,2.723079909864935931e-06
2.339999999999999858e-01,8.308398304572389703e-03,1.323301110677728532e-06,1.780918053291062881e-06,2.779137420033717736e-07,8.036068470786377125e-06,8.294051289067924312e-03,5.776548627302994819e-15,3.988455571883482856e-15,1.277413606814934034e-13,6.713741487295271018e-11,1.487703714085847214e-14,2.340037779027742328e-14,3.165539747421893981e-14,2.316099796223049103e-14,3.923743524569285116e-10,5.060618468224648878e-21,2.849043181435824675e-11,1.562299495082560033e-32,3.443322113944933083e-23,1.132207191661014916e-09,2.927193687718518755e-06
2.344999999999999862e-01,8.873683378397362320e-03,1.406025951682132971e-06,1.656188919638774709e-06,2.762875141178378764e-07,8.046936178546269054e-06,8.859169713861138676e-03,5.723802143752090728e-15,4.008584911161633233e-15,1.280700684784615484e-13,6.719463758450122466e-11,1.470450475481393665e-14,2.338221116776220509e-14,3.247545764197314444e-14,2.296706521544784064e-14,3.655491064582650206e-10,5.029870520826287434e-21,2.824587676649965106e-11,1.544355202497620710e-32,3.403526107167925053e-23,1.125578877421704428e-09,3.126639172408681603e-06
2.349999999999999867e-01,9.418703875401297082e-03,1.482221888321937914e-06,1.536506471896326131e-06,2.745365863908104923e-07,8.072626515689215623e-06,9.404017499823946746e-03,5.791716547024044322e-15,4.087179252464698495e-15,1.213227729492593370e-13,6.698502159703723431e-11,1.445623814191585396e-14,2.339932602686197113e-14,3.318180202222009218e-14,2.307019929779082519e-14,3.397753716271376170e-10,4.996240756296299888e-21,2.808178747312628101e-11,1.518467182469718423e-32,3.346345715005626589e-23,1.118444049291950524e-09,3.318930603512400562e-06
2.354999999999999871e-01,9.936205379287977799e-03,1.552705401632436917e-06,1.422296515189967555e-06,2.727164713361184292e-07,8.130949091874449536e-06,9.921323689054186226e-03,5.964903979487538234e-15,4.212260662729320106e-15,1.114935489336929325e-13,6.653381192404448150e-11,1.413265093493598436e-14,2.329730877069209226e-14,3.343396367012918109e-14,2.317893237714197125e-14,3.151318446139262449e-10,4.960738584651715482e-21,2.797893602004094121e-11,1.484676732131317166e-32,3.271866965718133816e-23,1.111028845167960225e-09,3.501501864606437308e-06
2.359999999999999876e-01,1.041878656136201522e-02,1.619032242411324857e-06,1.313763993977618705e-06,2.708715070336154589e-07,8.227199293778197605e-06,1.040368246588418283e-02,6.205586989348283033e-15,4.368213478347802030e-15,1.041834932325504265e-13,6.590525037446734488e-11,1.375576441175543176e-14,2.297262138896758805e-14,3.306019063254639763e-14,2.311922192465968921e-14,2.916620727752345600e-10,4.924367397210419771e-21,2.790767779983258401e-11,1.445290237428202924e-32,3.185138594276596622e-23,1.103513594201760613e-09,3.671739244370839904e-06
2.364999999999999880e-01,1.085899717670428186e-02,1.682544785012140864e-06,1.210860792054067799e-06,2.690206602160431331e-07,8.351549889636389006e-06,1.084365472473246446e-02,6.467572535885377872e-15,4.540265024600098032e-15,1.045039511054912874e-13,6.518335752466346677e-11,1.336036508952920613e-14,2.240229301391334337e-14,3.209704985115378443e-14,2.282866692965240659e-14,2.693634657689933334e-10,4.887793647554867502e-21,2.783421947902734794e-11,1.403952135728086182e-32,3.094141356348693701e-23,1.095975074960270986e-09,3.827017282582865143e-06
2.369999999999999885e-01,1.124945224858127195e-02,1.743425065321445490e-06,1.113341503999648261e-06,2.671530423232528431e-07,8.482079115976469972e-06,1.123388008259431844e-02,6.711145922459120978e-15,4.717482884297530964e-15,1.149356600276730000e-13,6.445231542360249365e-11,1.298211339856508886e-14,2.164324341148560614e-14,3.076254297867697237e-14,2.233531580437976225e-14,2.481950971419924668e-10,4.851157435124474283e-21,2.772717068075183277e-11,1.364398281262637427e-32,3.007057261867457762e-23,1.088368366080417916e-09,3.964738302298804160e-06
2.374999999999999889e-01,1.158296466455796016e-02,1.800135833575092804e-06,1.020876895480772493e-06,2.652342002590130291e-07,8.592526133533126914e-06,1.156720211466118371e-02,6.913770781164207418e-15,4.893773902116833228e-15,1.340253329216659973e-13,6.378029987162382143e-11,1.264683981955948060e-14,2.080459986450536656e-14,2.937073315012347342e-14,2.172304240763801242e-14,2.280984684081368471e-10,4.814082127339055573e-21,2.756335149669528313e-11,1.329333893699153164e-32,2.929812177829340339e-23,1.080552591459272037e-09,4.082376608839504448e-06
2.379999999999999893e-01,1.185269644817628192e-02,1.849506562568154250e-06,9.331782651625977698e-07,2.632202877647591343e-07,8.661987882349884868e-06,1.183680965465832603e-02,7.073578769178812641e-15,5.067095456442827256e-15,1.565457830376148141e-13,6.320910016450309321e-11,1.236433486775033535e-14,2.000569598399582344e-14,2.821777830304820693e-14,2.109184291350750224e-14,2.090215726413352773e-10,4.775864175741733006e-21,2.733185864057040865e-11,1.299782737091980486e-32,2.864651174856795690e-23,1.072348749082813388e-09,4.177528358464063920e-06
2.384999999999999898e-01,1.205232676720935717e-02,1.887482982027572645e-06,8.500885253817057697e-07,2.610745632592263104e-07,8.682902915529625140e-06,1.203639590591335309e-02,7.205552652181598802e-15,5.237666372868995241e-15,1.752001865732123396e-13,6.275024695658990740e-11,1.212797119685950718e-14,1.933618173192502005e-14,2.747964755913373013e-14,2.052363892379108105e-14,1.909368926636158353e-10,4.735760234858478602e-21,2.703562077787133849e-11,1.275047794853111180e-32,2.810053449350341281e-23,1.063606981425457188e-09,4.247967712952556741e-06
2.389999999999999902e-01,1.217623307978887501e-02,1.910295997521460095e-06,7.716139933361644980e-07,2.587801946164392462e-07,8.664194573691967149e-06,1.216033516836073983e-02,7.332874061350459300e-15,5.406175153792554415e-15,1.833179103828674234e-13,6.238704698429492786e-11,1.191933336248672756e-14,1.883195278487453458e-14,2.715694707685688329e-14,2.006191706440767880e-14,1.738476794561019974e-10,4.693260004089161338e-21,2.669011111120736984e-11,1.253196926932891749e-32,2.761796636007217164e-23,1.054258757016524444e-09,4.291709211347943754e-06
2.394999999999999907e-01,1.221968132859513508e-02,1.915623776761019911e-06,6.978957027527443056e-07,2.563451065527041099e-07,8.628217907626680380e-06,1.220387487976814025e-02,7.477211292820081923e-15,5.572767029720634942e-15,1.775278707173420376e-13,6.208110386279131046e-11,1.171548998308776309e-14,1.847310744884524312e-14,2.708433858960059311e-14,1.970823567686494778e-14,1.577820725254575701e-10,4.648248026237515666e-21,2.631946416869357925e-11,1.231825444591115272e-32,2.714626537833593197e-23,1.044336591443001113e-09,4.307075546511312115e-06
2.399999999999999911e-01,1.217902198142389522e-02,1.903298643342204597e-06,6.291403606859086623e-07,2.537977830716963768e-07,8.602521549820599101e-06,1.216333918895806318e-02,7.651442941809113455e-15,5.737071247284099943e-15,1.593162099918938773e-13,6.178158542131022403e-11,1.149610073002484739e-14,1.820123043942653604e-14,2.699807836465709142e-14,1.943275504197464660e-14,1.427791552690500654e-10,4.601007153734862809e-21,2.595082731492029055e-11,1.208801189027585988e-32,2.663887184176845149e-23,1.033956885416038859e-09,4.292769411627403133e-06
2.404999999999999916e-01,1.205189067041127424e-02,1.875267451020924309e-06,5.655415991200700410e-07,2.511762675542341593e-07,8.609484566623046550e-06,1.203634001312333356e-02,7.856783513683148181e-15,5.898955399819025794e-15,1.347455176069662407e-13,6.143553219322060471e-11,1.124819613021799771e-14,1.794656814436585088e-14,2.663444138555772812e-14,1.919189316532781960e-14,1.288732984397478969e-10,4.552079245599595384e-21,2.560820380914138908e-11,1.182765433933070488e-32,2.606615056772864142e-23,1.023275029819251724e-09,4.247947988033560747e-06
2.409999999999999920e-01,1.183741445454868958e-02,1.834797589606891306e-06,5.072198581236822945e-07,2.485148561516564641e-07,8.657797898491210640e-06,1.182199261030126257e-02,8.084279359095474542e-15,6.059329506161849214e-15,1.123155202543719918e-13,6.099769751205292772e-11,1.096776730251127640e-14,1.765345632949353255e-14,2.582195739407741385e-14,1.894533025918945695e-14,1.160826713530457248e-10,4.502050133091656251e-21,2.530718169748210037e-11,1.153299202226226127e-32,2.541900284361703474e-23,1.012431109422610737e-09,4.172299026546381480e-06
2.414999999999999925e-01,1.153642640548724167e-02,1.785222989076020079e-06,4.541972332461348031e-07,2.458334188084862076e-07,8.739132156776647126e-06,1.152113470991748302e-02,8.319040359703805132e-15,6.220331472971632302e-15,9.971207539917925390e-14,6.043862897980688340e-11,1.065862690241694672e-14,1.729499213744265360e-14,2.453478089918046001e-14,1.866676126683237814e-14,1.044052525649614927e-10,4.451347470780121295e-21,2.505173756372197301e-11,1.120803469583123198e-32,2.470621982697575012e-23,1.001506323939103905e-09,4.066118184502843459e-06
2.419999999999999929e-01,1.115169156139215155e-02,1.728723559442901329e-06,4.064081744423045556e-07,2.431328975204078389e-07,8.831368749733380484e-06,1.113655037088497751e-02,8.544944942893736121e-15,6.384594562965372165e-15,1.007050136225862702e-13,5.974990970542937770e-11,1.032981384673173252e-14,1.687373365690694097e-14,2.289087511885881273e-14,1.834665486009457964e-14,9.382238285152410891e-11,4.400126104439702369e-21,2.483380117321156214e-11,1.086226807847031635e-32,2.394851053216229991e-23,9.905046008379509799e-10,3.930388031266177545e-06
2.424999999999999933e-01,1.068814605566458312e-02,1.665640631144488459e-06,3.637344085322750714e-07,2.403979861881926770e-07,8.907210730220872091e-06,1.067320106485846951e-02,8.747991613678269950e-15,6.553843109818510171e-15,1.134800562384059730e-13,5.894573552220012959e-11,9.992881453761625362e-15,1.641138922297641831e-14,2.110021553474475572e-14,1.798892781327819335e-14,8.430724049624537310e-11,4.348274422486430092e-21,2.463559786697030672e-11,1.050781030118110563e-32,2.317228568090533916e-23,9.793634998275527941e-10,3.766859603679472028e-06
2.429999999999999938e-01,1.015314876394435295e-02,1.594636273933306771e-06,3.260468527419933977e-07,2.376053221310314632e-07,8.944837704707279155e-06,1.013846637391013078e-02,8.917586964545047716e-15,6.727513126654146423e-15,1.311783135371176159e-13,5.806040581034318208e-11,9.659867256958226721e-15,1.593440906979495088e-14,1.938639954992033738e-14,1.760535671400891695e-14,7.583444105900538723e-11,4.295524952962198394e-21,2.443412758484063052e-11,1.015728576658155224e-32,2.240502763207391793e-23,9.679876072968742475e-10,3.578137354716535949e-06
2.434999999999999942e-01,9.556741984130057502e-03,1.513674955499151330e-06,2.932390936908677486e-07,2.347337013107618995e-07,8.936398807893175189e-06,9.542395063561193158e-03,9.046228093762911307e-15,6.902213491397120741e-15,1.445449854559179954e-13,5.714190258017307746e-11,9.341988453894164186e-15,1.546273703445484803e-14,1.791305538684972822e-14,1.721119352536295064e-14,6.838738499983136362e-11,4.241613375324502051e-21,2.420666179459423091e-11,9.822462136957962651e-33,2.167233757387614595e-23,9.562902056529976717e-10,3.367767763893495482e-06
2.439999999999999947e-01,8.911915520900559953e-03,1.421470201462703894e-06,2.652437804542904631e-07,2.317724465891478065e-07,8.890934721592391900e-06,8.897964682206702114e-03,9.128690450256985988e-15,7.072542351392314169e-15,1.456992332150225363e-13,5.624247771573270056e-11,9.048580490433108216e-15,1.500604746970209517e-14,1.674176171183897972e-14,1.682342268149947968e-14,6.196147795541854381e-11,4.186416360566624500e-21,2.393595468889810314e-11,9.513143438246140723e-33,2.099553883337378325e-23,9.442274374607119871e-10,3.140330956894277358e-06
2.444999999999999951e-01,8.234867921997067117e-03,1.318834686011877747e-06,2.420312698924383617e-07,2.287251085495045509e-07,8.830508958572713787e-06,8.221345220613882759e-03,9.161723760387757691e-15,7.233160043153179758e-15,1.315053894384048441e-13,5.540790521365247221e-11,8.785766264725282995e-15,1.456731314407473387e-14,1.583345078166801247e-14,1.646072063262451939e-14,5.656312654744503938e-11,4.130013487978687853e-21,2.361400038200604163e-11,9.235780367415824745e-33,2.038864749779426214e-23,9.318134591081144431e-10,2.901533758120021117e-06
2.449999999999999956e-01,7.545259780559902645e-03,1.209390471144932069e-06,2.235958318616672231e-07,2.256076363511533313e-07,8.781062337052228630e-06,7.532160772840087483e-03,9.144550503330348845e-15,7.381360373227261944e-15,1.051030079061202664e-13,5.466756179867999906e-11,8.554785556428046035e-15,1.414977289011099100e-14,1.508699027911492744e-14,1.614280707221427797e-14,5.220576798465899816e-11,4.072653786059190996e-21,2.324356628978123605e-11,8.991722503604471012e-33,1.985454204658703224e-23,9.191130544299919133e-10,2.658302037889989487e-06
2.454999999999999960e-01,6.866456546986847258e-03,1.099340447049760091e-06,2.099371351107716030e-07,2.224422207258184875e-07,8.761685870040652601e-06,6.853743238932890648e-03,9.079614525790276130e-15,7.518989260314425427e-15,7.484988284545268865e-14,5.402756801923177944e-11,8.350538042901993420e-15,1.376201565841859532e-14,1.439443988517551887e-14,1.588722461287693015e-14,4.890478168192316781e-11,4.014647743052808832e-21,2.283727696591977152e-11,8.775691668808785616e-33,1.938160313273317311e-23,9.062165921926585297e-10,2.418870250966705693e-06
2.459999999999999964e-01,6.225761188976910304e-03,9.963820468600922790e-07,2.010439074074066650e-07,2.192494291808103540e-07,8.776727878449340690e-06,6.213373903136101828e-03,8.972556464084627742e-15,7.652653107528903912e-15,5.099431620709335974e-14,5.346874485938696332e-11,8.161298011060268373e-15,1.341742680069604251e-14,1.368792575882340362e-14,1.570340402981032589e-14,4.667300358200914560e-11,3.956234703399863757e-21,2.241457306063680438e-11,8.575480923589356429e-33,1.894303032010375690e-23,8.932079929442038068e-10,2.192866696007409103e-06
2.464999999999999969e-01,5.654639107456112083e-03,9.082080574397921558e-07,1.968840487231060648e-07,2.160415894398320896e-07,8.814069383928919464e-06,5.642511509656071914e-03,8.830602549133372292e-15,7.791758364241007461e-15,4.139122109385705050e-14,5.295016510630271918e-11,7.970442326247851512e-15,1.312771560870577218e-14,1.295946956309557856e-14,1.558611747706143770e-14,4.551800883292616576e-11,3.897482792350322032e-21,2.199730393418228502e-11,8.373762386599164370e-33,1.850077818116572861e-23,8.801377461462738132e-10,1.991394009627229887e-06
2.469999999999999973e-01,5.188938043227364974e-03,8.412332040134803690e-07,1.974026276010425698e-07,2.128196357051459242e-07,8.850404698948762341e-06,5.177008091135516105e-03,8.659382969303562202e-15,7.944822331959296950e-15,4.807669363814527204e-14,5.241780987109877865e-11,7.760353078723903307e-15,1.289383735612771786e-14,1.224908477240904293e-14,1.551179060229741958e-14,4.544166338526915164e-11,3.838262578195642635e-21,2.160495044999252448e-11,8.152174573672131743e-33,1.801449174320687442e-23,8.670100050795786099e-10,1.827105338054847431e-06
2.474999999999999978e-01,4.869104044195157917e-03,8.001181375440706618e-07,2.025270011734096155e-07,2.095742028447692378e-07,8.861437344497668622e-06,4.857315136983613758e-03,8.459241137103874252e-15,8.115332984352611366e-15,6.626416931837839251e-14,5.181659179068602271e-11,7.517668385431202449e-15,1.269951555854026903e-14,1.161153975700650576e-14,1.544074657595440230e-14,4.644186005533647435e-11,3.778304377902813370e-21,2.125049081829794592e-11,7.896824238608444210e-33,1.745354896530659315e-23,8.537869696291562696e-10,1.714277099463703826e-06
2.479999999999999982e-01,4.740391463062262195e-03,7.883480961448477330e-07,2.121768543946627540e-07,2.062902203331047925e-07,8.832748282868887839e-06,4.728682059467224225e-03,8.222799780394502497e-15,8.298841315174587077e-15,8.637340606074672724e-14,5.110310862095076708e-11,7.238207871573441569e-15,1.251179041497096247e-14,1.108163567935733626e-14,1.532627704518560001e-14,4.851588659575360495e-11,3.717315613104644979e-21,2.093773926990117024e-11,7.603449272798280449e-33,1.680836816240387035e-23,8.404075245566698967e-10,1.668879027983575575e-06
2.484999999999999987e-01,4.853061606411712171e-03,8.096807998062686080e-07,2.262759372983258416e-07,2.029531633589520092e-07,8.766647032402818788e-06,4.841346458601722413e-03,7.935475635660044767e-15,8.482719819926467066e-15,9.840957163269374886e-14,5.025619602288923540e-11,6.929632663912918974e-15,1.228988641343026744e-14,1.065754084984311279e-14,1.512838013783172655e-14,5.166449231160997530e-11,3.655111992630145876e-21,2.066065980571628577e-11,7.280208805589441609e-33,1.609652188283358142e-23,8.268126431132916581e-10,1.708641323298336982e-06
2.489999999999999991e-01,5.262562425165063021e-03,8.698879163194006926e-07,2.447615521389859779e-07,1.995547757503984989e-07,8.681840395472159599e-06,5.250712324273895323e-03,7.579685467260941558e-15,8.649145458409177346e-15,9.690975807351811920e-14,4.928275513282268253e-11,6.610433744350609437e-15,1.199965280418336127e-14,1.031194069547965658e-14,1.482749010568897045e-14,5.589544474500785301e-11,3.591712475949552858e-21,2.040475574232933684e-11,6.946625671936873303e-33,1.536042336725128538e-23,8.129686668452186596e-10,1.853117542975491413e-06
2.494999999999999996e-01,6.029681520912219886e-03,9.780470953950085708e-07,2.675877597154311849e-07,1.960964946873571019e-07,8.605701053768955933e-06,6.017509419038958793e-03,7.141980304276314080e-15,8.780656466706207554e-15,8.426570511054532578e-14,4.821735651756033843e-11,6.305058041908395244e-15,1.162778694045777373e-14,1.002605246000643556e-14,1.443281390763121914e-14,6.122531938021083873e-11,3.527363154456438205e-21,2.015023231999399380e-11,6.628480227226350038e-33,1.465614390043949958e-23,7.988812588375635653e-10,2.123740852948558373e-06
2.500000000000000000e-01,7.220666933611599204e-03,1.146784250472193353e-06,2.947194937883369474e-07,1.925897278414061819e-07,8.562117332912808787e-06,7.207925932567472473e-03,6.620897806726687509e-15,8.866542371713065368e-15,7.075477411211958899e-14,4.711552722714549334e-11,6.036445194089629845e-15,1.118948620399919210e-14,9.828765275488863243e-15,1.398149150345518597e-14,6.767860762700747605e-11,3.462482393152147394e-21,1.987628949278364446e-11,6.349988815993033452e-33,1.403628272211419665e-23,7.845965708633296276e-10,2.543870844836603449e-06
2.505000000000000004e-01,8.907313924385472717e-03,1.391279656248841363e-06,3.261176679590493144e-07,1.890531811508226472e-07,8.560014494826474242e-06,8.893707719617640478e-03,6.032588698837197641e-15,8.907797087224100081e-15,7.092298711187659525e-14,4.604207937766460652e-11,5.818377589734079852e-15,1.072547516146709292e-14,9.818456193601176554e-15,1.352817511666795621e-14,7.528403173959030687e-11,3.397547902831655846e-21,1.956567905709923737e-11,6.125784982823186446e-33,1.353240784589116531e-23,7.701904247022259766e-10,3.138828559677680002e-06
2.510000000000000009e-01,1.116701982626834913e-02,1.727379127924988311e-06,3.617194256836901784e-07,1.855082606300422035e-07,8.587695847016679594e-06,1.115222070086082859e-02,5.411655436749078270e-15,8.918649256080691334e-15,9.756449447365198093e-14,4.505699764892391660e-11,5.650351027048238503e-15,1.028862141094779436e-14,1.015110980812949742e-14,1.312840352172249066e-14,8.406906640469122973e-11,3.332965485524194430e-21,1.920859330001596819e-11,5.955541698522355382e-33,1.314328696750969898e-23,7.557496630162932547e-10,3.935918510832160210e-06
2.515000000000000013e-01,1.408281141147471084e-02,2.169574994450189199e-06,4.014213826878590330e-07,1.819739682369992646e-07,8.616001523270218636e-06,1.406647710303932097e-02,4.806099365796926076e-15,8.923735925386764374e-15,1.557579362801796674e-13,4.420200425866060535e-11,5.516964890446243156e-15,9.924785830458953019e-15,1.099315674735854850e-14,1.282170595657823987e-14,9.405468598802270088e-11,3.268962976577572060e-21,1.880505993740356501e-11,5.823330850635759382e-33,1.283349983766157715e-23,7.413514370878671573e-10,4.964437944814152673e-06
2.520000000000000018e-01,1.774334902428306715e-02,2.729749830159829202e-06,4.450749845151038979e-07,1.784626543813078592e-07,8.609685648526783713e-06,1.772512948198576299e-02,4.267314257868450045e-15,8.951462090011440980e-15,2.396794119512290841e-13,4.349082995218032446e-11,5.392317878151711929e-15,9.655230854036110929e-15,1.245477575639360561e-14,1.262055640502826565e-14,1.052527698389973148e-10,3.205541489035650053e-21,1.836529218286620090e-11,5.702230525468684972e-33,1.254354679941376623e-23,7.270459645176524796e-10,6.255674731843104423e-06
2.525000000000000022e-01,2.224290885753622132e-02,3.417328166638149308e-06,4.925004062074656194e-07,1.749775963377907147e-07,8.542790257816075051e-06,2.222243747376114256e-02,3.837929391750149191e-15,9.025468268768334728e-15,3.339992599879016227e-13,4.290545930847828748e-11,5.248116812341657426e-15,9.467630136519124781e-15,1.453151024074918603e-14,1.250896837714550653e-14,1.176680232080299999e-10,3.142494972993256748e-21,1.790784372879707030e-11,5.562825916786898317e-33,1.220848133496037511e-23,7.128466913281824171e-10,7.842895631442132397e-06
2.530000000000000027e-01,2.768134022730691160e-02,4.240930122601141107e-06,5.435187779556755071e-07,1.715128245383480475e-07,8.411679275001513400e-06,2.765821036991509066e-02,3.541269358312741077e-15,9.156903380929509616e-15,4.198560465800607153e-13,4.239935182266648484e-11,5.062827181133654638e-15,9.319522510389491359e-15,1.708287998889345733e-14,1.245062799561099614e-14,1.313047026334161019e-10,3.079486639153438125e-21,1.745587578334597947e-11,5.382803524827008870e-33,1.177892668884677043e-23,6.987295702495185901e-10,9.761326025750320312e-06
2.535000000000000031e-01,3.416399032903616462e-02,5.210973879267475604e-06,5.979939841326128771e-07,1.680550829938267594e-07,8.239800988697701948e-06,3.413772449404243320e-02,3.375865430969181297e-15,9.340068612390623829e-15,4.833745649603966269e-13,4.190713393621760270e-11,4.828746890500858823e-15,9.153204381695348578e-15,1.986463577192371626e-14,1.240266713869788939e-14,1.461763498595825037e-10,3.016154690014368309e-21,1.703226512207302110e-11,5.154368749647586840e-33,1.123731088549023484e-23,6.846409933137830282e-10,1.204812075955844239e-05
2.540000000000000036e-01,4.180158664864683932e-02,6.342198225282808042e-06,6.558684273722603601e-07,1.645873884065203552e-07,8.071208245792613683e-06,4.177160957089781634e-02,3.316922350755631952e-15,9.552980610255597996e-15,5.233094544693708538e-13,4.135882662580059153e-11,4.554557242183141890e-15,8.916529770922386458e-15,2.261030002864681858e-14,1.232911958372151791e-14,1.623149787776832079e-10,2.952214503609822012e-21,1.665457289290397482e-11,4.886921478873457753e-33,1.060370243375317919e-23,6.705122078162869355e-10,1.474232403698910390e-05
2.545000000000000040e-01,5.071006818747955669e-02,7.654991043219265692e-06,7.171756417500325710e-07,1.610933815123929981e-07,7.954354150031551487e-06,5.067569486444676446e-02,3.324467900294162036e-15,9.762840128117120633e-15,5.543243175776191805e-13,4.069562044755194209e-11,4.262464110170122877e-15,8.581731548216917615e-15,2.513578351590218564e-14,1.220867693780722777e-14,1.797756010442256885e-10,2.887529988896080524e-21,1.633097772720289653e-11,4.604058542940576667e-33,9.929213814434079685e-24,6.562769475345252068e-10,1.788481511953188307e-05
2.550000000000000044e-01,6.101036093054484910e-02,9.174789562358711526e-06,7.820184584073971476e-07,1.575615430803240565e-07,7.921952284287145699e-06,6.097080547513057669e-02,3.355877324812753314e-15,9.934822738750540056e-15,6.038425196621294157e-13,3.988376681083027452e-11,3.980920588390664491e-15,8.155143306245342781e-15,2.742741014132751611e-14,1.203430496339520510e-14,1.986331161814334650e-10,2.822139646696248521e-21,1.605811889752798731e-11,4.335941563113763576e-33,9.279257369785259386e-24,6.418885211220086350e-10,2.151823643388078424e-05
2.555000000000000049e-01,7.282809918279781192e-02,1.092955014603126455e-05,8.505135571841370180e-07,1.539883711562679286e-07,7.974947452623069231e-06,7.278250237962788360e-02,3.379277337882249695e-15,1.004156904615115767e-14,7.028973813603279069e-13,3.892343617997575332e-11,3.735436044217575148e-15,7.674263087387918665e-15,2.967519631338250438e-14,1.180626822029301013e-14,2.189712474098806309e-10,2.756237540802584364e-21,1.582141571425086771e-11,4.109656535841563111e-33,8.712415939039249398e-24,6.273326970056843266e-10,2.568690182492963848e-05
2.560000000000000053e-01,8.629330024278561440e-02,1.294609801619476932e-05,9.227175638833017803e-07,1.503797921196737783e-07,8.077771806695652472e-06,8.624076568294974932e-02,3.384348476790188221e-15,1.007058566401733905e-14,8.740332218135224713e-13,3.785037234167484774e-11,3.540584402306003358e-15,7.193505457357712413e-15,3.223067441320510594e-14,1.152332193997069155e-14,2.408664761025512923e-10,2.690121023364633400e-21,1.559790228366371334e-11,3.940829810437023079e-33,8.262084854599701088e-24,6.126334356065064875e-10,3.043668476682089469e-05
2.565000000000000058e-01,1.015400030328814651e-01,1.524672968154407346e-05,9.985605024107217603e-07,1.467504115456018957e-07,8.168140813593611187e-06,1.014796270473309753e-01,3.388138410302731445e-15,1.002750330195387508e-14,1.120970822705561217e-12,3.672967087652778022e-11,3.395828891706958135e-15,6.764271062868422469e-15,3.549640934629731232e-14,1.117775601959869339e-14,2.643724951434025511e-10,2.624122905189239021e-21,1.536105584718727856e-11,3.829246208206941102e-33,7.926898999967338346e-24,5.978498692008099368e-10,3.581488863708869800e-05
2.570000000000000062e-01,1.187058802957399600e-01,1.784749376261936387e-05,1.077814127719202735e-06,1.431206770838936317e-07,8.179006892007327652e-06,1.186367618327048012e-01,3.435153757092948099e-15,9.934487852134035817e-15,1.424637963871206872e-12,3.564273115224769589e-11,3.286392049434528102e-15,6.416952276895881896e-15,3.978237329960668717e-14,1.075810673874109770e-14,2.895113528970358301e-10,2.558545655209581185e-21,1.508662927204126531e-11,3.759759374774751382e-33,7.672763755172133242e-24,5.830648186091264229e-10,4.187010277193927143e-05
2.575000000000000067e-01,1.379318288859096853e-01,2.075904535614312950e-05,1.160113255592668138e-06,1.395125450941098376e-07,8.065079924978488750e-06,1.378530521506742823e-01,3.592536844477301921e-15,9.824578360115330171e-15,1.748114355917395240e-12,3.467000702655632892e-11,3.188645586594793412e-15,6.151480915747934164e-15,4.518127817858653475e-14,1.025943837000763658e-14,3.162756446779289102e-10,2.493610958333759122e-21,1.475823394412585369e-11,3.707944559093127670e-33,7.445274465716709732e-24,5.683672425829095977e-10,4.865204825616080745e-05
2.580000000000000071e-01,1.593615352810007491e-01,2.399001342585515659e-05,1.245029948075580904e-06,1.359446827846996622e-07,7.823694392179074766e-06,1.592721282336386213e-01,3.942014511288898051e-15,9.733831559198916049e-15,2.049674609366167610e-12,3.387325044160964445e-11,3.078010550297085801e-15,5.939515254876985021e-15,5.151302876548358379e-14,9.696862352325770925e-15,3.446422656619060687e-10,2.429432067814815101e-21,1.437142475142095865e-11,3.648386618971334222e-33,7.187897606394796617e-24,5.538328013466167459e-10,5.621141605993418007e-05
2.585000000000000075e-01,1.831410065626320471e-01,2.755178723346283994e-05,1.332179668559478253e-06,1.324284476918809759e-07,7.501043455974012959e-06,1.830398884624746536e-01,4.570342451223128422e-15,9.693552399080134808e-15,2.299670078298556850e-12,3.328123141850081887e-11,2.936649207224625862e-15,5.736830486925498723e-15,5.836668236706366803e-14,9.115371075774593027e-15,3.745937231249695740e-10,2.366010873884682221e-21,1.393532080894499472e-11,3.562751249566989855e-33,6.859659265267154444e-24,5.395075691918051078e-10,6.459969764374879665e-05
2.590000000000000080e-01,2.094180536901195377e-01,3.146292861632461475e-05,1.421323499059997314e-06,1.289657576340088298e-07,7.179755332799140458e-06,2.093039907309815484e-01,5.559384768981319412e-15,9.724526325082077961e-15,2.494876528731998182e-12,3.288231507227801999e-11,2.758492975440383809e-15,5.500727377579218819e-15,6.523344015447743329e-14,8.589459870065490218e-15,4.061396079073970650e-10,2.303257376761674528e-21,1.347129940769551672e-11,3.445062072388395078e-33,6.446694568040399161e-24,5.253994095666621250e-10,7.386900544735527474e-05
2.595000000000000084e-01,2.383417157297383071e-01,3.575136781844100555e-05,1.512427993914223118e-06,1.255494862919049683e-07,6.950803461179273006e-06,2.382133027028945915e-01,6.976265561264417093e-15,9.834260927190065239e-15,2.664165988731981370e-12,3.262586908469426807e-11,2.550221963990595963e-15,5.205715635371915287e-15,7.168867195542663988e-14,8.209492443923292785e-15,4.393300533618000319e-10,2.241026206681370684e-21,1.300892249480327061e-11,3.302729281613340569e-33,5.964478125538407064e-24,5.114795866015939137e-10,8.407187887083452261e-05
2.600000000000000089e-01,2.700616207104317157e-01,4.045322521731540579e-05,1.605656569018158521e-06,1.221663057503001219e-07,6.879210798772703820e-06,2.699172983603045362e-01,8.863727413600360223e-15,1.001718328593964161e-14,2.862109382939706692e-12,3.243254648449903394e-11,2.328253339048366430e-15,4.851829886116631640e-15,7.755845575222785211e-14,8.057079467104042372e-15,4.742554244243432606e-10,2.179162517597683271e-21,1.257986424414172849e-11,3.153388062837027591e-33,5.450872752481671715e-24,4.976942901675657480e-10,9.526107130045548407e-05
2.605000000000000093e-01,3.047272888039482819e-01,4.560831694037104371e-05,1.701289984906317635e-06,1.188011618147580352e-07,6.976327582329581279e-06,3.045653937099098152e-01,1.123120296187832142e-14,1.025692653818047954e-14,3.151551574799230922e-12,3.221146165309337750e-11,2.113077316205128313e-15,4.463095669244275470e-15,8.300630771365472479e-14,8.176759954745223147e-15,5.110313716481343590e-10,2.117547852510305487e-21,1.221107501522830869e-11,3.018950518864558387e-33,4.953081232188451048e-24,4.839827673685057769e-10,1.074893156616553436e-04
2.610000000000000098e-01,3.424873930409030320e-01,5.125371594378040803e-05,1.799600051466166668e-06,1.154420563249493807e-07,7.190063350778166018e-06,3.423062240825637259e-01,1.404802121225215412e-14,1.052953286539222639e-14,3.580724012094286496e-12,3.188062117183752513e-11,1.922979087466337044e-15,4.077516340201495496e-15,8.850042794601460079e-14,8.553867064170229588e-15,5.497739716355570925e-10,2.056135919894009063e-21,1.191863821341018581e-11,2.919010306794289257e-33,4.513193417225643391e-24,4.702966798178056282e-10,1.208090693586576128e-04
2.615000000000000102e-01,3.834889981251850544e-01,5.741764069671689483e-05,1.900719890806833201e-06,1.120837096332009781e-07,7.418499348193920530e-06,3.832868758438361945e-01,1.724113270183635033e-14,1.080662800458000790e-14,4.163271807622871746e-12,3.138608851221172711e-11,1.769131245931926143e-15,3.732966165625682161e-15,9.466343700475013259e-14,9.107385691454440849e-15,5.905737585575427587e-10,1.994969498713376688e-21,1.170369673468656086e-11,2.865684362525119212e-33,4.156895231569896551e-24,4.566149009293538054e-10,1.352722431244410186e-04
2.620000000000000107e-01,4.278767967475077261e-01,6.411603832608001518e-05,2.004557889269565976e-06,1.087290376679373024e-07,7.543751219451717441e-06,4.276520926264438249e-01,2.070009141956225361e-14,1.105819224131173322e-14,4.869370399480683359e-12,3.071548864423251877e-11,1.653348400060872676e-15,3.454468748535180881e-15,1.020507901849242569e-13,9.702077799058435022e-15,6.334783004592046065e-10,1.934173508926942975e-21,1.155144842885350643e-11,2.861249975956596916e-33,3.888310262790779676e-24,4.429494399643008421e-10,1.509299208787343830e-04
2.625000000000000111e-01,4.757923550987728789e-01,7.135340817962853102e-05,2.110788436870771636e-06,1.053880901709936506e-07,7.474908732734607233e-06,4.755434773722650443e-01,2.429126553709849623e-14,1.125514917313878764e-14,5.632657647037141039e-12,2.990260080795746809e-11,1.568787162200035952e-15,3.247275136532360210e-15,1.109344094054567040e-13,1.017777808275538054e-14,6.784900679414587881e-10,1.873925330719952045e-21,1.143359935120127274e-11,2.898876989648177277e-33,3.691623146728841222e-24,4.293410754828293245e-10,1.678320781070723254e-04
2.630000000000000115e-01,5.273733675403070587e-01,7.912791508408874807e-05,2.218925233078680464e-06,1.020749191230829563e-07,7.184494508306440825e-06,5.270987056380369573e-01,2.788126124277864297e-14,1.137231678999976882e-14,6.372038876902572495e-12,2.902171141295383210e-11,1.502937886129759561e-15,3.097558085632450434e-15,1.211722196385323786e-13,1.038794009766114783e-14,7.255806547303074937e-10,1.814410237630469560e-21,1.131393445285462188e-11,2.965770397760851034e-33,3.537978051527683128e-24,4.158466206256068345e-10,1.860273042151131288e-04
2.635000000000000120e-01,5.827529088577051430e-01,8.743919282381496720e-05,2.328452362901665739e-06,9.880349471842272696e-08,6.724116812391481818e-06,5.824507545380313012e-01,3.136675119831701349e-14,1.139215546397455196e-14,7.021538769299784588e-12,2.817268188995339240e-11,1.441689739596899779e-15,2.979566645813623476e-15,1.322188346208117335e-13,1.023644701473980908e-14,7.747160868138269871e-10,1.755775025019311915e-21,1.115596450458480387e-11,3.047443741340218884e-33,3.394846123027714071e-24,4.025223700877506615e-10,2.055625304017011379e-04
2.640000000000000124e-01,6.420586657236346806e-01,9.629606326455906551e-05,2.438966263218022024e-06,9.558403754323578550e-08,6.211778375222408388e-06,6.417271393100273391e-01,3.470513725655111850e-14,1.130924300629877526e-14,7.557554847965358458e-12,2.745981347959170006e-11,1.373174558087992616e-15,2.865914305859408021e-15,1.432850006353274491e-13,9.702510182084926168e-15,8.258834990443742906e-10,1.698094347867226339e-21,1.093108714609175134e-11,3.131761687027704587e-33,3.234880939933673253e-24,3.894092883407672948e-10,2.264827602224489750e-04
2.645000000000000129e-01,7.054121299847300186e-01,1.057211874270861122e-04,2.550276928171129577e-06,9.242091162160727693e-08,5.793446449185141625e-06,7.050491405546958079e-01,3.793872165835410188e-14,1.113472169569619983e-14,8.012798487909672792e-12,2.696907413540618360e-11,1.290428910338612376e-15,2.737025403421390981e-15,1.535996510109395851e-13,8.847736346388046067e-15,8.791087128394138982e-10,1.641360831904077020e-21,1.062548494903393312e-11,3.211739568113308931e-33,3.042050067007993181e-24,3.765245750586142446e-10,2.488307968617699435e-04
2.650000000000000133e-01,7.729277454922331980e-01,1.157505796977795741e-04,2.662431509296140473e-06,8.931261871257958704e-08,5.591362299292920176e-06,7.725310035015668930e-01,4.120507385395353472e-14,1.089939254520666827e-14,8.470269942784577820e-12,2.674874289247904066e-11,1.192450767993100327e-15,2.586668694095508378e-15,1.626878561526003017e-13,7.805363201881741410e-15,9.344576319785964691e-10,1.585502392491673526e-21,1.024414518590255649e-11,3.286651681063359197e-33,2.814067043196987678e-24,3.638617764725350047e-10,2.726469605323839692e-04
2.655000000000000138e-01,8.447120146833905219e-01,1.264276930595926540e-04,2.775652458877427532e-06,8.625368006955791206e-08,5.657411248995280198e-06,8.442790974918066293e-01,4.472831952106391651e-14,1.065393837009987612e-14,9.037614049148110006e-12,2.679789436619566801e-11,1.083737377969725070e-15,2.422378993748537170e-15,1.705661834405310407e-13,6.756848716273389893e-15,9.920206489131597968e-10,1.530420848670031497e-21,9.810919054554141635e-12,3.361537663759939653e-33,2.561323004941231299e-24,3.513985406386012755e-10,2.979687918342842487e-04
2.660000000000000142e-01,9.208625860061218082e-01,1.377938096820404768e-04,2.890214460141502171e-06,8.323756446626829173e-08,5.949219147926046550e-06,9.203910373461251515e-01,4.878978514600281224e-14,1.046506683562185673e-14,9.809711447978166453e-12,2.706550975522332983e-11,9.727174737243957626e-16,2.261530172809908600e-15,1.777799855129152878e-13,5.903465568258030712e-15,1.051885980766456720e-09,1.476038248565588742e-21,9.364353135774334808e-12,3.445541975608718463e-33,2.303269524373731442e-24,3.391085674086352738e-10,3.248307416619379377e-04
2.665000000000000147e-01,1.001467353068049126e+00,1.498779954556346723e-04,3.006307124407642574e-06,8.025953860162666774e-08,6.339326467354486674e-06,1.000954783837139761e+00,5.368093529734479222e-14,1.040713307352583610e-14,1.083253998812721394e-11,2.746070385181464575e-11,8.695955153978988658e-16,2.125110433716405228e-15,1.852585689939113914e-13,5.439564675516974796e-15,1.114112343648734703e-09,1.422334336341326984e-21,8.949961003399517372e-12,3.549634007530371140e-33,2.063445813520768464e-24,3.269731665091894195e-10,3.532638537368545766e-04
2.670000000000000151e-01,1.086603597108892982e+00,1.626902850854477101e-04,3.123934935100460705e-06,7.731845766885152791e-08,6.656158329369320593e-06,1.086047752419493140e+00,5.964574047505140640e-14,1.054983997284486935e-14,1.208201231160049425e-11,2.787209350004111976e-11,7.840725683144017263e-16,2.031513864030849121e-15,1.940270860269624471e-13,5.530565990644957084e-15,1.178711775024853783e-09,1.369361653454975045e-21,8.610453679436542049e-12,3.684202047168851574e-33,1.864222017458904966e-24,3.149884310688750854e-10,3.832954500544952670e-04
2.675000000000000155e-01,1.176337195184838480e+00,1.762208235358577162e-04,3.242890480977986031e-06,7.441699751417763891e-08,6.743658083441201679e-06,1.175735962965795078e+00,6.682252721536180917e-14,1.094366522791324189e-14,1.346702599156922205e-11,2.819224068867257197e-11,7.233044256367516915e-16,1.992045173284397706e-15,2.048663979824469176e-13,6.294550100482777824e-15,1.245649485547845252e-09,1.317232937961083538e-21,8.376011024043224820e-12,3.856904497352372823e-33,1.722091164990592353e-24,3.031660198179930215e-10,4.149488308031865536e-04
2.680000000000000160e-01,1.270721900100366009e+00,1.904456622077667816e-04,3.362807860938347275e-06,7.156045050644845510e-08,6.518794610554263516e-06,1.270073256619105528e+00,7.519639798146237701e-14,1.160548713263607860e-14,1.485763153680646808e-11,2.834185342901006377e-11,6.903828820794107840e-16,2.008822775607830801e-15,2.180349035694803414e-13,7.783901210270092473e-15,1.314860866427367741e-09,1.266085783181576327e-21,8.256799585317666799e-12,4.071080664063306505e-33,1.644169913808547343e-24,2.915280806192263761e-10,4.482429979702272447e-04
2.684999999999999609e-01,1.369798680243148326e+00,2.053374836645163043e-04,3.483271928465565718e-06,6.875472253736868005e-08,6.005769727918260941e-06,1.369100590837182274e+00,8.457237779672095831e-14,1.250731309744131342e-14,1.612988049785848656e-11,2.828832053673880348e-11,6.835928814332687618e-16,2.074898166072516538e-15,2.331500365403715272e-13,9.964358077947497930e-15,1.386278867465775883e-09,1.216038033285742071e-21,8.239565413086620876e-12,4.324984790797046443e-33,1.626490669327351530e-24,2.800989505481056118e-10,4.831924065439456616e-04
2.690000000000000169e-01,1.473595094586673371e+00,2.208775895774563744e-04,3.603938201346089512e-06,6.600439362877689191e-08,5.333168579023126200e-06,1.472845405362487980e+00,9.457687916610425576e-14,1.357098614444412045e-14,1.721201173302484916e-11,2.805425523868196085e-11,6.966553472834925034e-16,2.176009974274442458e-15,2.492760519369727178e-13,1.269306806158329801e-14,1.459860672866197210e-09,1.167150828855664290e-21,8.289307124483656235e-12,4.612058440437523371e-33,1.654567348381023037e-24,2.688971792730079918e-10,5.198067407473708212e-04
2.694999999999999618e-01,1.582124675274394487e+00,2.370647874806589071e-04,3.724615948254473819e-06,6.331157960739337645e-08,4.693162331049045812e-06,1.581321036841491834e+00,1.046914111528049432e-13,1.467125329754213712e-14,1.811495322969719834e-11,2.771383001187473796e-11,7.200425961037470493e-16,2.293443536092635269e-15,2.651956586811113232e-13,1.570309602003086008e-14,1.535602698828454569e-09,1.119413208917128663e-21,8.355929859980940837e-12,4.922325468850512234e-33,1.706432762165610748e-24,2.579309000450904786e-10,5.580907074415781014e-04
2.700000000000000178e-01,1.695386299016254483e+00,2.539176883062735650e-04,3.845283763263714309e-06,6.067593695652746659e-08,4.275700930901665067e-06,1.694526153914699629e+00,1.143181911414035221e-13,1.564865109687953268e-14,1.893467462111351045e-11,2.737737434575083922e-11,7.432185290501416991e-16,2.407688396930723827e-15,2.797798329122931510e-13,1.860646317886058670e-14,1.613537437636366311e-09,1.072753874568365870e-21,8.384637479053834732e-12,5.244748173908415214e-33,1.757804603559992451e-24,2.471979436770183720e-10,5.980438367537629918e-04
2.704999999999999627e-01,1.813363546410935667e+00,2.714691449506414275e-04,3.966035657393721963e-06,5.809566540325521588e-08,4.200371004182659168e-06,1.812444190495414720e+00,1.228727681456074834e-13,1.633232532367369618e-14,1.982345968351354344e-11,2.716740109943927874e-11,7.573533547544660154e-16,2.502638704018108986e-15,2.923352241298933529e-13,2.092831327328522827e-14,1.693712825506209107e-09,1.027075344660405312e-21,8.327904796177621847e-12,5.570068897106271902e-33,1.788341010027814601e-24,2.366900851280590905e-10,6.396602820661319647e-04
2.710000000000000187e-01,1.936024069181902396e+00,2.897543757374540941e-04,4.086984343671205488e-06,5.556898233659833370e-08,4.470473980631257941e-06,1.935042771102335468e+00,1.298940962372612739e-13,1.657119793801379135e-14,2.093846106716146066e-11,2.719131513415241836e-11,7.578069240780802922e-16,2.569801308946156603e-15,3.028149257839444360e-13,2.217957153625575507e-14,1.776161784171733906e-09,9.822973089626492183e-22,8.156410063888567267e-12,5.893397560273536354e-33,1.787359165945991736e-24,2.263992460368123346e-10,6.829286172004404593e-04
2.714999999999999636e-01,2.063319001663870278e+00,3.087967173347641960e-04,4.208165145435440883e-06,5.309540991892538612e-08,4.966873521515870825e-06,2.062273143040985524e+00,1.351578849866311906e-13,1.626993282686244220e-14,2.238485946828002923e-11,2.751702874685378423e-11,7.456021098611295587e-16,2.611493742445846944e-15,3.118245607989913586e-13,2.196489462258457437e-14,1.860873601523622761e-09,9.383927378676773920e-22,7.866429140981607987e-12,6.215733698918074890e-33,1.757224664158780102e-24,2.163229245867065847e-10,7.278316360196991110e-04
2.720000000000000195e-01,2.195182458464283393e+00,3.285960315532811564e-04,4.329482049142123879e-06,5.067635973319600914e-08,5.485470165631078847e-06,2.194069648423508934e+00,1.387749348297017930e-13,1.542416770461080951e-14,2.417409003730452856e-11,2.815727315483437049e-11,7.273081498940176388e-16,2.641693941340017330e-15,3.204258486636129359e-13,2.010941658888106225e-14,1.947778269322527514e-09,8.954034044799870132e-22,7.481892710514804992e-12,6.543822329853712025e-33,1.713077645167171345e-24,2.064667110603553176e-10,7.743461660899061266e-04
2.724999999999999645e-01,2.331531152411444818e+00,3.491240844952749533e-04,4.450717932067377920e-06,4.831483766607769604e-08,5.806528364941703480e-06,2.330349277558326992e+00,1.412533932548848639e-13,1.414786544756819832e-14,2.621338292991098382e-11,2.906657127521161782e-11,7.132069837918101778e-16,2.683434854560688307e-15,3.298093048205486368e-13,1.677588047719322252e-14,2.036749999107367091e-09,8.534295825426995873e-22,7.050445151047363470e-12,6.888218108379161895e-33,1.678605588833655718e-24,1.968431341835465977e-10,8.224429110593362057e-04
2.730000000000000204e-01,2.472264147815979030e+00,3.703288965307792576e-04,4.571602375252959852e-06,4.601446949520350395e-08,5.772139453276017588e-06,2.471011340447700544e+00,1.435036888543194339e-13,1.268491500739475486e-14,2.833239795058544066e-11,3.015196981006117903e-11,7.141894874713540630e-16,2.762580746707438035e-15,3.409514820527985987e-13,1.253750719835155542e-14,2.127628832568400747e-09,8.125985446342162347e-22,6.634168829806740806e-12,7.260031201939195973e-33,1.678893647105042432e-24,1.874676406923951582e-10,8.720863347212023595e-04
2.734999999999999654e-01,2.617262740010785738e+00,3.921469022456230578e-04,4.691904995608227612e-06,4.377830868493358753e-08,5.344334875128252860e-06,2.615937276029608238e+00,1.467686775736339971e-13,1.139781969599119066e-14,3.033950751034050609e-11,3.129533855897020201e-11,7.383139969625069900e-16,2.899254280170992252e-15,3.543740869032807922e-13,8.374450853978951372e-15,2.220252430817619986e-09,7.730242459397416989e-22,6.296849665903878493e-12,7.667332724385010885e-33,1.732500214322961830e-24,1.783535964256499192e-10,9.232345936898881484e-04
2.740000000000000213e-01,2.766390431471631217e+00,4.145188792966041742e-04,4.811510830565948574e-06,4.160793667354167098e-08,4.622412655722940767e-06,2.764990594988595340e+00,1.524702712615431738e-13,1.072883956601784385e-14,3.208901457391908155e-11,3.238210272018692710e-11,7.881546534723929923e-16,3.099531826787995609e-15,3.700812959374573840e-13,5.573659270936796843e-15,2.314486424500037185e-09,7.347733271466670979e-22,6.090476434926767209e-12,8.112397288035393465e-33,1.845353480986544130e-24,1.695084174315600315e-10,9.758395172171779874e-04
2.744999999999999662e-01,2.919492965032407295e+00,4.374040686539331941e-04,4.930441954359485637e-06,3.950320180300305066e-08,3.812022403726030631e-06,2.918016929726711339e+00,1.619776111284203098e-13,1.113336442539584875e-14,3.353554112917662085e-11,3.332942718098735872e-11,8.598654462280333191e-16,3.350600869442367928e-15,3.876823936279270324e-13,5.531473088116519811e-15,2.410242502612554129e-09,6.978494528013216330e-22,6.043891070182077458e-12,8.590745404098872916e-33,2.008599442244056487e-24,1.609322863446610825e-10,1.029846624828130268e-03
2.750000000000000222e-01,3.076398379625520541e+00,4.607873326757102673e-04,5.048813066840568830e-06,3.746265243216432691e-08,3.155639250037693163e-06,3.074844152474144998e+00,1.763194688274203958e-13,1.299118041849238005e-14,3.475518424225784975e-11,3.410665898040554150e-11,9.443310878927678344e-16,3.621907086621282168e-15,4.066350559717999806e-13,9.481258191448927739e-15,2.507478267982670739e-09,6.622004887071755326e-22,6.156077991039306525e-12,9.092366220939455222e-33,2.201254244925202201e-24,1.526197308361695047e-10,1.085195168005309704e-03
2.754999999999999671e-01,3.236917072264775541e+00,4.846765060679180054e-04,5.166738297681598437e-06,3.548443317846780152e-08,2.848149063096739301e-06,3.235282524375641788e+00,1.958823188992528821e-13,1.650775805449424333e-14,3.592402441009843453e-11,3.474243245207570758e-11,1.030056092161872060e-15,3.872932709162414222e-15,4.264975450115150031e-13,1.818963859794451379e-14,2.606179754049444608e-09,6.277442328385510249e-22,6.395586648055702579e-12,9.604748941837872568e-33,2.396856935679250733e-24,1.445631671396978183e-10,1.141818182805305355e-03
2.760000000000000231e-01,3.400841875433074701e+00,5.090905211156484828e-04,5.284229241091817349e-06,3.356724757677821283e-08,2.967195517951697722e-06,3.399124854450894073e+00,2.201515477792942125e-13,2.162344246739445291e-14,3.725955391501635263e-11,3.531598961566223740e-11,1.106823510058181318e-15,4.065734260120898379e-15,4.470747361574259284e-13,3.167966746623603732e-14,2.706333617586693632e-09,5.944018124468433141e-22,6.706245872416607982e-12,1.011670612825331267e-32,2.571892244458834617e-24,1.367568197852637588e-10,1.199642545960176053e-03
2.764999999999999680e-01,3.567948182634004262e+00,5.340422301022796584e-04,5.401130249702126555e-06,3.171100192963321355e-08,3.443366171703915014e-06,3.566146672140911633e+00,2.475621210455065436e-13,2.795200655655657345e-14,3.894429443548009077e-11,3.593429131308770769e-11,1.168872902658830901e-15,4.178202790423665068e-15,4.683865025496713344e-13,4.904418405004577383e-14,2.807899053764155997e-09,5.621258669889408133e-22,7.017957591509432819e-12,1.062168202902904612e-32,2.713104981502205266e-24,1.291994512751470809e-10,1.258589035773893458e-03
2.770000000000000240e-01,3.737994167986232075e+00,5.595218908536210133e-04,5.517123175519043979e-06,2.991691145190906160e-08,4.081630831145372610e-06,3.736106441898026986e+00,2.755226680345215838e-13,3.477010099307584650e-14,4.105823372208326317e-11,3.670043534872258193e-11,1.216517753659136738e-15,4.213164054580533539e-15,4.904631161880107031e-13,6.840631662667721476e-14,2.910788450388166867e-09,5.309137264346005886e-22,7.260269903358730591e-12,1.111942213580788673e-32,2.821221089158760537e-24,1.218949871468879884e-10,1.318572407857206835e-03
2.774999999999999689e-01,3.910721143211640438e+00,5.854872436331041291e-04,5.631805328651319072e-06,2.818708680753823002e-08,4.627419575898798850e-06,3.908745863835518808e+00,3.006606684994776538e-13,4.107480325450363865e-14,4.354475702400896759e-11,3.768173167817318578e-11,1.255686984159966722e-15,4.199442188690090016e-15,5.130534283111539876e-13,8.706720773217252080e-14,3.014861455119503236e-09,5.008024144054007723e-22,7.375880803013391434e-12,1.161547328391163341e-32,2.909890058056986403e-24,1.148510659605393272e-10,1.379501501235268776e-03
2.780000000000000249e-01,4.085854077498609627e+00,6.118639372532884684e-04,5.744813030227928601e-06,2.652382190616719158e-08,4.854735182644078149e-06,4.083790304777387803e+00,3.193057568840092548e-13,4.571751708185649140e-14,4.622377566995196784e-11,3.888667003153561254e-11,1.295621809940764837e-15,4.183677740689903616e-15,5.353864167090850732e-13,1.018555445386713610e-13,3.119931559469384648e-09,4.718496125818970202e-22,7.331342437397114902e-12,1.211876425825508503e-32,3.000381874070251710e-24,1.080763583534280202e-10,1.441279390476893829e-03
2.784999999999999698e-01,4.263102278270667789e+00,6.385564785372186162e-04,5.855941951168510795e-06,2.492889292381640094e-08,4.645509873443552570e-06,4.260949388392807791e+00,3.281853508130449114e-13,4.760951886454797876e-14,4.884935950318228649e-11,4.025852248418528435e-11,1.345605706505999141e-15,4.215111117784132088e-15,5.561315257191422074e-13,1.096620605291037811e-13,3.225779985745239104e-09,4.441097973466492637e-22,7.122987468586242147e-12,1.263818983839879620e-32,3.114059497829182488e-24,1.015778640760257381e-10,1.503803593968906999e-03
2.790000000000000258e-01,4.442160203205850699e+00,6.654661332490067463e-04,5.965213745811163924e-06,2.340313092920143924e-08,4.032092260682866304e-06,4.439917746496146123e+00,3.252569509980982463e-13,4.597894842748303998e-14,5.119308118201620298e-11,4.168958131539335390e-11,1.411910730431935234e-15,4.328407683382376899e-15,5.736508863598506667e-13,1.081077670934936843e-13,3.332170371224408331e-09,4.176157754254796308e-22,6.777289601701448183e-12,1.317943553456219791e-32,3.265350589489390542e-24,9.535921737613270002e-11,1.566966339069959975e-03
2.794999999999999707e-01,4.622708355560980920e+00,6.925096414882182371e-04,6.072857746780366956e-06,2.194638353714685979e-08,3.187474709531712256e-06,4.620375905133974115e+00,3.105521136129795237e-13,4.064319803255263812e-14,5.312431743546005437e-11,4.305475139656241073e-11,1.496002915015605562e-15,4.530718943053892553e-15,5.865397988032768815e-13,9.626043519973389078e-14,3.438859769997996426e-09,3.923727225723816078e-22,6.346187427677560793e-12,1.374312798159398767e-32,3.457618360015393834e-24,8.942045807856792092e-11,1.630654874834138986e-03
2.800000000000000266e-01,4.804414212490927483e+00,7.196321770927441124e-04,6.179209490892469036e-06,2.055780968586209209e-08,2.366209844237421668e-06,4.801991258785682781e+00,2.868675234863583868e-13,3.224719682791900037e-14,5.465875959944230236e-11,4.425757115390095738e-11,1.594533064928620255e-15,4.797974446389760052e-15,5.943401748518762770e-13,7.528354480957883002e-14,3.545605536557336439e-09,3.683661366840674197e-22,5.898989734380692963e-12,1.432485241719020294e-32,3.683142639786233521e-24,8.375905787591090350e-11,1.694751815832164395e-03
2.804999999999999716e-01,4.986933150582866681e+00,7.468098837209227996e-04,6.284561542027135101e-06,1.923633187534318118e-08,1.816420918946257937e-06,4.984419081143244057e+00,2.601186356079425162e-13,2.240999503717818163e-14,5.595672397903778499e-11,4.527712640656776852e-11,1.700960137172211046e-15,5.082207999932326550e-15,5.982216571206734263e-13,4.888042286665030439e-14,3.652171430352184320e-09,3.455793121477355640e-22,5.513036645235998451e-12,1.491686814332572164e-32,3.926859038904695903e-24,7.837153055451755936e-11,1.759135498882413457e-03
2.810000000000000275e-01,5.169909359301018803e+00,7.740409283657427152e-04,6.389022781656976219e-06,1.798104532309241793e-08,1.693647454841951971e-06,5.167303533441240049e+00,2.391800520577239311e-13,1.372219038427486462e-14,5.727015570510417849e-11,4.620205631924027337e-11,1.808079468772081286e-15,5.327682792367268351e-15,6.013888127067006880e-13,2.338976724711356538e-14,3.758337587298419731e-09,3.240123115315891264e-22,5.265148002071603256e-12,1.551075477977471604e-32,4.172180787328203738e-24,7.325487033074136878e-11,1.823680338917542517e-03
2.814999999999999725e-01,5.352976762146236744e+00,8.013280687024183432e-04,6.492441306241629277e-06,1.679144862076349930e-08,2.006755981555606058e-06,5.350278656865054216e+00,2.350808928342786037e-13,9.547451428946554259e-15,5.885549114299314117e-11,4.723882699639791727e-11,1.910469902834268447e-15,5.490228996065509946e-15,6.090067524552467323e-13,7.404181432320562230e-15,3.863916799949297804e-09,3.036941650760614561e-22,5.225081312789551723e-12,1.609995765746903301e-32,4.406633506821749203e-24,6.840732916638270361e-11,1.888257179232108495e-03
2.820000000000000284e-01,5.535759986738918670e+00,8.286587922383783274e-04,6.594423136851462068e-06,1.566747042449963556e-08,2.614921547485093723e-06,5.532969365144190910e+00,2.595057317912504993e-13,1.360402586749813183e-14,6.088224557934659711e-11,4.868589478670057457e-11,2.006008087748674181e-15,5.552868757088392564e-15,6.275374452111369114e-13,1.082715477513698565e-14,3.968774541452560688e-09,2.846829240290051626e-22,5.450992782172974196e-12,1.668134705159272126e-32,4.625342008758063700e-24,6.382847623237519657e-11,1.952733641795755329e-03
2.824999999999999734e-01,5.717875430940564385e+00,8.559900428774156432e-04,6.694442726648413884e-06,1.460936170845830208e-08,3.276716821055188681e-06,5.714992476383705444e+00,3.226696266213418179e-13,2.933652556618541286e-14,6.336959597508613039e-11,5.087273475429220605e-11,2.096040613696834053e-15,5.532050018413034739e-15,6.635210147681756502e-13,4.335990256329820488e-14,4.072844646959923069e-09,2.670527902617257742e-22,5.985663028523788493e-12,1.725537276832537875e-32,4.831426341119105035e-24,5.951883988738387765e-11,2.016974491414720919e-03
2.830000000000000293e-01,5.898932460157118918e+00,8.832430308548038737e-04,6.792005804229986202e-06,1.361755903134052176e-08,3.734016801729224657e-06,5.895957831095745227e+00,4.307801632747845480e-13,5.913232747352915724e-14,6.617417606322552061e-11,5.407165868620213453e-11,2.184354445897233112e-15,5.472213087819859102e-15,7.219847023181735720e-13,1.125163543395154057e-13,4.176129488566618974e-09,2.508719372391370747e-22,6.851502581115943944e-12,1.782497130186063896e-32,5.033629781216896716e-24,5.547954175659712152e-11,2.080842030315671696e-03
2.834999999999999742e-01,6.078534744978988158e+00,9.103101330059724505e-04,6.886804351771857159e-06,1.269259276202480227e-08,3.801250247865645620e-06,6.075469533095113839e+00,5.834537239679201586e-13,1.034861593093102025e-13,6.903472492940498164e-11,5.839904841658692930e-11,2.275515459166792860e-15,5.430691290157621175e-15,8.047805666079201358e-13,2.213939196683921376e-13,4.278675179746367387e-09,2.361773061012912865e-22,8.042515519597156119e-12,1.839382870408700637e-32,5.242489981158732251e-24,5.171216932484976916e-11,2.144196536091384081e-03
2.840000000000000302e-01,6.256281717168666212e+00,9.370716503345178326e-04,6.978805751806181607e-06,1.183504377546561838e-08,3.428807337146007236e-06,6.253127324747281612e+00,7.715936712497190552e-13,1.602639391720878680e-13,7.165920116037807989e-11,6.372906233261763228e-11,2.373294625263833258e-15,5.458464607424420333e-15,9.092149935002572651e-13,3.665627914671116674e-13,4.380519377777013951e-09,2.229530520169249054e-22,9.512688630597956048e-12,1.896475307394957633e-32,5.466709765077363600e-24,4.821882407331135909e-11,2.206896747062741387e-03
2.844999999999999751e-01,6.431770096430225792e+00,9.634166986719247105e-04,7.068242632690122635e-06,1.104549062708970997e-08,2.718705491511217867e-06,6.428528076665878999e+00,9.763352664533527728e-13,2.242536042263879196e-13,7.382459273354193000e-11,6.964525670411905426e-11,2.479742501555404425e-15,5.583701115163400890e-15,1.027328669561909139e-12,5.365529874938755906e-13,4.481619884393707923e-09,2.111179228511633204e-22,1.116258039766485955e-11,1.953873791566347360e-32,5.711019177513115017e-24,4.500202956361507299e-11,2.268800388032734920e-03
2.849999999999999756e-01,6.604595429236748139e+00,9.892610125447878679e-04,7.155507273139476630e-06,1.032437729518114337e-08,1.887552418487987243e-06,6.601267345329218550e+00,1.169683218639818533e-12,2.872059356315522978e-13,7.545451598391881199e-11,7.545276526425999305e-11,2.595108562001598805e-15,5.803819367641504512e-15,1.146121166419813873e-12,7.114860361485094266e-13,4.581782850509217711e-09,2.005247957820673513e-22,1.282872699800658630e-11,2.011491212733656136e-32,5.975983128136670121e-24,4.206415707412504112e-11,2.329764720010707967e-03
2.854999999999999760e-01,6.774353588083659616e+00,1.014555487282543193e-03,7.240990172242033026e-06,9.671780503102598995e-09,1.190360718527485411e-06,6.770940939585637253e+00,1.317381147327875875e-12,3.385515160991251675e-13,7.664685518512611207e-11,8.026550515964374594e-11,2.718413775271845847e-15,6.088496083435001871e-15,1.248906389870625835e-12,8.643855363836425829e-13,4.680615666088311127e-09,1.909739476672664080e-22,1.428304586906672016e-11,2.069116532482733922e-32,6.259316041412870635e-24,3.940626863001684706e-11,2.389647093073649867e-03
2.859999999999999765e-01,6.940642202357323320e+00,1.039282513655585393e-03,7.324922827655230660e-06,9.087140528333213071e-09,8.322903738566208043e-07,6.937146443065000057e+00,1.384332868918792363e-12,3.669217651629101971e-13,7.764083996609621554e-11,8.317018077657655513e-11,2.848246261885999549e-15,6.391950087250299931e-15,1.317851752739530387e-12,9.645798102379164978e-13,4.777528185719603524e-09,1.822408137516466692e-22,1.525069275359429352e-11,2.126499059092880411e-32,6.557715567601372565e-24,3.702667825701146126e-11,2.448305483665732911e-03
2.864999999999999769e-01,7.103062022537597997e+00,1.063441437803329436e-03,7.407282228341852877e-06,8.569091364621193889e-09,8.992026059437749409e-07,7.099484661951920295e+00,1.342531252557844251e-12,3.624970033137570289e-13,7.873416990727254840e-11,8.345344145487006575e-11,2.983350038704282399e-15,6.669550468792520185e-15,1.337605710701314480e-12,9.833622874941068128e-13,4.871795762189141558e-09,1.741185514379226127e-22,1.545383849571940319e-11,2.183409278454062449e-32,6.868226811157098731e-24,3.491987886439925655e-11,2.505599005556292252e-03
2.869999999999999774e-01,7.261218247014935123e+00,1.087028295190219356e-03,7.487790384899172451e-06,8.115537229580997186e-09,1.330795719303167982e-06,7.257560998448335354e+00,1.180949200497097051e-12,3.200531839060954283e-13,8.017859734782143342e-11,8.086285550622548049e-11,3.122786093638765602e-15,6.892550043347256278e-15,1.299755015078585366e-12,9.016986473856026900e-13,4.962680582424830096e-09,1.664746227866025966e-22,1.468490387959530736e-11,2.239653600010183833e-32,7.188628480363343403e-24,3.307656322400413232e-11,2.561388394571932799e-03
2.874999999999999778e-01,7.414721855793986904e+00,1.110016970940054613e-03,7.566006052847624597e-06,7.724051592135242952e-09,1.944754875311295086e-06,7.410986778605815672e+00,9.162428217702581083e-13,2.423898795336469520e-13,8.209038956659631724e-11,7.585902120178223889e-11,3.265736445716863484e-15,7.055911496750317116e-15,1.207666627827204493e-12,7.192827312903177869e-13,5.049588584532015472e-09,1.593178107184172459e-22,1.290581877026306271e-11,2.295051342922379507e-32,7.517001186540267201e-24,3.148518292035649543e-11,2.615536477224789970e-03
2.879999999999999782e-01,7.563190992606914520e+00,1.132348423400382064e-03,7.641471733425339580e-06,7.392541544917933704e-09,2.502354806063365397e-06,7.559380578996266919e+00,6.024733623989766084e-13,1.436136440057618968e-13,8.440732396956415001e-11,6.980747858814416339e-11,3.411237235633459147e-15,7.177178900977061625e-15,1.081053300620845104e-12,4.636895475550980216e-13,5.132223639784592623e-09,1.528672586368959881e-22,1.036051178228956395e-11,2.349404943342528906e-32,7.851132195859226155e-24,3.013490979530549230e-11,2.667908638930944695e-03
2.884999999999999787e-01,7.706252417523789866e+00,1.153931760845919655e-03,7.713859981998448927e-06,7.119978858007980282e-09,2.791716919440268199e-06,7.702369594358461136e+00,3.374686894655584709e-13,5.155190962002232675e-14,8.690784770150643341e-11,6.505675234474833408e-11,3.558154982893779578e-15,7.287864059919130041e-15,9.593643950726722760e-13,1.978240910443068572e-13,5.210694037874652608e-09,1.476090525300328785e-22,7.677574269594908663e-12,2.402497022810239606e-32,8.188474624795796092e-24,2.901921296116293160e-11,2.718373306690224922e-03
2.889999999999999791e-01,7.843543022868487924e+00,1.174656796146948332e-03,7.783065773527673048e-06,6.906915787374680969e-09,2.699383056796104129e-06,7.839591068787454375e+00,2.630446752811571258e-13,8.422350994506334690e-15,8.928630086036440325e-11,6.485359505169358143e-11,3.705550318979349253e-15,7.421438494017788130e-15,9.028786986325142835e-13,2.341648626817939687e-14,5.285531696491888735e-09,1.443203780339120976e-22,5.931097091242478087e-12,2.454129619363859082e-32,8.526988267324826721e-24,2.813882322013761354e-11,2.766802454191696035e-03
2.894999999999999796e-01,7.974711376344645331e+00,1.194413696483247016e-03,7.849214307192213454e-06,6.755526696596006940e-09,2.245769421722892317e-06,7.970693783224369611e+00,5.562440548712863941e-13,6.882904026995753351e-14,9.125829401900074012e-11,7.305826065842042087e-11,3.853299982505569477e-15,7.602773777416099903e-15,9.902295747093145452e-13,7.808736146500610202e-14,5.357601717403586761e-09,1.440387301169116040e-22,6.622737029282534973e-12,2.504191627645255168e-32,8.866560916901446233e-24,2.750284332510638103e-11,2.813072126788660962e-03
2.899999999999999800e-01,8.099419236720210691e+00,1.213112905586050507e-03,7.912586699613313249e-06,6.669051727235063908e-09,1.573397956937235435e-06,8.095339562531099986e+00,1.409191574481664593e-12,2.942531058303291378e-13,9.265947001675560069e-11,9.364094533080691906e-11,4.002622558335063186e-15,7.842615187382586834e-15,1.311119062517588529e-12,5.236385185597370808e-13,5.427905398718822453e-09,1.479561228387852328e-22,1.154987531421305730e-11,2.552716466758598829e-32,9.210192723229277668e-24,2.712722968007133642e-11,2.857062973385327692e-03
2.904999999999999805e-01,8.217342985495545093e+00,1.230698490015269368e-03,7.973496387958577551e-06,6.650724076259255532e-09,8.936202459744210573e-07,8.213204746694934499e+00,2.996274244449992648e-12,7.435061120224406292e-13,9.350287689233072078e-11,1.299650877138592781e-10,4.156109799172607616e-15,8.138114453123459263e-15,1.953286706452675777e-12,1.523854242947348080e-12,5.497307682465398910e-09,1.572268983237400608e-22,2.253558994263845048e-11,2.599887337147379804e-32,9.564028620555708366e-24,2.703067674923048033e-11,2.898660765663738960e-03
2.909999999999999809e-01,8.328174933133075442e+00,1.247150433321323306e-03,8.032165231729432292e-06,6.702463132269858997e-09,4.118072774405769366e-07,8.323981569214774723e+00,5.429277576925784588e-12,1.459167725180826641e-12,9.397441873079831983e-11,1.838945638998996904e-10,4.317049322002704386e-15,8.477796264248667285e-15,2.983497527394715485e-12,3.211360221933158700e-12,5.566243575403484955e-09,1.726924931072520894e-22,4.101745409128508822e-11,2.645966986197870542e-32,9.935750497574775013e-24,2.722879773099903930e-11,2.937756884552617052e-03
2.914999999999999813e-01,8.431624485223965237e+00,1.262475310374745752e-03,8.088644824200026741e-06,6.823734482866901783e-09,2.577284731477461954e-07,8.427379401856892827e+00,8.703941821742213389e-12,2.450871485986782613e-12,9.436739001136203520e-11,2.548018514192246508e-10,4.488165973449893501e-15,8.847751342084939657e-15,4.423482531055041947e-12,5.645085540030332549e-12,5.634471545602252874e-09,1.945462828675954286e-22,6.752394852699265268e-11,2.691165228191765051e-32,1.033162988775227085e-23,2.772810813501141543e-11,2.974248759534690867e-03
2.919999999999999818e-01,8.527419183057313390e+00,1.276688824818584308e-03,8.142807902250445899e-06,7.010966828289373514e-09,4.449664093569060047e-07,8.523125852895493182e+00,1.264517676434173722e-11,3.677449212351329831e-12,9.497840228825187990e-11,3.386064086681806549e-10,4.670249323952325500e-15,9.235941552659802778e-15,6.223439939508007140e-12,8.762667627698877186e-12,5.700941702030508049e-09,2.219848440397323052e-22,1.011080528860059110e-10,2.735493698748113788e-32,1.075332744188702875e-23,2.852147808640996120e-11,3.008040256245307978e-03
2.924999999999999822e-01,8.615305654521490553e+00,1.289796460809477336e-03,8.194406067177617661e-06,7.257776531448934006e-09,8.720862426149958374e-07,8.610967735794449851e+00,1.686282783316197882e-11,5.031382959634353137e-12,9.600062153459352504e-11,4.270414038589151076e-10,4.861297971690539864e-15,9.633074508721863241e-15,8.237862509959806327e-12,1.233572238613128511e-11,5.763831978051634869e-09,2.529173115145628667e-22,1.388543663106301442e-10,2.778674831165824270e-32,1.119590274510622901e-23,2.958639916575459377e-11,3.039042018346698772e-03
2.929999999999999827e-01,8.695050518021204766e+00,1.301779035487665628e-03,8.243165055361009773e-06,7.556032186891607923e-09,1.363160235892537242e-06,8.690671946641781886e+00,2.073524610799913692e-11,6.330695682147283974e-12,9.745141202733503415e-11,5.074372319116496783e-10,5.056690191736352765e-15,1.003068183775208680e-14,1.021100815337927986e-11,1.594017784322340322e-11,5.820778559931750186e-09,2.838312603621493192e-22,1.756246858314337104e-10,2.820159394461136841e-32,1.164821959304326262e-23,3.088676338802484356e-11,3.067171777198947173e-03
2.934999999999999831e-01,8.766441272310144583e+00,1.312588093664373515e-03,8.288877128628127866e-06,7.897569642215891237e-09,1.731650318838160555e-06,8.762026294316580532e+00,2.344368039174574274e-11,7.325249778890316839e-12,9.915988660231552645e-11,5.634251718905600415e-10,5.250503925128539861e-15,1.041868959913330748e-14,1.178212758074752051e-11,1.895864388966185865e-11,5.869291537077970362e-09,3.099415012098865861e-22,2.042524101721889416e-10,2.859266075905511772e-32,1.209604108166184848e-23,3.237812159483721389e-11,3.092354644849043370e-03
2.939999999999999836e-01,8.829287182710608306e+00,1.322152555030738650e-03,8.331455495472593354e-06,8.276211735141167344e-09,1.844317943997088265e-06,8.824840315803481161e+00,2.408625020419930960e-11,7.726286290838043000e-12,1.008196596921574372e-10,5.771037198402805532e-10,5.437605153565700699e-15,1.078505765734204105e-14,1.252339864297288720e-11,2.063675659308797648e-11,5.907308611355339730e-09,3.257770874250874983e-22,2.164334416571191143e-10,2.895403137621285506e-32,1.252694634993903644e-23,3.401579733915795772e-11,3.114523401777886252e-03
2.944999999999999840e-01,8.883420147253728416e+00,1.330394080565243647e-03,8.370934645513986339e-06,8.689691879467173371e-09,1.663064184972274922e-06,8.878946084831296659e+00,2.190541993940075577e-11,7.269755552256407115e-12,1.020904714984921505e-10,5.333676259524071313e-10,5.615721762565823093e-15,1.111882887555547273e-14,1.202614113338414490e-11,2.022017627411283733e-11,5.933804668801971822e-09,3.263905048647143765e-22,2.045860395058094763e-10,2.928289339673380682e-32,1.293527179491730456e-23,3.576487633316867762e-11,3.133618782290772432e-03
2.949999999999999845e-01,8.928695504283568951e+00,1.337245659968931211e-03,8.407424352032536651e-06,9.141116592563538469e-09,1.251545435557754220e-06,8.924198994030470899e+00,1.666681842355906446e-11,5.825356418796097429e-12,1.027169399176944429e-10,4.272622221598383681e-10,5.786615870884068625e-15,1.141577857959271402e-14,1.005301023794721060e-11,1.720291701474477215e-11,5.949349095015401831e-09,3.093986394959773036e-22,1.649611042516375793e-10,2.958079879356339261e-32,1.332503537020884709e-23,3.761091024748705143e-11,3.149589750561473164e-03
2.954999999999999849e-01,8.964992733487287424e+00,1.342666950135913261e-03,8.441043648282690567e-06,9.639684727580642838e-09,7.464900478633478288e-07,8.960478469103442478e+00,9.229207500725167373e-12,3.563984930023839790e-12,1.026288909810030717e-10,2.753719166341859815e-10,5.955742056109455993e-15,1.168389017503389557e-14,6.775176577898641055e-12,1.172034772647231095e-11,5.956491501306610397e-09,2.780830396069602290e-22,1.022758900990201112e-10,2.985331719214936344e-32,1.370943008890527263e-23,3.957000496501987129e-11,3.162393752681411443e-03
2.959999999999999853e-01,8.992216008137459582e+00,1.346651203635230998e-03,8.471866884071529270e-06,1.020045918867130770e-08,3.059871547267209715e-07,8.987688565668200624e+00,2.344650215739466099e-12,1.196253781994936563e-12,1.019967609583348167e-10,1.323528731602213285e-10,6.130351372497138861e-15,1.194517830902866066e-14,3.113665131971462059e-12,5.120896150530699693e-12,5.959864677542120797e-09,2.457811824350728756e-22,3.611785798127600893e-11,3.010803007181577381e-32,1.410678794400613280e-23,4.169666030604326194e-11,3.171996927300906911e-03
2.964999999999999858e-01,9.010294575194128797e+00,1.349221693911399319e-03,8.499905348848105346e-06,1.084303255506550468e-08,5.427857559630645615e-08,9.005758407974500557e+00,1.723756122863836060e-12,2.936499334251478345e-13,1.012341365741352375e-10,1.137415701738381332e-10,6.316652150386418198e-15,1.223146126534626885e-14,1.202713865595474884e-12,7.485778284590312080e-13,5.965924027957607909e-09,2.417845975147894918e-22,9.322111831447750082e-12,3.035150271564979382e-32,1.453441444187119205e-23,4.408728063712627016e-11,3.178374260463143978e-03
2.969999999999999862e-01,9.019182965100609906e+00,1.350419244753546912e-03,8.525129434063968522e-06,1.158895575045267496e-08,4.247124069522434807e-08,9.014642450302623899e+00,1.739269127471899871e-11,3.701549166947858030e-12,1.009609331228111002e-10,4.260771359790222261e-10,6.517095567655230218e-15,1.257423559999599080e-14,4.989919412464722313e-12,4.963395217256005489e-12,5.982295628049412662e-09,3.189185162884768458e-22,9.846688212417536494e-11,3.058635920093017349e-32,1.500274992780113541e-23,4.687687361744119573e-11,3.181509677858451561e-03
2.974999999999999867e-01,9.018861056024901401e+00,1.350285491020828278e-03,8.547516466164829351e-06,1.245786117966730353e-08,2.375981841181134640e-07,9.014320568752673069e+00,6.535602232740872224e-11,1.604955902813191135e-11,1.019573615204834425e-10,1.405133476415743976e-09,6.728905456207939266e-15,1.299176400205271664e-14,2.098281212082942840e-11,2.841796582875355330e-11,6.016776647386944041e-09,5.629081569923818469e-22,4.265577814644053589e-10,3.080964858055952309e-32,1.551244016699974746e-23,5.022645066404769359e-11,3.181396077219360644e-03
2.979999999999999871e-01,9.009334030483058697e+00,1.348847802175274146e-03,8.567096991868076940e-06,1.346237247378427701e-08,5.415388064335715758e-07,9.004798013934323109e+00,1.695622667615516729e-10,4.435945019881521411e-11,1.051447921934366114e-10,3.562643942244570503e-09,6.944562961017022003e-15,1.347847887657227538e-14,5.914419303632427865e-11,8.759618984582171291e-11,6.076113925347499847e-09,1.103538616615192131e-21,1.177882927689464202e-09,3.101326770217617431e-32,1.605596792110395921e-23,5.429941847472856561e-11,3.178035311624198729e-03
2.984999999999999876e-01,8.990632261902026912e+00,1.346110993482807494e-03,8.583972744848040616e-06,1.460218867648232337e-08,8.306502179243743442e-07,8.986105266149719384e+00,3.641474201422691856e-10,9.874429717780488181e-11,1.116227622857423981e-10,7.641308503008723367e-09,7.154223112733355659e-15,1.400175996250553796e-14,1.339290565602657860e-10,2.066033539586390307e-10,6.164766247985090646e-09,2.127491224087533508e-21,2.614915831343139211e-09,3.118643833756686551e-32,1.662381925845634750e-23,5.922702947341386544e-11,3.171438138388171096e-03
2.989999999999999880e-01,8.962811155681354336e+00,1.342058391250804464e-03,8.598292384589993831e-06,1.585813741027793376e-08,1.000384895029788386e-06,8.958297830788209737e+00,6.959062813556527629e-10,1.931845370137475097e-10,1.227740526017317799e-10,1.467711307456372565e-08,7.349262532462636164e-15,1.450881514143081840e-14,2.654443775849192665e-10,4.191770863420715257e-10,6.283917539167230698e-09,3.892593889828040576e-21,5.097017952867008842e-09,3.131941705050628110e-32,1.721337519824691619e-23,6.506564637201121496e-11,3.161624146853565798e-03
2.994999999999999885e-01,8.925950948864894485e+00,1.336661470088689168e-03,8.610190596976038116e-06,1.718741378885232167e-08,9.987584530011054089e-07,8.921455994950129309e+00,1.226913062252601238e-09,3.463577542859764122e-10,1.404279306024317181e-10,2.606709782888777328e-08,7.525651239405105099e-15,1.494253318934994753e-14,4.806998289119411725e-10,7.708656606133531302e-10,6.431035363568453196e-09,6.743062618571358873e-21,9.100543907175164905e-09,3.140707759004906977e-32,1.783755444098897567e-23,7.175170019470414760e-11,3.148621672496349725e-03
2.999999999999999889e-01,8.880156452061470418e+00,1.329894344493770400e-03,8.619713688643488734e-06,1.852151208113308259e-08,8.379702964654316811e-07,8.875684543333047571e+00,2.037182925917840737e-09,5.824895280725013551e-10,1.670527111579061442e-10,4.363974433321625333e-08,7.685828516585753170e-15,1.526129213431101317e-14,8.149031975485800839e-10,1.321295277381636329e-09,6.600248256479698744e-09,1.112514286925538367e-20,1.523977563938200023e-08,3.145098176013086625e-32,1.853019335095293832e-23,7.906300922775599529e-11,3.132467696654882543e-03
3.004999999999999893e-01,8.825556703799177782e+00,1.321747883332404904e-03,8.626762709670006738e-06,1.976836179506144215e-08,5.823276189156807744e-07,8.821112410626330558e+00,3.227236507252722749e-09,9.321831729380647182e-10,2.059389600191322570e-10,6.972418885272583243e-08,7.838274143966562540e-15,1.545545832498080622e-14,1.312739676864691394e-09,2.146422453313958165e-09,6.783739162358166161e-09,1.760239047485761411e-20,2.428790589006665962e-08,3.145908049417124427e-32,1.934630479442560885e-23,8.659670565648180666e-11,3.113207723850189203e-03
3.009999999999999898e-01,8.762304505343161409e+00,1.312238591081088231e-03,8.631079904346474792e-06,2.081979595311458725e-08,3.193573051917712637e-07,8.757892236406576103e+00,4.920402207546809993e-09,1.433177316838393546e-09,2.613368794006842859e-10,1.072136037693169189e-07,7.994821516507086945e-15,1.555380980729308794e-14,2.029560290452100960e-09,3.340643142743039358e-09,6.974222488201965011e-09,2.686967112508434991e-20,3.719705854830894848e-08,3.144307488748405060e-32,2.035729242700712088e-23,9.377367557760202204e-11,3.090895624695785306e-03
3.014999999999999902e-01,8.690575813384485926e+00,1.301409446426144648e-03,8.632288057584175443e-06,2.156470060047669630e-08,1.263937596960377697e-07,8.686199790471491156e+00,7.264668414941105537e-09,2.130972704985501683e-09,3.385243521081465912e-10,1.596174184590746521e-07,8.166631523907545640e-15,1.561640883002798434e-14,3.032392542971570098e-09,5.018608560924943536e-09,7.168401147681567978e-09,3.976481550500785919e-20,5.511608296368847708e-08,3.141437588853576313e-32,2.164316187144424275e-23,9.987683796520701802e-11,3.065593433081655744e-03
3.019999999999999907e-01,8.610568985254314356e+00,1.289322811357769029e-03,8.629971892167219192e-06,2.190712851028889117e-08,4.527690710527064023e-08,8.606233250545031410e+00,1.043388216271950398e-08,3.079264154978160338e-09,4.438008037030172740e-10,2.310966668848981001e-07,8.360290459020720625e-15,1.571542014682337788e-14,4.400677144099971810e-09,7.316580860981322084e-09,7.371109370759475963e-09,5.727675685044555535e-20,7.940460760925766245e-08,3.138016980028627518e-32,2.328497507375065340e-23,1.041259646058404478e-10,3.037371091256264779e-03
3.024999999999999911e-01,8.522503890357857159e+00,1.276048256012628744e-03,8.623774639780794476e-06,2.178750795226228680e-08,7.339437614642460305e-08,8.518212335005369340e+00,1.462808439903261141e-08,4.340110954304532217e-09,5.844196952899229998e-10,3.264767261562618337e-07,8.575487235177208673e-15,1.591014322745773128e-14,6.226629450880677137e-09,1.039315184033769872e-08,7.599665857963183799e-09,8.054891371126985561e-20,1.116416105580009033e-07,3.134108922476629297e-32,2.536072874784545090e-23,1.057857564625558409e-10,3.006306143742626998e-03
3.029999999999999916e-01,8.426620916070774570e+00,1.261649739374403386e-03,8.613477914145927601e-06,2.120408342222959150e-08,1.722413161304932557e-07,8.422377313299858059e+00,2.007277705364583135e-08,5.983779855117708695e-09,7.684829521898637127e-10,4.512320955794157735e-07,8.805154701356270263e-15,1.622517777326555865e-14,8.615124164529934111e-09,1.442914658919301776e-08,7.887821636252932652e-09,1.108765787418139936e-19,1.536265923673633827e-07,3.129139452849732404e-32,2.794648626878816834e-23,1.042975425840731682e-10,2.972483388087298131e-03
3.034999999999999920e-01,8.323179902035986899e+00,1.246176545529559341e-03,8.599041001050409613e-06,2.023111188654398355e-08,2.878876799178223663e-07,8.318987929218211619e+00,2.701693506166129743e-08,8.088199722369337932e-09,1.004820632165827227e-09,6.114386716349591619e-07,9.038039660148392323e-15,1.663999663637424976e-14,1.168300766803865791e-08,1.962654303236287325e-08,8.288616837828632952e-09,1.496971488447485698e-19,2.073713585166864312e-07,3.122161205478548873e-32,3.112245197807859634e-23,9.941933741556440130e-11,2.935994494855049663e-03
3.039999999999999925e-01,8.212459032535004866e+00,1.229660804203500709e-03,8.580593076822486286e-06,1.903025049365475819e-08,3.738316749037969038e-07,8.208322273394118795e+00,3.572960843957215232e-08,1.073797618382348616e-08,1.302869207111563538e-09,8.136901749218065524e-07,9.262750697035432281e-15,1.709433762822557379e-14,1.555775481380390139e-08,2.620625880886525162e-08,8.875482157196400920e-09,1.985721938672752895e-19,2.750804720504685693e-07,3.112262355589323301e-32,3.498156992186488661e-23,9.135501733403082864e-11,2.896937609705023918e-03
3.044999999999999929e-01,8.094753704666141303e+00,1.212121961675405573e-03,8.558391125690271685e-06,1.785204862911427164e-08,4.069484269319648174e-07,8.090675631677843427e+00,4.649500563553415270e-08,1.402292843213022574e-08,1.672546133692203699e-09,1.064976917368219606e-06,9.471778423227354351e-15,1.750810260505775978e-14,2.037540625008325087e-08,3.440468945297118360e-08,9.741043858003082531e-09,2.591606152932624259e-19,3.591186572096164091e-07,3.098963020832748128e-32,3.963698042114084794e-23,8.085170088767466659e-11,2.855416946950985885e-03
3.049999999999999933e-01,7.970375375084595149e+00,1.193576131457999229e-03,8.532769134596848124e-06,1.702543566999504585e-08,3.911518785509168877e-07,7.966359319562275942e+00,5.960600903494430857e-08,1.803612848234064661e-08,2.124103105127215636e-09,1.372526867885033532e-06,9.664005575358807696e-15,1.780900925740273264e-14,2.627774840212905502e-08,4.446892625834089540e-08,1.099331159615254107e-08,3.331824905707263009e-19,4.619638466633817688e-07,3.082445076570409294e-32,4.522477760562045346e-23,6.924535225400295687e-11,2.811542378199138013e-03
3.054999999999999938e-01,7.839650375309333619e+00,1.174046698061196508e-03,8.504104958309125536e-06,1.693444255596261821e-08,3.490818347530288424e-07,7.835699495957710425e+00,7.535614507634449550e-08,2.287144523469424760e-08,2.667931475497008125e-09,1.743610867252934469e-06,9.844814398607032491e-15,1.795817863115350526e-14,3.340873044782001101e-08,5.665063761104190741e-08,1.274922690124167924e-08,4.223736225441388115e-19,5.861451783811387494e-07,3.063524549054954488e-32,5.189995429771383991e-23,5.843820500268702997e-11,2.765429013697160397e-03
3.059999999999999942e-01,7.702918679144915792e+00,1.153572363213254022e-03,8.472819667300717753e-06,1.798294848920131071e-08,3.071329912198764340e-07,7.699035938343695484e+00,9.403011233221403609e-08,2.862062086662671849e-08,3.314294479394849800e-09,2.185315735672833922e-06,1.002382308416436269e-14,1.796439026932069607e-14,4.191015003076490260e-08,7.119866223203659528e-08,1.512589449220553040e-08,5.284312993489171264e-19,7.341660532808851166e-07,3.043373995473177471e-32,5.982565651654217019e-23,5.079765208221487381e-11,2.717196770051909238e-03
3.064999999999999947e-01,7.560532607227784752e+00,1.132209986793091157e-03,8.439405176698697329e-06,2.054984650284522445e-08,2.814392630407715447e-07,7.556720759343063420e+00,1.158930576289911942e-07,3.536993432088629952e-08,4.072972140547571922e-09,2.704290792361451556e-06,1.021117949892267208e-14,1.788175643395510832e-14,5.191668055501244074e-08,8.835043413047435426e-08,1.823016631234118752e-08,6.529522946672417651e-19,9.084133289972778729e-07,3.023097359386943651e-32,6.915805579671486814e-23,4.897444006371222058e-11,2.666969917273377851e-03
3.069999999999999951e-01,7.412855461941576074e+00,1.110031582931058714e-03,8.404457801946541831e-06,2.493853295588482263e-08,2.712459949272877544e-07,7.409117052181679597e+00,1.411788785252666280e-07,4.319653465229746868e-08,4.952822791481988040e-09,3.306474867814050345e-06,1.041386186754753758e-14,1.779157831130429689e-14,6.355035579892780275e-08,1.083224338559223110e-07,2.214755182560420483e-08,7.973646739834256492e-19,1.111054792919581060e-06,3.003315042695864109e-32,8.003047238012502751e-23,5.564783252431045916e-11,2.614876600720751273e-03
3.074999999999999956e-01,7.260260097691792147e+00,1.087116916632952218e-03,8.368686288453473744e-06,3.132591336516744517e-08,2.621755105910918843e-07,7.256597466085560555e+00,1.700779153431745569e-07,5.216455422810361790e-08,5.961284311416363872e-09,3.996812165968423335e-06,1.063338771438232766e-14,1.777489455968307864e-14,7.691467001628839548e-08,1.312999349662570598e-07,2.693164123091270299e-08,9.628554895805593945e-19,1.343928153235880373e-06,2.983911701614663953e-32,9.254038377116508342e-23,7.321609789244144955e-11,2.561048338321888964e-03
3.079999999999999960e-01,7.103127442690468918e+00,1.063544564442376120e-03,8.332867479948480983e-06,3.971703552937940457e-08,2.370726914343469137e-07,7.099542727215002458e+00,2.027244722200378524e-07,6.232113660712207127e-08,7.103852705772839379e-09,4.778966288353164463e-06,1.086574678270592947e-14,1.788555414192662448e-14,9.208849116741937553e-08,1.574263841977172227e-07,3.259531171128947695e-08,1.150296914648004016e-18,1.608425819545377500e-06,2.964036813978666771e-32,1.067416913405643324e-22,1.034611144684484147e-10,2.505619498571837623e-03
3.084999999999999964e-01,6.941844995489764081e+00,1.039384600727533223e-03,8.297740241513336642e-06,4.991184238198642154e-08,1.885622333069387892e-07,6.938340131057495697e+00,2.391846690391593368e-07,7.369253468221600636e-08,8.383581439567113968e-09,5.655042360101828175e-06,1.110349340464270071e-14,1.813330989558922745e-14,1.091200188525481900e-07,1.867928141505140861e-07,3.910491505134617225e-08,1.360173754286088528e-18,1.905380617599728014e-06,2.942353810195437597e-32,1.226426376783260456e-22,1.472246028295622114e-10,2.448726768458708153e-03
3.089999999999999969e-01,6.776805320725743265e+00,1.014695228991046097e-03,8.263852343033716366e-06,6.149020237651785288e-08,1.266950740632156713e-07,6.773382034994343215e+00,2.794451696291797553e-07,8.628044976335956836e-08,9.800640996717132826e-09,6.625327518607192171e-06,1.133911048209832394e-14,1.848260745661873829e-14,1.280210443793507790e-07,2.194277339894979685e-07,4.637841088030006546e-08,1.592515548907451679e-18,2.234958202291744814e-06,2.917444548512018044e-32,1.402078686678914560e-22,2.041388134449650976e-10,2.390508621450916291e-03
3.094999999999999973e-01,6.608404564179235940e+00,9.895240851133840949e-04,8.231396609674848471e-06,7.382017676989988885e-08,7.739285944140967567e-08,6.605064374643926151e+00,3.234033519476672677e-07,1.000587902906037052e-07,1.135196668853360479e-08,7.688060074315794992e-06,1.156830884703384812e-14,1.886692933553844254e-14,1.487617858984367893e-07,2.552879726790822556e-07,5.428802793609190523e-08,1.846836626780933323e-18,2.596562219588006150e-06,2.888225827334483133e-32,1.593620441858646413e-22,2.724548146238056705e-10,2.331104793875529192e-03
3.099999999999999978e-01,6.437040999363741633e+00,9.639132265067535104e-04,8.200083268729891183e-06,8.609236720486675899e-08,7.175264533469572860e-08,6.433785217043396010e+00,3.708594797140702576e-07,1.149710286696232464e-07,1.303100825439109110e-08,8.839237465718285488e-06,1.179201110366058941e-14,1.921296764062603993e-14,1.712665747989881375e-07,2.942509572601049271e-07,6.266754244243921149e-08,2.122087445225939161e-18,2.988758166186122097e-06,2.854240564638220428e-32,1.799924874792921451e-22,3.490057181404490531e-10,2.270655774297287641e-03
3.104999999999999982e-01,6.263113609299178819e+00,9.379056118290840863e-04,8.169090542456532180e-06,9.738025508706414863e-08,1.307087210075422226e-07,6.259943351967425684e+00,4.215114000226674124e-07,1.309283255703597272e-07,1.482758231615558483e-08,1.007247273086509644e-05,1.201632976227309974e-14,1.946562113921808497e-14,1.954106592413887554e-07,3.361088931985060535e-07,7.132371322054073940e-08,2.416620369409780896e-18,3.409221381680369750e-06,2.815742600066785527e-32,2.019495002403985917e-22,4.293299896527626711e-10,2.209302306356482511e-03
3.109999999999999987e-01,6.087020700620649372e+00,9.115505621837619032e-04,8.137116356361540791e-06,1.067229869512208032e-07,2.520807620484006035e-07,6.083936913982475048e+00,4.749522272376826659e-07,1.478085726326230799e-07,1.672782204482292436e-08,1.137890860679308764e-05,1.225064159529008183e-14,1.960498377922415395e-14,2.210183661628721059e-07,3.805652736140619658e-07,8.005087566306635424e-08,2.728172668624179400e-18,3.854713694972938927e-06,2.773575632813595904e-32,2.250446117978678478e-22,5.079622865072732259e-10,2.147184902453559262e-03
3.114999999999999991e-01,5.909158544358930065e+00,8.849063114615787241e-04,8.102527000231466613e-06,1.132235420629956020e-07,4.064875699567636353e-07,5.906162024990055492e+00,5.306713809921227061e-07,1.654564771034316490e-07,1.871421873981676222e-08,1.274719751863532321e-05,1.250455990429531905e-14,1.964990134985092799e-14,2.478628244437802257e-07,4.272340792848239024e-07,8.864724354968059612e-08,3.053868968617803651e-18,4.321091984883876922e-06,2.728919937574808498e-32,2.490484510749859020e-22,5.788780605969025386e-10,2.084443364664473157e-03
3.119999999999999996e-01,5.729920038858411502e+00,8.580389935357507275e-04,8.063572891127377020e-06,1.161522098427203027e-07,5.451062190813156770e-07,5.727011450431754191e+00,5.880592281277454245e-07,1.836847762457474734e-07,2.076575586332389234e-08,1.416355457698137977e-05,1.278494468349261045e-14,1.964788460379085456e-14,2.756674001006678255e-07,4.756419431993981700e-07,9.693116538356932703e-08,3.390244703541925157e-18,4.803350388308285753e-06,2.683017091204984682e-32,2.736905313720782304e-22,6.360563611045007623e-10,2.021216310477678014e-03
3.125000000000000000e-01,5.549693394342535058e+00,8.310187683085657395e-04,8.018625691722027716e-06,1.150433698953258773e-07,6.172141306258232047e-07,5.546873270079750284e+00,6.464154393286205793e-07,2.022766266883825102e-07,2.285814377803175858e-08,1.561188919125603333e-05,1.309395999150327807e-14,1.965612231928653129e-14,3.041089311296535612e-07,5.252334450126552564e-07,1.047554810777871633e-07,3.733291292278136666e-18,5.295696207614410884e-06,2.636971631091861714e-32,2.986627940484748873e-22,6.741061716247483255e-10,1.957640703679190512e-03
3.130000000000000004e-01,5.368860843849780018e+00,8.039147502255491930e-04,7.966389529861809542e-06,1.097731418050705859e-07,5.909756848200431184e-07,5.366129573066720226e+00,7.049610169153145632e-07,2.209891659951744147e-07,2.496416871469971441e-08,1.707401895056454645e-05,1.342867823566059197e-14,1.972118084603936029e-14,3.328227774801516907e-07,5.753795763300220937e-07,1.120182517732045909e-07,4.078522860564801184e-18,5.791657856916219842e-06,2.591678527375365514e-32,3.236274923189605967e-22,6.888883079796303844e-10,1.893851393793152382e-03
3.135000000000000009e-01,5.187797389849315266e+00,7.767906548208120161e-04,7.906051175860021369e-06,1.006067587278440208e-07,4.689669089099377468e-07,5.185155193099777904e+00,7.628537879041741120e-07,2.395581927851184537e-07,2.705416900024652252e-08,1.852996695974063601e-05,1.378208243584228460e-14,1.986476861209713445e-14,3.614096237823873536e-07,6.253892827626018212e-07,1.186684872261292698e-07,4.421063387691767671e-18,6.284221570992862385e-06,2.547861343996748220e-32,3.482284740022773564e-22,6.780596904177315838e-10,1.829980669705294407e-03
3.140000000000000013e-01,5.006869598538493449e+00,7.497025963952917531e-04,7.837354231550829986e-06,8.820743696824052677e-08,2.914308731416383084e-07,5.004316501460072786e+00,8.192069939942349774e-07,2.577038601994392123e-07,2.909664410020752287e-08,1.995834082335142163e-05,1.414481111247886620e-14,2.007998364927655093e-14,3.894438925910755867e-07,6.745238495535881967e-07,1.247060379140029524e-07,4.755752222390390206e-18,6.765992196317008179e-06,2.506157008290275170e-32,3.721037930266042896e-22,6.414707987730891182e-10,1.766157833681276327e-03
3.145000000000000018e-01,4.826434454157519482e+00,7.226995053768940202e-04,7.760602780786121321e-06,7.360270893509983655e-08,1.247756537240769468e-07,4.823970272149021632e+00,8.731104560506441802e-07,2.751372280182388069e-07,3.105898888318204022e-08,2.133678797848395292e-05,1.450682726441089642e-14,2.033810118499033672e-14,4.164835480777837640e-07,7.220137612613506154e-07,1.301754918995620862e-07,5.077265033996540107e-18,7.229372283161010924e-06,2.467169799271413826e-32,3.948973016936069081e-22,5.813600892271896942e-10,1.702508800847955805e-03
3.150000000000000022e-01,4.646838283924343393e+00,6.958255982270321067e-04,7.676613474718249077e-06,5.810910188137453839e-08,3.865607491780276435e-08,4.644462627004431354e+00,9.236536532949113078e-07,2.915674739296213609e-07,3.290833000582095458e-08,2.264251819557273963e-05,1.485841138410392395e-14,2.060200502716448896e-14,4.420809984478641371e-07,7.670775396954057682e-07,1.351546388197450185e-07,5.380246485899396843e-18,7.666752961360016061e-06,2.431443080233884397e-32,4.162675248664065809e-22,5.023096245788118121e-10,1.639155726898249271e-03
3.155000000000000027e-01,4.468415761166609101e+00,6.691236263046728208e-04,7.586638087011092016e-06,4.322102569087090748e-08,7.980755157300751341e-08,4.466128061461336785e+00,9.699499446256906736e-07,3.067095268618728579e-07,3.461242755061403170e-08,2.385287998166232815e-05,1.519034539351275546e-14,2.084033570891226861e-14,4.657947438758265523e-07,8.089419550270782014e-07,1.397387448375677537e-07,5.659450277713877512e-18,8.070709733516083750e-06,2.399348104938305663e-32,4.358933676634227462e-22,4.109517335576206477e-10,1.576216664257344517e-03
3.160000000000000031e-01,4.291488990802966086e+00,6.426374907153326738e-04,7.492272181504862154e-06,3.047414142126514680e-08,2.526292248152030874e-07,4.289288546525883206e+00,1.011161078088306364e-06,3.202918571288170132e-07,3.614059652084693460e-08,2.494597359273886136e-05,1.549363130081512508e-14,2.103694962236909885e-14,4.872013690629308006e-07,8.468629190990992037e-07,1.440224350380236073e-07,5.909881733593923101e-18,8.434196344802417119e-06,2.370939658547617725e-32,4.534774877582341108e-22,3.154442067150333358e-10,1.513805245145978615e-03
3.165000000000000036e-01,4.116366678235331200e+00,6.164132353956182624e-04,7.395354496763215286e-06,2.129678704720298918e-08,5.144764348963248318e-07,4.114252701063088047e+00,1.046521089822777533e-06,3.320641412023052003e-07,3.746460127710518112e-08,2.590127970879125939e-05,1.575934261277367018e-14,2.119290170708826922e-14,5.059074486210293259e-07,8.801463127688660127e-07,1.480813296230565149e-07,6.126937842858116562e-18,8.750730242233001121e-06,2.345853847115499137e-32,4.687489120727335520e-22,2.247582318402331100e-10,1.452030389458694882e-03
3.170000000000000040e-01,3.943343380395926356e+00,5.904981986691191977e-04,7.297852288501277247e-06,1.686486793043787920e-08,7.883586721502314047e-07,3.941315030686497245e+00,1.075358689353764023e-06,3.418045144562889391e-07,3.855948108054820688e-08,2.670027989436391680e-05,1.597911742448732450e-14,2.132159861713259183e-14,5.215609215585071868e-07,9.081679745933946699e-07,1.519556774598396358e-07,6.306539603979677616e-18,9.014563748477887783e-06,2.323311422696008838e-32,4.814663952332806037e-22,1.478460017164644235e-10,1.390996036147128072e-03
3.175000000000000044e-01,3.772698836318016280e+00,5.649388775018900164e-04,7.201725229349158786e-06,1.797578547086780170e-08,9.891832177864321775e-07,3.770755233946838203e+00,1.097117265248282402e-06,3.493261338258160095e-07,3.940427433402923739e-08,2.732704309944332011e-05,1.614641533019549495e-14,2.144050039929507975e-14,5.338614993933606998e-07,9.303920885950168349e-07,1.556380561479000243e-07,6.445251693130016589e-18,9.220835863297877826e-06,2.302245640368499566e-32,4.914231914070605974e-22,9.277111806051547932e-11,1.330800898354535548e-03
3.180000000000000049e-01,3.604697374172418645e+00,5.397785285714941719e-04,7.108766203235390382e-06,2.495545659875283407e-08,1.054339475007871005e-06,3.602837580959365127e+00,1.111371723145367035e-06,3.544827939033185004e-07,3.998261971485717061e-08,2.776875194497338840e-05,1.625816654425084671e-14,2.156367602068069477e-14,5.425697009875279638e-07,9.463872547031345276e-07,1.590667768969512845e-07,6.540384872410435950e-18,9.365700485916747916e-06,2.281517172855083234e-32,4.984527710879300718e-22,6.589257780332782502e-11,1.271538244115754746e-03
3.185000000000000053e-01,3.439587392161660429e+00,5.150555333218584039e-04,7.020429105463114167e-06,3.760940008288032557e-08,9.673905208229053883e-07,3.437810372073601073e+00,1.117841483898099229e-06,3.571733737608267196e-07,4.028322126152176502e-08,2.801614359258110769e-05,1.631608906955887747e-14,2.169840558077981258e-14,5.475141551212898719e-07,9.558396052953432474e-07,1.621259929414435070e-07,6.590077157489563680e-18,9.446427751128058959e-06,2.260136602643116302e-32,5.024341308012962258e-22,7.119102918423221993e-11,1.213295705306344664e-03
3.190000000000000058e-01,3.277600911874746892e+00,4.908031289915573952e-04,6.937666316935988217e-06,5.522450220144969357e-08,7.658083487402510399e-07,3.275905483644377281e+00,1.116399117919171452e-06,3.573449362787679206e-07,4.030016992934283242e-08,2.806384270860448596e-05,1.632692914784617680e-14,2.184655165557876484e-14,5.485968770837755052e-07,9.585624417493398092e-07,1.646527369010050998e-07,6.593350554589637825e-18,9.461476037086106154e-06,2.237408069742506310e-32,5.032951647931537783e-22,1.098138292032984412e-10,1.156155117332297380e-03
3.195000000000000062e-01,3.118953204461076822e+00,4.670504641720228081e-04,6.860805977455920144e-06,7.662282354421226668e-08,5.293486696494940655e-07,3.117338004696910581e+00,1.107074265799660816e-06,3.549943549185325296e-07,4.003311615771512185e-08,2.791056834626741361e-05,1.630123373140789992e-14,2.200884624724153974e-14,5.457963051514683048e-07,9.545020010334559848e-07,1.664502983907255326e-07,6.550141116728222237e-18,9.410533004653564499e-06,2.212940794389315510e-32,5.010132086965259710e-22,1.798940207765535976e-10,1.100192390898894037e-03
3.200000000000000067e-01,2.963842491916669708e+00,4.438243605979542723e-04,6.789497519307171378e-06,1.002631899360360458e-07,3.527530004042932815e-07,2.962305963700957889e+00,1.090052686452223108e-06,3.501684021513105694e-07,3.948728805725625811e-08,2.755920228604311520e-05,1.625085879770998745e-14,2.218879597804802394e-14,5.391679729667363104e-07,9.437391176407129584e-07,1.673065976514060537e-07,6.461301114374080660e-18,9.294524763498093333e-06,2.186535034756385960e-32,4.956130455015939186e-22,2.766696544115527602e-10,1.045477415581613344e-03
3.205000000000000071e-01,2.812449727350578854e+00,4.211508914736441633e-04,6.722742657138804211e-06,1.243809364109779110e-07,3.123491685687212280e-07,2.810990140642577018e+00,1.065670473001547061e-06,3.429622962559729985e-07,3.867335013988614526e-08,2.701671315226548584e-05,1.618599892584521252e-14,2.239325905561740111e-14,5.288427901145595372e-07,9.264867130428469707e-07,1.670156070966474340e-07,6.328573216295147390e-18,9.115592947385259758e-06,2.158009184273520498e-32,4.871638248089263131e-22,3.928969846489312804e-10,9.920739935009230230e-04
3.210000000000000075e-01,2.664938458717657443e+00,3.990560184384952603e-04,6.659011421324632083e-06,1.471516951700244190e-07,4.385679344733417695e-07,2.663553957636482394e+00,1.034403673556976766e-06,3.335167658486823346e-07,3.760710009591572062e-08,2.629393800907897657e-05,1.611282350999257046e-14,2.262869006740629288e-14,5.150230008784912666e-07,9.030832150810977665e-07,1.653994952130375013e-07,6.154537680555557944e-18,8.877040153439687343e-06,2.127067170362201973e-32,4.757768972704266294e-22,5.195178728313083398e-10,9.400398007161837226e-04
3.215000000000000080e-01,2.521454779695262438e+00,3.775649881712784661e-04,6.596424551422547337e-06,1.668621418424454011e-07,7.044364085507591592e-07,2.520143442024019187e+00,9.968537391261119232e-07,3.220137512223038607e-07,3.630900698989378189e-08,2.540523060154310125e-05,1.603266207912391879e-14,2.289461759043942797e-14,4.979759854020507102e-07,8.739821748991330370e-07,1.623290627967705255e-07,5.942534612807233354e-18,8.583244895383010674e-06,2.093293062478142142e-32,4.616061588915295520e-22,6.465124442811818133e-10,8.894263742017160732e-04
3.220000000000000084e-01,2.382127369033557596e+00,3.567007655119591031e-04,6.532970495706773797e-06,1.820695959571240975e-07,1.034420011369277627e-06,2.380887258671665840e+00,9.537293852154568560e-07,3.086709154386217257e-07,3.480360304378230686e-08,2.436799239403985166e-05,1.594311926897655823e-14,2.317783527538024794e-14,4.780261536466143848e-07,8.397385010295276638e-07,1.577402223364174451e-07,5.696564312403235096e-18,8.239547970740691138e-06,2.056304984050312549e-32,4.448512039956275363e-22,7.638465841614100760e-10,8.402791232457162409e-04
3.225000000000000089e-01,2.247067616196914752e+00,3.364822215532269718e-04,6.466721195273753610e-06,1.917335232486490413e-07,1.330633656659507395e-06,2.245896811576362229e+00,9.058255892465451841e-07,2.937351835446113527e-07,3.311875131607732270e-08,2.320210854307426735e-05,1.584072843912212090e-14,2.345104712341491382e-14,4.555452564306487783e-07,8.009918616806515910e-07,1.516447138195260256e-07,5.421169554847937537e-18,7.852112962693803811e-06,2.016024480026943970e-32,4.257618876023458160e-22,8.624131490264079991e-10,7.926373653096369315e-04
3.230000000000000093e-01,2.116369827288806515e+00,3.169229158463320126e-04,6.396016180386177648e-06,1.953052142216151290e-07,1.507129607488779383e-06,2.115266417235637242e+00,8.540005465609935930e-07,2.774755631666542806e-07,3.128482084331047643e-08,2.192931548131756957e-05,1.572408636085966053e-14,2.367805956340261791e-14,4.309414959659895559e-07,7.584479109231966221e-07,1.441338980883975621e-07,5.121304316309675250e-18,7.427764481503239708e-06,1.972952784114635491e-32,4.046415156008252757e-22,9.348672711900957015e-10,7.465343872155882389e-04
3.235000000000000098e-01,1.990111502213724126e+00,2.980310652172218477e-04,6.319596364828136028e-06,1.927668076982624722e-07,1.520018602115408013e-06,1.989073552377650156e+00,7.991514692150410595e-07,2.601755225531966352e-07,2.933380710467949924e-08,2.057252956546252865e-05,1.559614012095385138e-14,2.382469572016782223e-14,4.046478580686338348e-07,7.128580676337316493e-07,1.353752409104174054e-07,4.802193903836405423e-18,6.973808664610866742e-06,1.928321763221061313e-32,3.818454663437826424e-22,9.762695479149649574e-10,7.019975325776471251e-04
3.240000000000000102e-01,1.868353672754755390e+00,2.798107867397200488e-04,6.236682435863383923e-06,1.846167285593886952e-07,1.382676952309671803e-06,1.867379176358964665e+00,7.421901318566104045e-07,2.421252120307915078e-07,2.729843774800351397e-08,1.915516708859792399e-05,1.546456225130176108e-14,2.387169481910351116e-14,3.771101080324164683e-07,6.649986147558772076e-07,1.256019020445174880e-07,4.469191692796925365e-18,6.497841339614771427e-06,1.884018902559900620e-32,3.577729004241734666e-22,9.844742678795177533e-10,6.590483155856203222e-04
3.245000000000000107e-01,1.751141292234189795e+00,2.622641548376452095e-04,6.147003155185182878e-06,1.718047128566462779e-07,1.160680552752438563e-06,1.750228124670342833e+00,6.840190478709145024e-07,2.236138116587628107e-07,2.521130129856111435e-08,1.770048488377872788e-05,1.533987520631505043e-14,2.382431114391094181e-14,3.487748915352162168e-07,6.156498896236050365e-07,1.150965774067141084e-07,4.127637679432126438e-18,6.007550031701100590e-06,1.842264159280736415e-32,3.328511332947981581e-22,9.602298582770064610e-10,6.177025598847725799e-04
3.249999999999999556e-01,1.638503670435547566e+00,2.453932533011647654e-04,6.050783433765115638e-06,1.556250964462683309e-07,9.484054456371102846e-07,1.637649566055445094e+00,6.255090989802927807e-07,2.049222721535984608e-07,2.310403107605743049e-08,1.623096791859489579e-05,1.523190005492170206e-14,2.371397973164166577e-14,3.200783615164309869e-07,5.655763045928332239e-07,1.041713238311565924e-07,3.782723830576347756e-18,5.510516578040287224e-06,1.805113144681929352e-32,3.075145737130104267e-22,9.069914343293348533e-10,5.779705599060801832e-04
3.255000000000000115e-01,1.530454951537820296e+00,2.292013830870650573e-04,5.948700833897990722e-06,1.375812720791756639e-07,8.357760026002682016e-07,1.529657513299896410e+00,5.674793468880099726e-07,1.863166890908232105e-07,2.100656942807480694e-08,1.476778601177560738e-05,1.514584293435363446e-14,2.359018556169165073e-14,2.914357133753160449e-07,5.155078736991647666e-07,9.314546155571983680e-08,3.439370766302114518e-18,5.014027409333268062e-06,1.773937729668865248e-32,2.821820062871697110e-22,8.304766142468073088e-10,5.398572611378369725e-04
3.259999999999999565e-01,1.426994636553506446e+00,2.136929160350242284e-04,5.841814832102707969e-06,1.192367288904015009e-07,8.770600955192077119e-07,1.426251377748687377e+00,5.106796323508279767e-07,1.680425137263804343e-07,1.894653033803356771e-08,1.333033650806623201e-05,1.507958641883257975e-14,2.350453995978240448e-14,2.632319566579721330e-07,4.661238297716395113e-07,8.232376512550099170e-08,3.102119669208014434e-18,4.524898501200706192e-06,1.749059460609316800e-32,2.572366848527568387e-22,7.380220355457525392e-10,5.033624558297016037e-04
3.265000000000000124e-01,1.328108153794532287e+00,1.988718295802323224e-04,5.731469512655533661e-06,1.020687014357376631e-07,1.072707247254441121e-06,1.327416560009867741e+00,4.557764225115433800e-07,1.503197596962065132e-07,1.694867264720875923e-08,1.193588390079852674e-05,1.502339400405236252e-14,2.349246934540106223e-14,2.358141849169181175e-07,4.180388029630324138e-07,7.197701667847224102e-08,2.775042513283310928e-18,4.049321540080862132e-06,1.729670080375181628e-32,2.330128995959600512e-22,6.378165826680357467e-10,4.684809914674073743e-04
3.269999999999999574e-01,1.233767480381318560e+00,1.847394970104662107e-04,5.619170415076734687e-06,8.733925350260934306e-08,1.370392561864944786e-06,1.233125073094707425e+00,4.033422095173211671e-07,1.333393158431378182e-07,1.503449189706455815e-08,1.059930147491295704e-05,1.496237789154886169e-14,2.355939132331329644e-14,2.094855304551187862e-07,3.717919025528242455e-07,6.232663513408273373e-08,2.461672792726789308e-18,3.592736979977455609e-06,1.714079316044417508e-32,2.097906435337742512e-22,5.380966253833572606e-10,4.352029906948464560e-04
3.275000000000000133e-01,1.143931814777479516e+00,1.712926232279327206e-04,5.506440952244942260e-06,7.599588907015172733e-08,1.684479723028625645e-06,1.143336197850367997e+00,3.538486008106906934e-07,1.172604241224674732e-07,1.322193573508342000e-08,9.332914498606825318e-06,1.488103999235317141e-14,2.367704724489638839e-14,1.845009112955630549e-07,3.278389062246637944e-07,5.353456483801926195e-08,2.164957959885033343e-18,3.159738418196904483e-06,1.700216650336639307e-32,1.877974695229566347e-22,4.463881169050147093e-10,4.035140826329287108e-04
3.279999999999999583e-01,1.058548295700320052e+00,1.585221793076566923e-04,5.394671493291901981e-06,6.860993574318390814e-08,1.926597275550916021e-06,1.057997172467475266e+00,3.076630822688246463e-07,1.022093305851360426e-07,1.152524507765928534e-08,8.146439680974491493e-06,1.476837307562790808e-14,2.379210118992225065e-14,1.610645980783798936e-07,2.865476220280707625e-07,4.569897937002343899e-08,1.887233806382372527e-18,2.754011160485864082e-06,1.686223447440046720e-32,1.672145326619465471e-22,3.688707903655355511e-10,3.733956462244925360e-04
3.285000000000000142e-01,9.775527580521068405e-01,1.464138134382123458e-04,5.284981357628012501e-06,6.535646647976455944e-08,2.036269906255046900e-06,9.770439172721789856e-01,2.650492872185817907e-07,8.827906930902823615e-08,9.954919943120152496e-09,7.047011789121284875e-06,1.462172903707300697e-14,2.384450451788724669e-14,1.393295526131617047e-07,2.481963548203340666e-07,3.885570970851684590e-08,1.630220094399997854e-18,2.378306083454157783e-06,1.670939179964444028e-32,1.481829269009796734e-22,3.099223868241884630e-10,3.448250660323450576e-04
3.289999999999999591e-01,9.008705133534085086e-01,1.349496488247857126e-04,5.178116789300718131e-06,6.603490881171170561e-08,2.000839872849954550e-06,9.004017931305192679e-01,2.261704738825337540e-07,7.553029603655740310e-08,8.517804621231082149e-09,6.039285612612448695e-06,1.444804642540041476e-14,2.378924869296176881e-14,1.193984210309678290e-07,2.129752873936493459e-07,3.298471729715417256e-08,1.395035911170178947e-18,2.034448064031635226e-06,1.654123760720998509e-32,1.308070559826254378e-22,2.718780240129721491e-10,3.177759999003682998e-04
3.295000000000000151e-01,8.284171416484215067e-01,1.241108435181078771e-04,5.074404092497941114e-06,7.012521166707333184e-08,1.858036453969515213e-06,8.279863877081942158e-01,1.910958062790484040e-07,6.399305197557125155e-08,7.217281798241111140e-09,5.125599886744078960e-06,1.426194691559456872e-14,2.361354924136746655e-14,1.013260058261329074e-07,1.809904819715342761e-07,2.802046631850447386e-08,1.182232515207400607e-18,1.723376472257045784e-06,1.636353411150907032e-32,1.151536488367751139e-22,2.550141712978066732e-10,2.922186564459094168e-04
3.299999999999999600e-01,7.600992842107207048e-01,1.138799920223580703e-04,4.973766691190072614e-06,7.687092707077763680e-08,1.680909806275428929e-06,7.597043201418549607e-01,1.598089527130897312e-07,5.366931005302417836e-08,6.053560108607571518e-09,4.306189245258622250e-06,1.408132165783698157e-14,2.334292333940627376e-14,8.512299477195009926e-08,1.522701243227197112e-07,2.386475095039288578e-08,9.918408935811928662e-19,1.445213651602302488e-06,1.618644613107243050e-32,1.012473829794250422e-22,2.577412228845104597e-10,2.681200790503527991e-04
3.305000000000000160e-01,6.958154308142514566e-01,1.042425075786297575e-04,4.875800756711426110e-06,8.537817324670610566e-08,1.551088327981144277e-06,6.954540528310702019e-01,1.322184637751798688e-07,4.453613667586018780e-08,5.024035292041834814e-09,3.579430594844282421e-06,1.392191863827899174e-14,2.303358320765515915e-14,7.076069214616325287e-08,1.267725730077486897e-07,2.040042420141213653e-08,8.234308713744133194e-19,1.199356058716071021e-06,1.601955856506283566e-32,8.906598072654293394e-23,2.769663446951866111e-10,2.454444323628694551e-04
3.309999999999999609e-01,6.354567003344707699e-01,9.518651219627880487e-05,4.779890686857003434e-06,9.471842475792867218e-08,1.530212901339661354e-06,6.351266997917686119e-01,1.081693685586552125e-07,3.654929201878047971e-08,4.123702546769609614e-09,2.942111268226919246e-06,1.379278044997498835e-14,2.275360292417204143e-14,5.817647948657721109e-08,1.043957414136797649e-07,1.750455191538124284e-08,6.761784134626190132e-19,9.845818898320139043e-07,1.586755107808976956e-32,7.853834197201999007e-23,3.085717364637104407e-10,2.241532875905638783e-04
3.315000000000000169e-01,5.789076172959631839e-01,8.670132678098865732e-05,4.685337516264003217e-06,1.040235235821286563e-07,1.639639266067456931e-06,5.786068240657181727e-01,8.745543236743451815e-08,2.964709077881118284e-08,3.345597226248060087e-09,2.389707686394795597e-06,1.369404778230118115e-14,2.255951870491729704e-14,4.727972897103664820e-08,8.498732999204106460e-08,1.505975279582579299e-08,5.489377319908126167e-19,7.991686327769771181e-07,1.572809143438458745e-32,6.954849975167778016e-23,3.479445869175146682e-10,2.042059039260358839e-04
3.319999999999999618e-01,5.260468883931589401e-01,7.877517791541593776e-05,4.591472938225542728e-06,1.125631393743241499e-07,1.855139403635443831e-06,5.257732209220637998e-01,6.983154888252041273e-08,2.375435250586258008e-08,2.681242624406269347e-09,1.916664826807904996e-06,1.361777159675099758e-14,2.247678135749403632e-14,3.795790149406063296e-08,6.835543893905887453e-08,1.296283913328297680e-08,4.403149490892070832e-19,6.410140569902095103e-07,1.559262721066481443e-32,6.194623409190630336e-23,3.904946349035543924e-10,1.855595049603688375e-04
3.325000000000000178e-01,4.767481815602438444e-01,7.139302201860273328e-05,4.497738919452904688e-06,1.197978515420408284e-07,2.117726214248952806e-06,4.764996874446226771e-01,5.502579081128491276e-08,1.878628494412709469e-08,2.121086662461792666e-09,1.516668376817827542e-06,1.355129989846582405e-14,2.249111150936362045e-14,3.008258197724770031e-08,5.427912477023232336e-08,1.113028881444920796e-08,3.487403442001637050e-19,5.077546525158160304e-07,1.544965541103077666e-32,5.556281090111916732e-23,4.321029793712935437e-10,1.681695502911084933e-04
3.329999999999999627e-01,4.308809064676117906e-01,6.453532812772191127e-05,4.403725110314427633e-06,1.254046368800454013e-07,2.355977931728114673e-06,4.306557811876930431e-01,4.275071086257582680e-08,1.465216391698385307e-08,1.654913021236279987e-09,1.182902928043323159e-06,1.348192502113870204e-14,2.255382523544765250e-14,2.351523430140517079e-08,4.251851429662123930e-08,9.500499828328020539e-09,2.725366124838595736e-19,3.968763795474865595e-07,1.528914867652592036e-32,5.022843321958875732e-23,4.694600140222027378e-10,1.519900032721248535e-04
3.335000000000000187e-01,3.883109907729523358e-01,5.817828682978225393e-05,4.309169033173609539e-06,1.292752796623191795e-07,2.511413735733701378e-06,3.881075702132030791e-01,3.271356438250571677e-08,1.125869758397809849e-08,1.272215901741404317e-09,9.082908748137980046e-07,1.340110983804691981e-14,2.259910613702778315e-14,1.811249506121536156e-08,3.282415225896087375e-08,8.033151537974340095e-09,2.099810429187107231e-19,3.058136930673271146e-07,1.510644397276678083e-32,4.578730825702022034e-23,5.002685953494964409e-10,1.369735957217079977e-04
3.339999999999999636e-01,3.489016427466500314e-01,5.229537301808651181e-05,4.213933098477033712e-06,1.314915254346875358e-07,2.557846954937957871e-06,3.487183742641409845e-01,2.462521091222278787e-08,8.512989738347158373e-09,9.625306718096030403e-10,6.857078082901064616e-07,1.330686817745644536e-14,2.256691389544229518e-14,1.373086654487965471e-08,2.494532986497311006e-08,6.706281680210063927e-09,1.593600561440372511e-19,2.320340481682254422e-07,1.490417159730342343e-32,4.210698355745102366e-23,5.233078367685919703e-10,1.230720895024821706e-04
3.345000000000000195e-01,3.125140893832804578e-01,4.685969142528599661e-05,4.117975238943279994e-06,1.322832215567532756e-07,2.508280029852692461e-06,3.123494931757411774e-01,1.820753921724333956e-08,6.325044564767526964e-09,7.157150705120914345e-10,5.081711785884876960e-07,1.320362931755179825e-14,2.242332210907794830e-14,1.023071237023369066e-08,1.863721622882844491e-08,5.511859545745738032e-09,1.190150863886924632e-19,1.731063548817148457e-07,1.469158714759230266e-32,3.908048141484033144e-23,5.383704088872261193e-10,1.102365335972732932e-04
3.349999999999999645e-01,2.790082803591573679e-01,4.184626222722661920e-05,4.021326275974256936e-06,1.319769541713418047e-07,2.407689399653546084e-06,2.788609153629135751e-01,1.319934436534498389e-08,4.609782422633811938e-09,5.221776073702172152e-10,3.689998849828744118e-07,1.309986192677803359e-14,2.217122246758743708e-14,7.479501665970902772e-09,1.366668899715173526e-08,4.450686907040636196e-09,8.737931523438687470e-20,1.267530314017768736e-07,1.448164697730192467e-32,3.662204416897358388e-23,5.460996691920381891e-10,9.841751415342605506e-05
3.355000000000000204e-01,2.482435517616940479e-01,3.723345403855441495e-05,3.924079325732894950e-06,1.309427533594903788e-07,2.315145590269603459e-06,2.481119976473606381e-01,9.360662247966706622e-09,3.288561435853212346e-09,3.730516542772864045e-10,2.619433090567611214e-07,1.300450776370227804e-14,2.184801114346645794e-14,5.354287456539350922e-09,9.816830496734150380e-09,3.527398547932367752e-09,6.300523935811366022e-20,9.088631660107314015e-08,1.428696231297569356e-32,3.465915580432617043e-23,5.477610305532715567e-10,8.756539441216015091e-05
3.359999999999999654e-01,2.200792481591546668e-01,3.300311366763520921e-05,3.826388227853310389e-06,1.295454590431042729e-07,2.282276381073758703e-06,2.199621084333159282e-01,6.475633439710373795e-09,2.290221883174305680e-09,2.603157561758048234e-10,1.812791762120112562e-07,1.292360489992916139e-14,2.151164374190205600e-14,3.743440256087362466e-09,6.890118432411128109e-09,2.746186721431074442e-09,4.458345940317343305e-20,6.363028890962315699e-08,1.411609314669947207e-32,3.312429337301242392e-23,5.449844306974463287e-10,7.763054170264850422e-05
3.365000000000000213e-01,1.943753057100158499e-01,2.913943757075957401e-05,3.728466578921734538e-06,1.281056373920420553e-07,2.335918831226012706e-06,1.942712290427434929e-01,4.354022295493255463e-09,1.551688808660461977e-09,1.768629352169876646e-10,1.218805423394466115e-07,1.285827621888950734e-14,2.122050584543204307e-14,2.547687504518303229e-09,4.710393136740869750e-09,2.107670182511061843e-09,3.095340084432146523e-20,4.333057114902046344e-08,1.397141065021763465e-32,3.194938631996314865e-23,5.395122167141575678e-10,6.856353966938430889e-05
3.369999999999999662e-01,1.709928012869565417e-01,2.562708803996587860e-05,3.630578413852446291e-06,1.268728961901220976e-07,2.470783277257308627e-06,1.709005118613020069e-01,2.831557479849578895e-09,1.018182429375682292e-09,1.165240362498818850e-10,7.925315012913730958e-08,1.280464269739107611e-14,2.101443422974268166e-14,1.680532561197730660e-09,3.123725084691457755e-09,1.607103449119394094e-09,2.110691614437177009e-20,2.855398098562543003e-08,1.384909536856654368e-32,3.106450901750310152e-23,5.329804580614720794e-10,6.031538525683468840e-05
3.375000000000000222e-01,1.497944723804833234e-01,2.244930846440219553e-05,3.533015684506237739e-06,1.260124310788968628e-07,2.653977615215705122e-06,1.497127974556758945e-01,1.769286415402971223e-09,6.430956241457693752e-10,7.405209898090393669e-11,4.954534938451467616e-08,1.275546184729499326e-14,2.090335624618455867e-14,1.068143149609120522e-09,1.998336115681613896e-09,1.233908429242104830e-09,1.418587292541465557e-20,1.808044022625379461e-08,1.374103166395018997e-32,3.040053106217588024e-23,5.267531571991278579e-10,5.283767121393643758e-05
3.379999999999999671e-01,1.306452101369506291e-01,1.958675200531028224e-05,3.436064311386194765e-06,1.256039169873085159e-07,2.838874229854610131e-06,1.305730948123358937e-01,1.052148968011096426e-09,3.876031358053412784e-10,4.507597699966928147e-11,2.953367042975523424e-08,1.270269143492019042e-14,2.086686959691367861e-14,6.488084959062304092e-10,1.223745601412376032e-09,9.723350398378215272e-10,9.474911794287314373e-21,1.088932726672988508e-08,1.363772384634464106e-32,2.989400583763740551e-23,5.218194934706802431e-10,4.608275558314345332e-05
3.385000000000000231e-01,1.134125243380558062e-01,1.701743535071958204e-05,3.339966690199238110e-06,1.256505949430113102e-07,2.982649561385682621e-06,1.133490287499560323e-01,5.869762930690184229e-10,2.200684383973377701e-10,2.603173906698990221e-11,1.658790903918317519e-08,1.263995023301578662e-14,2.086396511344317569e-14,3.720673831938546192e-10,7.093193847602111325e-10,8.029374486467471323e-10,6.390568699612501910e-21,6.142199805249444179e-09,1.353111947798903566e-32,2.949199042696238233e-23,5.187553097571240242e-10,4.000391960421032964e-05
3.389999999999999680e-01,9.796697586643647593e-02,1.471778984511372121e-05,3.244891460839326632e-06,1.260956360783016011e-07,3.060946596642241381e-06,9.791125661270397296e-02,3.001109249906098414e-10,1.153120263776710935e-10,1.407980744249903422e-11,8.620154915216761781e-09,1.256403792066115785e-14,2.084858796860017993e-14,1.976067162041275418e-10,3.823959635730691984e-10,7.044955034381631981e-10,4.467910151262061257e-21,3.163485754678190359e-09,1.341642895549965950e-32,2.915487492733337901e-23,5.177423973643976890e-10,3.455551477643568155e-05
3.395000000000000240e-01,8.418257047318218611e-02,1.266437746589766109e-05,3.150919876636586209e-06,1.268425553552378294e-07,3.074663370216357070e-06,8.413385347770183098e-02,1.348260309931065136e-10,5.379982278715250746e-11,7.014566874454578472e-12,4.022515729889032568e-09,1.247516097161521438e-14,2.078508580922274979e-14,9.402294413310304955e-11,1.861527735350848009e-10,6.560145423742799336e-10,3.345735722658807622e-21,1.420390480089489115e-09,1.329254619665051095e-32,2.885637592418535580e-23,5.186333113843578486e-10,2.969309880878086131e-05
3.399999999999999689e-01,7.193710810028845770e-02,1.083561843955613614e-05,3.058052891707954262e-06,1.277765234270868069e-07,3.047115617452430175e-06,7.189466252915296951e-02,4.869758000792383066e-11,2.080320003408978119e-11,3.171702780624850675e-12,1.598320159841921863e-09,1.237606012564277507e-14,2.065825920300440978e-14,3.752794029985294472e-11,7.735745022204106736e-11,6.384909304141574847e-10,2.751271924752652381e-21,5.029391481901368436e-10,1.316126021629126960e-32,2.858108990956782925e-23,5.210457782546122984e-10,2.537355927641967319e-05
3.405000000000000249e-01,6.111248442358551553e-02,9.212913155704818542e-06,2.966236259303844270e-06,1.287838073419646824e-07,3.013450072919013990e-06,6.107560600733222267e-02,1.105531650989319583e-11,5.573502488986182898e-12,1.337171345674197613e-12,4.913206789664055074e-10,1.227061573585523859e-14,2.047525154713873176e-14,1.066784612694489247e-11,2.412662797444187382e-11,6.362197521182400016e-10,2.485126382407221160e-21,1.047918900536655650e-10,1.302585673668541912e-32,2.832087347396729426e-23,5.244693791342836052e-10,2.155522336311205319e-05
3.409999999999999698e-01,5.159494477014950342e-02,7.780805154928799539e-06,2.875395204233021727e-06,1.297671893004242666e-07,3.006839463644667308e-06,5.156295271606808894e-02,6.090592007263964243e-13,5.646672815248663033e-13,6.606998335428799390e-13,1.168859045341757239e-10,1.216258353178344635e-14,2.025976627232829746e-14,1.109076529677885865e-12,3.790122704873793763e-12,6.375270042593855616e-10,2.407103374050671310e-21,5.250399327172297395e-12,1.288979829736752059e-32,2.807150157271537390e-23,5.283680742013783284e-10,1.819795227187722994e-05
3.415000000000000258e-01,4.327529388171014874e-02,6.526211373708529451e-06,2.785467739120612222e-06,1.306560008841411187e-07,3.046770531796041278e-06,4.324754023197319164e-02,3.317892997079903629e-12,7.282012295677534087e-13,5.760927948338606728e-13,9.842708671404095601e-11,1.205489439462883122e-14,2.004177650389317793e-14,5.311729609556726191e-13,9.330457120918797653e-13,6.349135893442749026e-10,2.423313227979165442e-21,5.271858696122440156e-11,1.275594912443853199e-32,2.783056990215619847e-23,5.322650385686790255e-10,1.526321964864458863e-05
3.419999999999999707e-01,3.604906702717565470e-02,5.437090387025751461e-06,2.696427197453660267e-06,1.314102910550913209e-07,3.133500550780668158e-06,3.602495287915224303e-02,1.054287781061710747e-11,2.895930037880071904e-12,7.302339513281541573e-13,2.114191332867206161e-10,1.194957640360097122e-14,1.984704232973323517e-14,3.652344194480988921e-12,5.664052910467110292e-12,6.246873881893048403e-10,2.474849666026465019e-21,1.497783044188490056e-10,1.262642201474321038e-32,2.759676649496985767e-23,5.358007370970970512e-10,1.271417439429381311e-05
3.425000000000000266e-01,2.981666812880750736e-02,4.501100993521377248e-06,2.608289218151588974e-06,1.320195216499356826e-07,3.250121862081530223e-06,2.979565914339971783e-02,1.750015854601893844e-11,5.258013241800754726e-12,9.222988878732920923e-13,3.364398697268131785e-10,1.184802224629612527e-14,1.969011421197925124e-14,7.401033168364521345e-12,1.213578331270454596e-11,6.062221797022435104e-10,2.528169475780330032e-21,2.399792898435855990e-10,1.250277448017665918e-32,2.736988821758345009e-23,5.387604675754903357e-10,1.051568916175593194e-05
3.429999999999999716e-01,2.448347899481772075e-02,3.704763708842359595e-06,2.521104239092135705e-06,1.324969378473627689e-07,3.370728499881172097e-06,2.446511360726727480e-02,2.201162207263424109e-11,6.937008885844927823e-12,1.054143589653103718e-12,4.217487138702375262e-10,1.175119107052603351e-14,1.957255368415852112e-14,1.023617130601130401e-11,1.732447353986402000e-11,5.810131177132233016e-10,2.567193175975068391e-21,2.964037635703403729e-10,1.238613938073237090e-32,2.715068620075564764e-23,5.410728883849468370e-10,8.634396331558545599e-06
3.435000000000000275e-01,1.995994120833311999e-02,3.033406165354994752e-06,2.434941257672177208e-06,1.328712782499994467e-07,3.471047214252553727e-06,1.994382830358817221e-02,2.353491203847127230e-11,7.653442635481215287e-12,1.092051664891715321e-12,4.551338897640120592e-10,1.165945354227578001e-14,1.948579405943749554e-14,1.161021273425740800e-11,2.006029615308758195e-11,5.516982924237740255e-10,2.587055427406694915e-21,3.120353938279407518e-10,1.227699701590980145e-32,2.693990873207702407e-23,5.427854482536818728e-10,7.038713194335774290e-06
3.439999999999999725e-01,1.616160977945736710e-02,2.471851222973442749e-06,2.349870552502803894e-06,1.331776858740644936e-07,3.537309447466676257e-06,1.614741684890557555e-02,2.244373208177849199e-11,7.474436755233306727e-12,1.039108464378601410e-12,4.441331728191020478e-10,1.157208594711374077e-14,1.941638355281187608e-14,1.156268022602357976e-11,2.028837706488480851e-11,5.211897286507004755e-10,2.589368653972341624e-21,2.919286240959090338e-10,1.217460208509561501e-32,2.673659445396802544e-23,5.440254566402862826e-10,5.698857526669592313e-06
3.445000000000000284e-01,1.300917628267470559e-02,2.005523416213965530e-06,2.265951830731969403e-06,1.334495328545935536e-07,3.570195371167287284e-06,1.299661256506003983e-02,1.952269726495558909e-11,6.634434189694631363e-12,9.166332265693237327e-13,4.033102354639398994e-10,1.148672817931311270e-14,1.935091351459463403e-14,1.042774496484110187e-11,1.853263331489102600e-11,4.920134237486090083e-10,2.578819603654142538e-21,2.471319474403427458e-10,1.207639764910734258e-32,2.653637309838632465e-23,5.449564143067695031e-10,4.586853986694762498e-06
3.449999999999999734e-01,1.042845937231166517e-02,1.621511656002443681e-06,2.183230761251764242e-06,1.337124268010061397e-07,3.582843369501584441e-06,1.041725994802368722e-02,1.563805997547461355e-11,5.415780922180848011e-12,7.525662737606483378e-13,3.470544021986973145e-10,1.139926774324780972e-14,1.927874696673383590e-14,8.637118710542017365e-12,1.553023675216662474e-11,4.659066264526716959e-10,2.560892748528258038e-21,1.902674648647533425e-10,1.197789808531624147e-32,2.633085805488372278e-23,5.457382248279399931e-10,3.676531103262720118e-06
3.455000000000000293e-01,8.350362166855673438e-03,1.309177371748242085e-06,2.101742780835223506e-06,1.339810399187181095e-07,3.594276681531036347e-06,8.340278036672504891e-03,1.154581339071190394e-11,4.076718033211572283e-12,5.746174507805227301e-13,2.863495677293708097e-10,1.130450041027097738e-14,1.919218761193723768e-14,6.598982187557082197e-12,1.200318053547630431e-11,4.436710987535689100e-10,2.540503349479459012e-21,1.326133309816128979e-10,1.187340294621378130e-32,2.610894434987447721e-23,5.464974813982568719e-10,2.943508347850314946e-06
3.459999999999999742e-01,6.710798354311332467e-03,1.060104945593436009e-06,2.021520165081465751e-06,1.342587444315847892e-07,3.621237083658546622e-06,6.701594753061662461e-03,7.801253752077270085e-12,2.814962048412059929e-12,4.063267570743550434e-13,2.280927237582955565e-10,1.119757748566924166e-14,1.908516110855794894e-14,4.634472286760033476e-12,8.534525716120784348e-12,4.252412998157119377e-10,2.521324549204792621e-21,8.248265676767090392e-11,1.175754488304366373e-32,2.586002790362829333e-23,5.473108800893089706e-10,2.365172961521865777e-06
3.465000000000000302e-01,5.450591076706033308e-03,8.674639050867560700e-07,1.942597700706404685e-06,1.345394963010349905e-07,3.671762884500858818e-06,5.442052872146644141e-03,4.738336041939588124e-12,1.756285108568923485e-12,2.648135254539572399e-13,1.757864251757919251e-10,1.107582766483576348e-14,1.895213017592326992e-14,2.955043370068405559e-12,5.519810059537193051e-12,4.099010865232101110e-10,2.505605681708357586e-21,4.465010899951433562e-11,1.162723239921770328e-32,2.557817982646878144e-23,5.482017217287142564e-10,1.920646769134729499e-06
3.469999999999999751e-01,4.515349894580572045e-03,7.250787450529029568e-07,1.865013875113756919e-06,1.348110866642350808e-07,3.742873705539682804e-06,4.507290267774133330e-03,2.492398302995636598e-12,9.591192014653080452e-13,1.596564537649430207e-13,1.307306612150012089e-10,1.094024065491935666e-14,1.878857047276541959e-14,1.666450470520929574e-12,3.168193326254623321e-12,3.965731592951459798e-10,2.494301916776444987e-21,2.055272003485005230e-11,1.148323407157633470e-32,2.526561024798566764e-23,5.491470614584821104e-10,1.590743914919695800e-06
3.475000000000000311e-01,3.855331016690868775e-03,6.265962475992885197e-07,1.788807339545914611e-06,1.350588114492601024e-07,3.822908642677455332e-06,3.847598684374392911e-03,1.045450424512020788e-12,4.279972767857207133e-13,9.282380131534690031e-14,9.314896523045224705e-11,1.079588511927629080e-14,1.859315927102660180e-14,7.878504982164346235e-13,1.532625316912506144e-12,3.841106077209825388e-10,2.487366560459956311e-21,8.988610534122580274e-12,1.133063752679702608e-32,2.493371987490468528e-23,5.500917009256343725e-10,1.357921019182485271e-06
3.479999999999999760e-01,3.425284651155763218e-03,5.650729221236875910e-07,1.714011063727982068e-06,1.352687589092230467e-07,3.897178966875521916e-06,3.417765904121828312e-03,2.787253430957354793e-13,1.304373241124054338e-13,5.973062373647109660e-14,6.296103120653295196e-11,1.065085305283847314e-14,1.837052021304783129e-14,2.773061427144787255e-13,5.531693954912880000e-13,3.715358199048690415e-10,2.484093821314260937e-21,7.057317623196866934e-12,1.117775368110064778e-32,2.460077420157473810e-23,5.509649264269676682e-10,1.206221474812931359e-06
3.485000000000000320e-01,3.184291390370731518e-03,5.331132950169595869e-07,1.640647842871408991e-06,1.354301971143148409e-07,3.954384284115508982e-06,3.176905637916867167e-03,2.219949666772476750e-14,1.354098834527632167e-14,5.135120048573105101e-14,4.013213090371696868e-11,1.051387629915035287e-14,1.813263673000124101e-14,5.759023984817577180e-14,1.022097487514255255e-13,3.581938459915686415e-10,2.483437561502855602e-21,1.112557200210915805e-11,1.103361915438555148e-32,2.428651377286991217e-23,5.516964491905953675e-10,1.121215411209820073e-06
3.489999999999999769e-01,3.095587778683907623e-03,5.234571593901599666e-07,1.568730136221615539e-06,1.355368570408655962e-07,3.991129377732791862e-06,3.088278050168531946e-03,9.505608850619212408e-14,1.802420916914248258e-14,5.700063488423568704e-14,2.467493052526411543e-11,1.039133356698616335e-14,1.789732824102874995e-14,3.847438230445562109e-14,2.433825499920871463e-14,3.438101142269975154e-10,2.484266009770547811e-21,1.765708458577964481e-11,1.090485166277028588e-32,2.400533821027457742e-23,5.522290370372516609e-10,1.089936352641819820e-06
3.495000000000000329e-01,3.126380303048515753e-03,5.297359632803904555e-07,1.498265018113944634e-06,1.355871673046361989e-07,4.012834460220624130e-06,3.119102143369903955e-03,3.344579925439828582e-13,8.857079440288950646e-14,6.712074993661776472e-14,1.645194315674671537e-11,1.028471384053935833e-14,1.768342047307668495e-14,1.335553139266111582e-13,1.670853881560168913e-13,3.284620734005958904e-10,2.485539773159453642e-21,2.380670646011513290e-11,1.079297848267840697e-32,2.376050883538040729e-23,5.525264785886714580e-10,1.100815003731743516e-06
3.499999999999999778e-01,3.247647290396318744e-03,5.470636994503489431e-07,1.429262399257448777e-06,1.355836587595619808e-07,4.030903740950923481e-06,3.240359957441116354e-03,6.124874597061602193e-13,1.802823006872868521e-13,7.533324022890682627e-14,1.493761424862954896e-11,1.018955457492585106e-14,1.750389953699177951e-14,2.710925316494960818e-13,4.012539349841537775e-13,3.124881455525644365e-10,2.486418516424241907e-21,2.774017731821961740e-11,1.069330862189893597e-32,2.354171255431471113e-23,5.525765371041044323e-10,1.143610146166598789e-06
3.505000000000000338e-01,3.433929417207776634e-03,5.722115956692875588e-07,1.361742882272010167e-06,1.355318198828030733e-07,4.057541856500359208e-06,3.426592153804385033e-03,8.427486059261666882e-13,2.615987415345016393e-13,7.922658190598809217e-14,1.906565936936219000e-11,1.009641225737600398e-14,1.735964007298763219e-14,3.993122475244745869e-13,6.314399162692626610e-13,2.963641512253303805e-10,2.486310318711419079e-21,2.869330322602147715e-11,1.059593606422683045e-32,2.332727525983385212e-23,5.523893204174391389e-10,1.209336494850466649e-06
3.509999999999999787e-01,3.663111183328135803e-03,6.032978720707055648e-07,1.295741499544365648e-06,1.354386772084013582e-07,4.100481234557674069e-06,3.655685145165323870e-03,9.790253083769281723e-13,3.144149547494610511e-13,7.976233940716417680e-14,2.723024303565665813e-11,9.993699693947565599e-15,1.723657027461636186e-14,4.872215982091141220e-13,7.984494278749013245e-13,2.805773813332815466e-10,2.484878941713851788e-21,2.682337894412038865e-11,1.048870270513889932e-32,2.309065293351608636e-23,5.519920225635267855e-10,1.290189570300629797e-06
3.515000000000000346e-01,3.916197076510558039e-03,6.391257666164623468e-07,1.231305216219522607e-06,1.353113388952507428e-07,4.159796706221210365e-06,3.908651189228340428e-03,1.008685954848930631e-12,3.322608399351995979e-13,7.966104328626498167e-14,3.744826054509687695e-11,9.871506653735549799e-15,1.710813326352968632e-14,5.222392690091343058e-13,8.758528118872960080e-13,2.655230789884680212e-10,2.482021293597545762e-21,2.292809576662744788e-11,1.036119636766667398e-32,2.280917896123721490e-23,5.514213381039402369e-10,1.379468087810675169e-06
3.519999999999999796e-01,4.177086695848243603e-03,6.784424697940403841e-07,1.168484748774163824e-06,1.351557027920029905e-07,4.228026156587166224e-06,4.169404221282925829e-03,9.433860273843636753e-13,3.174005232839633228e-13,8.146831846938158388e-14,4.763959325022912179e-11,9.725090397457820348e-15,1.694293704343053490e-14,5.059614107325297066e-13,8.629913084846249796e-13,2.514392365691803539e-10,2.477823614199873901e-21,1.811288154673551268e-11,1.020840749093681253e-32,2.247205604011610534e-23,5.507150517063905865e-10,1.471494842730445153e-06
3.525000000000000355e-01,4.432352600641504929e-03,7.194148549391252677e-07,1.107323772996347085e-06,1.349755004110490650e-07,4.293417454576687397e-06,4.424535071534320407e-03,8.091950838903821371e-13,2.775867757793145906e-13,8.607147901341833298e-14,5.595209839231519579e-11,9.556763667664498047e-15,1.671531958760425043e-14,4.492228748425504537e-13,7.765046697492221058e-13,2.383854731363466176e-10,2.472502741302469222e-21,1.347888936415849366e-11,1.003271025240592522e-32,2.208467305259550280e-23,5.499043519750331695e-10,1.561537378596063077e-06
3.529999999999999805e-01,4.671023312617604388e-03,7.595201866810462011e-07,1.047849861349859205e-06,1.347718130704929876e-07,4.344863458788277561e-06,4.663089729372353782e-03,6.377052140733973673e-13,2.230295310319702477e-13,9.220898220988367550e-14,6.105129270606588184e-11,9.375427698499239260e-15,1.641510167019400706e-14,3.673554229860101858e-13,6.420115052204916042e-13,2.262623217644332679e-10,2.466339039401008357e-21,9.884780111456738120e-12,9.843378282138818707e-33,2.166751991965968786e-23,5.490082590188817506e-10,1.645729730606449154e-06
3.535000000000000364e-01,4.884372247920687124e-03,7.958753146329628387e-07,9.900709332979632883e-07,1.345431376594011037e-07,4.376463280376144609e-06,4.876353464498986955e-03,4.590771552552146148e-13,1.639405414860993750e-13,9.708477379254203973e-14,6.230864362090946648e-11,9.193819365413567515e-15,1.605272886810042396e-14,2.762478944284908132e-13,4.870593107540166612e-13,2.148600674217829503e-10,2.459609381776350230e-21,7.811067873830108263e-12,9.653705923845413071e-33,2.124985950417526790e-23,5.480311462290560269e-10,1.720996236151820938e-06
3.539999999999999813e-01,5.065712013915424361e-03,8.258493056753612000e-07,9.339788423227377485e-07,1.342859879475112460e-07,4.389876819158990599e-06,5.057642225924535370e-03,2.974319399451336562e-13,1.088302038854820245e-13,9.774258141959731581e-14,5.985057078903517689e-11,9.024365986308550915e-15,1.565745094029994806e-14,1.895258919110762249e-13,3.359555005567603480e-13,2.039222702598203098e-10,2.452530203488819173e-21,7.331168054383261809e-12,9.476670058579949591e-33,2.086020864098213513e-23,5.469636959508485193e-10,1.784977913911523163e-06
3.545000000000000373e-01,5.210192948687663791e-03,8.476938737530321519e-07,8.795588596795793638e-07,1.339959039480018651e-07,4.393590046326438297e-06,5.202101346278026860e-03,1.685538495286281187e-13,6.357760516697495763e-14,9.255550584510507887e-14,5.446423214533412022e-11,8.875061112530735294e-15,1.526866911963840256e-14,1.169232438891844220e-13,2.066546423932355672e-13,1.932085563874930336e-10,2.445220298622502135e-21,8.172661171750312624e-12,9.320612597587593460e-33,2.051687385557270904e-23,5.457868650468955859e-10,1.835961421206413462e-06
3.549999999999999822e-01,5.314605154148241938e-03,8.609253188690234349e-07,8.268014364926468424e-07,1.336686370292202916e-07,4.399470822459120032e-06,5.306510693009252808e-03,7.956029825975427673e-14,3.118169946816536622e-14,8.216043026077985698e-14,4.738758475397324639e-11,8.746791774226075346e-15,1.492317221436525280e-14,6.373301050978280384e-14,1.095448576053522025e-13,1.825437927822490296e-10,2.437689796982948802e-21,9.838535349472301927e-12,9.186442119074243291e-33,2.022182591460321724e-23,5.444777353296036677e-10,1.872810286639525259e-06
3.555000000000000382e-01,5.377184351719919812e-03,8.662975835372024718e-07,7.757117072768851714e-07,1.333012210093333415e-07,4.418056056095476644e-06,5.369095320207106434e-03,3.001854697908993297e-14,1.203292980322686049e-14,6.941790628860868191e-14,4.003352071732427329e-11,8.633049980614977163e-15,1.464266891119977101e-14,3.110834857581091842e-14,4.775992293389230548e-14,1.718455019586058476e-10,2.429856031453380902e-21,1.175251850360589156e-11,9.067332005974415052e-33,1.996005328888452948e-23,5.430156907546226905e-10,1.894898084050799628e-06
3.559999999999999831e-01,5.397423179734569393e-03,8.653728045814576579e-07,7.263130981230666990e-07,1.328926589460385532e-07,4.454461233646685685e-06,5.389341346736546343e-03,1.393302850551996366e-14,4.516999634088467971e-15,5.839692196830569674e-14,3.370737369111134827e-11,8.522128303637989646e-15,1.442611415026098248e-14,1.692947610102852931e-14,1.853753803015349876e-14,1.611271094171589140e-10,2.421580410190002505e-21,1.339466427625601584e-11,8.951019867121388250e-33,1.970462049180042460e-23,5.413873452759486831e-10,1.902043450971817442e-06
3.564999999999999836e-01,5.375890496946127833e-03,8.598552055281116439e-07,6.786437305750546634e-07,1.324440568246747013e-07,4.506492676220182907e-06,5.367817880057069307e-03,2.206481549822869832e-14,5.768153380965915849e-15,5.279540986466874642e-14,2.937323988298962251e-11,8.401034335050846788e-15,1.424973309761586982e-14,1.695177834412705975e-14,1.513124227044852393e-14,1.504800703642229090e-10,2.412715114845622936e-21,1.440141863017054188e-11,8.823906752364451512e-33,1.942567007801057856e-23,5.395890668397659701e-10,1.894447240752376241e-06
3.569999999999999840e-01,5.314061455652334572e-03,8.509435337119735699e-07,6.327471074039491513e-07,1.319581933669466981e-07,4.565626619423129444e-06,5.306006827757493022e-03,4.414573184075977879e-14,1.241839013792160257e-14,5.444356690806803177e-14,2.750966373814613860e-11,8.259774183272653113e-15,1.407492874995018299e-14,2.598753538092686136e-14,2.883986079980806054e-14,1.400419910827770569e-10,2.403146318327200000e-21,1.461596315048301012e-11,8.675542169494457966e-33,1.910026495206170438e-23,5.376266837398109661e-10,1.872632458463874923e-06
3.574999999999999845e-01,5.214160465598223840e-03,8.389436736311567040e-07,5.886607085519907839e-07,1.314386805086155119e-07,4.620382197054063102e-06,5.206142944629967538e-03,7.068332378856610750e-14,2.123132022143262859e-14,6.250499658074694876e-14,2.807359509557932774e-11,8.094556042292202851e-15,1.386142078784426894e-14,3.893462393734486623e-14,5.081847861991839158e-14,1.299598429150798574e-10,2.392822446551599811e-21,1.408696203302856165e-11,8.501977096335250269e-33,1.871974161585910073e-23,5.355127878788487246e-10,1.837387809194532244e-06
3.579999999999999849e-01,5.079017921428393562e-03,8.232754877745749282e-07,5.464067933586006567e-07,1.308889861794776826e-07,4.660710195462745046e-06,5.071066226805174409e-03,9.419281511433620446e-14,2.955571465389137112e-14,7.370812418149269123e-14,3.056828650261538394e-11,7.908874872039779906e-15,1.358106245760337923e-14,5.153584200376350204e-14,7.345461369799745883e-14,1.203570855189421512e-10,2.381761198535537788e-21,1.302447843086560573e-11,8.306896846874357344e-33,1.829218902421272558e-23,5.332627013039237902e-10,1.789715603956026552e-06
3.584999999999999853e-01,4.911940173315839167e-03,8.028518339331662962e-07,5.059886961637255141e-07,1.303116191749287183e-07,4.681686421096586508e-06,4.904087861772127299e-03,1.098179470423042782e-13,3.557693616620933966e-14,8.352598952583593097e-14,3.419083978553637907e-11,7.712196593431120521e-15,1.322752729915134136e-14,6.082079238788415274e-14,9.121209328013671791e-14,1.113113183003641951e-10,2.370035818618804569e-21,1.172901383150321452e-11,8.100239252898111665e-33,1.783940952483038337e-23,5.308904454969576331e-10,1.730784449833431752e-06
3.589999999999999858e-01,4.716591182119506120e-03,7.766657718018433600e-07,4.673936862406316134e-07,1.297077055510338968e-07,4.685139118390893066e-06,4.708869708907753755e-03,1.154010799614655210e-13,3.837943614786325842e-14,8.784562555987128114e-14,3.802208023352000193e-11,7.516783376654561619e-15,1.281853752657418444e-14,6.524032920652607486e-14,1.009478085739530104e-13,1.028457125398583722e-10,2.357747214067554142e-21,1.051252105634971861e-11,7.894866114726995522e-33,1.738961049347185047e-23,5.284058798646079956e-10,1.661886715425452694e-06
3.594999999999999862e-01,4.496883960420877506e-03,7.443487988577636889e-07,4.306009611079946855e-07,1.290770430567049735e-07,4.678689513393953498e-06,4.489316171721630978e-03,1.111278852766661770e-13,3.785774061805952407e-14,8.447910936998708590e-14,4.121718089355027767e-11,7.333797448027186512e-15,1.238996273909545124e-14,6.454646689544131994e-14,1.017832655836632730e-13,9.493387422412752325e-11,2.344992000271172108e-21,9.628948086136789173e-12,7.702480067513339958e-33,1.696844389047811063e-23,5.258136464107061498e-10,1.584400369662380177e-06
3.599999999999999867e-01,4.256880321168472238e-03,7.064840417460667837e-07,3.955915362425502375e-07,1.284185566846544391e-07,4.672690537737698825e-06,4.249476718520802179e-03,9.890308265772762356e-14,3.452626221988098916e-14,7.393854508090069149e-14,4.315986553096914390e-11,7.169992634493470734e-15,1.198396641897649756e-14,5.949633859253757325e-14,9.465932749414029886e-14,8.751481973037097372e-11,2.331836520893517971e-21,9.227273668510532847e-12,7.530158772299916683e-33,1.659140412031366263e-23,5.231138815646435430e-10,1.499754578741780001e-06
3.604999999999999871e-01,4.000698406379178153e-03,6.645614049562343677e-07,3.623563325732221411e-07,1.277309529261411182e-07,4.676317021053870695e-06,3.993457388166737204e-03,8.161512743807527114e-14,2.928089429140406278e-14,5.919293757036653419e-14,4.355426430537685847e-11,7.026017190219092155e-15,1.163538475223566423e-14,5.146763602893692334e-14,8.171924916728703688e-14,8.051301361632668062e-11,2.318303698708661811e-21,9.333490347850959168e-12,7.378578702817972126e-33,1.625993593803033443e-23,5.203040819951255475e-10,1.409398474143390162e-06
3.609999999999999876e-01,3.732428529718757448e-03,6.206032269747376574e-07,3.308997257556705840e-07,1.270133254204327591e-07,4.694310341089927184e-06,3.725340286558535309e-03,6.242649256429513224e-14,2.315977741192771404e-14,4.452362901848040998e-14,4.244360555911068983e-11,6.896740592704526801e-15,1.136099220087190867e-14,4.206719241228288446e-14,6.565638896579353462e-14,7.385813337777068990e-11,2.304374640980336310e-21,9.861138853755065824e-12,7.242360447006780734e-33,1.596219835059848966e-23,5.173812319687049801e-10,1.314772740780414547e-06
3.614999999999999880e-01,3.456058600026761483e-03,5.766126829347208297e-07,3.012377274067413860e-07,1.262655115178728471e-07,4.725546214258551768e-06,3.449111021040566355e-03,4.419046812447580422e-14,1.713956074535306204e-14,3.393700030994499173e-14,4.016049047686931805e-11,6.773319419932023353e-15,1.115513036372187042e-14,3.279755095436254326e-14,4.913581462035966254e-14,6.750021680338254378e-11,2.290002113193857305e-21,1.064420753711651064e-11,7.112236326823149665e-33,1.567782611360071744e-23,5.143433839564829001e-10,1.217284006650191786e-06
3.619999999999999885e-01,3.175410509667823608e-03,5.340563966651893814e-07,2.733920091530312424e-07,1.254881141545668188e-07,4.763838521502014725e-06,3.168594830860395947e-03,2.905344543022178946e-14,1.198971280520609624e-14,2.974633507096939468e-14,3.722639298192374060e-11,6.646182622982514044e-15,1.099284282494282735e-14,2.482289162723931523e-14,3.436158486844221274e-14,6.141765676274570858e-11,2.275129894307786854e-21,1.148248419991386958e-11,6.978180750754611454e-33,1.538480125728203256e-23,5.111902576039120096e-10,1.118282301548362156e-06
3.624999999999999889e-01,2.894088336846185015e-03,4.935682224219907035e-07,2.473823643811306619e-07,1.246822383361708009e-07,4.800528964702206050e-06,2.887402523007945830e-03,1.826067078690141119e-14,8.193523245754387758e-15,3.184600559851250905e-14,3.422600583536847462e-11,6.507912827295529186e-15,1.083905421753062014e-14,1.885024453882513681e-14,2.282180844842905475e-14,5.561756028246896808e-11,2.259711401052617503e-21,1.218824303917731661e-11,6.832430451619162179e-33,1.506607995771286448e-23,5.079229063099154170e-10,1.019041976362586978e-06
3.629999999999999893e-01,2.615438242676247031e-03,4.549670452333387087e-07,2.232204680689231106e-07,1.238490936594443515e-07,4.827777302587276532e-06,2.608887083292315157e-03,1.214897153974169341e-14,5.932411956782634087e-15,3.791455250914979914e-14,3.168408637382715329e-11,6.355160649965322060e-15,1.066038980654045966e-14,1.511885850161358341e-14,1.520832956401824923e-14,5.012975848403514134e-11,2.243722583627039490e-21,1.262436396932554626e-11,6.671490081379758635e-33,1.471399031808713933e-23,5.045428897251318611e-10,9.207463899456341070e-07
3.634999999999999898e-01,2.342518915178386230e-03,4.175579130888743906e-07,2.009069618952054359e-07,1.229896469230086307e-07,4.841285915724354168e-06,2.336111109479685390e-03,1.028546720323130204e-14,5.121367876925614420e-15,4.441881367815363692e-14,2.996880152619722092e-11,6.189152480207964587e-15,1.043558938187156909e-14,1.347335755564940976e-14,1.148158224938726283e-14,4.499689131549674902e-11,2.227166944040218483e-21,1.272704723675947908e-11,6.496662695888309399e-33,1.433139173743374382e-23,5.010515353657957638e-10,8.244764153890245513e-07
3.639999999999999902e-01,2.078080700025089489e-03,3.805820170334136448e-07,1.804324064003545175e-07,1.221044648951327803e-07,4.841502193468253316e-06,2.071824296882300749e-03,1.169818810404078185e-14,5.478373977467625532e-15,4.799435027579817196e-14,2.923758754134979653e-11,6.014856097734054630e-15,1.016125403830004188e-14,1.348693187533341254e-14,1.103583945157375460e-14,4.026337256129928250e-11,2.210073335409634040e-21,1.251034232343174827e-11,6.313172996909706939e-33,1.392974621026503304e-23,4.974497371453186977e-10,7.312024940824951101e-07
3.644999999999999907e-01,1.824551396831841903e-03,3.436354849516081131e-07,1.617811551518352261e-07,1.211937905334479291e-07,4.832988730925957492e-06,1.818449446671729962e-03,1.514235379437576068e-14,6.609436194421262715e-15,4.666009901324888856e-14,2.943128856934983971e-11,5.839266500976174114e-15,9.851486343885882409e-15,1.459962133854741453e-14,1.291550267827261751e-14,3.596574782712338218e-11,2.192488966868418317e-21,1.205381092791222348e-11,6.128368414288009455e-33,1.352516732857849055e-23,4.937384073828497000e-10,6.417796976766983071e-07
3.649999999999999911e-01,1.584027102004606372e-03,3.069031727081742244e-07,1.449362902000264216e-07,1.202577899050063897e-07,4.822362539722193357e-06,1.578075133120957580e-03,1.935285558379732503e-14,8.092670197657520711e-15,4.042348615776467423e-14,3.031210439908475996e-11,5.669446950383993441e-15,9.532118978672467153e-15,1.624249635726597595e-14,1.603725372555933881e-14,3.212620547893767466e-11,2.174470401556220734e-21,1.147795611473764419e-11,5.949664023929844433e-33,1.313390932807760078e-23,4.899193341564640981e-10,5.569451401631514300e-07
3.654999999999999916e-01,1.358267242912595011e-03,2.711364533457107027e-07,1.298836869118251438e-07,1.192968363183384604e-07,4.815703871324127821e-06,1.352453347609657193e-03,2.324635002620632803e-14,9.548817585908990283e-15,3.109558688431048178e-14,3.153268961918625557e-11,5.510891180696105539e-15,9.231907924552493550e-15,1.792874986484294659e-14,1.938289387577111685e-14,2.875004713681425700e-11,2.156074609147656280e-21,1.091400337901617117e-11,5.782824817303218931e-33,1.276859887730030703e-23,4.859959653969608667e-10,4.773171463870101067e-07
3.659999999999999920e-01,1.148693749728259186e-03,2.374073288960464574e-07,1.166139498145629068e-07,1.183116901431324692e-07,4.816449170169906782e-06,1.143001020691390267e-03,2.605207467121937748e-14,1.069046380620333540e-14,2.145153104805418300e-14,3.271900167158953190e-11,5.366539394885647453e-15,8.973767508834172770e-15,1.930436563388461788e-14,2.214043650961135933e-14,2.582700127672045938e-11,2.137351049561987472e-21,1.047498734607611414e-11,5.630934112463765561e-33,1.243597467742217529e-23,4.819736460651504918e-10,4.033957892291751368e-07
3.664999999999999925e-01,9.563948380750530998e-04,2.067535036726622915e-07,1.051219954271434968e-07,1.173034872299934480e-07,4.824500046991552534e-06,9.508050492897648573e-04,2.736603537614951164e-14,1.134712224218764152e-14,1.411232544390436482e-14,3.354875160887896287e-11,5.236507932029269681e-15,8.768725128897889617e-15,2.016129530851916107e-14,2.378384740730282835e-14,2.333553282875963529e-11,2.118335047448701377e-21,1.023399897050491842e-11,5.494110879041194449e-33,1.213627181480873000e-23,4.778590690115439166e-10,3.355646638388083062e-07
3.669999999999999929e-01,7.821339464341887926e-04,1.798600710835740840e-07,9.540498153387326980e-08,1.162735392955929602e-07,4.836744412854832805e-06,7.766310304205172998e-04,2.713622838031980645e-14,1.146749712906501207e-14,1.060078670942178136e-14,3.381026844932293550e-11,5.118393126256481242e-15,8.614054700602733475e-15,2.042296213885830967e-14,2.409287100401256503e-14,2.124884900665645053e-11,2.099042720491825069e-21,1.021328153907100577e-11,5.369829618919980525e-33,1.186392860086281204e-23,4.736590563509324803e-10,2.740939699953366497e-07
3.674999999999999933e-01,6.263639983576814712e-04,1.568952523202035381e-07,8.745974437204188580e-08,1.152230355886959386e-07,4.848626960828643026e-06,6.209361154737954485e-04,2.559559102718437524e-14,1.110322687474506080e-14,1.091742006616812689e-14,3.343224151560012167e-11,5.007938165590309561e-15,8.495540674263094134e-15,2.011460426373102171e-14,2.312260505852237019e-14,1.954114999455089863e-11,2.079468275577231838e-21,1.038519592179734477e-11,5.253621159335356548e-33,1.160912837062254103e-23,4.693791066710050611e-10,2.191450487255050904e-07
3.679999999999999938e-01,4.892465264698402008e-04,1.375461794648180322e-07,8.128080628400434644e-08,1.141527795953376452e-07,4.856043524911546878e-06,4.838862002490923139e-04,2.316390866498608606e-14,1.038012387926316963e-14,1.374724188372248411e-14,3.248172471721405924e-11,4.899889721313492142e-15,8.392581677715242754e-15,1.932986374541987261e-14,2.113755368358503264e-14,1.819280221717611729e-11,2.059585015384860315e-21,1.068350736116120543e-11,5.139972429411545793e-33,1.135977603649096619e-23,4.650222819950506935e-10,1.707764491246660785e-07
3.684999999999999942e-01,3.706745773768559972e-04,1.212179005423349485e-07,7.685951224642643969e-08,1.130630794244732967e-07,4.856791036238491353e-06,3.653771743854881005e-04,2.034024538700947246e-14,9.463472943946534821e-15,1.714881970770587033e-14,3.113444852183694054e-11,4.788949878908898742e-15,8.284233533064915789e-15,1.820139880710520521e-14,1.852693797308341592e-14,1.719347122523185346e-11,2.039351272350552861e-21,1.102148911300928397e-11,5.023325828827291847e-33,1.110369069525140234e-23,4.605889033853343879e-10,1.289514278498111507e-07
3.689999999999999947e-01,2.702979624411278427e-04,1.072984891432602038e-07,7.418424658813893174e-08,1.119538437560776336e-07,4.851068348868906704e-06,2.650593972756055310e-04,1.760449070676124606e-14,8.523553079243228838e-15,1.939849149880126109e-14,2.962658647003582425e-11,4.670772420811187567e-15,8.154394457463559307e-15,1.687881234132887308e-14,1.571748299239141469e-14,1.654276490127955640e-11,2.018721389271266092e-21,1.131232214164786086e-11,4.899124463126329306e-33,1.083089632581087079e-23,4.560772165446532347e-10,9.354658732789899513e-08
3.694999999999999951e-01,1.875494548901746712e-04,9.537755938243615375e-08,7.324126077719177601e-08,1.108248465853035239e-07,4.840959093096296268e-06,1.823641834029322091e-04,1.534149147660039808e-14,7.706463802799888533e-15,1.963200869223891379e-14,2.819981724001128330e-11,4.542921042881242552e-15,7.994961196744764520e-15,1.551337387003934678e-14,1.309727765826812385e-14,1.624850678082822771e-11,1.997660019069187933e-21,1.148729691576553656e-11,4.764816651826914283e-33,1.053582107991803673e-23,4.514848062580347237e-10,6.436122314559852289e-08
3.699999999999999956e-01,1.216709209864905817e-04,8.533702031414137052e-08,7.401555542577384912e-08,1.096760518561218310e-07,4.829244728589277336e-06,1.165310189310930615e-04,1.379517128346905868e-14,7.113804983064384260e-15,1.804421368037868156e-14,2.705153916258669804e-11,4.405619106811770679e-15,7.806599034956217884e-15,1.424684671732139968e-14,1.096025411961366938e-14,1.632326994628522936e-11,1.976156145758574453e-21,1.150827221034757574e-11,4.620641064945824886e-33,1.021901420542388247e-23,4.468102401749118536e-10,4.112692951820149128e-08
3.704999999999999960e-01,7.173893703688258576e-05,7.729461301695256108e-08,7.649146180850183989e-08,1.085078640201401051e-07,4.818127242371975379e-06,6.663450217173488572e-05,1.305408068465169423e-14,6.792988921027974273e-15,1.561487630125521506e-14,2.629972591213182740e-11,4.262042774884180648e-15,7.597451060722128236e-15,1.320148221973492192e-14,9.476059927973948432e-15,1.678014470165809516e-11,1.954232262816409142e-21,1.137242137851993756e-11,4.469932532382820917e-33,9.887811552463265234e-24,4.420543318364282208e-10,2.351710730732379184e-08
3.709999999999999964e-01,3.668995304155026017e-05,7.144465841197040111e-08,8.065288072032113534e-08,1.073212025449974659e-07,4.808409512209914436e-06,3.161047660822284235e-05,1.306477237939097952e-14,6.738153455221716670e-15,1.353248960678480016e-14,2.596789834701584770e-11,4.117920093409866695e-15,7.380481390773442737e-15,1.246951956020004488e-14,8.685344779975730662e-15,1.762881058548905145e-11,1.931944781652177266e-21,1.110910760023621776e-11,4.318699979868465637e-33,9.555405677956848276e-24,4.372205664978774198e-10,1.115618706848926017e-08
3.714999999999999969e-01,1.534532691322649996e-05,6.787970866632280494e-08,8.648335681204151516e-08,1.061173730220295267e-07,4.799424467301018651e-06,1.028130544459357357e-05,1.366577595910711053e-14,6.900001849472479016e-15,1.260216118544690808e-14,2.599101466673764891e-11,3.980342088118886156e-15,7.170201333315117936e-15,1.210253092090054358e-14,8.516465802433661221e-15,1.887281589302674022e-11,1.909374077610244343e-21,1.077037861059720227e-11,4.174378466098678741e-33,9.238106524219459178e-24,4.323145664340711854e-10,3.628549118424309912e-09
3.719999999999999973e-01,6.436495479656115455e-06,6.647684407321287940e-08,9.396618107423918595e-08,1.048977925542450147e-07,4.789649205122399158e-06,1.380533654972638677e-06,1.463300879490620930e-14,7.201632206588443055e-15,1.290605051865330543e-14,2.623875975903525609e-11,3.855946952801658071e-15,6.979396835843171168e-15,1.210277554979119387e-14,8.816894818286626751e-15,2.050858676322021593e-11,1.886605974503117522e-21,1.041773614076061530e-11,4.043924612299961142e-33,8.951164568666991271e-24,4.273428471811342947e-10,4.872274338283469810e-10
3.724999999999999978e-01,8.630233877009811967e-06,6.689608117491677199e-08,1.030845517834651747e-07,1.036636864583622115e-07,4.777645390729167799e-06,3.577200111813191343e-06,1.572721444732275854e-14,7.556726201339395021e-15,1.385092503168470213e-14,2.654957526502980401e-11,3.748917065937262130e-15,6.816321990778826525e-15,1.241965645544507393e-14,9.391485314256807773e-15,2.252620406303141286e-11,1.863709730861282868e-21,1.010832687739771934e-11,3.931716693008355127e-33,8.704168186768064039e-24,4.223113798617231204e-10,1.262490053393766612e-09
3.729999999999999982e-01,2.055355097109653057e-05,6.868385076094253678e-08,1.138216271181913994e-07,1.024158823514996454e-07,4.762853666506659554e-06,1.549982677947117486e-05,1.673526939890532571e-14,7.886460601186787445e-15,1.455206543214061573e-14,2.676731860135910125e-11,3.659408697914805028e-15,6.682743608813787826e-15,1.295405909614050658e-14,1.004018837923848718e-14,2.491153839241760749e-11,1.840719424703047731e-21,9.883489566529519957e-12,3.837909263648038339e-33,8.497440014874475304e-24,4.172245232239140064e-10,5.470305508079877182e-09
3.734999999999999987e-01,4.081747019259867481e-05,7.142656575414857679e-08,1.261602342319052476e-07,1.011547834277532416e-07,4.745873246131802027e-06,3.575975844038499366e-05,1.749956732299722985e-14,8.132178892544492685e-15,1.434975784919733825e-14,2.677278408273414567e-11,3.583012573264310517e-15,6.573201865244150141e-15,1.357185877178469272e-14,1.058944115893607922e-14,2.764904361138173699e-11,1.817625164200623203e-21,9.761794688641316616e-12,3.757869204131064626e-33,8.320806090659388221e-24,4.120847088473779759e-10,1.262058003782999303e-08
3.739999999999999991e-01,6.803889197395348090e-05,7.487857094303599925e-08,1.400821418879541465e-07,9.988052475956823245e-08,4.728119220764932947e-06,6.297323263537298282e-05,1.793267036066620674e-14,8.262061628121498637e-15,1.320019463947464031e-14,2.650420165590998519e-11,3.511586410237932862e-15,6.475791841189749686e-15,1.412563178393886731e-14,1.091372694616151535e-14,3.072444342669927480e-11,1.794377723486413211e-21,9.737555518979955805e-12,3.683050391091659022e-33,8.155519732496444405e-24,4.068929351700820578e-10,2.222494666756575192e-08
3.744999999999999996e-01,1.008599534865402020e-04,7.900315023510239628e-08,1.555671009202629935e-07,9.859323833237726830e-08,4.711045881223894706e-06,9.578146866265765610e-05,1.801743935919626007e-14,8.271484141223892550e-15,1.174759722458971653e-14,2.596370609903028948e-11,3.435369705095390345e-15,6.374561958750927534e-15,1.448122873413918144e-14,1.094612305725798961e-14,3.412669460229006981e-11,1.770905867024754377e-21,9.784549844755634788e-12,3.603212438571650050e-33,7.979131242485139926e-24,4.016497904150287205e-10,3.380385515615520195e-08
3.750000000000000000e-01,1.379647028717097506e-04,8.390710399285309823e-08,1.725921369274979587e-07,9.729330741943353495e-08,4.695322631458073937e-06,1.328682255723841112e-04,1.779538002017096120e-14,8.178108841431589362e-15,1.103669274118437227e-14,2.520995527037608324e-11,3.345829086101107774e-15,6.253236397995647696e-15,1.454404630621924765e-14,1.067854074872945829e-14,3.784889852256508438e-11,1.747141268695435192e-21,9.863635805739546730e-12,3.509404720555107895e-33,7.772032878594102589e-24,3.963565206243879500e-10,4.689276868569469132e-08
3.755000000000000004e-01,1.780933226273361870e-04,8.969936205315007763e-08,1.911316464788340316e-07,9.598149761534964399e-08,4.680366087055826692e-06,1.729746293902354598e-04,1.734756040037223875e-14,8.013715796750191606e-15,1.199466022675351858e-14,2.433989175332188686e-11,3.238363312936071485e-15,6.099490851116830500e-15,1.427912889129218016e-14,1.015358727576288676e-14,4.188815055401622411e-11,1.723043134931401361e-21,9.932273179854664309e-12,3.396802377015410200e-33,7.523675636571566332e-24,3.910156678075015435e-10,6.104739678775630889e-08
3.760000000000000009e-01,2.200544019292112040e-04,9.633983981723258056e-08,2.111585957509902951e-07,9.465890702519608781e-08,4.664465791890682331e-06,2.149114653955002709e-04,1.677297178907676507e-14,7.815136374462813415e-15,1.492308304263901874e-14,2.346455343599337228e-11,3.113957509098351187e-15,5.908636438284523702e-15,1.371995524569585407e-14,9.450559897428622975e-15,4.624456349028117165e-11,1.698614482375986996e-21,9.953772382195107029e-12,3.266439852523371153e-33,7.236365088020968900e-24,3.856310146875273165e-10,7.584803361851251660e-08
3.765000000000000013e-01,2.627357711679557169e-04,1.035506261364947985e-07,2.326466099496937538e-07,9.332675787407691375e-08,4.645469203845165260e-06,2.575694110117685378e-04,1.616867520284941682e-14,7.616397709765572713e-15,1.924364078197344866e-14,2.268454783317036045e-11,2.979158613264875126e-15,5.685504641590736184e-15,1.296289294018887437e-14,8.668202233613007711e-15,5.091982141543260268e-11,1.673904645533883692e-21,9.904376191620757813e-12,3.125183813277936517e-33,6.925194271824465415e-24,3.802068916067681213e-10,9.090316942018490218e-08
3.770000000000000018e-01,3.051141838111248966e-04,1.108351926223264961e-07,2.555721947770059503e-07,9.198612199423327376e-08,4.621735422344086913e-06,2.999277397319635805e-04,1.561478100719306714e-14,7.443458473521042729e-15,2.363429022087608375e-14,2.207028914053150099e-11,2.844271385543399454e-15,5.443696370599437602e-15,1.214744876110826677e-14,7.906744406637980889e-15,5.591561577016034635e-11,1.648997132580742084e-21,9.776925688409361044e-12,2.983840309441099199e-33,6.613885096068276198e-24,3.747471890770720602e-10,1.058525623692622541e-07
3.775000000000000022e-01,3.462637732497609623e-04,1.176042171825952284e-07,2.799160356674402021e-07,9.063770324821882496e-08,4.592938467263736827e-06,3.410618451387227102e-04,1.516567165128705010e-14,7.311982570826453752e-15,2.652167920648254734e-14,2.165058528851876163e-11,2.720272256059123777e-15,5.202112060503944918e-15,1.142591219097792633e-14,7.251562493372659810e-15,6.123223423727457624e-11,1.623986831844932636e-21,9.580699901213405400e-12,2.853917967469506308e-33,6.327684682314909587e-24,3.692545527437635146e-10,1.203698940048751224e-07
3.780000000000000027e-01,3.853628909267772730e-04,1.233592353427158486e-07,3.056624888374799751e-07,8.928177770570375638e-08,4.560355002677525166e-06,3.801496059859248329e-04,1.484733883599539869e-14,7.227747590076853585e-15,2.673464004093712976e-14,2.141106530537567038e-11,2.615396023496779184e-15,4.979591382817151539e-15,1.092891410212918329e-14,6.760547005882496646e-15,6.686747833823451658e-11,1.598954085861768814e-21,9.337854520677735757e-12,2.744048774132977761e-33,6.085514732958210101e-24,3.637301597234114140e-10,1.341650156369489890e-07
3.785000000000000031e-01,4.216987946257367659e-04,1.278581224914227063e-07,3.327970246649467178e-07,8.791832632836881090e-08,4.526484626421592561e-06,4.164762894070711584e-04,1.465960715029286984e-14,7.188743979205119505e-15,2.404305502498284933e-14,2.130174590544007269e-11,2.532498323789643553e-15,4.789230853632264055e-15,1.073496773085561490e-14,6.456868893069613722e-15,7.281602188825936799e-11,1.573944074231070354e-21,9.077546002976807689e-12,2.657222902445779941e-33,5.893910623804266591e-24,3.581742200564850578e-10,1.469856788204998652e-07
3.790000000000000036e-01,4.546697708692049966e-04,1.311911973563837655e-07,3.613022864650362487e-07,8.654731253281485977e-08,4.494132268255446123e-06,4.494375174201587614e-04,1.458151423667103675e-14,7.187884806015715492e-15,1.934252787623856798e-14,2.125121284100961132e-11,2.468071343228990350e-15,4.634209452861778435e-15,1.085165422905570309e-14,6.328155325767486638e-15,7.906929547856984592e-11,1.548957994352042882e-21,8.829195196857396296e-12,2.589757462243350329e-33,5.744766824972318775e-24,3.525870234339621245e-10,1.586185823155171440e-07
3.795000000000000040e-01,4.837846044555292645e-04,1.337318199310549111e-07,3.911542017811131882e-07,8.516899279988349082e-08,4.465312918676275238e-06,4.785398844854445687e-04,1.457816996781851797e-14,7.215466578835647915e-15,1.438509831821166307e-14,2.118377842707964266e-11,2.413260387100206497e-15,4.506585300408153267e-15,1.121365936569941689e-14,6.332099516145440800e-15,8.561596148210652824e-11,1.523958438673472892e-21,8.616374042915822361e-12,2.532363375048651806e-33,5.617685473730488202e-24,3.469700976816731219e-10,1.688895900403468996e-07
3.800000000000000044e-01,5.086597227324152117e-04,1.359763156786978849e-07,4.223198440221006272e-07,8.378412967432620738e-08,4.440422045249827398e-06,5.033990940083234470e-04,1.460782765140299720e-14,7.260943249540931285e-15,1.114264648475481214e-14,2.103573244160507591e-11,2.356573440331589520e-15,4.389610901141961145e-15,1.169882630385271452e-14,6.407345712431618242e-15,9.244298632928134183e-11,1.498886612901504234e-21,8.452519120787760359e-12,2.472987280573790963e-33,5.486217041698653457e-24,3.413269712975219659e-10,1.776630733939801114e-07
3.805000000000000049e-01,5.290146775864362468e-04,1.383338446552193615e-07,4.547582866390169615e-07,8.239401165386798693e-08,4.418015853660710795e-06,5.237358707560650162e-04,1.462841129469529415e-14,7.314004147624360538e-15,1.104537139174349107e-14,2.076739305093266772e-11,2.287419786798188358e-15,4.262948233620753918e-15,1.215873365906962652e-14,6.487378527164813776e-15,9.953719739760191668e-11,1.473685280119997986e-21,8.339176474170907340e-12,2.400522405471511032e-33,5.326003666810643272e-24,3.356631727057746967e-10,1.848404686383088715e-07
3.810000000000000053e-01,5.446667513741732403e-04,1.409485325263700136e-07,4.884246167618525524e-07,8.100026004786817529e-08,4.395304705494455163e-06,5.393702494282997997e-04,1.460313640014041954e-14,7.365224397889433606e-15,1.439747951720606914e-14,2.036888066129199270e-11,2.199347458107953206e-15,4.109159317930812345e-15,1.245629046497071061e-14,6.514438072519353280e-15,1.068870482422091275e-10,1.448319792037530255e-21,8.266888414645112801e-12,2.308203233683491122e-33,5.122224508870343376e-24,3.299853997322515585e-10,1.903582611811348824e-07
3.815000000000000058e-01,5.555253369264617378e-04,1.436247765068892107e-07,5.232759690236086082e-07,7.960448867375824887e-08,4.369178877847159110e-06,5.502150002204049149e-04,1.450503191278314486e-14,7.406613600474754645e-15,2.020977430598471480e-14,1.985906302222315239e-11,2.091960683029615231e-15,3.919373209895258045e-15,1.250064646995888058e-14,6.450449963170324430e-15,1.144841687876120440e-10,1.422790678392288159e-21,8.218276332993525578e-12,2.195615752862507632e-33,4.874000256392263192e-24,3.243001328934637382e-10,1.941856652805795761e-07
3.820000000000000062e-01,5.615864032154510316e-04,1.458866355361882809e-07,5.592774421404409225e-07,7.820794365228606979e-08,4.337373466786623683e-06,5.562688670297077486e-04,1.432014498356527412e-14,7.432255598976399927e-15,2.652799310484490285e-14,1.927860371422819355e-11,1.970943342103592094e-15,3.696272180218402462e-15,1.227009907898483433e-14,6.282689959716248650e-15,1.223242268372515307e-10,1.397134465272420765e-21,8.172464257967767293e-12,2.068721561446999596e-33,4.594438384638659835e-24,3.186122066504449372e-10,1.963222376259873801e-07
3.825000000000000067e-01,5.629269542398881131e-04,1.471496787855024233e-07,5.964055363958734323e-07,7.681126257199434424e-08,4.299323352530383732e-06,5.576099986551992602e-04,1.404911366128271244e-14,7.439011746184924143e-15,3.114060449438741438e-14,1.867918164724129906e-11,1.846234817266013153e-15,3.453423904078933997e-15,1.181668348199642504e-14,6.023242520638518188e-15,1.304067345364856223e-10,1.371413447357138733e-21,8.109795073288154995e-12,1.937944643147971693e-33,4.306428421018628179e-24,3.129238940020204170e-10,1.967955590313623205e-07
3.830000000000000071e-01,5.596990803170607100e-04,1.469396123927462677e-07,6.346474801491578426e-07,7.541444958982558639e-08,4.256380586712469173e-06,5.543895670346993265e-04,1.370677812184189100e-14,7.427074793442746105e-15,3.239862326860589630e-14,1.811153418092068141e-11,1.728987863200702650e-15,3.211203563303467795e-15,1.125102886910266000e-14,5.702896356191238641e-15,1.387337026036259530e-10,1.345698607175760170e-21,8.015833043483928677e-12,1.814981131333836780e-33,4.035637908595614900e-24,3.072348813871118948e-10,1.956589821393162795e-07
3.835000000000000075e-01,5.521231089509854532e-04,1.450738683497418794e-07,6.739962884209413957e-07,7.401708201614143040e-08,4.211315108366129974e-06,5.468252428543740043e-04,1.331967203535486610e-14,7.400099342929419002e-15,2.983347143099432972e-14,1.761494541076117018e-11,1.628292911299059207e-15,2.990670862516998358e-15,1.071151288394783691e-14,5.361488839888494993e-15,1.473074087226708750e-10,1.320051638380658704e-21,7.883891227592304214e-12,1.709364328895021522e-33,3.802975023448014274e-24,3.015431802331400546e-10,1.929893287878899641e-07
3.840000000000000080e-01,5.404795197282330661e-04,1.417370468389849451e-07,7.144430733746851968e-07,7.261867610167565049e-08,4.167295634200450286e-06,5.351940639598210675e-04,1.292159652898257277e-14,7.364720116750895188e-15,2.433564070914525129e-14,1.721022494018782220e-11,1.548674866207729766e-15,2.807403515813655179e-15,1.032618015391152111e-14,5.037466321380989428e-15,1.561278812912806598e-10,1.294511665132955612e-21,7.715700793793395664e-12,1.625839885534527005e-33,3.618832394712866358e-24,2.958466667039375184e-10,1.888843730807922150e-07
3.845000000000000084e-01,5.250996280439299132e-04,1.374224748124742116e-07,7.559693328691509606e-07,7.121907915293666183e-08,4.126742486645187515e-06,5.198243348780307981e-04,1.254793084753649882e-14,7.329455748920840412e-15,1.782629324571121393e-14,1.689727913602435944e-11,1.489070077234210813e-15,2.667234725519784880e-15,1.017798336019960149e-14,4.759368279111711245e-15,1.651908713043032739e-10,1.269090111932326009e-21,7.520260911818687750e-12,1.563293131135937784e-33,3.480739130496562973e-24,2.901447000034611739e-10,1.834599825107847071e-07
3.850000000000000089e-01,5.063554285972529569e-04,1.327635931236724115e-07,7.985421521087288285e-07,6.981874494452844705e-08,4.090484032935711096e-06,5.010864902349878918e-04,1.222971465886130101e-14,7.303197767126007391e-15,1.254881597481115636e-14,1.665730267512868318e-11,1.443491480089346626e-15,2.565143519839833492e-15,1.028299377751219657e-14,4.541132670143239792e-15,1.744870037279267893e-10,1.243774197704312487e-21,7.311282061000197050e-12,1.515446609189964455e-33,3.374897793460492783e-24,2.844392350336136797e-10,1.768468934142388466e-07
3.855000000000000093e-01,4.846492687636580043e-04,1.283202019984101375e-07,8.421143132030513633e-07,6.841879310991602675e-08,4.057521951478606877e-06,4.793832199295601330e-04,1.198869052357879083e-14,7.293617443087839864e-15,1.025118272427059688e-14,1.645865149845263023e-11,1.403064907683459532e-15,2.487474042915292895e-15,1.058753716273599423e-14,4.381854734245330627e-15,1.840024638247441694e-10,1.218536812812170807e-21,7.103889467441857312e-12,1.472995383534910149e-33,3.280875146124836981e-24,2.787350297524398858e-10,1.691872258799297883e-07
3.860000000000000098e-01,4.604040861453226785e-04,1.244000037682281648e-07,8.866295277391653897e-07,6.702083346017595844e-08,4.025471533879891694e-06,4.551394433152738885e-04,1.183433571889359469e-14,7.305840141573410273e-15,1.156737471543310514e-14,1.626478927852257791e-11,1.358738076509247518e-15,2.416598209934163433e-15,1.098480323776802136e-14,4.269331808271613611e-15,1.937210815170994760e-10,1.193348954579150820e-21,6.911345357857083870e-12,1.426447698351796847e-33,3.177838236346913470e-24,2.730388793739550172e-10,1.606309453688768298e-07
3.865000000000000102e-01,4.340547716092945946e-04,1.209801296567101565e-07,9.320310558071724543e-07,6.562662204634330459e-08,3.991487419761003223e-06,4.287928200439176420e-04,1.176346276229381182e-14,7.341643657390228082e-15,1.582437299181907761e-14,1.604243566767147217e-11,1.303831209992121160e-15,2.336439581909744525e-15,1.134593864000253162e-14,4.185786695114052254e-15,2.036271961084796796e-10,1.168190789987817144e-21,6.742474185362797579e-12,1.368799601350002947e-33,3.050423215783319656e-24,2.673581616404234053e-10,1.513325137366173085e-07
3.870000000000000107e-01,4.060408786805838415e-04,1.177534525392891031e-07,9.782706196223153775e-07,6.423767492979523078e-08,3.953311318224494745e-06,4.007853598514552937e-04,1.176235246190101226e-14,7.399283374506715008e-15,2.133456127383273739e-14,1.576819750581086380e-11,1.235728155361005827e-15,2.237143662864195024e-15,1.155658941257865891e-14,4.113821084295051867e-15,2.137083919399403612e-10,1.143058555459009458e-21,6.600264229780350274e-12,1.297308335181289220e-33,2.892623966646339760e-24,2.616992179017306195e-10,1.414479281015785342e-07
3.875000000000000111e-01,3.768005239696526026e-04,1.142766414435756758e-07,1.025314319663896071e-06,6.285497676956790142e-08,3.910049571170557047e-06,3.715563942184199435e-04,1.181078453968534525e-14,7.473898248981445420e-15,2.604833819506445338e-14,1.543245777849540656e-11,1.156327159700921448e-15,2.117598055896825879e-15,1.154847778014154833e-14,4.040928602830291946e-15,2.239572103628369853e-10,1.117966265556812759e-21,6.481828079443529592e-12,1.213965144314888572e-33,2.708825210744226231e-24,2.560661372978343027e-10,1.311322403551756151e-07
3.880000000000000115e-01,3.467650518618828619e-04,1.101597864378719282e-07,1.073143329944286827e-06,6.147888201929282932e-08,3.862409325214510579e-06,3.415368166965435407e-04,1.188692345616008905e-14,7.558357059771148842e-15,2.831030383141006228e-14,1.503999324901880695e-11,1.071258817926328234e-15,1.985277069895268777e-15,1.131723866594527340e-14,3.961614523174134173e-15,2.343712728615306817e-10,1.092942860676816997e-21,6.379601596520358239e-12,1.124675330196992042e-33,2.511998592782536741e-24,2.504603467795668683e-10,1.205375244178608190e-07
3.884999999999999565e-01,3.163539645416060483e-04,1.052248172149197100e-07,1.121749095573469359e-06,6.010923334424368971e-08,3.812339195184580227e-06,3.111442202516948269e-04,1.197190779129939957e-14,7.644377429792547185e-15,2.743351957629555040e-14,1.460752533739296916e-11,9.882100805221536635e-16,1.853718584609197453e-15,1.092186040770235137e-14,3.877033566463852855e-15,2.449517843971067814e-10,1.068026449998141091e-21,6.283410991430923775e-12,1.037500851642765516e-33,2.319842621718645569e-24,2.448811066970878405e-10,1.098111600759707170e-07
3.890000000000000124e-01,2.859697594998743546e-04,9.957558674689794122e-08,1.171124830015888821e-06,5.874564338609504517e-08,3.762245772200083765e-06,2.807784579711766889e-04,1.205318719749082460e-14,7.723767926564640973e-15,2.388749426431731542e-14,1.415902486628037207e-11,9.148813206497343856e-16,1.738567407948344205e-15,1.046641034215101025e-14,3.792779091174181039e-15,2.557009351641274031e-10,1.043257535567120561e-21,6.182888852790395512e-12,9.605180361653377189e-34,2.150079851668745862e-24,2.393266876743869596e-10,9.909426623512153555e-08
3.894999999999999574e-01,2.559926023698222875e-04,9.355901997385806578e-08,1.221256498444472089e-06,5.738783138982425567e-08,3.714104639128650049e-06,2.508172539691993705e-04,1.212606405047783960e-14,7.789665658427386276e-15,1.905111464035828761e-14,1.371997501821629970e-11,8.571216983363097077e-16,1.653382789725407526e-15,1.006970099989533249e-14,3.715846877660104047e-15,2.666190838772898956e-10,1.018672724055608767e-21,6.069695040965095371e-12,8.998621341238384763e-34,2.016166186253591408e-24,2.337957791507549941e-10,8.852015189009985409e-08
3.900000000000000133e-01,2.267750724130988967e-04,8.763902819858110783e-08,1.272116629498152927e-06,5.603589416320790864e-08,3.668802031526242709e-06,2.216117407957005558e-04,1.219338444694527433e-14,7.837636908995340529e-15,1.464853874990575855e-14,1.331189287983029229e-11,8.176657842298109412e-16,1.606298935977530879e-15,9.831752340730555445e-15,3.651810560626949935e-15,2.777026544892372934e-10,9.942998239674283912e-22,5.939091470651440367e-12,8.584022811009687088e-34,1.924385379886433742e-24,2.282886299448392977e-10,7.821274115628283347e-08
3.904999999999999583e-01,1.986374275044727560e-04,8.223637762140369929e-08,1.323663162004289922e-06,5.469042310615536484e-08,3.625932266487099245e-06,1.934820897063675802e-04,1.226374062906103765e-14,7.866474933239499223e-15,1.209918698900426174e-14,1.294822727031749019e-11,7.956944382486874811e-16,1.598256866019651860e-15,9.806489385642689552e-15,3.602968559893920803e-15,2.889433973780576798e-10,9.701547407316057505e-22,5.790600332784231794e-12,8.352807861847897132e-34,1.872841329507917797e-24,2.228075535960951523e-10,6.828503107483766273e-08
3.910000000000000142e-01,1.718638665403205551e-04,7.759686598054400417e-08,1.375843563152877348e-06,5.335244072999061772e-08,3.584087407377320857e-06,1.667136125530879255e-04,1.234879610352950384e-14,7.878498478875446442e-15,1.203128390416001955e-14,1.263235414864016956e-11,7.872325463118775687e-16,1.623056764774527757e-15,9.988032781894292683e-15,3.567808017445769608e-15,3.003291657334665691e-10,9.462403769824998371e-22,5.627696445012230064e-12,8.263300522932848924e-34,1.852376430783842164e-24,2.173566849970123064e-10,5.883771586587952197e-08
3.914999999999999591e-01,1.467001147926495492e-04,7.373481518277926315e-08,1.428602439130572062e-06,5.202319634267703051e-08,3.541487019955998994e-06,1.415537675395224634e-04,1.246039814647456861e-14,7.879174790752409736e-15,1.412975838194687850e-14,1.235788312847086442e-11,7.862243205674852312e-16,1.669055214720019876e-15,1.031390235057568879e-14,3.541730419568162935e-15,3.118458287153423395e-10,9.225477360948680880e-22,5.456694817189360601e-12,8.252001507739126207e-34,1.849048691189656561e-24,2.119411480707029890e-10,4.995813018004841840e-08
3.920000000000000151e-01,1.233523883286187939e-04,7.046652470601917890e-08,1.481889597754453104e-06,5.070390665878659648e-08,3.496679918012909750e-06,1.182103812636310397e-04,1.260803784122398480e-14,7.875997681300952931e-15,1.734959417630208869e-14,1.211098499756885218e-11,7.860152128950021547e-16,1.722029578544568764e-15,1.068368042852975576e-14,3.518691887782952618e-15,3.234795810963368026e-10,8.990593772597792932e-22,5.285149893014164372e-12,8.249129317137931496e-34,1.847543481385374360e-24,2.065659853757999844e-10,4.171962161019886978e-08
3.924999999999999600e-01,1.019875154290049083e-04,6.751265371298928422e-08,1.535665499841249476e-06,4.939553773621660851e-08,3.449046000108989774e-06,9.685116085271115380e-05,1.279702996737639024e-14,7.876742176317407847e-15,2.038295738958522312e-14,1.187405465473915334e-11,7.809179245211714446e-16,1.768562748574225999e-15,1.098752391693368503e-14,3.493255394842374083e-15,3.352188399974594273e-10,8.757550606935578438e-22,5.120155152547323591e-12,8.195044158195148141e-34,1.834777389147227160e-24,2.012352466179097371e-10,3.418137851089653958e-08
3.930000000000000160e-01,8.273381127092124592e-05,6.462367246103341394e-08,1.589902226360204616e-06,4.809869911958280730e-08,3.398927696778880957e-06,7.760431066488972566e-05,1.302758883188020516e-14,7.887441383485181148e-15,2.217874362532062275e-14,1.162980890615105142e-11,7.675394246363467082e-16,1.799239303292578563e-15,1.113646864201477002e-14,3.462511787787944886e-15,3.470551507140808729e-10,8.526188066365247334e-22,4.966913518706080767e-12,8.054165755344645261e-34,1.802950658585896693e-24,1.959515306438785492e-10,2.738864764852916596e-08
3.934999999999999609e-01,6.568227831198349782e-05,6.167754453042476853e-08,1.644579972645549939e-06,4.681367233310495721e-08,3.347379553672142846e-06,6.055988840361852096e-05,1.329481830797618806e-14,7.910602947557471928e-15,2.230864949541186686e-14,1.136491268184954319e-11,7.455899245436233239e-16,1.810967218122346201e-15,1.108629944838241114e-14,3.427370348277034947e-15,3.589829465046792982e-10,8.296458628219910222e-22,4.827853391868024774e-12,7.823457858356741932e-34,1.751406383544935873e-24,1.907160771324259474e-10,2.137321280974726858e-08
3.940000000000000169e-01,5.088783463390533996e-05,5.871423846663833397e-08,1.699680867123750407e-06,4.554054446169411884e-08,3.295674243912338667e-06,4.577149838561739553e-05,1.358952431723727264e-14,7.944215067498968998e-15,2.105093325192036836e-14,1.107241294886759677e-11,7.179831911288439819e-16,1.807854812755429121e-15,1.084878357875333835e-14,3.392834048624890420e-15,3.709984436903764918e-10,8.068475911069390272e-22,4.702420700604241372e-12,7.533480011135938249e-34,1.686858442116547051e-24,1.855292936793977686e-10,1.615399240037645104e-08
3.944999999999999618e-01,3.837049183372550742e-05,5.589993161159845091e-08,1.755182868248447732e-06,4.427938308861364414e-08,3.244785530353474967e-06,3.325802758107704939e-05,1.389967839718535275e-14,7.981937970493553251e-15,1.918578030305916855e-14,1.075258067914969472e-11,6.901704439874700589e-16,1.800308535561724706e-15,1.048763287555301108e-14,3.367066317193139789e-15,3.830982311668800378e-10,7.842524002640361315e-22,4.587520258210595132e-12,7.241400992548694477e-34,1.621856070021870419e-24,1.803914615190617735e-10,1.173765214013833263e-08
3.950000000000000178e-01,2.811661781045895664e-05,5.344263575153980634e-08,1.811056252606480066e-06,4.303038251958993317e-08,3.195056174206918888e-06,2.300532763885634383e-05,1.421228997338986119e-14,8.014556227162979001e-15,1.761245804548044961e-14,1.041213756842955890e-11,6.688167270878827799e-16,1.802386989473211937e-15,1.010066661139651486e-14,3.359329712488030369e-15,3.952781355834369753e-10,7.619017263800583860e-22,4.478444976795516783e-12,7.017116469662977998e-34,1.571736426792573921e-24,1.753033348652873793e-10,8.119198694582791111e-09
3.954999999999999627e-01,2.008054166475508646e-05,5.149877039268370962e-08,1.867263915947147338e-06,4.179393223863022643e-08,3.146164110384173153e-06,1.496794605857843401e-05,1.451537691878899139e-14,8.032371330268022355e-15,1.696167174852595487e-14,1.006219064556215171e-11,6.600998160286881804e-16,1.827908939302822431e-15,9.793213050117406837e-15,3.377203945269834026e-15,4.075327250242285110e-10,7.398415331783527191e-22,4.370045489012394902e-12,6.925408699848108382e-34,1.550710148045875206e-24,1.702664321850109695e-10,5.282590652826241497e-09
3.960000000000000187e-01,1.418674433147846269e-05,5.011049003278267057e-08,1.923764957068877276e-06,4.057059559691284607e-08,3.097368020194164746e-06,9.071129655412093346e-06,1.479967775399056680e-14,8.027877060421023288e-15,1.736434061221887083e-14,9.715442871413323955e-12,6.680412610724493743e-16,1.886254078263532049e-15,9.649934684670644405e-15,3.423792192652812184e-15,4.198554703988857432e-10,7.181114068229233377e-22,4.257868445455257896e-12,7.008444435301527332e-34,1.568022531717785558e-24,1.652829670125119698e-10,3.201445604985516593e-09
3.964999999999999636e-01,1.033274364006791520e-05,4.919742630432736789e-08,1.980519577371429139e-06,3.936102344906444474e-08,3.047900263050434747e-06,5.213319254739619309e-06,1.505975891322415833e-14,7.997911678593891254e-15,1.846007326589416715e-14,9.383347676708465894e-12,6.933174164545007165e-16,1.979052302990368227e-15,9.712506521683202335e-15,3.495784527615259828e-15,4.322392769628309116e-10,6.967344446608435863e-22,4.139027530182851761e-12,7.273307814131621270e-34,1.625220514701529645e-24,1.603555147227577305e-10,1.839920587740917565e-09
3.970000000000000195e-01,8.392589043404085619e-06,4.860168120302398537e-08,2.037492830938775097e-06,3.816584934172077891e-08,2.997325751223191069e-06,3.269235820150787847e-06,1.529426609947324507e-14,7.944593451307382485e-15,1.962109805946078244e-14,9.073821750536437940e-12,7.329127918515560417e-16,2.098880723829388957e-15,9.968921087870666496e-15,3.583157186036156319e-15,4.446769649230958120e-10,6.757112757949120641e-22,4.012652834994745679e-12,7.688367597240112928e-34,1.715358378776786189e-24,1.554866010883497331e-10,1.153801262163979048e-09
3.974999999999999645e-01,8.220712514945494802e-06,4.816226458206868942e-08,2.094655405292010319e-06,3.698561294690558945e-08,2.945715357776063586e-06,3.093481531233890075e-06,1.550525172249257144e-14,7.874701629026379635e-15,2.027680033953472194e-14,8.789949128722359631e-12,7.807724212611414988e-16,2.230618011989741405e-15,1.035709932662733991e-14,3.670904116407142276e-15,4.571613694819222070e-10,6.550205201152406489e-22,3.879869373991328518e-12,8.190121067085618008e-34,1.824501704555914172e-24,1.506783998632840769e-10,1.091772830562679104e-09
3.980000000000000204e-01,9.655806750166628401e-06,4.778404860305646400e-08,2.151981097175463126e-06,3.582073930220795505e-08,2.893573763028204855e-06,4.524422359511115501e-06,1.569674401027566232e-14,7.797655237312904528e-15,2.018749644508045653e-14,8.529852295734066977e-12,8.293314240611115046e-16,2.355327078183318898e-15,1.078174904609091012e-14,3.742589832307550647e-15,4.696849924655487904e-10,6.346260438096259926e-22,3.743359535724935888e-12,8.699235939762897057e-34,1.935248284306366815e-24,1.459326502882597241e-10,1.596790301100868948e-09
3.984999999999999654e-01,1.252444658741150513e-05,4.747075661210214259e-08,2.209442291585329587e-06,3.467157322440277832e-08,2.841572035630858622e-06,7.388047044031892705e-06,1.587293915055332487e-14,7.722702619891826820e-15,1.954644650554275304e-14,8.287636187443353310e-12,8.715297604949865794e-16,2.455676751303394141e-15,1.113997124458671106e-14,3.784857563923248428e-15,4.822394357064441384e-10,6.144891301201920428e-22,3.606645548046726116e-12,9.141678670097659186e-34,2.031363424509213075e-24,1.412507922695022631e-10,2.607440423085959044e-09
3.990000000000000213e-01,1.664431044581169867e-05,4.730884323089046436e-08,2.267005799170158784e-06,3.353844385039765119e-08,2.790217153604782215e-06,1.150153796527528008e-05,1.603651934128477262e-14,7.656203935209447428e-15,1.887051853339610524e-14,8.055089017463674169e-12,9.027482553685726224e-16,2.521275782849039583e-15,1.134883349552189738e-14,3.791561773311020502e-15,4.948150286513515370e-10,5.945819388656076255e-22,3.473272131169891133e-12,9.469015184100888724e-34,2.102232072435871906e-24,1.366342190037347819e-10,4.059201943721971298e-09
3.994999999999999662e-01,2.182703299711513437e-05,4.741139392822609414e-08,2.324631358201976046e-06,3.242172359006253202e-08,2.739611172340401652e-06,1.667642107532124531e-05,1.618757375614521520e-14,7.599867650817352001e-15,1.873557298686410229e-14,7.823693635549034988e-12,9.220944189265133016e-16,2.552148094507996737e-15,1.136759397251087076e-14,3.766128736017050513e-15,5.074010298949150401e-10,5.748980274743801856e-22,3.346071297612405404e-12,9.671891706540825660e-34,2.145813495232478317e-24,1.320845042950471431e-10,5.885557303123835237e-09
4.000000000000000222e-01,2.788085465761268043e-05,4.784867173786796126e-08,2.382273948044337924e-06,3.132185206447168775e-08,2.689406393652193596e-06,2.272132636029934859e-05,1.632342138300419635e-14,7.550492273853162431e-15,1.948098166482591592e-14,7.586483806417705798e-12,9.326388373027724645e-16,2.559046018270552200e-15,1.120862956890263230e-14,3.721171913982756101e-15,5.199865353349172121e-10,5.554565140045942536e-22,3.226654868700538368e-12,9.782510211630619148e-34,2.169181060216317461e-24,1.276034876854630999e-10,8.018966876382524350e-09
4.004999999999999671e-01,3.461327405541375429e-05,4.859734578112863803e-08,2.439889279705275099e-06,3.023931455637680533e-08,2.638972560024154462e-06,2.944451752088189674e-05,1.643935530373096796e-14,7.501270141092971206e-15,2.102002220043247005e-14,7.339363920218609479e-12,9.405094721961194087e-16,2.560277538509775004e-15,1.093407686513420195e-14,3.675212495671732772e-15,5.325618687739303822e-10,5.362984437208289756e-22,3.115217269634468491e-12,9.865128100067639762e-34,2.186435224984080437e-24,1.231931773214485982e-10,1.039176176690821428e-08
4.010000000000000231e-01,4.183384393979434099e-05,4.953179004315887869e-08,2.497440214370214792e-06,2.917458676871153482e-08,2.587698096471951186e-06,3.665638809497477277e-05,1.653003864614571805e-14,7.444200710491026886e-15,2.284506263244371361e-14,7.081668591551962454e-12,9.530978261919720257e-16,2.575905969022353259e-15,1.063899442019320519e-14,3.647325608823386396e-15,5.451199283934486499e-10,5.174764158462241817e-22,3.010657365480808052e-12,9.997246279900309159e-34,2.214575146807935287e-24,1.188555202750559997e-10,1.293702475629591558e-08
4.014999999999999680e-01,4.935711154232279090e-05,5.046218015159556110e-08,2.554901162438172335e-06,2.812807323613618476e-08,2.535289895669926381e-06,4.417205868211658982e-05,1.659108252372266551e-14,7.372810551597018816e-15,2.423002217761650769e-14,6.815927610442321031e-12,9.769054783611341306e-16,2.621149200749203832e-15,1.042550734695854417e-14,3.651308990874476716e-15,5.576568666108768666e-10,4.990406877590428292e-22,2.910959970326318804e-12,1.024702825064587899e-33,2.268545435910466786e-24,1.145921521987522855e-10,1.558950693518956618e-08
4.020000000000000240e-01,5.700555363752663217e-05,5.120360311752144957e-08,2.612258110910127842e-06,2.710006915529977515e-08,2.481938352681136151e-06,5.181407691821942251e-05,1.662029574507066841e-14,7.284302168822194440e-15,2.454516005195518766e-14,6.546976920826859149e-12,1.015670940129237922e-15,2.701187798028528149e-15,1.037490822504284769e-14,3.691251220283597028e-15,5.701716609492230041e-10,4.810260691693739516e-22,2.813728888051843904e-12,1.065366065792378589e-33,2.356930212837312620e-24,1.104042468907457429e-10,1.828658059669504838e-08
4.024999999999999689e-01,6.461226012698840116e-05,5.164678628781671704e-08,2.669503639500165107e-06,2.609076437934551468e-08,2.428273663402025102e-06,5.941507807517176125e-05,1.661822820777724692e-14,7.180471444336672345e-15,2.354831223420381515e-14,6.280681030524965128e-12,1.069327591643126271e-15,2.809206605647350664e-15,1.052534022534910953e-14,3.760018405122757998e-15,5.826645400212761108e-10,4.634435959026101014e-22,2.716742309094007204e-12,1.121642981289353537e-33,2.479560668127175912e-24,1.062925405594973615e-10,2.096917823247499298e-08
4.030000000000000249e-01,7.202311945674157504e-05,5.180002537367435376e-08,2.726628437229185939e-06,2.510028935058721074e-08,2.375129325563675333e-06,6.682017264687642357e-05,1.658788548961912125e-14,7.067159328470720131e-15,2.152392612222415800e-14,6.022585182176533499e-12,1.134083223700673999e-15,2.928439314714063203e-15,1.086124410108592128e-14,3.841266830990625469e-15,5.951347065080280757e-10,4.462793747713353043e-22,2.618409906045042268e-12,1.189555939992326172e-33,2.627703083675298090e-24,1.022575278302008734e-10,2.358263517461868717e-08
4.034999999999999698e-01,7.909835552271072504e-05,5.178375428045257245e-08,2.783612512567070330e-06,2.412878439881123025e-08,2.323210835191277477e-06,7.388882804767538462e-05,1.653377782537202742e-14,6.952484525857807047e-15,1.920358604822809144e-14,5.776793655102724276e-12,1.203566732071975066e-15,3.037612591770794331e-15,1.131755653495069923e-14,3.914421224755681090e-15,6.075781484368634731e-10,4.295006905716594846e-22,2.518044458045131361e-12,1.262423714858976110e-33,2.786700491565579191e-24,9.829975182597016704e-11,2.607735369635160850e-08
4.040000000000000258e-01,8.571341981857315891e-05,5.177887644061327464e-08,2.840419742724324750e-06,2.317646393927486224e-08,2.272807601483240357e-06,8.049610546585178714e-05,1.646068015745294864e-14,6.844476247855634102e-15,1.749299126764029857e-14,5.545287320966866619e-12,1.270670285230639209e-15,3.117984347843292385e-15,1.179756084880252315e-14,3.961041756529997154e-15,6.199863902436889526e-10,4.130672478756024737e-22,2.415909780930732949e-12,1.332793224224240012e-33,2.940211685405585984e-24,9.442007081423099381e-11,2.840923953036057422e-08
4.044999999999999707e-01,9.175939220267474272e-05,5.194922241584755855e-08,2.896998354317954277e-06,2.224364948193239314e-08,2.223668258124415415e-06,8.653326213563168915e-05,1.637254857804081901e-14,6.748872852139411907e-15,1.711236716376340822e-14,5.327774279802987543e-12,1.329525358709045082e-15,3.159583213682678582e-15,1.219945575219803589e-14,3.970507367903032965e-15,6.323467550423081301e-10,3.969439961166231169e-22,2.313059120801412299e-12,1.394511434705438580e-33,3.074755088360765287e-24,9.061979434118571730e-11,3.053991442725457549e-08
4.050000000000000266e-01,9.714312936093494289e-05,5.236935787852414523e-08,2.953287713153047802e-06,2.133075846623423428e-08,2.175092244061074428e-06,9.190787358803232960e-05,1.627194549182773204e-14,6.667741895630096541e-15,1.829585005291322159e-14,5.122042013863468101e-12,1.377041732402353093e-15,3.164511896050316108e-15,1.244422828789767877e-14,3.943158993846577427e-15,6.446441764633444865e-10,3.811117554906125858e-22,2.211022231342878367e-12,1.444338836914042789e-33,3.183244506943824250e-24,8.690063599466839170e-11,3.243675930254698729e-08
4.054999999999999716e-01,1.017873892797488368e-04,5.298704011142820606e-08,3.009229274611713663e-06,2.043825383695965957e-08,2.126202265707951121e-06,9.654371234505922843e-05,1.616011464353097510e-14,6.599268222545845806e-15,2.067434322688264654e-14,4.924675660396458593e-12,1.413601462113527643e-15,3.146196417083093302e-15,1.249702978613531392e-14,3.889907892610925006e-15,6.568640093064951044e-10,3.655727968444892210e-22,2.111426180933401102e-12,1.482676785324776325e-33,3.266579418831663376e-24,8.326450359884783489e-11,3.407287142634895049e-08
4.060000000000000275e-01,1.056310597786064141e-04,5.363579707158112926e-08,3.064777729731200205e-06,1.956657441847604755e-08,2.076289392431981705e-06,1.003806077475872659e-04,1.603760241277779508e-14,6.538669305455499660e-15,2.339411082569400755e-14,4.731944443633773925e-12,1.442771709305871094e-15,3.124882370409932332e-15,1.237609529733898850e-14,3.828518518664936939e-15,6.689948744292917880e-10,3.503502264534842243e-22,2.015640210308907815e-12,1.513266088746940853e-33,3.332978384748228498e-24,7.971320981421729609e-11,3.542701495434969367e-08
4.064999999999999725e-01,1.086294721760687585e-04,5.409309205222080833e-08,3.119908052773891617e-06,1.871607257503386960e-08,2.025094269797708271e-06,1.033744132672624963e-04,1.590513525153207714e-14,6.479864898347036883e-15,2.542927389540453816e-14,4.540645610215610215e-12,1.470188525839236184e-15,3.120983336758359789e-15,1.214679927427324475e-14,3.777892146106159644e-15,6.810305076821542812e-10,3.354818801655540645e-22,1.924519595311437834e-12,1.542016427482032485e-33,3.395407213387852717e-24,7.624821246427929791e-11,3.648360939190508700e-08
4.070000000000000284e-01,1.107546480878235503e-04,5.416146263156407029e-08,3.174615518071903596e-06,1.788698135495213492e-08,1.972914684408109050e-06,1.054970645954006800e-04,1.576439861048920321e-14,6.417350323857601595e-15,2.596848272159080170e-14,4.348729356053027235e-12,1.501979725153019346e-15,3.148602824117413948e-15,1.190267423022460273e-14,3.752309959969417869e-15,6.929699073624789361e-10,3.210108608593612960e-22,1.838292975141675214e-12,1.575352649780839220e-33,3.467949995675821943e-24,7.287047625778232661e-11,3.723275009459168275e-08
4.074999999999999734e-01,1.119952619333832415e-04,5.374109065001768302e-08,3.228908334867008172e-06,1.707942077586414233e-08,1.920499517525217516e-06,1.067365829848040162e-04,1.561843348441323995e-14,6.347733754697760979e-15,2.472567446865236692e-14,4.155596560950355295e-12,1.543183100080508970e-15,3.211427412985898357e-15,1.173889982684265989e-14,3.757527127665026808e-15,7.048156791194259545e-10,3.069754950770874423e-22,1.756600448844919282e-12,1.618556348404342554e-33,3.562172996011276924e-24,6.958049605646436556e-11,3.767020944603494671e-08
4.080000000000000293e-01,1.123561295762114749e-04,5.286588119444237883e-08,3.282795369892086389e-06,1.629343769773396645e-08,1.868773156906828217e-06,1.070968157307480243e-04,1.547153414856883515e-14,6.270564390218659497e-15,2.205395835740123208e-14,3.962045104256462682e-12,1.596567594122183852e-15,3.302287295233902739e-15,1.172582864341342097e-14,3.789886912426790456e-15,7.165711375581033257e-10,2.934012791735358887e-22,1.678655109732315107e-12,1.674530051907505403e-33,3.684418470052001065e-24,6.637845931388624957e-11,3.779734526464675404e-08
4.084999999999999742e-01,1.118571426653758880e-04,5.168964210247722233e-08,3.336273384615209925e-06,1.552906202048074004e-08,1.818499102231096591e-06,1.065967336853363963e-04,1.532872292365800382e-14,6.188322036171336933e-15,1.881836289487857009e-14,3.769920203753060883e-12,1.662113613799327713e-15,3.406349953496726771e-15,1.188997139298303093e-14,3.838529210163850966e-15,7.282371884862768018e-10,2.802965422888321784e-22,1.603476264212255197e-12,1.743252568623578721e-33,3.834616306706193234e-24,6.326447705781068621e-11,3.762085287585560801e-08
4.090000000000000302e-01,1.105317148637612610e-04,5.042841912285623075e-08,3.389318517382475648e-06,1.478635792940365436e-08,1.770011981346082143e-06,1.052692120338315576e-04,1.519502036308334615e-14,6.105671426968205801e-15,1.607669882480320417e-14,3.581582675181709630e-12,1.737213252557219915e-15,3.506651749819567766e-15,1.220759727373515650e-14,3.889710432545410948e-15,7.398101041638065356e-10,2.676524289762674311e-22,1.530132871648434105e-12,1.821989121515033912e-33,4.006751396545897637e-24,6.023879602114908881e-11,3.715233481458098556e-08
4.094999999999999751e-01,1.084249327697617841e-04,4.928171000444056796e-08,3.441885236586063203e-06,1.406545331206373055e-08,1.723116973266376951e-06,1.031593621865639361e-04,1.507477408525417440e-14,6.028242523701332068e-15,1.469116918607976934e-14,3.399335647021519157e-12,1.817471762952511131e-15,3.589936425708614786e-15,1.261241821038509140e-14,3.931609442702281788e-15,7.512809784398620262e-10,2.554467501479112627e-22,1.457941309127780629e-12,1.906131797618115446e-33,4.190711919122657988e-24,5.730192224799396579e-11,3.640771210560762286e-08
4.100000000000000311e-01,1.055916628450869095e-04,4.836272552355873700e-08,3.493913233178096888e-06,1.336654058670285889e-08,1.677188348852982601e-06,1.003226036915016474e-04,1.497125139533896821e-14,5.961257993625998880e-15,1.501818931218539528e-14,3.224942514002363986e-12,1.897870108669874996e-15,3.650800797237902084e-15,1.301482272515614539e-14,3.957972721884692244e-15,7.626370308482013081e-10,2.436505005999175707e-22,1.386579308169889168e-12,1.990418475244185935e-33,4.374964790413049638e-24,5.445462774193156488e-11,3.540654379134993163e-08
4.104999999999999760e-01,1.020948358257729076e-04,4.766347395026224545e-08,3.545339760229309167e-06,1.268985337441739748e-08,1.631422078958724830e-06,9.682271932064416206e-05,1.488657533839748415e-14,5.908306553211811466e-15,1.679139416417430021e-14,3.059332103312594661e-12,1.974000300566969000e-15,3.692890505515101567e-15,1.332696862283456808e-14,3.969514308186222706e-15,7.738642528748562553e-10,2.322354710143405967e-22,1.316102205855673831e-12,2.070227969075196817e-33,4.549394703787966585e-24,5.169785754646031867e-11,3.417134052168431451e-08
4.110000000000000320e-01,9.800402650876014485e-05,4.706632058643171573e-08,3.596112901059607688e-06,1.203563124452040337e-08,1.585141305370941656e-06,9.273010520795442403e-05,1.482194863682618186e-14,5.870491362351294016e-15,1.923688593383601525e-14,2.902532542314388674e-12,2.043102766029481924e-15,3.727023656031136357e-15,1.348660718435690222e-14,3.972880150821223089e-15,7.849504115771063091e-10,2.211813460925303869e-22,1.246871992934846885e-12,2.142667555704608871e-33,4.707684563229984453e-24,4.903258676366598634e-11,3.272694698239319479e-08
4.114999999999999769e-01,9.339431190037123334e-05,4.639563799809170533e-08,3.646200932695742188e-06,1.140408667151751486e-08,1.538038592694165471e-06,8.812032627267333803e-05,1.477801934066379923e-14,5.846099159923799419e-15,2.137090407596375796e-14,2.753817526385278178e-12,2.104698317815987278e-15,3.767200872933532315e-15,1.347313380659887412e-14,3.977854217971338248e-15,7.958873234350588646e-10,2.104808852705963169e-22,1.179428303279850880e-12,2.207235437603707489e-33,4.848761600782855265e-24,4.645968517425242619e-11,3.110003206602983550e-08
4.120000000000000329e-01,8.834527715208068609e-05,4.548833049852602161e-08,3.695594459519790393e-06,1.079538460816198489e-08,1.490268911432005580e-06,8.307295694225959835e-05,1.475522489165207499e-14,5.830853528428425616e-15,2.236295656049598825e-14,2.612001400064475435e-12,2.160696038060122116e-15,3.826091425842356280e-15,1.331177127031302664e-14,3.994005946876944178e-15,8.066716161807624032e-10,2.001421554284245893e-22,1.114339814237005947e-12,2.265933747337859062e-33,4.977038086932398347e-24,4.397983222724924191e-11,2.931867973139576405e-08
4.124999999999999778e-01,8.293998853235284418e-05,4.425595770300351675e-08,3.744300728132210386e-06,1.020963819751120602e-08,1.442368294361024418e-06,7.767057938774057739e-05,1.475400220486142073e-14,5.818731101479867152e-15,2.182717695803370776e-14,2.475792741443778915e-12,2.214958445964916799e-15,3.911572773597716979e-15,1.306522582829920431e-14,4.027996869676661444e-15,8.173037829686235698e-10,1.901872974437388816e-22,1.052073540402434398e-12,2.322812578655294410e-33,5.101405667538603229e-24,4.159349732041601435e-11,2.741203545228389177e-08
4.130000000000000338e-01,7.726378149880583585e-05,4.271580995856710789e-08,3.792332435922723087e-06,9.646917480950654649e-09,1.395039915464824827e-06,7.199776598520105781e-05,1.477483685575133387e-14,5.803222791656655182e-15,1.993735665388456805e-14,2.344114184113988456e-12,2.272408049104569249e-15,4.025314675866722140e-15,1.281560168789762013e-14,4.082330374648879732e-15,8.277859707794379499e-10,1.806479491027007709e-22,9.929098018398047208e-13,2.383033222827226537e-33,5.233178169035702949e-24,3.930097316496914878e-11,2.540994709871223388e-08
4.134999999999999787e-01,7.140280413358028513e-05,4.098128141735490623e-08,3.839695302798952773e-06,9.107264167531478407e-09,1.348896048565789183e-06,6.613990325047647365e-05,1.481820093955079962e-14,5.778814027938212417e-15,1.733208269002905780e-14,2.216316829882139303e-12,2.337855845852185578e-15,4.163525141210982071e-15,1.264186477219617043e-14,4.155666924371206565e-15,8.381193891124194541e-10,1.715581677254213185e-22,9.369156883173464780e-13,2.451639918733684043e-33,5.383398768764829294e-24,3.710243446416502331e-11,2.334254987008433132e-08
4.140000000000000346e-01,6.544237256847014906e-05,3.921779967089402047e-08,3.886378966019014941e-06,8.590705530224915934e-09,1.304254414979425858e-06,6.018180456998497511e-05,1.488446346157967804e-14,5.742361136632719895e-15,1.485679313214257225e-14,2.092253273399248367e-12,2.414807524143916253e-15,4.319185435346166280e-15,1.259908431622425653e-14,4.244228831962496759e-15,8.483023138203043035e-10,1.629463708891535201e-22,8.839738795737186276e-13,2.532308241913357373e-33,5.560099379679745499e-24,3.499799391800766764e-11,2.123977668977737465e-08
4.144999999999999796e-01,5.946528913726457368e-05,3.758312114810554581e-08,3.932354322220603734e-06,8.097263349767525901e-09,1.261059486753186864e-06,5.420616994805169375e-05,1.497384034560575081e-14,5.693996811529598547e-15,1.324806999464547006e-14,1.972213447827520493e-12,2.504535312400051248e-15,4.484694503951628988e-15,1.270489635306678284e-14,4.343516148255478212e-15,8.583293756408598129e-10,1.548282452928345093e-22,8.338506658864302779e-13,2.626372031369056093e-33,5.766173325082795204e-24,3.298773894327271694e-11,1.913081460896230822e-08
4.150000000000000355e-01,5.355031060006435915e-05,3.617536581791849113e-08,3.977577889229752166e-06,7.626957501671259620e-09,1.218946789374237041e-06,4.829203807430998538e-05,1.508640033139510831e-14,5.637248805434842281e-15,1.288077944220489101e-14,1.856761594462827101e-12,2.605671126816566993e-15,4.653929582496877639e-15,1.293644786335524966e-14,4.449629617967312677e-15,8.681922911350707232e-10,1.472025570776808789e-22,7.862796985466581903e-13,2.732396878984027371e-33,5.998447505150136024e-24,3.107174724543104323e-11,1.704355850099922442e-08
4.154999999999999805e-01,4.777092182481086619e-05,3.500749395862518913e-08,4.022001116412161164e-06,7.179806297860514617e-09,1.177413102088923460e-06,4.251340650286907646e-05,1.522209045395920880e-14,5.578221770482404839e-15,1.366719850426869160e-14,1.746532673335554644e-12,2.714470207171624097e-15,4.823200774257785839e-15,1.323816332364612608e-14,4.559857244893314065e-15,8.778816339587953128e-10,1.400512176563732451e-22,7.410374524207621199e-13,2.846456596544700419e-33,6.248295287299214732e-24,2.925008948733310452e-11,1.500412408744062699e-08
4.160000000000000364e-01,4.219448578007181091e-05,3.401543961172450931e-08,4.065580858017193395e-06,6.755826093112583431e-09,1.136019036419225856e-06,3.693816083609851295e-05,1.538072091838801896e-14,5.523948773372485666e-15,1.513382018963317280e-14,1.642048917870304564e-12,2.825727107899429853e-15,4.991171293316941563e-15,1.353783483401017761e-14,4.672620051339868196e-15,8.873888766640413336e-10,1.333438803605904036e-22,6.979919311059513649e-13,2.963093638655202661e-33,6.503746827197724640e-24,2.752282889136945632e-11,1.303647001979098371e-08
4.164999999999999813e-01,3.688173879886576164e-05,3.309372692245940852e-08,4.108287056005900184e-06,6.355031325751626073e-09,1.094545247194864781e-06,3.162737072504360038e-05,1.556186742127606165e-14,5.480296728468963891e-15,1.663249955162776761e-14,1.543603375460740344e-12,2.934137250720338563e-15,5.158245241929110258e-15,1.376649829134958350e-14,4.787168870369068033e-15,8.967078912963043176e-10,1.270460306816148790e-22,6.571157273750333340e-13,3.076746653196662861e-33,6.752620307260277572e-24,2.589002222239682349e-11,1.116214941985223769e-08
4.170000000000000373e-01,3.188652035496372054e-05,3.214243809694036471e-08,4.150105040495996180e-06,5.977434385869424827e-09,1.053048864989762795e-06,2.663491407699521667e-05,1.576469952434642169e-14,5.450011933428746090e-15,1.759503863357818224e-14,1.451232631595258817e-12,3.035744847723687245e-15,5.326010886831142369e-15,1.387678799018831449e-14,4.903446245420396912e-15,9.058353786062010219e-10,1.211283936513144712e-22,6.184653371737564359e-13,3.183268548456506551e-33,6.985847979119086636e-24,2.435171951046522988e-11,9.400177252111783058e-09
4.174999999999999822e-01,2.725559725842805021e-05,3.110649661921124017e-08,4.191032126925461473e-06,5.623043858051556920e-09,1.011810162351524613e-06,2.200731876252686662e-05,1.598779898090515337e-14,5.431529274479460132e-15,1.773124576966831743e-14,1.364773196817690659e-12,3.129058833190860143e-15,5.497071557837741447e-15,1.385507744824382994e-14,5.022291647955625456e-15,9.147701686503563633e-10,1.155749283898758922e-22,5.821377488095295738e-13,3.281096435531982654e-33,7.200035721828830135e-24,2.290795660130025494e-11,7.766974456666171094e-09
4.180000000000000382e-01,2.302846985792528955e-05,2.999297177955228410e-08,4.231070419244038218e-06,5.291860381792730345e-09,9.712024942932075045e-07,1.778368880109189038e-05,1.622906081366369184e-14,5.418999339720295974e-15,1.710082876812157552e-14,1.283972953571661798e-12,3.215486112051635150e-15,5.675171815102099059e-15,1.372448503314934651e-14,5.145823269841268434e-15,9.235117972465729977e-10,1.103869679070291976e-22,5.482205726041363723e-13,3.371705768466177723e-33,7.398451175216247446e-24,2.155873761481916939e-11,6.276341896567400683e-09
4.184999999999999831e-01,1.923711647592548149e-05,2.886203646099585731e-08,4.270219032619105494e-06,4.983871133438940473e-09,9.315444507125177472e-07,1.399561350239004125e-05,1.648575367154098953e-14,5.403641245606994698e-15,1.604451606865238237e-14,1.208616313829834648e-12,3.298918898795738916e-15,5.865186600941373729e-15,1.353825482093806780e-14,5.277580477022412143e-15,9.320590251885687294e-10,1.055821703933098144e-22,5.167522609538517986e-13,3.459177572861829813e-33,7.590067006413853821e-24,2.030401166023191174e-11,4.939428290108696294e-09
4.190000000000000391e-01,1.590571104033272328e-05,2.779798345115794766e-08,4.308468863197571009e-06,4.699045506858295114e-09,8.929934043310767680e-07,1.066702581932062088e-05,1.675475806579904241e-14,5.376105840209657599e-15,1.501605920321564775e-14,1.138621746487974134e-12,3.384568995843242486e-15,6.072491025778066928e-15,1.336549097297892810e-14,5.422014606468058984e-15,9.404089337713191260e-10,1.011885546036407658e-22,4.877045561476560253e-13,3.548976150854917198e-33,7.786874700456754136e-24,1.914365458019358124e-11,3.764680219296623115e-09
4.194999999999999840e-01,1.305040526338905552e-05,2.687397608659990928e-08,4.345801683089396103e-06,4.437334705237482923e-09,8.555166158777329450e-07,7.814049630536198850e-06,1.703292641995301339e-14,5.329175430220505146e-15,1.439184916155360229e-14,1.074081943552133303e-12,3.477384989310493369e-15,6.301521264677688452e-15,1.327312212099393893e-14,5.583199759994029633e-15,9.485569319173693533e-10,9.723546890128435476e-23,4.609916723443574393e-13,3.646289560821874156e-33,8.000242876549511290e-24,1.807746698231107420e-11,2.757788232194439876e-09
4.199999999999999845e-01,1.067927967324614421e-05,2.612535493990033036e-08,4.382193365510051601e-06,4.198676206422394316e-09,8.189411794822590440e-07,5.444924316244346838e-06,1.731745233339285464e-14,5.259964997821302129e-15,1.433635599753912478e-14,1.015236035390954958e-12,3.580534046451242052e-15,6.553841597272497370e-15,1.330885042209654698e-14,5.763077493416375358e-15,9.564975875462356861e-10,9.374434190953836792e-23,4.365021461048527792e-13,3.754437920362365311e-33,8.237428354225975050e-24,1.710519256619557439e-11,1.921660224792275333e-09
4.204999999999999849e-01,8.792535178224785195e-06,2.554138334243121053e-08,4.417619312878797133e-06,3.983001157956758210e-09,7.830524544951067144e-07,3.560100674626850252e-06,1.760612626160362196e-14,5.170899086449546741e-15,1.477141675008126719e-14,9.623842559100574632e-13,3.694422255296424914e-15,6.826490523864113781e-15,1.348950046783992323e-14,5.959929994355675566e-15,9.642258358510470941e-10,9.072211738396036841e-23,4.141422369784487596e-13,3.873846431579269528e-33,8.499329376926920048e-24,1.622654877439712171e-11,1.256455293740251336e-09
4.209999999999999853e-01,7.382934934289292199e-06,2.507679010051962270e-08,4.452059389153490917e-06,3.790240307174746284e-09,7.476946359504988411e-07,2.152565622261264307e-06,1.789739851287493529e-14,5.069099260085919976e-15,1.545018925921376801e-14,9.157725658097555268e-13,3.816561695707033475e-15,7.111526081336973026e-15,1.379772355494700023e-14,6.167880304229412560e-15,9.717379727828105818e-10,8.815935158281220548e-23,3.938762068201705021e-13,4.001906210125788287e-33,8.780188308335545282e-24,1.544125169205931415e-11,7.596983327172249067e-10
4.214999999999999858e-01,6.436441992983311842e-06,2.467613109652994342e-08,4.485500123474762179e-06,3.620323729092723938e-09,7.128316936778049344e-07,1.208392143510590747e-06,1.819025039193916213e-14,4.964319044993328947e-15,1.609296759229535302e-14,8.754835923877635617e-13,3.942320433967947924e-15,7.397388701649118775e-15,1.418780425667591048e-14,6.377941630043021475e-15,9.790319680900217331e-10,8.603336714203063657e-23,3.757497186904560504e-13,4.133760797491783096e-33,9.069325020217792453e-24,1.474901565850917102e-11,4.264741244809678420e-10
4.219999999999999862e-01,5.932957461488934043e-06,2.429926300107727953e-08,4.517933387891651746e-06,3.473172104288355095e-09,6.785481640749707356e-07,7.074522649220265501e-07,1.848395489971879163e-14,4.866040144250953354e-15,1.651981262315318515e-14,8.413687806701187052e-13,4.066305051479360032e-15,7.672016974734336226e-15,1.459892038956812006e-14,6.580550029666283442e-15,9.861069646002931386e-10,8.431517514247900862e-23,3.598876587017599069e-13,4.263755764398265108e-33,9.354323044447712018e-24,1.414951820000263083e-11,2.496789680814230934e-10
4.224999999999999867e-01,5.847061256300207487e-06,2.393679116639116945e-08,4.549352478339792983e-06,3.348681840592333684e-09,6.449968391904416337e-07,6.241983311529630048e-07,1.877785223076543176e-14,4.780630926258238244e-15,1.672191159104930343e-14,8.130454837168249199e-13,4.183923320927099064e-15,7.926850171732363578e-15,1.497224368472832639e-14,6.768842965361935711e-15,9.929622163363109978e-10,8.297769359131554399e-23,3.464653942637531781e-13,4.387077051172097593e-33,9.624626465052757955e-24,1.364233946669455726e-11,2.202964110905712693e-10
4.229999999999999871e-01,6.148691009852288777e-06,2.360959588290707320e-08,4.579747759258529372e-06,3.246710818671521242e-09,6.123222278903853624e-07,9.284230267206263723e-07,1.907125079824066020e-14,4.709462624837116129e-15,1.684491678213209438e-14,7.899648640222941242e-13,4.292627501872183230e-15,8.160285971841195686e-15,1.526725854863467482e-14,6.941486242754868533e-15,9.995959839563221748e-10,8.200251355442227990e-23,3.356605789389039054e-13,4.501054309950466374e-33,9.874397982145642818e-24,1.322690375169643461e-11,3.276654807298007162e-10
4.234999999999999876e-01,6.803747713071705087e-06,2.335392537817290849e-08,4.609104219937475529e-06,3.167073459127919207e-09,5.805961624378599692e-07,1.585946525676157633e-06,1.936349684017981667e-14,4.648577311856857073e-15,1.709843381013567199e-14,7.715365765090603711e-13,4.392461428260018302e-15,8.379125270549299037e-15,1.547290336464023803e-14,7.103840013552521369e-15,1.006004933149057650e-09,8.138315950341701261e-23,3.275987306365936874e-13,4.605734211646036705e-33,1.010377183463042540e-23,1.290245861385844780e-11,5.597231970046537805e-10
4.239999999999999880e-01,7.774665776195079965e-06,2.319980121990938248e-08,4.637402360389010832e-06,3.109551512701701112e-09,5.497932057531552610e-07,2.559231625744442692e-06,1.965416555680808383e-14,4.590004192473575992e-15,1.763826379305577547e-14,7.572794245987413205e-13,4.485780934101067678e-15,8.597120354189992390e-15,1.561055974995216449e-14,7.266755692249066657e-15,1.012184357388174835e-09,8.112416209246465276e-23,3.223081593619249671e-13,4.703587032911626718e-33,1.031820286817174242e-23,1.266811788152457442e-11,9.032216703557952013e-10
4.244999999999999885e-01,9.021010071952456690e-06,2.315301254351822476e-08,4.664622203564254763e-06,3.073920701637650818e-09,5.198136532182737834e-07,3.807971548053064419e-06,1.994325727128176039e-14,4.524294720341418151e-15,1.847834665702239560e-14,7.469580019713978207e-13,4.576297161483235552e-15,8.830778685603927980e-15,1.572815724104706777e-14,7.443158225112620507e-15,1.018129169517771387e-09,8.123677235149478094e-23,3.196977128440644562e-13,4.798503415887735483e-33,1.052625762781048276e-23,1.252296931402592721e-11,1.343935552873931961e-09
4.249999999999999889e-01,1.050015423551373562e-05,2.318889988084437926e-08,4.690748658292025562e-06,3.059985407179410811e-09,4.905402814856696444e-07,5.289712085704154632e-06,2.023126895381205010e-14,4.443468496946049522e-15,1.947401161660986867e-14,7.406664540328238416e-13,4.667805917195832550e-15,9.093680046233019450e-15,1.588711172655635078e-14,7.643470181167677730e-15,1.023835244029148524e-09,8.173323048544009566e-23,3.195648398018009725e-13,4.894462143253812992e-33,1.073668479445548760e-23,1.246621536834640828e-11,1.866881612354642825e-09
4.254999999999999893e-01,1.216805846132638424e-05,2.326056487083742415e-08,4.715775659064468235e-06,3.067607593490680404e-09,4.619009726324032214e-07,6.960554148803351472e-06,2.051906547016727320e-14,4.343453459966816737e-15,2.038466299874708422e-14,7.388321086697153348e-13,4.763040994057891823e-15,9.391289973588135019e-15,1.614578947986696660e-14,7.871506312057222097e-15,1.029300506478431312e-09,8.262178536422612019e-23,3.216333339269543900e-13,4.994328088825182931e-33,1.095577381327600002e-23,1.249729097947232941e-11,2.456566680127036354e-09
4.259999999999999898e-01,1.398011803054004339e-05,2.331763378965402507e-08,4.739706876349186446e-06,3.096715385026335002e-09,4.339084088403081354e-07,8.775942835883564387e-06,2.080757532354866202e-14,4.225292924245732164e-15,2.098751488575344976e-14,7.421313401921484172e-13,4.863006642278005394e-15,9.718264050023148660e-15,1.654412181803781656e-14,8.122444916729669246e-15,1.034525245968696903e-09,8.390409696068050105e-23,3.256120950984843950e-13,5.099152696617235121e-33,1.118581949639387008e-23,1.261589898960548870e-11,3.097266135687629293e-09
4.264999999999999902e-01,1.589201640601608522e-05,2.332708481443365808e-08,4.762552204997817293e-06,3.147282556511315042e-09,4.066597117930150361e-07,1.069150330009672666e-05,2.109743745711890049e-14,4.094804545383485962e-15,2.119044749318209044e-14,7.513329215217414333e-13,4.966944587170903567e-15,1.005946698361906023e-14,1.709361761761990085e-14,8.383823643026222642e-15,1.039511444384770964e-09,8.557553069179038873e-23,3.312605244089445599e-13,5.208139813113383011e-33,1.142504990535260530e-23,1.282192752336857472e-11,3.773318905684818627e-09
4.269999999999999907e-01,1.786050462463463200e-05,2.328683877805127554e-08,4.784321110085489135e-06,3.219281171007865927e-09,3.802973741441259257e-07,1.266385203619703264e-05,2.138877877820455244e-14,3.960866681704278583e-15,2.109159166640268435e-14,7.671044064620227407e-13,5.072855809524032217e-15,1.039462077582723025e-14,1.777544110023639772e-14,8.639425671127047981e-15,1.044261340774860863e-09,8.762765961691371864e-23,3.384442531328380223e-13,5.319193094060409515e-33,1.166883301200813578e-23,1.311525820436540546e-11,4.469413787706850930e-09
4.274999999999999911e-01,1.984404641744127982e-05,2.322604315618432520e-08,4.805015428170474070e-06,3.312621638304707343e-09,3.549497581545052758e-07,1.465130822772495867e-05,2.168127418914805686e-14,3.832912918574559566e-15,2.095589445384621342e-14,7.898291952175926044e-13,5.178316421196727980e-15,1.070512396342448934e-14,1.854690254409466420e-14,8.874815321903996425e-15,1.048775799550287623e-09,9.005151270616314645e-23,3.471672050375588325e-13,5.429771573069135564e-33,1.191156099513790503e-23,1.349552307734512327e-11,5.170840502589448434e-09
4.279999999999999916e-01,2.180330798693183372e-05,2.319176454734423444e-08,4.824624700317934414e-06,3.427102395031716486e-09,3.306776499429173834e-07,1.661445479839140170e-05,2.197453408690632359e-14,3.718412260767070986e-15,2.111483446568927902e-14,8.194821322815231795e-13,5.281262967996918483e-15,1.098068010182646066e-14,1.935432921192706967e-14,9.082581959051138977e-15,1.053053172455603372e-09,9.284002731840929980e-23,3.575717821394875261e-13,5.537712931202129492e-33,1.214846363219655223e-23,1.396190040371217287e-11,5.863687703792950811e-09
4.284999999999999920e-01,2.370151596706051881e-05,2.322763071327588918e-08,4.843126287653059453e-06,3.562391147126350247e-09,3.074498175430863855e-07,1.851654193315678415e-05,2.226871718831459079e-14,3.621055967557397570e-15,2.182923156260613733e-14,8.555990118052184140e-13,5.380487914037164865e-15,1.122331469190978145e-14,2.014853466769862294e-14,9.265352376228096427e-15,1.057089175369394938e-09,9.598875482714576993e-23,3.699066580996606421e-13,5.641752674986116746e-33,1.237675294821238594e-23,1.451303850603360045e-11,6.534985390947415379e-09
4.289999999999999925e-01,2.550473861855153963e-05,2.335337196400253924e-08,4.860490676603842952e-06,3.718050110745691609e-09,2.851573485778681199e-07,2.032376896348220600e-05,2.256514052778383214e-14,3.540104345730090455e-15,2.317231763537959735e-14,8.973528704902745626e-13,5.475741464621351343e-15,1.144721046707584567e-14,2.089848186878468877e-14,9.435368668582056803e-15,1.060877902406714370e-09,9.949482020687078788e-23,3.844692946827825293e-13,5.741630436783462004e-33,1.259585928102782501e-23,1.514715824016624429e-11,7.172804395699552144e-09
4.294999999999999929e-01,2.718215163419799402e-05,2.355382640518823357e-08,4.876690249442044398e-06,3.893601732091686579e-09,2.636598141006342177e-07,2.200550608690142760e-05,2.286661262963357149e-14,3.470973811476861388e-15,2.498351406809441934e-14,9.437229654093360177e-13,5.567509008793978996e-15,1.167426596354215528e-14,2.159939036832863887e-14,9.610649972664599464e-15,1.064413630865839195e-09,1.033550011878505747e-22,4.015360593220965095e-13,5.837856170859963503e-33,1.280691785691699859e-23,1.586231981922556655e-11,7.766334633979642181e-09
4.299999999999999933e-01,2.870632964508275150e-05,2.378203390392078981e-08,4.891708255984897813e-06,4.088614820388388154e-09,2.428432523789078147e-07,2.353451565711205069e-05,2.317728087982107614e-14,3.406792440889295363e-15,2.691534235550015400e-14,9.937179046127148580e-13,5.656650914638655121e-15,1.192684488715567312e-14,2.227324022346544995e-14,9.809014871468912969e-15,1.067692724953831432e-09,1.075641826829700804e-22,4.212954968638485691e-13,5.931332165568077894e-33,1.301193585522432798e-23,1.665677244139236836e-11,8.305963206623463378e-09
4.304999999999999938e-01,3.005356709340079109e-05,2.397525313826591535e-08,4.905544439621642384e-06,4.302780638891693227e-09,2.226658714755914492e-07,2.488720554380671399e-05,2.350194651638997435e-14,3.340422671829652692e-15,2.855806953621871585e-14,1.046599165407594101e-12,5.744109334796515983e-15,1.222024693665046690e-14,2.296184355441624071e-14,1.004206109077130592e-14,1.070714871772724876e-09,1.121151977053040771e-22,4.437994825721302618e-13,6.023045545080321831e-33,1.321311174822967514e-23,1.752926293908039121e-11,8.783363817626917889e-09
4.309999999999999942e-01,3.120419361784411682e-05,2.407751179163173683e-08,4.918214913482630877e-06,4.535949140614654474e-09,2.031734626781544272e-07,2.604390654365674988e-05,2.384500450339203318e-14,3.266389694703622461e-15,2.959458154863307473e-14,1.102049559175003220e-12,5.830807643400202123e-15,1.255758296835869786e-14,2.371472811105637926e-14,1.031126047594812103e-14,1.073483119373040048e-09,1.170003191716206471e-22,4.689430333708630723e-13,6.113962997634662110e-33,1.341259723384704370e-23,1.847918230518428354e-11,9.191594679724473440e-09
4.314999999999999947e-01,3.214282536480929939e-05,2.405975647506066519e-08,4.929746039750989820e-06,4.788108005469082573e-09,1.844797066236770961e-07,2.698912928757777019e-05,2.420933229717364594e-14,3.182249726759102271e-15,2.992473537414784133e-14,1.160243856500882018e-12,5.917737520671335072e-15,1.292890485616687105e-14,2.457541837842837054e-14,1.060759264874764661e-14,1.076002646625536774e-09,1.222137776289241841e-22,4.964774551512159325e-13,6.205122455793440122e-33,1.361269170136199659e-23,1.950647970355171254e-11,9.525189182725621673e-09
4.319999999999999951e-01,3.285849403001670719e-05,2.392976496866916886e-08,4.940164401558205383e-06,5.059307483716660548e-09,1.667209829503817817e-07,2.771173860451496470e-05,2.459551051675438118e-14,3.089126600079266310e-15,2.970950191158051450e-14,1.221802653591945597e-12,6.006112785354466344e-15,1.331492049087878921e-14,2.556996544575952876e-14,1.091487386923211559e-14,1.078278697663645030e-09,1.277540715333824194e-22,5.260545532218747123e-13,6.297794860555621329e-33,1.381619230480352628e-23,2.061135635436743916e-11,9.780217429525598570e-09
4.324999999999999956e-01,3.334461929218886478e-05,2.372817292191005531e-08,4.949486544275132503e-06,5.349554839061053691e-09,1.500049533586594128e-07,2.820499169884194514e-05,2.500167639120651886e-14,2.991366521221839211e-15,2.931617195353064292e-14,1.287639451769556263e-12,6.097424553113244646e-15,1.369397605656269956e-14,2.670075389252917714e-14,1.121560558132479963e-14,1.080314457939728820e-09,1.336248056257892624e-22,5.572931789022135905e-13,6.393542436214872437e-33,1.402651985980506657e-23,2.179383622533200013e-11,9.954299708395739859e-09
4.329999999999999960e-01,3.359882767761767210e-05,2.351247722698813626e-08,4.957712353681229008e-06,5.658715270546099986e-09,1.343734254206016626e-07,2.846641691347388586e-05,2.542410739556387477e-14,2.895451605678053805e-15,2.918439673648237030e-14,1.358737289888755613e-12,6.193280789253900272e-15,1.404982043121776923e-14,2.794700019496216771e-14,1.149726355082379358e-14,1.082109693178067373e-09,1.398333742091625495e-22,5.898546164744960054e-13,6.494050758257047134e-33,1.424735174624493699e-23,2.305336361801408441e-11,1.004656370439968314e-08
4.334999999999999964e-01,3.362265693813012654e-05,2.333547269492371200e-08,4.964824630462518183e-06,5.986455977191310614e-09,1.197928861639036309e-07,2.849754971278966025e-05,2.585837624705296102e-14,2.808443280253157827e-15,2.966360910873923481e-14,1.435908315280316731e-12,6.295031833453887571e-15,1.437740911103774536e-14,2.927145210531254117e-14,1.175680612725284015e-14,1.083660693741488387e-09,1.463877547754472062e-22,6.235111157502119142e-13,6.600736197509821284e-33,1.448176500817003719e-23,2.438857674350843843e-11,1.005755132088348552e-08
4.339999999999999969e-01,3.342120607847827430e-05,2.322647651854053247e-08,4.970795104345214144e-06,6.332255853356786328e-09,1.061741212762238205e-07,2.830357596735176443e-05,2.630070261822186207e-14,2.736293835517367558e-15,3.088338052750799987e-14,1.519593206262610085e-12,6.403314903424403595e-15,1.468474428703641019e-14,3.063114479412771954e-14,1.200184539446711894e-14,1.084961570985270656e-09,1.532925738769595735e-22,6.581927275064936756e-13,6.714268187009096770e-33,1.473119466066883767e-23,2.579734857318186602e-11,9.989092786249813848e-09
4.344999999999999973e-01,3.300279008004799606e-05,2.318226442281949803e-08,4.975594699381922702e-06,6.695479960281716572e-09,9.341074814748709818e-08,2.789294700218594516e-05,2.674903453328539888e-14,2.682378159865239237e-15,3.270541393058709313e-14,1.609746842965214492e-12,6.517729628962902292e-15,1.499019869931775516e-14,3.198909814491276009e-14,1.224814289965685314e-14,1.086006432170443837e-09,1.605460412879760905e-22,6.940014998884587828e-13,6.834228694004574544e-33,1.499469371772346207e-23,2.727709117329525216e-11,9.844170795861347575e-09
4.349999999999999978e-01,3.237863693468832167e-05,2.317059954666507914e-08,4.979204257027703266e-06,7.075493998321864746e-09,8.141996828656797517e-08,2.727702163536743074e-05,2.720346394714195986e-14,2.646565358643141077e-15,3.477446289212845018e-14,1.705835195927500438e-12,6.636839710080545889e-15,1.531638913473983263e-14,3.332376242154230326e-14,1.251440599992498612e-14,1.086791620243082643e-09,1.681391025042613736e-22,7.311884991836711649e-13,6.959113540152493871e-33,1.526894237888451636e-23,2.882522237065514133e-11,9.626794179431182649e-09
4.354999999999999982e-01,3.156263235496652668e-05,2.314429236972900707e-08,4.981621765199966637e-06,7.471778634957850018e-09,7.016960738629452675e-08,2.646976254995444500e-05,2.766579747245536239e-14,2.625069080598123059e-15,3.664793756703050442e-14,1.806941819821760323e-12,6.758581628139202522e-15,1.568285585544821199e-14,3.463379464219137811e-14,1.281628906189107315e-14,1.087317177532526618e-09,1.760573092504571693e-22,7.700969370012577196e-13,7.086760526768592501e-33,1.554919140583811669e-23,3.043963112397885832e-11,9.341890743396444412e-09
4.359999999999999987e-01,3.057108754557762170e-05,2.305986321830036728e-08,4.982863483657394937e-06,7.884002818263758047e-09,5.968259397440597513e-08,2.548747981536906207e-05,2.813839138252299472e-14,2.611178854781253378e-15,3.795483828053376062e-14,1.911957294611425119e-12,6.880993454701978591e-15,1.610014531552109506e-14,3.593711570808430461e-14,1.316171838051549291e-14,1.087586988385064061e-09,1.842847968732952160e-22,8.110823824269398534e-13,7.215113285230069132e-33,1.583093898311962595e-23,3.211897518082121426e-11,8.995216752563051473e-09
4.364999999999999991e-01,2.942248902667748717e-05,2.289352859130980427e-08,4.982958669475256081e-06,8.312029700516686578e-09,5.001994222022799250e-08,2.434858709717638720e-05,2.862261835749143253e-14,2.596785449369768934e-15,3.852486715027129765e-14,2.019807274117226727e-12,7.003025885279566462e-15,1.656729016489399940e-14,3.726476823018480033e-14,1.354910674860720413e-14,1.087607558519881288e-09,1.928088552705714203e-22,8.544268790661828431e-13,7.343071505749343345e-33,1.611179380243053021e-23,3.386270379376660931e-11,8.593270888867505447e-09
4.369999999999999996e-01,2.813719198798771790e-05,2.264876413374104039e-08,4.981939990359851053e-06,8.755853232247446238e-09,4.125171034274170243e-08,2.307332623928545160e-05,2.911746921183846829e-14,2.574398514998721704e-15,3.844129057932738821e-14,2.129668054700548582e-12,7.125131530026582637e-15,1.707338920013474896e-14,3.865145372471550272e-14,1.396893388665725759e-14,1.087385902033967479e-09,2.016232799003346251e-22,9.002662222532138958e-13,7.471108856988210323e-33,1.639282569892922776e-23,3.567079791019002810e-11,8.143197047393887713e-09
4.375000000000000000e-01,2.673703767144197327e-05,2.235332187725435966e-08,4.979833257293824711e-06,9.215488688554562001e-09,3.342900214892062289e-08,2.168342612762350541e-05,2.961875626095920831e-14,2.539170132632587182e-15,3.800083138189009889e-14,2.241123450499900645e-12,7.249382476194105676e-15,1.760251000025705954e-14,4.012543944377107302e-14,1.440796139997102008e-14,1.086927333067959110e-09,2.107291374577638853e-22,9.485477462874408923e-13,7.601396469394171281e-33,1.667882985914355626e-23,3.754332293903515320e-11,7.652663938657977723e-09
4.380000000000000004e-01,2.524490230552311199e-05,2.204774093912601529e-08,4.976650239733160959e-06,9.690856841251051697e-09,2.656789870268863068e-08,2.020168663158205855e-05,3.011918771663881184e-14,2.490354122470609779e-15,3.759875100175861989e-14,2.354231254573127057e-12,7.379026229210314940e-15,1.814001460753030474e-14,4.170060361078131166e-14,1.485446877109022114e-14,1.086233975737806546e-09,2.201326073026810178e-22,9.990297681355472825e-13,7.737337678221570396e-33,1.697729916289005759e-23,3.947995616496636414e-11,7.129718249492301691e-09
4.385000000000000009e-01,2.368420922610139193e-05,2.177043279433139219e-08,4.972387038179116784e-06,1.018170302877177964e-08,2.064980979367855196e-08,1.865150716356685467e-05,3.060929347104392588e-14,2.431706556799931360e-15,3.758402167671843742e-14,2.469487816271593578e-12,7.517597109035628044e-15,1.867803098564884375e-14,4.337273256174103117e-14,1.530264146957800461e-14,1.085304514141630457e-09,2.298407450809642524e-22,1.051324494716833758e-12,7.882636708217478726e-33,1.729637529798366251e-23,4.147965702764419923e-11,6.582618259136491957e-09
4.390000000000000013e-01,2.207844810073882429e-05,2.154525108901259731e-08,4.967028317940149143e-06,1.068757860568413783e-08,1.563530353947585455e-08,1.705640045948175163e-05,3.107890285101874018e-14,2.370582824668990257e-15,3.813840983882553564e-14,2.587700682748402298e-12,7.667872846948864276e-15,1.921825220507620775e-14,4.512097433572990147e-14,1.575466824661701063e-14,1.084135224046149776e-09,2.398568646045935500e-22,1.104975840328105698e-12,8.040205016860425656e-33,1.764244616427473864e-23,4.354059222958727957e-11,6.019662240283634777e-09
4.395000000000000018e-01,2.045074198335121042e-05,2.137593347171411487e-08,4.960555517374667966e-06,1.120788866373505639e-08,1.148329128888149435e-08,1.543953790923096420e-05,3.151870098635919530e-14,2.315862409075302854e-15,3.922188764684519540e-14,2.709797563618747472e-12,7.831034499047955078e-15,1.977132040311867275e-14,4.691391018329493818e-14,1.622001364986694914e-14,1.082721849324898125e-09,2.501773877158249833e-22,1.159554804674815862e-12,8.211280706396631461e-33,1.801821382584264400e-23,4.566033137577512838e-11,5.449027995451272945e-09
4.400000000000000022e-01,1.882348682773742692e-05,2.124872800460203575e-08,4.952955772748318799e-06,1.174198568085770781e-08,8.166469287294643942e-09,1.382336211812342846e-05,3.192138003137055790e-14,2.275226217197138929e-15,4.060032986423437106e-14,2.836611877394988210e-12,8.006322195014581997e-15,2.035331066270361256e-14,4.871841442958068843e-14,1.671236145176674688e-14,1.081061592668917104e-09,2.607913991164349246e-22,1.214750199458940236e-12,8.395067655562417693e-33,1.842190575113814867e-23,4.783622999236113692e-11,4.878636120849513354e-09
4.405000000000000027e-01,1.721806628997878930e-05,2.114123363601538981e-08,4.944228237912050210e-06,1.228927308850976755e-08,5.677051938037551544e-09,1.222928081856073966e-05,3.228205384098946995e-14,2.252585934538072368e-15,4.194059145233415889e-14,2.968689030228654886e-12,8.191303150683495740e-15,2.098080137289491305e-14,5.050869350058425808e-14,1.724549439527798838e-14,1.079154486595054819e-09,2.716830168923464576e-22,1.270433044031687724e-12,8.589016423030565104e-33,1.884789644931280454e-23,5.006585288949279808e-11,4.316041980350986845e-09
4.410000000000000031e-01,1.565462577764411924e-05,2.103330205561005304e-08,4.934385679003740462e-06,1.284928129353304584e-08,4.022170425383137351e-09,1.067743302995597822e-05,3.259786244264837122e-14,2.246503842505123078e-15,4.293450853917837203e-14,3.106153018153906885e-12,8.382649396076498481e-15,2.166637366286070034e-14,5.227286209375150216e-14,1.782962923130134312e-14,1.077003685637686024e-09,2.828355219592815485e-22,1.326678950433142502e-12,8.789639416408316118e-33,1.928850250504789349e-23,5.234728492424406788e-11,3.768353176956388750e-09
4.415000000000000036e-01,1.415188033479778307e-05,2.091552058837615978e-08,4.923451158929243024e-06,1.342169138368900772e-08,3.213170164651077630e-09,9.186502521727476985e-06,3.286696377384150532e-14,2.250197981009642690e-15,4.340540558912872227e-14,3.248660902682809792e-12,8.577145259215278462e-15,2.241604755876655514e-14,5.401516307599160814e-14,1.846941738318399717e-14,1.074614654180977073e-09,2.942354734643408327e-22,1.383742875324568590e-12,8.993566844563577103e-33,1.973630577442768776e-23,5.467922801649526652e-11,3.242163718031750127e-09
4.420000000000000040e-01,1.272693329115988152e-05,2.079226675878390371e-08,4.911451500023794153e-06,1.400630300046918060e-08,3.255242679193363211e-09,7.773550406187840865e-06,3.308730173950033308e-14,2.253253149962226486e-15,4.336026407439158462e-14,3.395455281504358095e-12,8.772575891079621037e-15,2.322932222917492698e-14,5.575327209691693285e-14,1.916411465963698955e-14,1.071993640610185308e-09,3.058750753802901384e-22,1.441992183220284690e-12,9.198477912893840170e-33,2.018620146958316563e-23,5.706086999771579828e-11,2.743494931622127904e-09
4.425000000000000044e-01,1.139509411254699968e-05,2.067882425980767254e-08,4.898410298239107511e-06,1.460296396655063276e-08,4.142650049855232200e-09,6.453847765689567289e-06,3.325559034565326480e-14,2.244596575589260611e-15,4.297308248224017494e-14,3.545505068983458082e-12,8.968210833443663900e-15,2.410149721549071780e-14,5.751165848035867660e-14,1.990961270747067450e-14,1.069146066758022798e-09,3.177518346643346474e-22,1.501814052010835634e-12,9.403607493006426813e-33,2.063651246143089273e-23,5.949159700599843325e-11,2.277736394975752238e-09
4.430000000000000049e-01,1.016969881166191839e-05,2.059446892610146707e-08,4.884343183140222519e-06,1.521149196247081662e-08,5.861182841861316908e-09,5.240705399305406478e-06,3.336685378392490086e-14,2.215839652960079648e-15,4.251096079961440862e-14,3.697706334403508658e-12,9.164760947969890200e-15,2.502718713605981337e-14,5.931322155608113698e-14,2.070141345606463547e-14,1.066075439959159671e-09,3.298657304701608224e-22,1.563519264539176071e-12,9.609700773822666591e-33,2.108888956763371466e-23,6.197067305163532907e-11,1.849585847010907935e-09
4.435000000000000053e-01,9.061948260593967190e-06,2.055480729251631920e-08,4.869256884869562323e-06,1.583161838121967139e-08,8.395456438068992501e-09,4.145313546585315594e-06,3.341465468615673227e-14,2.163905968352112984e-15,4.223421668702538539e-14,3.851101373247024957e-12,9.363883852928739506e-15,2.600365796348361663e-14,6.117196670148396305e-14,2.153741354964501496e-14,1.062783138846890635e-09,3.422151891238472156e-22,1.627264895445226364e-12,9.818494739872863679e-33,2.154717084340954827e-23,6.449700979729580070e-11,1.462992622671670562e-09
4.440000000000000058e-01,8.080784394492695056e-06,2.056653828743153805e-08,4.853152008695890872e-06,1.646297240814562242e-08,1.173625216438951662e-08,3.176613274539225283e-06,3.339190502149707932e-14,2.092046533243677297e-15,4.230859165017806598e-14,4.005068808632567673e-12,9.567463525368093957e-15,2.703285698920014019e-14,6.308911690366466013e-14,2.241957870105814407e-14,1.059269050812347104e-09,3.547936654935805485e-22,1.693013353401021133e-12,1.003196308027368028e-32,2.201571954370873591e-23,6.706910040605202017e-11,1.121112262674973067e-09
4.445000000000000062e-01,7.232820650850752023e-06,2.062642295425539810e-08,4.836027938459613912e-06,1.710510515080863480e-08,1.588344482381544985e-08,2.341220117728306613e-06,3.329196985565676981e-14,2.008845994017914937e-15,4.275991441560803137e-14,4.159442178600862952e-12,9.776938238871761065e-15,2.812162743583314977e-14,6.505386452468582387e-14,2.335409786228765894e-14,1.055532706315185873e-09,3.675883467678329495e-22,1.760536152059674765e-12,1.025161193887770356e-32,2.249787233183978750e-23,6.968511702641353064e-11,8.262795650212626676e-10
4.450000000000000067e-01,6.522333458820543087e-06,2.072430154306116581e-08,4.817887584219888829e-06,1.775753727282198737e-08,2.084278562363498324e-08,1.643410975520923899e-06,3.310970350288470986e-14,1.925488772946753506e-15,4.348351056875398979e-14,4.314528942159586733e-12,9.992887288361439118e-15,2.928031758712101477e-14,6.704834203787040769e-14,2.435019158862101777e-14,1.051574394567390903e-09,3.805815411678931498e-22,1.829460104732378862e-12,1.047804706104099400e-32,2.299498290402878172e-23,7.234310468269433920e-11,5.800039614740215039e-10
4.455000000000000071e-01,5.951310551452339243e-06,2.084836047772680203e-08,4.798739994575548220e-06,1.841980583924532258e-08,2.661838974995338161e-08,1.085171992841096565e-06,3.284211726706558355e-14,1.852153669091141973e-15,4.429973715693920825e-14,4.471023539112528110e-12,1.021494857104007082e-14,3.052053580012642315e-14,6.905489823433531756e-14,2.541818807900835305e-14,1.047395809702611065e-09,3.937541077410808676e-22,1.899344062173048164e-12,1.071088777949877861e-32,2.350622788450103115e-23,7.504117263462874515e-11,3.829864162531708656e-10
4.460000000000000075e-01,5.519543652559639542e-06,2.099016846024648770e-08,4.778599973045409525e-06,1.909148968577063822e-08,3.320528816700755825e-08,6.662939836353757870e-07,3.248853803864524847e-14,1.794723905178175467e-15,4.503120601415180713e-14,4.629832397985729224e-12,1.044199309576162404e-14,3.185299241298884299e-14,7.106295992313560155e-14,2.656763869400887573e-14,1.043000023278251911e-09,4.070893570588535787e-22,1.969768047823059428e-12,1.094895021956921450e-32,2.402900585100168627e-23,7.777759880476440384e-11,2.351531032488275070e-10
4.465000000000000080e-01,5.224750260701842103e-06,2.114744396416653251e-08,4.757485241052969961e-06,1.977220524053610423e-08,4.058651346536653026e-08,3.844971593707276329e-07,3.205031371584043117e-14,1.752914230247187541e-15,4.557184869477481906e-14,4.791849829918249036e-12,1.067239465034674204e-14,3.328618876856855750e-14,7.307296329928337771e-14,2.780610966015722332e-14,1.038390891119606127e-09,4.205756245151405189e-22,2.040414885459474858e-12,1.119053004753188857e-32,2.455955796738856994e-23,8.055081414929675646e-11,1.356994253564065139e-10
4.470000000000000084e-01,5.062711861353474866e-06,2.132376138809307218e-08,4.735412754127967945e-06,2.046158013410274588e-08,4.873682448844761565e-08,2.355695727983908563e-07,3.153028113756774841e-14,1.720446635633417437e-15,4.592392772703460832e-14,4.957736151612448084e-12,1.090423810390130708e-14,3.482628492695835417e-14,7.509600878812293771e-14,2.913895388039609810e-14,1.033572242251073013e-09,4.342063046885181495e-22,2.111127155635340471e-12,1.143362065281041732e-32,2.509345031117856524e-23,8.335929654706206739e-11,8.313887422577426241e-11
4.475000000000000089e-01,5.027421839344504872e-06,2.152581908660366164e-08,4.712396054573029922e-06,2.115922286840946054e-08,5.763154582209251216e-08,2.135115504532307288e-07,3.093227813135537559e-14,1.687210299816975792e-15,4.619309149178048460e-14,5.127749617970727421e-12,1.113539706890844133e-14,3.647799727476879868e-14,7.714960353537549239e-14,3.056998645302159309e-14,1.028547265227558882e-09,4.479772929548812181e-22,2.181928517304449299e-12,1.167599419674969235e-32,2.562575812716132250e-23,8.620144833341182446e-11,7.535400387926285795e-11
4.480000000000000093e-01,5.111242584822847375e-06,2.175984537030115013e-08,4.688444945429736830e-06,2.186470823611327671e-08,6.725599801429312136e-08,3.106872498409363330e-07,3.026093277019246583e-14,1.642663343828467740e-15,4.654767067956669210e-14,5.301671320251151180e-12,1.136352977776433380e-14,3.824602845450248500e-14,7.925144372404719915e-14,3.210269860059320787e-14,1.023318381974426313e-09,4.618830020380400958e-22,2.253006419674689437e-12,1.191519686146753497e-32,2.615106341357736076e-23,8.907553746318903143e-11,1.096499193224888882e-10
4.485000000000000098e-01,5.305075197146086881e-06,2.202884806556535897e-08,4.663567596401534590e-06,2.257758950642360530e-08,7.761024649877930537e-08,5.179901879434883327e-07,2.952182222944707649e-14,1.579314775564959251e-15,4.716055409523870928e-14,5.478839987624050940e-12,1.158612456431361270e-14,4.013641774731687217e-14,8.141400369075192381e-14,3.374152597625674434e-14,1.017887645783529714e-09,4.759128521341835892e-22,2.324661199806207292e-12,1.214859617846505229e-32,2.666356666176764472e-23,9.197974706578295146e-11,1.828126964942139127e-10
4.490000000000000102e-01,5.598545654587530500e-06,2.233176360470516394e-08,4.637773988940277687e-06,2.329743376372284883e-08,8.870592875233260298e-08,8.250298875281411730e-07,2.872191718001563367e-14,1.495114027064153380e-15,4.815621286191204450e-14,5.658287194428994832e-12,1.180072380940354690e-14,4.215731849307903332e-14,8.364236888783455016e-14,3.549274190542282925e-14,1.012257437564195199e-09,4.900500167007864128e-22,2.397232985360799039e-12,1.237361563427670555e-32,2.715760755411230045e-23,9.491231869939236726e-11,2.911752555096338115e-10
4.495000000000000107e-01,5.980208856161096222e-06,2.266452185415927463e-08,4.611078924558165895e-06,2.402386320939982239e-08,1.005558567757576768e-07,1.220342126964949373e-06,2.787008571205085930e-14,1.393974790293433946e-15,4.958114785061879693e-14,5.838939606298049311e-12,1.200536046455725400e-14,4.431897554515223259e-14,8.593635784583395810e-14,3.736471938615962510e-14,1.006431083180946063e-09,5.042732494923086330e-22,2.471021688182586646e-12,1.258819235756801716e-32,2.762867164666275297e-23,9.787171944088184856e-11,4.306915641234018920e-10
4.500000000000000111e-01,6.437768196250259956e-06,2.302213809861406084e-08,4.583502970347330739e-06,2.475657943676895531e-08,1.131610402409574770e-07,1.691618348522109725e-06,2.697738208279293067e-14,1.284322766338268434e-15,5.140575517347057562e-14,6.019839689141078419e-12,1.219909576756864208e-14,4.663297240138140322e-14,8.829606184685559463e-14,3.936752109525313538e-14,1.000413043684526277e-09,5.185612081845440493e-22,2.546216243763324637e-12,1.279134107620277671e-32,2.807462592035852702e-23,1.008567394144446409e-10,5.970176023354499874e-10
4.505000000000000115e-01,6.958305126556983565e-06,2.340058307971209517e-08,4.555070638460431251e-06,2.549535300453086959e-08,1.265017117814327475e-07,2.225944072049802083e-06,2.605691537477112842e-14,1.176242280499156217e-15,5.355371164403917329e-14,6.200333445170075105e-12,1.238242394046543329e-14,4.911104535233106624e-14,9.072829100804858408e-14,4.151196953959380608e-14,9.942085270797061482e-10,5.328974393332013303e-22,2.622847182095031301e-12,1.298357870759709858e-32,2.849664442007290520e-23,1.038664480560542727e-10,7.855955047101769966e-10
4.510000000000000120e-01,7.528511656162850487e-06,2.379748046344371955e-08,4.525806386030899780e-06,2.623997537530338873e-08,1.405377033146805936e-07,2.810034287214694646e-06,2.512326220477258079e-14,1.078258372057800459e-15,5.594585482882403640e-14,6.380183523501171346e-12,1.255728174651505636e-14,5.176387035627690694e-14,9.325079623490878211e-14,4.380848337322427494e-14,9.878226470941933218e-10,5.472736804332037871e-22,2.700772049254772452e-12,1.316693466087056247e-32,2.889922198603594671e-23,1.068999974363522928e-10,9.917366359176139243e-10
4.515000000000000124e-01,8.134919064471839221e-06,2.421142926038577824e-08,4.495730103647884953e-06,2.699018827677332852e-08,1.552194494774589688e-07,3.430456345239048319e-06,2.419159624583644931e-14,9.948689788858301320e-16,5.854197918861801756e-14,6.559585413326374131e-12,1.272650330894718605e-14,5.460021641900647488e-14,9.589189992077269957e-14,4.626602867635542788e-14,9.812594863518274248e-10,5.616896592794424976e-22,2.779696876257780399e-12,1.334437944104246385e-32,2.928891078770259727e-23,1.099563341708253118e-10,1.210700254382245353e-09
4.520000000000000129e-01,8.764117531427974238e-06,2.464053626835393076e-08,4.464854139394726664e-06,2.774561868988489631e-08,1.705057286035520801e-07,4.073836284723063510e-06,2.327687406869894667e-14,9.256204016057667702e-16,6.136645951379247379e-14,6.739087959917680008e-12,1.289277069337231778e-14,5.762675456468089259e-14,9.868510119498308952e-14,4.889152308917357271e-14,9.745215010398461877e-10,5.761489831442319780e-22,2.859229803671716214e-12,1.351872446944910717e-32,2.967189813050118421e-23,1.130339348784096970e-10,1.437766329607052893e-09
4.525000000000000133e-01,9.402962929367636972e-06,2.508116862016537843e-08,4.433183384386599432e-06,2.850574948507173766e-08,1.863804105563924482e-07,4.727049999608774030e-06,2.239346666779314151e-14,8.659298021387184564e-16,6.451047440569544718e-14,6.919441049622281432e-12,1.305735030482609384e-14,6.084864552776060379e-14,1.016605723274348471e-13,5.168994168877785373e-14,9.676095890803080919e-10,5.906524612479578854e-22,2.938956315315762106e-12,1.369129724153191748e-32,3.005109492669782017e-23,1.161306874126530392e-10,1.668303010391308218e-09
4.530000000000000138e-01,1.003876800695791688e-05,2.552779873387475244e-08,4.400718714998327407e-06,2.926994430958486981e-08,2.028599426643383227e-07,5.377403560719262858e-06,2.155551941326657417e-14,8.092272794750398235e-16,6.811196088730796951e-14,7.101407925212150161e-12,1.321906949656483552e-14,6.427082589471682171e-14,1.048372149957189096e-13,5.466520276051840270e-14,9.605238758895745388e-10,6.051915504560694615e-22,3.018520607564915153e-12,1.386086828804055198e-32,3.042378153600764425e-23,1.192439934558125689e-10,1.897830265632153854e-09
4.535000000000000142e-01,1.065947560542013987e-05,2.597420250614346863e-08,4.367462650462278334e-06,3.003752446615141498e-08,2.199866435857637803e-07,6.012806142996138587e-06,2.077807563851235367e-14,7.495506811468941021e-16,7.232139974090663959e-14,7.285584447724012833e-12,1.337398955674685625e-14,6.789969452371890910e-14,1.082192342314204032e-13,5.782167261890172124e-14,9.532649611118736837e-10,6.197449254411418681e-22,3.097695602084883190e-12,1.402330826591872943e-32,3.078086055127857428e-23,1.223710830002004343e-10,2.122080915883515561e-09
4.540000000000000147e-01,1.125381187881963803e-05,2.641551062069607143e-08,4.333425050897220400e-06,3.080787339662499358e-08,2.378088920750811468e-07,6.621935143389080534e-06,2.007868373385296392e-14,6.836315092359485254e-16,7.726517073569474138e-14,7.472262699538727511e-12,1.351604130908713015e-14,7.174470746855132822e-14,1.117996982440256564e-13,6.116587012233838415e-14,9.458351487424317498e-10,6.342802112521490486e-22,3.176425760062828652e-12,1.417225434689143881e-32,3.110832784877919989e-23,1.255094410869971653e-10,2.337058908841585765e-09
4.545000000000000151e-01,1.181141831887281649e-05,2.685009617583780924e-08,4.298626507347895417e-06,3.158053030786248823e-08,2.563554555017468793e-07,7.194388451097434017e-06,1.947893664011303268e-14,6.117767417296973909e-16,8.301795879889199512e-14,7.661363966433025150e-12,1.363855710864850320e-14,7.581928438643291937e-14,1.155707186023433051e-13,6.470776087633695473e-14,9.382391507712234948e-10,6.487609618344566602e-22,3.254832210520054994e-12,1.430071646532160483e-32,3.139080734308842239e-23,1.286571898763223247e-10,2.539093060219927214e-09
4.550000000000000155e-01,1.232296287939305307e-05,2.728027841928427288e-08,4.263097871809743490e-06,3.235523500319162644e-08,2.756146967648746216e-07,7.720816040057361496e-06,1.900528135231876987e-14,5.373581393658411856e-16,8.959219833442400784e-14,7.852450037949222232e-12,1.373627406907022518e-14,8.014048900957612149e-14,1.195367913491040368e-13,6.846101150168061792e-14,9.304839336041833083e-10,6.631567500337423232e-22,3.333177890142928625e-12,1.440317761167046199e-32,3.161616864739008611e-23,1.318132713654605079e-10,2.724883496295884062e-09
4.555000000000000160e-01,1.278023219472608569e-05,2.771134568453643265e-08,4.226875850113640894e-06,3.313190198851876322e-08,2.955284137217329122e-07,8.193023722494937049e-06,1.868855973928680127e-14,4.652605480687048060e-16,9.694720665062763907e-14,8.044805778168720428e-12,1.380713992539515914e-14,8.472722251626446965e-14,1.237258244054853231e-13,7.244179845215263867e-14,9.225777021202270959e-10,6.774526549966652131e-22,3.411799678737713620e-12,1.447748711834827268e-32,3.177968708715856820e-23,1.349773414047464969e-10,2.891538270724589198e-09
4.560000000000000164e-01,1.317620788324112239e-05,2.814920273636883485e-08,4.189996153359771771e-06,3.391052793993275794e-08,3.160046621334851872e-07,8.604045899398176498e-06,1.856210010993279300e-14,4.000039900679298608e-16,1.050150384469107565e-13,8.237573080793047303e-12,1.385323717021954943e-14,8.959714241755083129e-14,1.281924827447890029e-13,7.666622478983630458e-14,9.145283605071329348e-10,6.916542081887506691e-22,3.491022662101030883e-12,1.452582937858338688e-32,3.188617020621707857e-23,1.381493917804618133e-10,3.036599039126656405e-09
4.565000000000000169e-01,1.350512938472290488e-05,2.859763922855042655e-08,4.152486738647264900e-06,3.469106278346594624e-08,3.369461194590071673e-07,8.948189640228257428e-06,1.865868137857483783e-14,3.443102409925831730e-16,1.137355164926879908e-13,8.429908380097300035e-12,1.388038645850456877e-14,9.476307219840850842e-14,1.330109674864740761e-13,8.114697329270394449e-14,9.063420128007424140e-10,7.057852126785388188e-22,3.571076480710589741e-12,1.455430773963930982e-32,3.194904074493088339e-23,1.413292238198636463e-10,3.158056614972742400e-09
4.570000000000000173e-01,1.376254350413188917e-05,2.905645358902718241e-08,4.114363734517786049e-06,3.547329051125865377e-08,3.582835839147640609e-07,9.221056790952141121e-06,1.900717622650064264e-14,2.986298140989986880e-16,1.230902860272744128e-13,8.621133332947004390e-12,1.389643024631091567e-14,1.002300944471289877e-13,1.382584692451590622e-13,8.589030455965077695e-14,8.980220752974254105e-10,7.198783841281680610e-22,3.652033750503467320e-12,1.457114466315300180e-32,3.198637964576031153e-23,1.445159616882413310e-10,3.254358771451082851e-09
4.575000000000000178e-01,1.394533756794275839e-05,2.952131951876960595e-08,4.075631691008653573e-06,3.625676465356037421e-08,3.800011432726003273e-07,9.419551906855126575e-06,1.962996011941893922e-14,2.617004078042831440e-16,1.331256268833001537e-13,8.810850737869336331e-12,1.390868286212056196e-14,1.059945988282293718e-13,1.439947545131330316e-13,9.089466106999424440e-14,8.895693580370726987e-10,7.339615724295414510e-22,3.733785503956853008e-12,1.458400803296795293e-32,3.201504995329412130e-23,1.477077886279093027e-10,3.324413041154945965e-09
4.580000000000000182e-01,1.405175034287651429e-05,2.998549819067906101e-08,4.036288175620886788e-06,3.704082476392397112e-08,4.021419681907264270e-07,9.541881052531035818e-06,2.054210515439589398e-14,2.317647214547217122e-16,1.439562727731513289e-13,8.999004404585138109e-12,1.392138306211672292e-14,1.120461418819125965e-13,1.502458620738627164e-13,9.615180742332694083e-14,8.809831129949314751e-10,7.480443252063780717e-22,3.816059620010411390e-12,1.459734029273373814e-32,3.204482764738979058e-23,1.509020137020929734e-10,3.367586293200253601e-09
4.585000000000000187e-01,1.408135423999618878e-05,3.044263915037491463e-08,3.996331080445472678e-06,3.782469092695860227e-08,4.247909062432228490e-07,9.587541211082651563e-06,2.175292132338494833e-14,2.078173996510277728e-16,1.557473107774829661e-13,9.185871560385927100e-12,1.393405554429071926e-14,1.183720966342567701e-13,1.569993913265823334e-13,1.016506382124184690e-13,8.722626807186445808e-10,7.621098991138774453e-22,3.898477566753417207e-12,1.461064087469934206e-32,3.207462700563096558e-23,1.540954569397606213e-10,3.383700996492112846e-09
4.590000000000000191e-01,1.403500475493371785e-05,3.088938384298837736e-08,3.955765957897657946e-06,3.860760415820644833e-08,4.480393167317257044e-07,9.557294816647206651e-06,2.326966089385946192e-14,1.902782667609804597e-16,1.686774726901622335e-13,9.371988337881624485e-12,1.394142994762796609e-14,1.249639657179218287e-13,1.642151409471938692e-13,1.073827399213380639e-13,8.634091370482711393e-10,7.761162463971678643e-22,3.980635285517563107e-12,1.461838183630381167e-32,3.209231359678177396e-23,1.572850219437699577e-10,3.373026232628888184e-09
4.595000000000000195e-01,1.391475821267724666e-05,3.132654904246553197e-08,3.914610673383327127e-06,3.938896283015934023e-08,4.719451320177422805e-07,9.453121480812770632e-06,2.510238817602699117e-14,1.807807123172190507e-16,1.828932872496421510e-13,9.558021449455147004e-12,1.393505128684729971e-14,1.318233034216775367e-13,1.718490176123791284e-13,1.133478822362143202e-13,8.544263371805794360e-10,7.900064607800008299e-22,4.062188243179604923e-12,1.461169700626663261e-32,3.207841285923169980e-23,1.604682526628795516e-10,3.336260659534381956e-09
4.600000000000000200e-01,1.372376498973143302e-05,3.175831232328490017e-08,3.872895665193552596e-06,4.016840591523250594e-08,4.965037431797767652e-07,9.278140827431975924e-06,2.726842489849969046e-14,1.811883651530675776e-16,1.984677522995646022e-13,9.744610350557943638e-12,1.390611770852811104e-14,1.389648676900571588e-13,1.798823242685815135e-13,1.195572463554917240e-13,8.453209777768228102e-10,8.037257069836862788e-22,4.142920093984974764e-12,1.458135782568802018e-32,3.201264515152590588e-23,1.636436736306731924e-10,3.274505277834649773e-09
4.605000000000000204e-01,1.346615003194065341e-05,3.218976292756696313e-08,3.830659746707460449e-06,4.094581288194019522e-08,5.216416911823038812e-07,9.036506004942983119e-06,2.979466578201100939e-14,1.923241735792543113e-16,2.153776508286471553e-13,9.932211704132122908e-12,1.384861514666233965e-14,1.464151773730785752e-13,1.883451674467718843e-13,1.260326411456285870e-13,8.361016629304682548e-10,8.172390535175371438e-22,4.222779079186356412e-12,1.452106016171551836e-32,3.188114471609533117e-23,1.668107905412345313e-10,3.189225847900647533e-09
4.610000000000000209e-01,1.314689351119918333e-05,3.262398536325551237e-08,3.787943039095314642e-06,4.172122044024437922e-08,5.472365365180639882e-07,8.733274587991703765e-06,3.271654099924588323e-14,2.130515536955527189e-16,2.335094529857359538e-13,1.012097957900207481e-11,1.376166265435730947e-14,1.542060519560373348e-13,1.973235088583486062e-13,1.328011958052816246e-13,8.267773264037069790e-10,8.305439025800521398e-22,4.301874844389969500e-12,1.442988309518797041e-32,3.168186157120194434e-23,1.699697517459055685e-10,3.082207326564185536e-09
4.615000000000000213e-01,1.277172101310997700e-05,3.306012556917498203e-08,3.744779654076928606e-06,4.249468657264137880e-08,5.731560177745248981e-07,8.374269045106573541e-06,3.607340253921131653e-14,2.402165635306748898e-16,2.526954487916447994e-13,1.031070920354052380e-11,1.365021026479655883e-14,1.623645714091278204e-13,2.069445553458617824e-13,1.398867008322772710e-13,8.173555915557447097e-10,8.436722420347114836e-22,4.380438347852855335e-12,1.431301994929836670e-32,3.142617067704813909e-23,1.731207945304689091e-10,2.955504621390921864e-09
4.620000000000000218e-01,1.234700570992558506e-05,3.349349545797185801e-08,3.701192775466992953e-06,4.326615103892622323e-08,5.993018082260048217e-07,7.965940158386064512e-06,3.990134731451204250e-14,2.695934306652474686e-16,2.727715194927119881e-13,1.050085949336366027e-11,1.352377866465403960e-14,1.709025561440501443e-13,2.173431987322779478e-13,1.473002997933475334e-13,8.078416578826572307e-10,8.566812933173898469e-22,4.458756272600200557e-12,1.418045594068118430e-32,3.113597310673260914e-23,1.762636765286675662e-10,2.811394387153659168e-09
4.625000000000000222e-01,1.187967714332771508e-05,3.391785435670186573e-08,3.657193827334418407e-06,4.403534188893469745e-08,6.256410535783043770e-07,7.515242956776010112e-06,4.422554857705118233e-14,2.975246948062775476e-16,2.936391450230057791e-13,1.069065217153798088e-11,1.339361202362731335e-14,1.798094289547820524e-13,2.286202006435795387e-13,1.550339701199939998e-13,7.982380916541547373e-10,8.696351671228785726e-22,4.537096663105720993e-12,1.404398206798386867e-32,3.083714405707575201e-23,1.793972941480564091e-10,2.652331239275139378e-09
4.630000000000000226e-01,1.137712573930838624e-05,3.432896669922003174e-08,3.612785856983606736e-06,4.480175962637225424e-08,6.522133941902486473e-07,7.029527321745697841e-06,4.905463959541991852e-14,3.226027502339381352e-16,3.153103454593836729e-13,1.087922700656233578e-11,1.326919036104207628e-14,1.890517151110030163e-13,2.408075454643834745e-13,1.630597412259627100e-13,7.885455539204534906e-10,8.825834366179144470e-22,4.615643305347439727e-12,1.391353779437328796e-32,3.055150608189152809e-23,1.825196170861051708e-10,2.480909146144569900e-09
4.635000000000000231e-01,1.084709150246892312e-05,3.472784863610458720e-08,3.567969711769026616e-06,4.556474163282674373e-08,6.791106294850169978e-07,6.516437563010439659e-06,5.437932530854112571e-14,3.466538664647730183e-16,3.379175099668724812e-13,1.106581821884097712e-11,1.315530408825486362e-14,1.985804637080710439e-13,2.538555571031381503e-13,1.713358743001682167e-13,7.787641563533753342e-10,8.955438792620083166e-22,4.694452888029744665e-12,1.379414368934165320e-32,3.029009557540874722e-23,1.856279497827546368e-10,2.299825987575919537e-09
4.640000000000000235e-01,1.029753013344468724e-05,3.512211589537238504e-08,3.522750634862301390e-06,4.632358045331732631e-08,7.064368368481816584e-07,5.983810389054839123e-06,6.017620518251589255e-14,3.745086644603921117e-16,3.616803623948858994e-13,1.124991063301161019e-11,1.305072778563832353e-14,2.083450787134161727e-13,2.676496432602012085e-13,1.798187538824199866e-13,7.688949229475518366e-10,9.084954700621630265e-22,4.773442556333086381e-12,1.368451143281334226e-32,3.005010921104032348e-23,1.887194124823595355e-10,2.111847546772445006e-09
4.645000000000000240e-01,9.736458454584453724e-06,3.552456852387128624e-08,3.477142881509131323e-06,4.707765141008575148e-08,7.342643577860895498e-07,5.439561056536453657e-06,6.641609208987807133e-14,4.124990820663560262e-16,3.868368176659763508e-13,1.143133797544631774e-11,1.294898973082585045e-14,2.183093908490510448e-13,2.820538575769511322e-13,1.884768722334569386e-13,7.589408276621605725e-10,9.213843620716963903e-22,4.852408023653059552e-12,1.357785164556828565e-32,2.981667281305492966e-23,1.917914606532237611e-10,1.919767329987032885e-09
4.650000000000000244e-01,9.171790160783939891e-06,3.594930851052676722e-08,3.431170829142959920e-06,4.782650411484134516e-08,7.626025663027331787e-07,4.891553078765368951e-06,7.307445151312492391e-14,4.661375132283663885e-16,4.135583394069757485e-13,1.161029935241891274e-11,1.284100232305321965e-14,2.284643337933186525e-13,2.969676074854870172e-13,1.973019628193584597e-13,7.489070674708172414e-10,9.341411836151617146e-22,4.931065843527315683e-12,1.346463301682150195e-32,2.956889193911150274e-23,1.948422577787826886e-10,1.726360583225000110e-09
4.655000000000000249e-01,8.611178769787001381e-06,3.640679037760005064e-08,3.384866445215120663e-06,4.856988834067742713e-08,7.913911498689313233e-07,4.347455401589120507e-06,8.014056222683397416e-14,5.378042766804532943e-16,4.418783433900254614e-13,1.178729007904546007e-11,1.271865438195394624e-14,2.388320517063452404e-13,3.123750349681009584e-13,2.063127206954085260e-13,7.388005346533362335e-10,9.467040408387779791e-22,5.009109122573845486e-12,1.333634975565451176e-32,2.928811520021465993e-23,1.978707811738178557e-10,1.534333885349795710e-09
4.660000000000000253e-01,8.061884623905586289e-06,3.689976479079664690e-08,3.338264328535614150e-06,4.930771055446107116e-08,8.205198730256051779e-07,3.814598752065906784e-06,8.762205698948521491e-14,6.253394079267471543e-16,4.716605189529877476e-13,1.196296435654438829e-11,1.257810933154344078e-14,2.494587541801162953e-13,3.283669858255415486e-13,2.155487207624449485e-13,7.286287493369795944e-10,9.590395327654550700e-22,5.086264437311605895e-12,1.318898015900910002e-32,2.896552030204155287e-23,2.008766456527562202e-10,1.346274448933378225e-09
4.665000000000000258e-01,7.530676604155911662e-06,3.742182428873858225e-08,3.291396340636692865e-06,5.003994286793637519e-08,8.498664053884987633e-07,3.299846485823502484e-06,9.554274606373522818e-14,7.221604450661604853e-16,5.026221997644318365e-13,1.213796405332934423e-11,1.242163799301783235e-14,2.603974720108849495e-13,3.451237155249680669e-13,2.250555108679846288e-13,7.183986906573102610e-10,9.711546287746488644e-22,5.162338796455183025e-12,1.302490806005192036e-32,2.860632826427998918e-23,2.038597335189684653e-10,1.164604538073661221e-09
4.670000000000000262e-01,7.023769110113928005e-06,3.795927593152148698e-08,3.244287822653309825e-06,5.076652159562107816e-08,8.793369490770184640e-07,2.809492988665658133e-06,1.039337489484611222e-13,8.189978402512800949e-16,5.344094214009554443e-13,1.231275552954432750e-11,1.225731916852981049e-14,2.716857673848061098e-13,3.628602245524960554e-13,2.348652803475136300e-13,7.081159627658576959e-10,9.830952798623050820e-22,5.237248449018461384e-12,1.285260805298918628e-32,2.822911252858142665e-23,2.068197821736073291e-10,9.915456111195881733e-10
4.675000000000000266e-01,6.546784784391763339e-06,3.849574479795916754e-08,3.196956615243333413e-06,5.148727279730498999e-08,9.088937853418021464e-07,2.349195330246819570e-06,1.128203017641412184e-13,9.067436508398058891e-16,5.667012795433334660e-13,1.248751315678615518e-11,1.209669193982783997e-14,2.833259446187158395e-13,3.817506565730623345e-13,2.449796905850633478e-13,6.977845639861107758e-10,9.949321188141519600e-22,5.311025288063406069e-12,1.268418274093271024e-32,2.786039727877388315e-23,2.097560814299736401e-10,8.290941993725516309e-10
4.680000000000000271e-01,6.104727471317248133e-06,3.901780552870115713e-08,3.149414920353448839e-06,5.220188818229185041e-08,9.385596018383863191e-07,1.923934439743857140e-06,1.222083605534918052e-13,9.794684268695488782e-16,5.993086824983393832e-13,1.266207515639668999e-11,1.195117551146834496e-14,2.952752821647046237e-13,4.018580160095597521e-13,2.553614290601135470e-13,6.874072713036346245e-10,1.006738011192116335e-21,5.383800753740783935e-12,1.253160777740829750e-32,2.752642304548936355e-23,2.126673756366620903e-10,6.790082052977932736e-10
4.684999999999999720e-01,5.701950452777654218e-06,3.951951566405642024e-08,3.101672954226448146e-06,5.290995312950361198e-08,9.683980981699868056e-07,1.537994528146420852e-06,1.320756021075216155e-13,1.036545530347926774e-15,6.322318012614463468e-13,1.283597851563999452e-11,1.182852272301193037e-14,3.074509812735116684e-13,4.230963112641225698e-13,2.659385708655666783e-13,6.769864150638281623e-10,1.018565021653554736e-21,5.455770937251779599e-12,1.240301260596800203e-32,2.724499291784018007e-23,2.155519777044004288e-10,5.427996406818760770e-10
4.689999999999999725e-01,5.342111889451426520e-06,4.000416829442296745e-08,3.053742762634606389e-06,5.361100848809251058e-08,9.984798904287650630e-07,1.194946999782824153e-06,1.423703373640101201e-13,1.083085595294445112e-15,6.656527246300952242e-13,1.300856035070233436e-11,1.173057621931701812e-14,3.197496480521921365e-13,4.452428657362059287e-13,2.766215642122897981e-13,6.665246923837586419e-10,1.030428577799766588e-21,5.527149665115464053e-12,1.230032768121692475e-32,2.702031812478433791e-23,2.184080203793771268e-10,4.217289491333941777e-10
4.694999999999999729e-01,5.028119754673910063e-06,4.048270865752766108e-08,3.005640690504521279e-06,5.430461716627818830e-08,1.028848262604313909e-06,8.976286887109553873e-07,1.530194322895119669e-13,1.128443048840860698e-15,6.998615221074591371e-13,1.317909824853308208e-11,1.165314394057364540e-14,3.320757945015037142e-13,4.680015008114461900e-13,2.873280068257054467e-13,6.560256936033564185e-10,1.042304157319952039e-21,5.598118418402739316e-12,1.221915447881549662e-32,2.684273991866720576e-23,2.212337267698691328e-10,3.167973254287412124e-10
4.699999999999999734e-01,4.762078021210462598e-06,4.096959428591098035e-08,2.957387712941226134e-06,5.499040878600517211e-08,1.059498685851026256e-06,6.481123004346168701e-07,1.639433092370161594e-13,1.183219417381245306e-15,7.351377904160578049e-13,1.334695523762521607e-11,1.158805851247633247e-14,3.443699966924977480e-13,4.910982855997197747e-13,2.980070424469606870e-13,6.454939710190289379e-10,1.054137531246198264e-21,5.668782723607405050e-12,1.215092581868531919e-32,2.669347368802035824e-23,2.240275914315558028e-10,2.287362835615906858e-10
4.704999999999999738e-01,4.545250395647979434e-06,4.147785740301797850e-08,2.909007803500072633e-06,5.566808877579469129e-08,1.090379678588452791e-06,4.476758574193706200e-07,1.750734905553641816e-13,1.255722207606413212e-15,7.716271736571252867e-13,1.351169701935827943e-11,1.152669859021304489e-14,3.566265581159557800e-13,5.143775516337828604e-13,3.086545487460968859e-13,6.349346890641992038e-10,1.065864943512589191e-21,5.739143853437863923e-12,1.208659918769369607e-32,2.655271181636570136e-23,2.267884166767343110e-10,1.579968729125381306e-10
4.709999999999999742e-01,4.378055468172813661e-06,4.201534284604158041e-08,2.860525318037833271e-06,5.633741568226213613e-08,1.121413312961717375e-06,2.967837506110187959e-07,1.863669010046702472e-13,1.349053931263941916e-15,8.092565008987090427e-13,1.367315838604639259e-11,1.146371102566200505e-14,3.688933776571494805e-13,5.378626191615640464e-13,3.193128061766664137e-13,6.243530684116678948e-10,1.077436200774439921e-21,5.809092142470255530e-12,1.202056036788031835e-32,2.640818240748278173e-23,2.295152196644609631e-10,1.047429903655623636e-10
4.714999999999999747e-01,4.260098661216513689e-06,4.258346869520351751e-08,2.811962685597939179e-06,5.699816428104490779e-08,1.152525449111717365e-06,1.950920379702197143e-07,1.978118176397599711e-13,1.459823808182548122e-15,8.477197741380379351e-13,1.383144912444137470e-11,1.139957860814108951e-14,3.812524994148660414e-13,5.617553789294225223e-13,3.300533917723481596e-13,6.137539029559161439e-10,1.088832666596976621e-21,5.878424120763791459e-12,1.195331608355796787e-32,2.626104627825118152e-23,2.322070819894962030e-10,6.885324993354917136e-11
4.719999999999999751e-01,4.190235320405577516e-06,4.317867970124840533e-08,2.763339424803458338e-06,5.765009638635326791e-08,1.183672042285277103e-06,1.414847752516929323e-07,2.094228619387144262e-13,1.578952977221470180e-15,8.865435768033123213e-13,1.398690341338774620e-11,1.134107081752676660e-14,3.937866630506509361e-13,5.863690618644474274e-13,3.409479968022619567e-13,6.031413675895857172e-10,1.100073945467205006e-21,5.946880618470952109e-12,1.189196631197598422e-32,2.612692007045206796e-23,2.348630310018533520e-10,4.993380473837901375e-11
4.724999999999999756e-01,4.166650347919573530e-06,4.379556449697515174e-08,2.714672802744856046e-06,5.829295474618310996e-08,1.214850101841050934e-06,1.341388974385944322e-07,2.212260300517180772e-13,1.694357479292258101e-15,9.252125543653294721e-13,1.413998764961731433e-11,1.129936288938036961e-14,4.065426638863711902e-13,6.120126203126296331e-13,3.520366164052075657e-13,5.925191809594085399e-10,1.111210992800567937e-21,6.014198055555542546e-12,1.184823126996716166e-32,2.603153541248795941e-23,2.374820154785278329e-10,4.734124556538538966e-11
4.729999999999999760e-01,4.186936766283382765e-06,4.442992210407220167e-08,2.665979656299492080e-06,5.892648166684661171e-08,1.246089005311605899e-06,1.706065325976931126e-07,2.332382710059677399e-13,1.794672132337444603e-15,9.633133876012607592e-13,1.429118799424734726e-11,1.128645047879616683e-14,4.195043555509800477e-13,6.388645440048960932e-13,3.633042697128917163e-13,5.818910139510316028e-10,1.122308135892699153e-21,6.080161579203617484e-12,1.183469110332506331e-32,2.600248158667258579e-23,2.400629822159209442e-10,6.021165198043675378e-11
4.734999999999999765e-01,4.248159872502446772e-06,4.508019617852843974e-08,2.617278361403612978e-06,5.955044985032898545e-08,1.277426728529790535e-06,2.478994612476383340e-07,2.454483120337974570e-13,1.872829416738950988e-15,1.000647437482766449e-12,1.444090041125884278e-11,1.131112339709791411e-14,4.325856735495584403e-13,6.668810843271163215e-13,3.746752196524718111e-13,5.712609197157943008e-10,1.133420392264760677e-21,6.144647670996789497e-12,1.186056342586262936e-32,2.605994181275024175e-23,2.426050023904263539e-10,8.749040067804661531e-11
4.739999999999999769e-01,4.346903432983258294e-06,4.574658270352111954e-08,2.568589893014230083e-06,6.016468525713093828e-08,1.308882276019824756e-06,3.625626641249337739e-07,2.578054377624470617e-13,1.928344660333027533e-15,1.037271520430555901e-12,1.458934336119087686e-11,1.137595924387209664e-14,4.456476765677782707e-13,6.957751310536856720e-13,3.860280740618158503e-13,5.606335542652712683e-10,1.144574161486647047e-21,6.207645879908017348e-12,1.192855071046666488e-32,2.620978507174653831e-23,2.451073652867478897e-10,1.279581226782355036e-10
4.744999999999999774e-01,4.479305482409967145e-06,4.642834946709992459e-08,2.519937372541692228e-06,6.076906448113025209e-08,1.340437263190511767e-06,5.107316544460482771e-07,2.702206095023098131e-13,1.967567452672922064e-15,1.073450358083903078e-12,1.473650790147038723e-11,1.147647409708663190e-14,4.585353183878589816e-13,7.250793178153647553e-13,3.972279417604907161e-13,5.500140585188760768e-10,1.155758232503579469e-21,6.269254170780804288e-12,1.203394999263637283e-32,2.644162794390211743e-23,2.475695679236794187e-10,1.802509373811816955e-10
4.749999999999999778e-01,4.641098848099821534e-06,4.712090774363260031e-08,2.471344236243413036e-06,6.136348119362351562e-08,1.372035489853136499e-06,6.881782065737179304e-07,2.825803257633205722e-13,2.001803796640001999e-15,1.109534955531152434e-12,1.488215296335449014e-11,1.160282384648994483e-14,4.711223371758655129e-13,7.542775385667995336e-13,4.081654800897364974e-13,5.394076356854680428e-10,1.166928450493140070e-21,6.329648876044542464e-12,1.216643746719652996e-32,2.673276769034391279e-23,2.499911783440716459e-10,2.428765911622170932e-10
4.754999999999999782e-01,4.827672057323392230e-06,4.781446164501047926e-08,2.422831841134705455e-06,6.194779226773804189e-08,1.403601238236795511e-06,8.903567482366938237e-07,2.947692654071405441e-13,2.043885006962466904e-15,1.145807671034296833e-12,1.502584594411975712e-11,1.174353920905821137e-14,4.833489871107378878e-13,7.829631487860188771e-13,4.187895463388754539e-13,5.288190079302354693e-10,1.178024545254472191e-21,6.389036678008637344e-12,1.231398564534088867e-32,2.705679160135295967e-23,2.523716158114899125e-10,3.142308300396886277e-10
4.759999999999999787e-01,5.034159282479516691e-06,4.849545445308137542e-08,2.374417644615707964e-06,6.252176672715756939e-08,1.435068460850739958e-06,1.112465521892352294e-06,3.066945191980334750e-13,2.104244680677975063e-15,1.182347451114049361e-12,1.516704115784742756e-11,1.189001941278081988e-14,4.952388957103152456e-13,8.109693772807804677e-13,4.291215844789777227e-13,5.182520054862469379e-10,1.188993211406207711e-21,6.447600623409126976e-12,1.246757582578491684e-32,2.739392399754865853e-23,2.547099422808332695e-10,3.926189848367430453e-10
4.764999999999999791e-01,5.255556191658213348e-06,4.915076237280092989e-08,2.326114900695173389e-06,6.308506339745576031e-08,1.466407763206913577e-06,1.349531555072280251e-06,3.183032942420010606e-13,2.187714844359559448e-15,1.218962763352800863e-12,1.530518184374641024e-11,1.204017933481977532e-14,5.068878759109685551e-13,8.384234478554969503e-13,4.392456128745057326e-13,5.077094972095342690e-10,1.199809110068194347e-21,6.505453556648025887e-12,1.262502247203145570e-32,2.773941472102805359e-23,2.570047706969416892e-10,4.762859593934942288e-10
4.769999999999999796e-01,5.486846948723689889e-06,4.977319958231163844e-08,2.277934184755266404e-06,6.363725392587924135e-08,1.497638516771914068e-06,1.596518456208533280e-06,3.295878134257604695e-13,2.292025745600156964e-15,1.255216911907723143e-12,1.543980631941273517e-11,1.219987581050916053e-14,5.184270102257080380e-13,8.656997448151928373e-13,4.492759325899206160e-13,4.971937310540044826e-10,1.210485940006359761e-21,6.562610150103688916e-12,1.279246840409450932e-32,2.810680753689638991e-23,2.592543581619919024e-10,5.634542747854672662e-10
4.774999999999999800e-01,5.723121238802857276e-06,5.036602611473055729e-08,2.229886257253373858e-06,6.417788978097525814e-08,1.528819512352118509e-06,1.848445305328827799e-06,3.405752302335582242e-13,2.408467108825564389e-15,1.290538500724207344e-12,1.557063670977499373e-11,1.238147098358544246e-14,5.299715337527454979e-13,8.932816652598478825e-13,4.593126462455783618e-13,4.867069751534531033e-10,1.221073027872116024e-21,6.618983568650563414e-12,1.298287762860087984e-32,2.852461473509806598e-23,2.614568784453566932e-10,6.523660294387819305e-10
4.779999999999999805e-01,5.959662135863089575e-06,5.094423360789965868e-08,2.181985149902236465e-06,6.470659223106909310e-08,1.560020791393687811e-06,2.100498188071361930e-06,3.513054238597969861e-13,2.524508058869389591e-15,1.324380004581891805e-12,1.569763061302109953e-11,1.259988545171874149e-14,5.415726733171574004e-13,9.215749367043959398e-13,4.693999090587909726e-13,4.762522113238535659e-10,1.231637950479264713e-21,6.674406253706892268e-12,1.321189599157750725e-32,2.902721554846926365e-23,2.636107883677372008e-10,7.413222629353083238e-10
4.784999999999999809e-01,6.191995509443265768e-06,5.153146964012038140e-08,2.134250181962016887e-06,6.522313160413935410e-08,1.591287760605974125e-06,2.348116436747199448e-06,3.618038218248310901e-13,2.627580530530746696e-15,1.356370281125142747e-12,1.582098256758540439e-11,1.286741149483821834e-14,5.531894574304810215e-13,9.507351861899170556e-13,4.795016445892056965e-13,4.658335936882004484e-10,1.242240811235518493e-21,6.728668245332414526e-12,1.349241198210887635e-32,2.964290750862280153e-23,2.657151508070754639e-10,8.287133931242937753e-10
4.789999999999999813e-01,6.415905718464475223e-06,5.215315913442889819e-08,2.086705979120809399e-06,6.572746243027113644e-08,1.622612717552036999e-06,2.587043605009770165e-06,3.720583964575093790e-13,2.708883517053816829e-15,1.386408555714360286e-12,1.594107259216801236e-11,1.318906990397773998e-14,5.646913529647038312e-13,9.805714633293497071e-13,4.895040630843370726e-13,4.554564655051176002e-10,1.252909145211138684e-21,6.781562546959754499e-12,1.382968808410723104e-32,3.038321905439057906e-23,2.677697782268138135e-10,9.130372065024369335e-10
4.794999999999999818e-01,6.627434857765481446e-06,5.282801095238957687e-08,2.039380336855359006e-06,6.621969531659846808e-08,1.653926605551219827e-06,2.813345611810483254e-06,3.820089069855396430e-13,2.766062870645147114e-15,1.414667444710739189e-12,1.605837137557056232e-11,1.356020319677713002e-14,5.758923000571756263e-13,1.010564372655674409e-12,4.992453807111417906e-13,4.451268971086613442e-10,1.263622751448152952e-21,6.832926207636222711e-12,1.421883773665488484e-32,3.123737967187171716e-23,2.697751186220908059e-10,9.929052614452725230e-10
4.799999999999999822e-01,6.822888502388406472e-06,5.356096628208821099e-08,1.992300636784779993e-06,6.670000976089225211e-08,1.685115929498634578e-06,3.023410293544547420e-06,3.915525590814084842e-13,2.803959948508365711e-15,1.441503975212210944e-12,1.617332287552727315e-11,1.396730543187729351e-14,5.866057542557814778e-13,1.039999392338099493e-12,5.085636504541185138e-13,4.348508994179169116e-10,1.274314769837701440e-21,6.882668000153262927e-12,1.464569651224687632e-32,3.217424649217962964e-23,2.717319008992310810e-10,1.067042729673544517e-09
4.804999999999999827e-01,6.998867072839055601e-06,5.434034093454219551e-08,1.945490135553069897e-06,6.716853567228135968e-08,1.716059434719368128e-06,3.213948778489210619e-06,4.005647718786635354e-13,2.833199000922242839e-15,1.467309322977001120e-12,1.628623190359768844e-11,1.439200620960813732e-14,5.967025469538763243e-13,1.068175524427152223e-12,5.173469034033178432e-13,4.246336030180781394e-10,1.284889895191473549e-21,6.930777873140138983e-12,1.509100072460433092e-32,3.315149217562847713e-23,2.736406526906591954e-10,1.134288880821979087e-09
4.809999999999999831e-01,7.152329811997494737e-06,5.514049174030656141e-08,1.898965547578682543e-06,6.762524563568823497e-08,1.746670630015900627e-06,3.382016792642221977e-06,4.089285202049510303e-13,2.867026907638436936e-15,1.492349028308783075e-12,1.639718433792947142e-11,1.481701136407566435e-14,6.061516267402368768e-13,1.094620829286132579e-12,5.255683427587412712e-13,4.144787164114672520e-10,1.295254516280375716e-21,6.977318300303993145e-12,1.553661737321982348e-32,3.412929192018136003e-23,2.755012617572212980e-10,1.193604601501327758e-09
4.814999999999999836e-01,7.280682605667015494e-06,5.592931674511154287e-08,1.852736885035470916e-06,6.806989871263145082e-08,1.776929138059836221e-06,3.525063828795486761e-06,4.165625745098596072e-13,2.917340882059090286e-15,1.516648478380487571e-12,1.650602027977685872e-11,1.523204202278515244e-14,6.150289071593557662e-13,1.119240365923008470e-12,5.332938541385932613e-13,4.043884773810183170e-10,1.305348888950958475e-21,7.022401796971312796e-12,1.597177164939499151e-32,3.508399781920859501e-23,2.773127471059544557e-10,1.244089748349230719e-09
4.819999999999999840e-01,7.381867849567919654e-06,5.667806397821508709e-08,1.806809674357512860e-06,6.850205950063844215e-08,1.806887640334186967e-06,3.641003998731473780e-06,4.234390493071042819e-13,2.991087117863898362e-15,1.539962533010060085e-12,1.661236730958749614e-11,1.563769106281725195e-14,6.234899741810372609e-13,1.142341853212407421e-12,5.406582352064215601e-13,3.943641264956652728e-10,1.315169941099739994e-21,7.066161239384770366e-12,1.639708986397697419e-32,3.601700957052595710e-23,2.790733364620680134e-10,1.285008153962191951e-09
4.824999999999999845e-01,7.454429723630104079e-06,5.737000919484818662e-08,1.761188766597869186e-06,6.892118921530180865e-08,1.836650504725548677e-06,3.728290073509131429e-06,4.295840622708957047e-13,3.088112121636008391e-15,1.561839008426466045e-12,1.671572544845022310e-11,1.604570983868328485e-14,6.317148035578343595e-13,1.164524273219439017e-12,5.478172695363783746e-13,3.844067336165338107e-10,1.324775714448290727e-21,7.108719930157379417e-12,1.682489864745446873e-32,3.695542091237017979e-23,2.807808369608148231e-10,1.315813758208062124e-09
4.829999999999999849e-01,7.497533870563383682e-06,5.800495263406200429e-08,1.715882350693613983e-06,6.932677874272107609e-08,1.866331392099418987e-06,3.785966892249201766e-06,4.350609237257795561e-13,3.201125072544158178e-15,1.581753556067536027e-12,1.681558185956593704e-11,1.647538367113237752e-14,6.398426267823887594e-13,1.186461583719884447e-12,5.548913767818400947e-13,3.745180740519744746e-10,1.334268210889773618e-21,7.150167005407329243e-12,1.727542278511887851e-32,3.794366075422846733e-23,2.824331767170316384e-10,1.336169458154341080e-09
4.834999999999999853e-01,7.510934688455067600e-06,5.859804604698498487e-08,1.670904699430391164e-06,6.971847720261184189e-08,1.896005735812976170e-06,3.813684468034261631e-06,4.399412389054120200e-13,3.317804414905887698e-15,1.599269421624149280e-12,1.691152567563376481e-11,1.694698806775576098e-14,6.479190899935289976e-13,1.208651556094369880e-12,5.619199870517035354e-13,3.647012325406633738e-10,1.343758759390953597e-21,7.190541583020248581e-12,1.776992240885573282e-32,3.902841820388913279e-23,2.840289281061100072e-10,1.345951733850686166e-09
4.839999999999999858e-01,7.494900811888903158e-06,5.917359016323141421e-08,1.626276655177115771e-06,7.009617006179702482e-08,1.925676451899592466e-06,3.811663409367400546e-06,4.442735609597385771e-13,3.424436789176851524e-15,1.614167791662032067e-12,1.700333386026425785e-11,1.747439013730072182e-14,6.558742840253506547e-13,1.231214874269773950e-12,5.688426590489744638e-13,3.549607167528041583e-10,1.353326505047110481e-21,7.229826851854752091e-12,1.832293475983785259e-32,4.024160804910187240e-23,2.855676256195351643e-10,1.345238444682685865e-09
4.844999999999999862e-01,7.450123048247942428e-06,5.975630258639395397e-08,1.582023707850286799e-06,7.045997837292312610e-08,1.955266464867983509e-06,3.780621012050350444e-06,4.480602695181764572e-13,3.510003427454482346e-15,1.626505312353409725e-12,1.709100750908300138e-11,1.805928661356805718e-14,6.635401019691705709e-13,1.253815798102014699e-12,5.755141864343924846e-13,3.453020463723902924e-10,1.362983918871611478e-21,7.267953657704789196e-12,1.893623315381355347e-32,4.158711300744789710e-23,2.870497625679456320e-10,1.334282744936852612e-09
4.849999999999999867e-01,7.377633566249424409e-06,6.036341407004925637e-08,1.538172403817993584e-06,7.081017891607492765e-08,1.984641417278198886e-06,3.721679346236830539e-06,4.512507369005989398e-13,3.569474752184750998e-15,1.636580807783886631e-12,1.717475187665326704e-11,1.868916641032085871e-14,6.707020418166021666e-13,1.275736579688264242e-12,5.817494110994944507e-13,3.357309774753181704e-10,1.372661945337619714e-21,7.304812183704621812e-12,1.959669231398118600e-32,4.303610664404692094e-23,2.884764657590396354e-10,1.313480644763448861e-09
4.854999999999999871e-01,7.278758589057457746e-06,6.100047633375221973e-08,1.494746415477084723e-06,7.114707343022354044e-08,2.013654262264406613e-06,3.636281641099201135e-06,4.537534075052878351e-13,3.605293720547795246e-15,1.644824236093033911e-12,1.725490852569219264e-11,1.933994092246026851e-14,6.771685686513789201e-13,1.296086069399092561e-12,5.873831181939612055e-13,3.262526512793865557e-10,1.382221639988866466e-21,7.340269819385337597e-12,2.027904858344490492e-32,4.453312301572943135e-23,2.898489629679322645e-10,1.283341499560205334e-09
4.859999999999999876e-01,7.155111710979759437e-06,6.166216382164196556e-08,1.451763682365937067e-06,7.147085317570072056e-08,2.042194918461304411e-06,3.526138159234540922e-06,4.554629778641508986e-13,3.626566472080665528e-15,1.651646815772522911e-12,1.733185995668125009e-11,1.998264772923274621e-14,6.828346861881610282e-13,1.314076075144646492e-12,5.923248447935891287e-13,3.168709743980234589e-10,1.391490557762283644e-21,7.374192897788409608e-12,2.095293109549143663e-32,4.601149881708853810e-23,2.911680315276483752e-10,1.244468907239375539e-09
4.864999999999999880e-01,7.008617175024798005e-06,6.233728617660008570e-08,1.409235591921606183e-06,7.178150614833675921e-08,2.070226166543375386e-06,3.393209483544634309e-06,4.562936302816392292e-13,3.646179255834889117e-15,1.657303372817934042e-12,1.740593266584154982e-11,2.059220598443011754e-14,6.877178154423159430e-13,1.329273467589069411e-12,5.965897251637254462e-13,3.075884413784421541e-10,1.400313492094832620e-21,7.406469416654807561e-12,2.159204332194986782e-32,4.741352948174331494e-23,2.924336207374744141e-10,1.197554809648633930e-09
4.869999999999999885e-01,6.841539060701678151e-06,6.301554344927315390e-08,1.367168386869199059e-06,7.207879817653498205e-08,2.097792276383793160e-06,3.239718929541744096e-06,4.562070693800228972e-13,3.676710921480484028e-15,1.661812571629921222e-12,1.747732267586023595e-11,2.115537909118325230e-14,6.919531140925920525e-13,1.341741314811382997e-12,6.002943233837694913e-13,2.984064400941920581e-10,1.408601421235858891e-21,7.437029211297038078e-12,2.218251205367134736e-32,4.870879021186657549e-23,2.936447752318306051e-10,1.143383873436678511e-09
4.874999999999999889e-01,6.656488664877483876e-06,6.369293657872900716e-08,1.325566173080272325e-06,7.236233210870837687e-08,2.124997372718107947e-06,3.068173074986531715e-06,4.552257457231295284e-13,3.726404788524349584e-15,1.664960115220537935e-12,1.754605938446447223e-11,2.167519858670238503e-14,6.957490259353968611e-13,1.352017625374749543e-12,6.036181959945544651e-13,2.893259034476020515e-10,1.416361888248292628e-21,7.465857673492342293e-12,2.272752440744167559e-32,4.990430329313548856e-23,2.947998763711690839e-10,1.082840735943647459e-09
4.879999999999999893e-01,6.456389882473070509e-06,6.437343421069658970e-08,1.284434361461993751e-06,7.263166153560394578e-08,2.151962129946094352e-06,2.881365221150538932e-06,4.534266137376815941e-13,3.796469120894133703e-15,1.666381611603177420e-12,1.761201204529755997e-11,2.217014231685495805e-14,6.993174966242325656e-13,1.360934291454159193e-12,6.067436864181548982e-13,2.803480534154435015e-10,1.423699115597961782e-21,7.492999492188567741e-12,2.324646353183454517e-32,5.104262840477371145e-23,2.958971056409281376e-10,1.016911227234898845e-09
4.884999999999999898e-01,6.244398120336981729e-06,6.506619538885022194e-08,1.243782296794274655e-06,7.288641719891193551e-08,2.178775503524181229e-06,2.682342608131421933e-06,4.509173918929808084e-13,3.880577197235426062e-15,1.665695370495705323e-12,1.767493197371118801e-11,2.266803960350313792e-14,7.028022188532318402e-13,1.369333463341899583e-12,6.097941213602586175e-13,2.714749664418366417e-10,1.430781599257600696e-21,7.518550355413806947e-12,2.376851519682106313e-32,5.218782024143203770e-23,2.969349595577176381e-10,9.466707998271513528e-10
4.889999999999999902e-01,6.023785954917243836e-06,6.577964042225205374e-08,1.203624208450658736e-06,7.312640178035889564e-08,2.205459742010767239e-06,2.474331970034535123e-06,4.478033052304409367e-13,3.966751132667467489e-15,1.662639692712118852e-12,1.773451576250416036e-11,2.319646027268175770e-14,7.062293199753200708e-13,1.377775058436033973e-12,6.127914462273597717e-13,2.627097730388923342e-10,1.437785806808167322e-21,7.542637038715927798e-12,2.432258832509172246e-32,5.340330334315065823e-23,2.979126356101435266e-10,8.732582551870599922e-10
4.894999999999999907e-01,5.797821364217821077e-06,6.651511127645319986e-08,1.163978290581546155e-06,7.335162238078391216e-08,2.231961398061932850e-06,2.260634020317062390e-06,4.441556118655584169e-13,4.041051657690300623e-15,1.657169114915796113e-12,1.779047205559633264e-11,2.377263167075337834e-14,7.094975939922639352e-13,1.386334412796034465e-12,6.156479986616947365e-13,2.540564514322145356e-10,1.444833289324169641e-21,7.565389283685069602e-12,2.492674206321462527e-32,5.472867343960662239e-23,2.988301642602550684e-10,7.978385045939639894e-10
4.899999999999999911e-01,5.569666970061520477e-06,6.726315363907956654e-08,1.124864411365426519e-06,7.356225391534465738e-08,2.258170770255217689e-06,2.044509338391616646e-06,4.399926738880741297e-13,4.091905202515403633e-15,1.649479062825415013e-12,1.784257664396276351e-11,2.439625319048686581e-14,7.124121043153964001e-13,1.394560661100310889e-12,6.181956545200182383e-13,2.455193258200280210e-10,1.451941889331633445e-21,7.586909462691740025e-12,2.558065272365866489e-32,5.616317880251813111e-23,2.996882594829628272e-10,7.215622951087934057e-10
4.904999999999999916e-01,5.342320385631735188e-06,6.800444853983706168e-08,1.086301401960515437e-06,7.375855152208562298e-08,2.283961285726555773e-06,1.829081236560915489e-06,4.352800836542114925e-13,4.113678438523721467e-15,1.639952938793246172e-12,1.789070623740417312e-11,2.504777929525225036e-14,7.147502291435582068e-13,1.401613282793154908e-12,6.202428621158009871e-13,2.371024774490879245e-10,1.459008290569247854e-21,7.607247304852762479e-12,2.626381606741259546e-32,5.766179274554158116e-23,3.004879616434252507e-10,6.455319283350317946e-10
4.909999999999999920e-01,5.118599911831704824e-06,6.871552085714215036e-08,1.048304935593440592e-06,7.394074668661764423e-08,2.309233054095694500e-06,1.617274440927628332e-06,4.299498388626138130e-13,4.108341261064571525e-15,1.629051357893890591e-12,1.793484795134673898e-11,2.569303203513744771e-14,7.163380368708759642e-13,1.406534078355789749e-12,6.216404602025308187e-13,2.288092886245186858e-10,1.465829656654096452e-21,7.626386302514349631e-12,2.694038691184319991e-32,5.914585022044890677e-23,3.012302141457664758e-10,5.707796190117775902e-10
4.914999999999999925e-01,4.901162851189375180e-06,6.937732751406526991e-08,1.010886686020483074e-06,7.410896453211233823e-08,2.333943916525630813e-06,1.411794699669534351e-06,4.239320103499978898e-13,4.084675787485818955e-15,1.617181550920411166e-12,1.797508723840497469e-11,2.629291662899782588e-14,7.171111396954104623e-13,1.408565102947744066e-12,6.223339866312601396e-13,2.206422685108639198e-10,1.472159417858901592e-21,7.644245791413124359e-12,2.756936906769187514e-32,6.052541763547721095e-23,3.019155264476304349e-10,4.982602981752114305e-10
4.919999999999999929e-01,4.692532352785816190e-06,6.998351004157933447e-08,9.740549076300905804e-07,7.426318859093134621e-08,2.358116917208391898e-06,1.215139355092601616e-06,4.171880272786499768e-13,4.055293345979867660e-15,1.604590144394210941e-12,1.801158045133403284e-11,2.681523838443651129e-14,7.171392320106088021e-13,1.407406007289377153e-12,6.223845833561480893e-13,2.126031893987003771e-10,1.477780524721477604e-21,7.660698726800750720e-12,2.811700723854244458e-32,6.172648263370105969e-23,3.025438306482183007e-10,4.288553444689053279e-10
4.924999999999999933e-01,4.495107351804625020e-06,7.054503386265439340e-08,9.378160358685812333e-07,7.440327960384231124e-08,2.381822796623507630e-06,1.029618523460079729e-06,4.097341178737642214e-13,4.032447081491315522e-15,1.591313408546845048e-12,1.804451928688712372e-11,2.724477315131419788e-14,7.166057176168058438e-13,1.403323138027842120e-12,6.219511490247292665e-13,2.046934433071846325e-10,1.482572742644713762e-21,7.675600984344692385e-12,2.856734579628759589e-32,6.271410884224583347e-23,3.031145582849534411e-10,3.633800593433176474e-10
4.929999999999999938e-01,4.311139120356842838e-06,7.108917472245484006e-08,9.021765745586318432e-07,7.452903464810017507e-08,2.405145873609928015e-06,8.573648269403625633e-07,4.016468072457363674e-13,4.024028835363751106e-15,1.577199158493832730e-12,1.807409371696444351e-11,2.758815681440560000e-14,7.157490443877454560e-13,1.397071717853755265e-12,6.212395212730023588e-13,1.969144568832777095e-10,1.486551373453050454e-21,7.688824858267956101e-12,2.892735333127455564e-32,6.350365753813337245e-23,3.036268814783384554e-10,3.025871019908991324e-10
4.934999999999999942e-01,4.142673355645005602e-06,7.165287350169727287e-08,8.671445232002423644e-07,7.464025990524798499e-08,2.428147676468695340e-06,7.003170012891716886e-07,3.930485372110883800e-13,4.031075484823011999e-15,1.561990691516088379e-12,1.810045867829068103e-11,2.787174878075013372e-14,7.147854129707684633e-13,1.389655164759529461e-12,6.204357142570827579e-13,1.892680007885503394e-10,1.489863268028762946e-21,7.700288284465903451e-12,2.922467907671879837e-32,6.415584013007579467e-23,3.040800096353251139e-10,2.471607042180695169e-10
4.939999999999999947e-01,3.991472230457693495e-06,7.227255908991044607e-08,8.327298748780658379e-07,7.473682894355777880e-08,2.450842683129452720e-06,5.601758427061507039e-07,3.840783130118367857e-13,4.047599058590918420e-15,1.545443316327736905e-12,1.812370855391018100e-11,2.813290284411366067e-14,7.138389374411792071e-13,1.382000903834275654e-12,6.196457401120431636e-13,1.817562917617348440e-10,1.492739633097444256e-21,7.709972539353987174e-12,2.949849670972121488e-32,6.475660961373382317e-23,3.044734270781977557e-10,1.977011229064894630e-10
4.944999999999999951e-01,3.858940156091799731e-06,7.297382849987481326e-08,7.989441438083594609e-07,7.481870792104263537e-08,2.473194807754981006e-06,4.383442727691154236e-07,3.748574352102734554e-13,4.062768120966399466e-15,1.527434445237109613e-12,1.814386257644098666e-11,2.840730375077580058e-14,7.129028930353631824e-13,1.374660958918774722e-12,6.188623991527826966e-13,1.743818802881668965e-10,1.495419546085955300e-21,7.717924371881175273e-12,2.978622399869649927e-32,6.538801655327657063e-23,3.048069958124515849e-10,1.547034871726452046e-10
4.949999999999999956e-01,3.746076540407344960e-06,7.376438890301171616e-08,7.657992737794002763e-07,7.488594471558876815e-08,2.495134393375750357e-06,3.358712844695539335e-07,3.654620581540439212e-13,4.064673854536538632e-15,1.508031590842337260e-12,1.816086341081017722e-11,2.871644434281328869e-14,7.118451937345617455e-13,1.367638084455627917e-12,6.179703345382752064e-13,1.671474030886738838e-10,1.498068422753492952e-21,7.724242726924528763e-12,3.011039173228307750e-32,6.609940918878900609e-23,3.050809112272189765e-10,1.185380152044095220e-10
4.954999999999999960e-01,3.653469012546468891e-06,7.463243251740876054e-08,7.333064801824615206e-07,7.493863374218630812e-08,2.516587181514363036e-06,2.534190275127662901e-07,3.559119452404266458e-13,4.044386287143089853e-15,1.487497376895264424e-12,1.817458980497400534e-11,2.905941641986375329e-14,7.104562602839160388e-13,1.360396470582755892e-12,6.167876917677037902e-13,1.600553235242138055e-10,1.500718264952371781e-21,7.729054156726781821e-12,3.047003778786028385e-32,6.688857642496354690e-23,3.052955586509680357e-10,8.943839759720040326e-11
4.959999999999999964e-01,3.581325681641683154e-06,7.555064563694120344e-08,7.014755268314885447e-07,7.497687614452511291e-08,2.537502385500170759e-06,1.912637473831392799e-07,3.461791855366139942e-13,3.998926129373035821e-15,1.466231683711320205e-12,1.818488200869900240e-11,2.941188736089455450e-14,7.085230679155683784e-13,1.352054078719915234e-12,6.151303093829847386e-13,1.531077709804136436e-10,1.503250176648413935e-21,7.732483585179541728e-12,3.083963726693308249e-32,6.769943251808523231e-23,3.054513510000487782e-10,6.750212870338883348e-11
4.964999999999999969e-01,3.529531232743523876e-06,7.648413082573874435e-08,6.703146822582599901e-07,7.500075353290159547e-08,2.557868200437143066e-06,1.493285072526411936e-07,3.362137364562190087e-13,3.932171373795620718e-15,1.444671340349896620e-12,1.819157586051557306e-11,2.973282555113172590e-14,7.059042994129475458e-13,1.341692391561601681e-12,6.128767244255313822e-13,1.463065330811293497e-10,1.505426199115061206e-21,7.734627675451453613e-12,3.117615803651318546e-32,6.843752618738449053e-23,3.055486215948948480e-10,5.270205513655525364e-11
4.969999999999999973e-01,3.497704647344933001e-06,7.739937659937227053e-08,6.398312676363841345e-07,7.501032407887836037e-08,2.577709093780241180e-06,1.272340857856687225e-07,3.259768512297860770e-13,3.853444656017445685e-15,1.423180864501443154e-12,1.819453880485878162e-11,2.997696785832672076e-14,7.025811900584542866e-13,1.328679613507271047e-12,6.100120091554653279e-13,1.396531807309458814e-10,1.506961288871049669e-21,7.735536690868387376e-12,3.143213630307502035e-32,6.899874491611573512e-23,3.055876080804392727e-10,4.490433913801887084e-11
4.974999999999999978e-01,3.485238744742985156e-06,7.827142623521843890e-08,6.100324496903552052e-07,7.500563746085623716e-08,2.597067322329149302e-06,1.243490067172504193e-07,3.154707453098808746e-13,3.774330221294339996e-15,1.401969670743852974e-12,1.819369969198454933e-11,3.010905136853439365e-14,6.986669421111617838e-13,1.312898706415730816e-12,6.066356526056930862e-13,1.331492485719367987e-10,1.507612646041716985e-21,7.735208044129043799e-12,3.157060036826342344e-32,6.930205505504256398e-23,3.055685132018110012e-10,4.388611554472238561e-11
4.979999999999999982e-01,3.491312260806117801e-06,7.908747316873996852e-08,5.809258527999337754e-07,7.498675574800480972e-08,2.615977819385105362e-06,1.398224902186485821e-07,3.047541836468489023e-13,3.704865932534509640e-15,1.381061640689800202e-12,1.818906490817072575e-11,3.011514149221053757e-14,6.943716694758671967e-13,1.294803742234021928e-12,6.029309047232103361e-13,1.267963758230009195e-10,1.507257274228129570e-21,7.733591623758825282e-12,3.157694768137395105e-32,6.931553806104027995e-23,3.054915898477289707e-10,4.934712133350286197e-11
4.984999999999999987e-01,3.514879126527025056e-06,7.984671691055646342e-08,5.525196854767240617e-07,7.495376505268693682e-08,2.634448095349652878e-06,1.725938336339837196e-07,2.939385639692596063e-13,3.650439600097729891e-15,1.360325352515298382e-12,1.818071640978107030e-11,3.000724606030163847e-14,6.899349014450736965e-13,1.275286031951635601e-12,5.991060521723098780e-13,1.205963391571714659e-10,1.505931944103112735e-21,7.730604367378000285e-12,3.146378014468574922e-32,6.906696390706711021e-23,3.053571885593647315e-10,6.091300633832436977e-11
4.989999999999999991e-01,3.554650937589392035e-06,8.055773707898854673e-08,5.248223296521582361e-07,7.490676846433648938e-08,2.652452155427741256e-06,2.213840105407705320e-07,2.831658288456322463e-13,3.610432693882216525e-15,1.339553456950168663e-12,1.816879194193369907e-11,2.981955882227410924e-14,6.855485997792825668e-13,1.255395657913380441e-12,5.953275540879514755e-13,1.145509653032744262e-10,1.503821756865877575e-21,7.726150007282377904e-12,3.126696158189707123e-32,6.863510351646227013e-23,3.051657288376798163e-10,7.813236821556750963e-11
4.994999999999999996e-01,3.609092482459612713e-06,8.123529459173627090e-08,4.978416054662395070e-07,7.484586148943949217e-08,2.669940925681237853e-06,2.846847358834278381e-07,2.725758184028505079e-13,3.579009301136652205e-15,1.318564071070920280e-12,1.815345272100283580e-11,2.959742895005717546e-14,6.812967287091698165e-13,1.236012600086727936e-12,5.916676305767340392e-13,1.086619696721797955e-10,1.501200383318901202e-21,7.720139591003638619e-12,3.103404842748898735e-32,6.812431771945191987e-23,3.049175992105605138e-10,1.004728930488659267e-10
5.000000000000000000e-01,3.676445025436112940e-06,8.189813172811451956e-08,4.715840801196407784e-07,7.477110172737485016e-08,2.686864187234907920e-06,3.607627352828269257e-07,2.622743044440188649e-13,3.547681554071275446e-15,1.297290558377476564e-12,1.813484748969206596e-11,2.938259043612985232e-14,6.771316526405310676e-13,1.217578157426740853e-12,5.880838893560631154e-13,1.029308021501211428e-10,1.498341179580560200e-21,7.712509029230822102e-12,3.080880019042812889e-32,6.763056426582371906e-23,3.046130338154177245e-10,1.273228619280631173e-10
5.004999999999999449e-01,3.754780125628846829e-06,8.256825572009418150e-08,4.460547708992483916e-07,7.468248963222983248e-08,2.703193815484185125e-06,4.476913465031497133e-07,2.523126769349603280e-13,3.508671085898553275e-15,1.275830572364284859e-12,1.811308280833981770e-11,2.919948027206594948e-14,6.728950307942633166e-13,1.199976331128627608e-12,5.844376348959757873e-13,9.735857765978254650e-11,1.495428293579493934e-21,7.703231086179478354e-12,3.061683362810582497e-32,6.720993662856211665e-23,3.042520341175999388e-10,1.580023038691849364e-10
5.010000000000000009e-01,3.842073322882042962e-06,8.327093192488339422e-08,4.212574131290135874e-07,7.457997417678453273e-08,2.718937454779845495e-06,5.434102425939281185e-07,2.426861900875586538e-13,3.457843928141150527e-15,1.254439094038977987e-12,1.808820730551373210e-11,2.904717294094681066e-14,6.683757590858380760e-13,1.182603573481044842e-12,5.805443788836970565e-13,9.194613001760353285e-11,1.492497143823525588e-21,7.692320460431198213e-12,3.045716788973882091e-32,6.686014635276449074e-23,3.038343920351372121e-10,1.917840737564943081e-10
5.015000000000000568e-01,3.936277934940475620e-06,8.403383542577580857e-08,3.971952070406940707e-07,7.446348697189027481e-08,2.734135911452076453e-06,6.458018758319868343e-07,2.333512349576224894e-13,3.396199537216314111e-15,1.233468749400250515e-12,1.806021304815771892e-11,2.889964045626630268e-14,6.633850328174982972e-13,1.164601397106558271e-12,5.762392319918409954e-13,8.669417130719322793e-11,1.489424071656661245e-21,7.679831649775261476e-12,3.030250064477199221e-32,6.652117008066108203e-23,3.033598289422048887e-10,2.279208316167125138e-10
5.020000000000000018e-01,4.035378557502138470e-06,8.488394432987873125e-08,3.738717381946518805e-07,7.433299519933108857e-08,2.748844727917300244e-06,7.527655100796264455e-07,2.242555237349500754e-13,3.329455838923200357e-15,1.213277861054863200e-12,1.802905176432566154e-11,2.871430584843590747e-14,6.578229892461567918e-13,1.145171583349006307e-12,5.714349697257235100e-13,8.160349065983917611e-11,1.485968683670265757e-21,7.665850125720503967e-12,3.010818037768544439e-32,6.609497197355054851e-23,3.028282112791085335e-10,2.656711708311524386e-10
5.024999999999999467e-01,4.137412129726051902e-06,8.584180976503857373e-08,3.512916796734025422e-07,7.418855344293853867e-08,2.763107512129200475e-06,8.622699135404608136e-07,2.153706243457390130e-13,3.265976144371705200e-15,1.194136905810885467e-12,1.799465924075972407e-11,2.844610651325594145e-14,6.517144886160924472e-13,1.123866668727410489e-12,5.661532441082241557e-13,7.667510702121073320e-11,1.481854862894833626e-21,7.650478086043093450e-12,2.982695494029872343e-32,6.547788348744596007e-23,3.022397616514947843e-10,3.043182149960813863e-10
5.030000000000000027e-01,4.240458277212358411e-06,8.691437033537746644e-08,3.294609669011343680e-07,7.403033203342363732e-08,2.776932556045346312e-06,9.723740580603059080e-07,2.067155029473213427e-13,3.213869733292238361e-15,1.176164072309403447e-12,1.795697932701741809e-11,2.806244671261028282e-14,6.452022758204882629e-13,1.100757992622499208e-12,5.605186862582065845e-13,7.191030819306081147e-11,1.476863550025790991e-21,7.633816827773309669e-12,2.942465051461560647e-32,6.459500189747686839e-23,3.015951742441175847e-10,3.431769233301755121e-10
5.035000000000000586e-01,4.342614255698660174e-06,8.808879177763970529e-08,3.083863507205150424e-07,7.385860659378161034e-08,2.790283321585026756e-06,1.081218197972739797e-06,1.983628741549762560e-13,3.178356514237297797e-15,1.159310550066181668e-12,1.791598016966058293e-11,2.755411736667341323e-14,6.385003301867546876e-13,1.076426247930603068e-12,5.547183049852769062e-13,6.731055516211523979e-11,1.470906536643242766e-21,7.615948565867803315e-12,2.889162001336316165e-32,6.342528475282281220e-23,3.008955721799912628e-10,3.815909420957366547e-10
5.040000000000000036e-01,4.441977323389087125e-06,8.933024039666708125e-08,2.880744893014723035e-07,7.367370779231384898e-08,2.803087814632536624e-06,1.187000062425998109e-06,1.904261255538916412e-13,3.160335354768847231e-15,1.143399447272274834e-12,1.787165898736893592e-11,2.693860134131985512e-14,6.318236680920736727e-13,1.051780330890265671e-12,5.489403014605366649e-13,6.287728635353569232e-11,1.464056974394460028e-21,7.596921098869623498e-12,2.824620576330183890e-32,6.200910886913340246e-23,3.001423027885438409e-10,4.189242020600403571e-10
5.044999999999999485e-01,4.536655322900743774e-06,9.058570816149552759e-08,2.685309278484739728e-07,7.347594636854830191e-08,2.815263976258152503e-06,1.287957323381083171e-06,1.830313039588496539e-13,3.156607106644442443e-15,1.128204416747311631e-12,1.782403638272559952e-11,2.625471459019461215e-14,6.253186483064585992e-13,1.027768407225534992e-12,5.433132199105061008e-13,5.861169760453058714e-11,1.456526883931764791e-21,7.576738755835795542e-12,2.752911691433398160e-32,6.043589349274842267e-23,2.993366321583818662e-10,4.545547307690795757e-10
5.050000000000000044e-01,4.624815130746810103e-06,9.179416344288471936e-08,2.497593604649011160e-07,7.326553974306657253e-08,2.826751284257567978e-06,1.382375102498658449e-06,1.762838033518444949e-13,3.161571088043753951e-15,1.113541083411303122e-12,1.777314504312578501e-11,2.555040587209119150e-14,6.190173577821337890e-13,1.005080718959265593e-12,5.378659812071000140e-13,5.451458359092864364e-11,1.448599688226749137e-21,7.555362257023195485e-12,2.679063398112014365e-32,5.881599624982998616e-23,2.984794461575434136e-10,4.878773017596346841e-10
5.055000000000000604e-01,4.704762716358175613e-06,9.290103084095586520e-08,2.317614554029181835e-07,7.304256806252403703e-08,2.837535717784679686e-06,1.468626790398335870e-06,1.702412061376740116e-13,3.169678058439328845e-15,1.099340496391860306e-12,1.771901927156589642e-11,2.486778539798050364e-14,6.128311813260584094e-13,9.839448834065878280e-13,5.325220075726720825e-13,5.058630174442334464e-11,1.440540687879131675e-21,7.532718422003903491e-12,2.607490942641515521e-32,5.724625727448955079e-23,2.975710713752059116e-10,5.183178407093458588e-10
5.060000000000000053e-01,4.775034241032233874e-06,9.387316231584121020e-08,2.145373028651119334e-07,7.280697818894821956e-08,2.847657455246169165e-06,1.545242000651041316e-06,1.649015872310639552e-13,3.177678730904168140e-15,1.085680298212416900e-12,1.766169059731812898e-11,2.423032596915933082e-14,6.065851611000567694e-13,9.640813161892102021e-13,5.271289191919591868e-13,4.682687122332720884e-11,1.432515439285999159e-21,7.508718340671448220e-12,2.540654823064058946e-32,5.578056815027796438e-23,2.966112913795725805e-10,5.453574082924964615e-10
5.064999999999999503e-01,4.834470838845850841e-06,9.470979945734412851e-08,1.980863054133548169e-07,7.255863708119016091e-08,2.857197352375501635e-06,1.610982938940034048e-06,1.602112466891372962e-13,3.185833263705869883e-15,1.072763863671297616e-12,1.760119135255015948e-11,2.363639827351312654e-14,6.000808872606308854e-13,9.448307348429853517e-13,5.215132092467347015e-13,4.323616735866160532e-11,1.424542898882989345e-21,7.483280278365935797e-12,2.478383185433416365e-32,5.441503484194133475e-23,2.955995641845234954e-10,5.685591530766936222e-10
5.070000000000000062e-01,4.882253464685115399e-06,9.544588203705156561e-08,1.824081699348239473e-07,7.229741757862975867e-08,2.866246732710765129e-06,1.664905051965523478e-06,1.560891429527046746e-13,3.197680690979159202e-15,1.060855343458830933e-12,1.753756401965941515e-11,2.306114548778346381e-14,5.931661541012460781e-13,9.254068360562281181e-13,5.155409943232923168e-13,3.981413698661990740e-11,1.416498136895054357e-21,7.456351953865038717e-12,2.418068721567743002e-32,5.309233574584262147e-23,2.945353717097633019e-10,5.875897163548333420e-10
5.075000000000000622e-01,4.917887292105946058e-06,9.614621022194938014e-08,1.675036367022120371e-07,7.202328687791465775e-08,2.874871885488448930e-06,1.706381937983910185e-06,1.524595638195031888e-13,3.218531658232957051e-15,1.050193343009001371e-12,1.747087107729414511e-11,2.246591236429476251e-14,5.857876463548906269e-13,9.051853884401546487e-13,5.091641693987997058e-13,3.656095522947244180e-11,1.408162610159527084e-21,7.427926532487551511e-12,2.355657662189780500e-32,5.172345465996297069e-23,2.934185802080132162e-10,6.022280239066454761e-10
5.080000000000000071e-01,4.941142647531589639e-06,9.689170600946555076e-08,1.533746974985852397e-07,7.173636603915063588e-08,2.883087092560692775e-06,1.735086721075405544e-06,1.492817647315712580e-13,3.253324585313323069e-15,1.040912869334850312e-12,1.740119929703622500e-11,2.181196535368995226e-14,5.780090551475306487e-13,8.839302247098110456e-13,5.024365813709150579e-13,3.347707001356127601e-11,1.399304174259298114e-21,7.398047975051853893e-12,2.287088575571445710e-32,5.021926824099558621e-23,2.922496826751043450e-10,6.123587125404045117e-10
5.084999999999999520e-01,4.951974603869401889e-06,9.776140467415003610e-08,1.400242580326163204e-07,7.143693865782774993e-08,2.890846950545407244e-06,1.750937679289517375e-06,1.465663774470148252e-13,3.304697870812381805e-15,1.033001898178298306e-12,1.732865432924227751e-11,2.107389769191530927e-14,5.699890567584979100e-13,8.618801494545237066e-13,4.954952708147816022e-13,3.056312524003119582e-11,1.389759527439172832e-21,7.366804032119711931e-12,2.209697947344671295e-32,4.852138476094777851e-23,2.910298341832198045e-10,6.179529407491154294e-10
5.090000000000000080e-01,4.950450222354471780e-06,9.881502492305203284e-08,1.274554062283267464e-07,7.112540489351200720e-08,2.898061373635940693e-06,1.754028716295436666e-06,1.443729628987086924e-13,3.372009611836702688e-15,1.026306666076702299e-12,1.725334525483387454e-11,2.024833307993887200e-14,5.619273310691105684e-13,8.396699606042722525e-13,4.885137857124934639e-13,2.781979867021988632e-11,1.379491677898343606e-21,7.334308460580276163e-12,2.123132617345891089e-32,4.662214436490438063e-23,2.897606646273572075e-10,6.190438501402865764e-10
5.095000000000000639e-01,4.936708350436642628e-06,1.000806307196584380e-07,1.156705782914474622e-07,7.080219667062008235e-08,2.904627857101037735e-06,1.744570174447931146e-06,1.427895677946155245e-13,3.451641649061902304e-15,1.020582876548258674e-12,1.717536306841200583e-11,1.935521407055366761e-14,5.539975372051629760e-13,8.181162763605055367e-13,4.816439447304083592e-13,2.524761891103473031e-11,1.368604121559717000e-21,7.300676997932230861e-12,2.029484576726690065e-32,4.456754588805015177e-23,2.884439333156136095e-10,6.157056765964701662e-10
5.100000000000000089e-01,4.910963474866701402e-06,1.015501856776390125e-07,1.046709251706467820e-07,7.046768376907046741e-08,2.910468833716802310e-06,1.722860515392671424e-06,1.419013140994537612e-13,3.538418257013733058e-15,1.015574315380846869e-12,1.709476009921733266e-11,1.843148942110008878e-14,5.462902828869931065e-13,7.979447315410729987e-13,4.749660647384201004e-13,2.284682788478294786e-11,1.357308399106819965e-21,7.266003351321436632e-12,1.932628751564224971e-32,4.244268555180929470e-23,2.870811464626561089e-10,6.080437554552777058e-10
5.104999999999999538e-01,4.873547655465814525e-06,1.031833701729789612e-07,9.445607960907292836e-08,7.012210356673521368e-08,2.915559933703439169e-06,1.689296477024085274e-06,1.417587924179515425e-13,3.627549230348452965e-15,1.011091319857863674e-12,1.701153792974915696e-11,1.751952782947907621e-14,5.387853198797795709e-13,7.795537467632262983e-13,4.684644196510008593e-13,2.061733234078577535e-11,1.345857344823988760e-21,7.230341402712333778e-12,1.837007915464644204e-32,4.034507433341408363e-23,2.856732710395342075e-10,5.961981061139957754e-10
5.110000000000000098e-01,4.824969828714386526e-06,1.049177543243634796e-07,8.502435815413853852e-08,6.976553836552214849e-08,2.919938454920156173e-06,1.644413540412293151e-06,1.423570751601194666e-13,3.716329459905781886e-15,1.007062201522683614e-12,1.692564913741984687e-11,1.665424224934070655e-14,5.313618977145482897e-13,7.628955206298411975e-13,4.620357889723268734e-13,1.855875131029863269e-11,1.334467344132964676e-21,7.193698014457768486e-12,1.746282560191399365e-32,3.835500807270036967e-23,2.842206424557598423e-10,5.803577139378218270e-10
5.115000000000000657e-01,4.765965409185730578e-06,1.066820452957583153e-07,7.637327272717765193e-08,6.939794693911393843e-08,2.923688972997229544e-06,1.588936112594491203e-06,1.436325154241581623e-13,3.804950318822877902e-15,1.003540715752278673e-12,1.683701390114000856e-11,1.585318241227409640e-14,5.238430376331430136e-13,7.475127567614152061e-13,4.555275248614369114e-13,1.667053123254496433e-11,1.323255717604238078e-21,7.156037809157448992e-12,1.662292168007477005e-32,3.651278672442271163e-23,2.827230930972960621e-10,5.607782412353584884e-10
5.120000000000000107e-01,4.697513387851167195e-06,1.084090037093196299e-07,6.850013247650334789e-08,6.901923769222227431e-08,2.926911764911946364e-06,1.523812596760404854e-06,1.454784176459548552e-13,3.896143105400208536e-15,1.000668359964209049e-12,1.674554768301241689e-11,1.511270048566934565e-14,5.160579979133478263e-13,7.327149736592077376e-13,4.487915670116953372e-13,1.495207994839801390e-11,1.312213286919324335e-21,7.117298025095160149e-12,1.584653405709348216e-32,3.480992050019994660e-23,2.811802503356812994e-10,5.377944046165936580e-10
5.124999999999999556e-01,4.620811062913925234e-06,1.100455948308120028e-07,6.140251615381320446e-08,6.862935667603530531e-08,2.929686169393892129e-06,1.450216050032275863e-06,1.477742432251822363e-13,3.993832442151335717e-15,9.986060576080991664e-13,1.665119249810116700e-11,1.441115628811538954e-14,5.079012898493765337e-13,7.178302066237403347e-13,4.417356595735757651e-13,1.340287089133784534e-11,1.301219628260683044e-21,7.077408992269040000e-12,1.511096487875170107e-32,3.319653623101135053e-23,2.795918950088565995e-10,5.118202072591247374e-10
5.130000000000000115e-01,4.537212804332912551e-06,1.115594454262568894e-07,5.507847597453747968e-08,6.822835963765631481e-08,2.932042693664395085e-06,1.369504121967353337e-06,1.504184394096653775e-13,4.101349711951047402e-15,9.974600850936551837e-13,1.655394298075964502e-11,1.371776105873344722e-14,4.993681942321241073e-13,7.024430365688021527e-13,4.343543566764913779e-13,1.202248686922012658e-11,1.290093974321257251e-21,7.036314642708827994e-12,1.438392711910261962e-32,3.160174981865034134e-23,2.779582548197069606e-10,4.833348001773429786e-10
5.135000000000000675e-01,4.448152329112652214e-06,1.129420126779101638e-07,4.952645348297314905e-08,6.781644436667942383e-08,2.933954032937687812e-06,1.283147218307655514e-06,1.533537993230023180e-13,4.219905102187049479e-15,9.972283910536733901e-13,1.645385993045845812e-11,1.300386650686437361e-14,4.905551419833512338e-13,6.865363998218332152e-13,4.267296657955838366e-13,1.081059943919719698e-11,1.278663182723177202e-21,6.993987984017519758e-12,1.363538262956345638e-32,2.995965010152395575e-23,2.762801359754806370e-10,4.528571292466963466e-10
5.140000000000000124e-01,4.355072775460279452e-06,1.142094952542292458e-07,4.474499454734436516e-08,6.739393475897513733e-08,2.935347724424673083e-06,1.192645340541612308e-06,1.565768551614759320e-13,4.347894346338246261e-15,9.977854794302292581e-13,1.635106769569344530e-11,1.225286425465301884e-14,4.816255547870864542e-13,6.704897359385600298e-13,4.190017712615752420e-13,9.766903569105804142e-12,1.266823413488233593e-21,6.950438321954070023e-12,1.284792157318118779e-32,2.823206868785944095e-23,2.745588581463431716e-10,4.209165855569761898e-10
5.144999999999999574e-01,4.259383780713757675e-06,1.154022722417326788e-07,4.073240521033036139e-08,6.696122535091920750e-08,2.936134888384908359e-06,1.099457408954671029e-06,1.601282683801106749e-13,4.481280475866426474e-15,9.989098378364780686e-13,1.624573634748179536e-11,1.146553009027565240e-14,4.727535329341518429e-13,6.549370157949467691e-13,4.113205092704966545e-13,8.891039405129886691e-12,1.254575451543014120e-21,6.905709528721842009e-12,1.202236426184567906e-32,2.642085605548054589e-23,2.727960284347287893e-10,3.880280615045201403e-10
5.150000000000000133e-01,4.162452186367670263e-06,1.165828222244170072e-07,3.748648057077520600e-08,6.651870817536958344e-08,2.936243636654195992e-06,1.004960999222075513e-06,1.640676355227540442e-13,4.614877809751472685e-15,1.000342716074766139e-12,1.613805360970565540e-11,1.065933630043289220e-14,4.640650986773796599e-13,6.405370380272092193e-13,4.037946309634457200e-13,8.182530825443148223e-12,1.242023466090256824e-21,6.859871003622639212e-12,1.117703766780500679e-32,2.456627409605069950e-23,2.709932433989259489e-10,3.546777406652104003e-10
5.155000000000000693e-01,4.065618284953486699e-06,1.178312247948185641e-07,3.500438101309444710e-08,6.606670819334227625e-08,2.935644448170623971e-06,9.104479027731423618e-07,1.684413796190419195e-13,4.744034085033839719e-15,1.001856362908861336e-12,1.602819378846230989e-11,9.862341174640011827e-15,4.555971335601275958e-13,6.277381014784789411e-13,3.964562853961673250e-13,7.640757543728056535e-12,1.229339749862121071e-21,6.813004505059855247e-12,1.034136612429200021e-32,2.273291555931979642e-23,2.691518260947925232e-10,3.213215308942543874e-10
5.160000000000000142e-01,3.970218799375647064e-06,1.192370754766138771e-07,3.328265683531691707e-08,6.560544827832967431e-08,2.934358452803524116e-06,8.171469100584792565e-07,1.732546753850659710e-13,4.866077873546858227e-15,1.003307330157989686e-12,1.591629100603758766e-11,9.104022755784442760e-15,4.472876768899981187e-13,6.166197038289428002e-13,3.892525648631305567e-13,7.264961117838416081e-12,1.216709159946443889e-21,6.765190441638619697e-12,9.546258918210037603e-33,2.098860364833105870e-23,2.672726835822447585e-10,2.883931051819924021e-10
5.164999999999999591e-01,3.877595403584492856e-06,1.208872878379347791e-07,3.231736689922005169e-08,6.513505243871553750e-08,2.932446524825032399e-06,7.262553026224793225e-07,1.784569163060563004e-13,4.981011031009459415e-15,1.004656802190486195e-12,1.580242220080823511e-11,8.406280280515334180e-15,4.390002369798734183e-13,6.068655642987006889e-13,3.820664225652228596e-13,7.054272704874578111e-12,1.204272893267394726e-21,6.716496594112339197e-12,8.814675046222962461e-33,1.938369108033654709e-23,2.653563202503938241e-10,2.563150161261146625e-10
5.170000000000000151e-01,3.789074417286238389e-06,1.228507157077261678e-07,3.210421843916905766e-08,6.465558173391407497e-08,2.929984520858874118e-06,6.389585046366122532e-07,1.839455941802871668e-13,5.091226250228613847e-15,1.005952517814526794e-12,1.568660246393035606e-11,7.777547352173569770e-15,4.305730758936455744e-13,5.978753816393087713e-13,3.747591518606487048e-13,7.007746071763021391e-12,1.192090180803119855e-21,6.666971006992942072e-12,8.155451969061739165e-33,1.793753013595668533e-23,2.634029843313758494e-10,2.255056315723894902e-10
5.175000000000000711e-01,3.705916408661891636e-06,1.251622845929524616e-07,3.263867253787651601e-08,6.416708655151759361e-08,2.927034985142095974e-06,5.564236929123432650e-07,1.895872248106412391e-13,5.200396888638544036e-15,1.007280919640907498e-12,1.556879236931595986e-11,7.211712630255512949e-15,4.218760832940641420e-13,5.889739898947645564e-13,3.672193947087498159e-13,7.124383053699150614e-12,1.180129256039277005e-21,6.616639458172990406e-12,7.562175938763596413e-33,1.663600936223815694e-23,2.614128810186588497e-10,1.963768794826683008e-10
5.180000000000000160e-01,3.629248345919296559e-06,1.278106294508575156e-07,3.391599579833349518e-08,6.366965521423769374e-08,2.923626352379103714e-06,4.797650193029280965e-07,1.952482389964821563e-13,5.311980903492271275e-15,1.008708503795382120e-12,1.544891480425677099e-11,6.691814049170202171e-15,4.128556439678276234e-13,5.796430347030274755e-13,3.594017415512812913e-13,7.403146602327465383e-12,1.168288390762240828e-21,6.565506915059242083e-12,7.017057528697816427e-33,1.544007123329530253e-23,2.593863705456605805e-10,1.693219740095833062e-10
5.184999999999999609e-01,3.559999893506487736e-06,1.307334265438190744e-07,3.593127109727165857e-08,6.316344290130953123e-08,2.919747040327590560e-06,4.099904612170246231e-07,2.008254871612597282e-13,5.427898529400675523e-15,1.010234301604553771e-12,1.532687773094325728e-11,6.196881932547190326e-15,4.035524499887791240e-13,5.696934660807238597e-13,3.513419332828384610e-13,7.842963861974417339e-12,1.156437702546376697e-21,6.513561909160924968e-12,6.498108191540258286e-33,1.430146654104468457e-23,2.573240859582995406e-10,1.446966575917464804e-10
5.190000000000000169e-01,3.498865750050298648e-06,1.338233725021872190e-07,3.867939345080389943e-08,6.264867425169982663e-08,2.915355501284419171e-06,3.479481494088081678e-07,2.062662522979759949e-13,5.547851329484497709e-15,1.011770207678474838e-12,1.520259913340994546e-11,5.709386275236489603e-15,3.940868028819113002e-13,5.593190305924336504e-13,3.431439915596513583e-13,8.442724880776634168e-12,1.144466220621636319e-21,6.460782745971542200e-12,5.986949197484928332e-33,1.317988769083026031e-23,2.552269435632590285e-10,1.228002585327380339e-10
5.195000000000000728e-01,3.446307397627538317e-06,1.369453106942341850e-07,4.215506903438934718e-08,6.212562357094615022e-08,2.910400946240855042e-06,2.942903004155717279e-07,2.115713027643669196e-13,5.669494583899880333e-15,1.013154743568506246e-12,1.507603068123499495e-11,5.220758124549859005e-15,3.846171904501456859e-13,5.490134838603749055e-13,3.349443321031402309e-13,9.201281098762344717e-12,1.132318189366959940e-21,6.407144675081285008e-12,5.474600079996084779e-33,1.205566097056178812e-23,2.530960620570244341e-10,1.038629617238873000e-10
5.200000000000000178e-01,3.402593652069478397e-06,1.399620107639367415e-07,4.635281689726452141e-08,6.159458409620270970e-08,2.904845606992467833e-06,2.494657572273465387e-07,2.167802757264260542e-13,5.789358508197501877e-15,1.014193202222012681e-12,1.494717695288031195e-11,4.733327644109749536e-15,3.752869180648827582e-13,5.393822685147776490e-13,3.268656846570595339e-13,1.011744390967962954e-11,1.120007539616398204e-21,6.352627316049737584e-12,4.963509106766559408e-33,1.093418911446322986e-23,2.509326370490224681e-10,8.804317599543428471e-11
5.204999999999999627e-01,3.367865490047312659e-06,1.427634926028439404e-07,5.126695937637922436e-08,6.105583972619809820e-08,2.898679468905697538e-06,2.137407905404650029e-07,2.219445981605730074e-13,5.904154331107587841e-15,1.014707748107411302e-12,1.481610726386010303e-11,4.258384546283348459e-15,3.661772978319800286e-13,5.309160438639976071e-13,3.189768329441555680e-13,1.118998071453529602e-11,1.107607754030366395e-21,6.297221616610620964e-12,4.465517787883166861e-33,9.841473276161772141e-24,2.487378256555724206e-10,7.543487541726104435e-11
5.210000000000000187e-01,3.342202196990757368e-06,1.452933930311903991e-07,5.689158925928501279e-08,6.050964895489867307e-08,2.891922147073289715e-06,1.872370396423287812e-07,2.270972356549420714e-13,6.011987483494792410e-15,1.014578323100251432e-12,1.468295743821046051e-11,3.811410552553566457e-15,3.572832049214845258e-13,5.238060536562585762e-13,3.112718142724685526e-13,1.241760629061118533e-11,1.095222884855964212e-21,6.240935439812609638e-12,3.996860647174740146e-33,8.813134980206253218e-24,2.465126808960614476e-10,6.608098966905210261e-11
5.215000000000000746e-01,3.325666088089702904e-06,1.475661697714637550e-07,6.322051875073670234e-08,5.995624372801184040e-08,2.884612264873639417e-06,1.699696896851422559e-07,2.322294675267675491e-13,6.113061786862508934e-15,1.013759849080391272e-12,1.454791966072145655e-11,3.406395297309375659e-15,3.485187810739816975e-13,5.178657892629753158e-13,3.036752318922793391e-13,1.379897088193814846e-11,1.082951300595440615e-21,6.183796717750922016e-12,3.572204861381741981e-33,7.881338675094343768e-24,2.442581470093763910e-10,5.998687786283254088e-11
5.220000000000000195e-01,3.318311602712754515e-06,1.496708598575054860e-07,7.024723579741582096e-08,5.939583897582157314e-08,2.876789883685100543e-06,1.618704039306285998e-07,2.372823672608509658e-13,6.209660643323665739e-15,1.012271110338619997e-12,1.441122020014509606e-11,3.051269022848944100e-15,3.397505844043289401e-13,5.125855343085465461e-13,2.960712438038757219e-13,1.533265071229516951e-11,1.070855069239723700e-21,6.125853199344585808e-12,3.199861887778767068e-33,7.064292529166039103e-24,2.419750984048308530e-10,5.712842199428331700e-11
5.224999999999999645e-01,3.320157922228029348e-06,1.517601009308640321e-07,7.796490187967501148e-08,5.882864468997379786e-08,2.868480098341995646e-06,1.627873147083135554e-07,2.421556238322275167e-13,6.305452440800954430e-15,1.010161804043979021e-12,1.427308730687595962e-11,2.745890387791920802e-15,3.308462002065662208e-13,5.072996656785339722e-13,2.883457663197432181e-13,1.701714830105445643e-11,1.058944663940561999e-21,6.067168304478472274e-12,2.879678952436697018e-33,6.361633005745039032e-24,2.396643890997908589e-10,5.745202379144295022e-11
5.230000000000000204e-01,3.331137150245275801e-06,1.540263406506509208e-07,8.636641213944463154e-08,5.825487298248921218e-08,2.859684908152384838e-06,1.724650627974571571e-07,2.467305079663222625e-13,6.404393051535087197e-15,1.007472227495615843e-12,1.413371447984459825e-11,2.482989091034840267e-15,3.217213801053792914e-13,5.014074351325520527e-13,2.804271877925411677e-13,1.885090691175993137e-11,1.047182432057634053e-21,6.007813444574155621e-12,2.604029007623689512e-33,5.756607542699733065e-24,2.373268817917561363e-10,6.086756009939943058e-11
5.235000000000000764e-01,3.351037695317754906e-06,1.566697660866478549e-07,9.544450636832886255e-08,5.767473682669653373e-08,2.850386480287466397e-06,1.905168872382653371e-07,2.508991361455566513e-13,6.509614900364802799e-15,1.004201981101145491e-12,1.399322667529584373e-11,2.251387720894890223e-15,3.123697364681137547e-13,4.945699073516691982e-13,2.723117764692626929e-13,2.083233629809637504e-11,1.035501457512748006e-21,5.947858153954768891e-12,2.361190232931891175e-33,5.223496049203122164e-24,2.349634430529629651e-10,6.723853262792656557e-11
5.240000000000000213e-01,3.379462325746164053e-06,1.598639181106035257e-07,1.051918834016384917e-07,5.708844276245514245e-08,2.840559756895767922e-06,2.164043585912879041e-07,2.545902479908278922e-13,6.622670317329369715e-15,1.000299450392364697e-12,1.385165789489203852e-11,2.040099911057360142e-15,3.028653908212029759e-13,4.868147946197859306e-13,2.640655411077202248e-13,2.295983902670768598e-11,1.023831509043112764e-21,5.887360159808944138e-12,2.139643661486819921e-33,4.737040620422792022e-24,2.325749138727476050e-10,7.637491526033789888e-11
5.244999999999999662e-01,3.415813169840845153e-06,1.637250622938993944e-07,1.156012529509869102e-07,5.649618385873679909e-08,2.830188269121978813e-06,2.494371496357890414e-07,2.577830812984197520e-13,6.743356582569124144e-15,9.956748148781292045e-13,1.370894722466663094e-11,1.841748952960576628e-15,2.933384292500970424e-13,4.785136047020837622e-13,2.558025283941562873e-13,2.523182266251615076e-11,1.012122259196196002e-21,5.826357777213712381e-12,1.931657422398303083e-33,4.280303973577919508e-24,2.301620811223477828e-10,8.803307310240754673e-11
5.250000000000000222e-01,3.459305218774945086e-06,1.682903976008691231e-07,1.266652733196898623e-07,5.589813967850067775e-08,2.819275736733631668e-06,2.887967840321656254e-07,2.605050734591854214e-13,6.870147548594793657e-15,9.902296970887519107e-13,1.356495673225991757e-11,1.654172324535102370e-15,2.839322418412258728e-13,4.702401545010801896e-13,2.476475361180464578e-13,2.764668636597795755e-11,1.000356075083723043e-21,5.764866587659673223e-12,1.734968143310078946e-33,3.848349167901138699e-24,2.277256773827841912e-10,1.019241439956552433e-10
5.255000000000000782e-01,3.509000328737541776e-06,1.735085464547125015e-07,1.383763708922681197e-07,5.529448661635556261e-08,2.807848040473188415e-06,3.335783317524240065e-07,2.628145887134843495e-13,7.001061727739662547e-15,9.838901944468082560e-13,1.341950937767747306e-11,1.479865376071328693e-15,2.747576853107469660e-13,4.625604648729914110e-13,2.396962704386020246e-13,3.020278097355084099e-11,9.885473020268460653e-22,5.702881316328359876e-12,1.552196295003921516e-33,3.446947205152598878e-24,2.252664228643699845e-10,1.177287539297317904e-10
5.260000000000000231e-01,3.563849141948081795e-06,1.792439364440206461e-07,1.507264997733865884e-07,5.468541638514757840e-08,2.795944528394188747e-06,3.828368477310677341e-07,2.647748066650416482e-13,7.134668462930443836e-15,9.766293630207781363e-13,1.327243961808640680e-11,1.323749232191814728e-15,2.658596216638104235e-13,4.558272131905274813e-13,2.319864536541963460e-13,3.289835544688438846e-11,9.767301708964843426e-22,5.640382464156036641e-12,1.388504531951212449e-33,3.087432810750069095e-24,2.227851003930338364e-10,1.351134064712265461e-10
5.264999999999999680e-01,3.622730141043671348e-06,1.852949387411761488e-07,1.637069478359493799e-07,5.407115531478255113e-08,2.783602432787788762e-06,4.356240326998043743e-07,2.664276715529994243e-13,7.270904363392865391e-15,9.684702983301741564e-13,1.312364530491100344e-11,1.190314221335179463e-15,2.572067134674203331e-13,4.500495269439184787e-13,2.244892791776710098e-13,3.573151317039553880e-11,9.649413135183876011e-22,5.577345997816717734e-12,1.248601743538315681e-33,2.780129899791232326e-24,2.202826336410173623e-10,1.537434213475224159e-10
5.270000000000000240e-01,3.684481667177333263e-06,1.914240333498419396e-07,1.773083008807566293e-07,5.345197507072543437e-08,2.770841339341806528e-06,4.910056357913241683e-07,2.677765259365951499e-13,7.411441405769447168e-15,9.594695015072071515e-13,1.297312813234849344e-11,1.081306762146821060e-15,2.487071596296083872e-13,4.448821536028600786e-13,2.171234573108937331e-13,3.870020283515296614e-11,9.532041024746854808e-22,5.513753647939199960e-12,1.134317617241513559e-33,2.529034114500089416e-24,2.177601304222096997e-10,1.732890762941451543e-10
5.275000000000000799e-01,3.747930457350210419e-06,1.973967453009922368e-07,1.915206280213207312e-07,5.282818766667005117e-08,2.757654794258430599e-06,5.480592687408086004e-07,2.687829106239144928e-13,7.559488776022876020e-15,9.496885963047600057e-13,1.282101191707841037e-11,9.947936175900469720e-16,2.402442319699722327e-13,4.397365233234199743e-13,2.097864237773442193e-13,4.180225801793941986e-11,9.415204593827734547e-22,5.449601336697348128e-12,1.043622051858303473e-33,2.329668992693655972e-24,2.152188621079839667e-10,1.934248356395485672e-10
5.280000000000000249e-01,3.811924931550104062e-06,2.030245755313777021e-07,2.063338618232422785e-07,5.220012357687615664e-08,2.744013182558666583e-06,6.058615298872901877e-07,2.693781354493516537e-13,7.719079876227136263e-15,9.391672006217606523e-13,1.266753301346629111e-11,9.258200427461572580e-16,2.317190284979885726e-13,4.339744432094096595e-13,2.023917036663242116e-13,4.503547989755770907e-11,9.298722701177932574e-22,5.384903925156887698e-12,9.713162166969576781e-34,2.170610454805300116e-24,2.126601743624547788e-10,2.138248060402405145e-10
5.284999999999999698e-01,3.875380380355575716e-06,2.082057467755122481e-07,2.217382512130794831e-07,5.156809898200374351e-08,2.729877205195997610e-06,6.634785517390068061e-07,2.694852943069177805e-13,7.894048138481562757e-15,9.279089591186185765e-13,1.251300393305091693e-11,8.682368907717613111e-16,2.230858828379284406e-13,4.271174699617785054e-13,1.948997427618005437e-13,4.839773653029144867e-11,9.182306144238375868e-22,5.319695581820426775e-12,9.109493649944965452e-34,2.037698369852937279e-24,2.100853538085862590e-10,2.341594004885005694e-10
5.290000000000000258e-01,3.937336394976896723e-06,2.129566485573948875e-07,2.377247073361313556e-07,5.093238362432203385e-08,2.715216658005140574e-06,7.199728908266973892e-07,2.690440639459301438e-13,8.086991704894902999e-15,9.158868430529141815e-13,1.235775794279053579e-11,8.168527502034359355e-16,2.143688578370867839e-13,4.190006456980086764e-13,1.873321557650456034e-13,5.188703930078473733e-11,9.065681879730860163e-22,5.254026242250844224e-12,8.570762083164105149e-34,1.918991137911722187e-24,2.074954973633700121e-10,2.540977699508152968e-10
5.295000000000000817e-01,3.997017195195439964e-06,2.174269091623654886e-07,2.542848752020276548e-07,5.029318190390224358e-08,2.700026740369514309e-06,7.744324121200298574e-07,2.680299556523836108e-13,8.298542779687477407e-15,9.030653693639227680e-13,1.220208726192059047e-11,7.690124757559175753e-16,2.056545054215404113e-13,4.098193160022186167e-13,1.797652424395603002e-13,5.550155978877237818e-11,8.948695388310450795e-22,5.187955488810614224e-12,8.069124117333655975e-34,1.808395251045570655e-24,2.048914356459191654e-10,2.733179974694508405e-10
5.300000000000000266e-01,4.053877478603860897e-06,2.218925214734020787e-07,2.714108525297928902e-07,4.965063589325655277e-08,2.684334873779697267e-06,8.260164559173188801e-07,2.664618211710263838e-13,8.527185398738464353e-15,8.894299743287224992e-13,1.204618918281541035e-11,7.250045099712854864e-16,1.970641736685475206e-13,4.000548729732195699e-13,1.723056774566702294e-13,5.923956956739518088e-11,8.831351545870666825e-22,5.121545511951510548e-12,7.607615754561425781e-34,1.706596287818807989e-24,2.022737457214262434e-10,2.915233916986427340e-10
5.304999999999999716e-01,4.107614331070797410e-06,2.267245924359492655e-07,2.890946137088513354e-07,4.900485116514675147e-08,2.668194726528505211e-06,8.740055071142107293e-07,2.643955422954280017e-13,8.769718176156359228e-15,8.750105358631757024e-13,1.189013261565656064e-11,6.872119396343243401e-16,1.887158145238998558e-13,3.903064853577132567e-13,1.650570782827336948e-13,6.309931528060405845e-11,8.713782802020505568e-22,5.054854615983975133e-12,7.211246319201720332e-34,1.619098236593343726e-24,1.996428567241039973e-10,3.084600165089657785e-10
5.310000000000000275e-01,4.158131759582715211e-06,2.323357834837175706e-07,3.073273283914808753e-07,4.835593763175770668e-08,2.651669321676611982e-06,9.178368079280990062e-07,2.619065059181978275e-13,9.022268870632148145e-15,8.598883574594764352e-13,1.173385275035275588e-11,6.584314637907424618e-16,1.806883203002309286e-13,3.810870882611039871e-13,1.580888152319834474e-13,6.707887018546699545e-11,8.596163913407902230e-22,4.987932191477474734e-12,6.909366124502648666e-34,1.552349808161771165e-24,1.969992164820919290e-10,3.239292596488645173e-10
5.315000000000000835e-01,4.205457467350147951e-06,2.391115538469796342e-07,3.260988337771215381e-07,4.770405140280252237e-08,2.634809633501342138e-06,9.571117766580307361e-07,2.590670968685581149e-13,9.281584257297136593e-15,8.441828639052901756e-13,1.157717503810285807e-11,6.400923212493465176e-16,1.730000270649580850e-13,3.726527377522212199e-13,1.514172024873632770e-13,7.117601867709478635e-11,8.478612865778016646e-22,4.920815475880002882e-12,6.716985499652801550e-34,1.509643883291575728e-24,1.943434620774300696e-10,3.377904509971698138e-10
5.320000000000000284e-01,4.249627497689687309e-06,2.473377338030747681e-07,3.453974902603507797e-07,4.704942253227304450e-08,2.617637086919937282e-06,9.915707044325058131e-07,2.559268485458479872e-13,9.546197798060684064e-15,8.280229313792290131e-13,1.141986314781097432e-11,6.311073360489223138e-16,1.656078359253715864e-13,3.649217034723791004e-13,1.450046852741877008e-13,7.538822404267240596e-11,8.361120709665089201e-22,4.853528013859140427e-12,6.622723379348676540e-34,1.488475063687502027e-24,1.916765326844530201e-10,3.499519323473764317e-10
5.324999999999999734e-01,4.290567653580566892e-06,2.571385036033603165e-07,3.652105231753483838e-07,4.639235807161352325e-08,2.600137015267554004e-06,1.021042410857226297e-06,2.525016856178914248e-13,9.817067094590440499e-15,8.115145454215141562e-13,1.126168045591059725e-11,6.278004948098440681e-16,1.584263227259171314e-13,3.575082684223409746e-13,1.387764743987454400e-13,7.971270207993330375e-11,8.243538860122783526e-22,4.786079623484983897e-12,6.588045692126686414e-34,1.480376842478405016e-24,1.889996816100523548e-10,3.603532895311710644e-10
5.329999999999999183e-01,4.328006019713082971e-06,2.684386095898423218e-07,3.855247715455276746e-07,4.573321851165612143e-08,2.582265918965219524e-06,1.045386586132804624e-06,2.487753787138532212e-13,1.009739551236594805e-14,7.947184622420215231e-13,1.110245200580996088e-11,6.249099359230876034e-16,1.513596727685958706e-13,3.498572190844855012e-13,1.326483952351577068e-13,8.414658355830497284e-11,8.125627725846336708e-22,4.718467813691408812e-12,6.557781492905291366e-34,1.473233959926040491e-24,1.863143798040795279e-10,3.689450034176066241e-10
5.334999999999999742e-01,4.361445858424712046e-06,2.809603060623746534e-07,4.063275974948918947e-07,4.507237528424212038e-08,2.563969970726399838e-06,1.064450387983614105e-06,2.447121061323284874e-13,1.039158998121466565e-14,7.776478080966586741e-13,1.094211408499985715e-11,6.172446908104535971e-16,1.443354228262255458e-13,3.414317835386460941e-13,1.265563646677702426e-13,8.868711196274609194e-11,8.007145726278418077e-22,4.650680790816666879e-12,6.477494974229587032e-34,1.455097874990008735e-24,1.836221422011801903e-10,3.756731318282065084e-10
5.340000000000000302e-01,4.390213581779620079e-06,2.942595255100409554e-07,4.276076265119010461e-07,4.441016391988021690e-08,2.545207780768145016e-06,1.078056788722099666e-06,2.402753427852010501e-13,1.070359833960671825e-14,7.602875191042693456e-13,1.078074133660877502e-11,6.013394610446160438e-16,1.373289492080683495e-13,3.318913129402754263e-13,1.204778662790350217e-13,9.333180466993591434e-11,7.887942568868383767e-22,4.582702215250017600e-12,6.310837454945079011e-34,1.417995447919131081e-24,1.809243364752531598e-10,3.804751969261926908e-10
5.344999999999999751e-01,4.413576679729769047e-06,3.077982896220708206e-07,4.493550291574193944e-07,4.374684911735305591e-08,2.525968729826970126e-06,1.086031503001883262e-06,2.354463903394004525e-13,1.103512168787011562e-14,7.426284384435754300e-13,1.061854590823422947e-11,5.764832926053200804e-16,1.303712170054153528e-13,3.212003115855821889e-13,1.144388939100004621e-13,9.807851443958367566e-11,7.768020446533011781e-22,4.514517585876420409e-12,6.050334922631853007e-34,1.360294656251518641e-24,1.782220405288751090e-10,3.832896887537769180e-10
5.349999999999999201e-01,4.430907467173411665e-06,3.210429257846347208e-07,4.715612114425588009e-07,4.308261375422573274e-08,2.506279869737555389e-06,1.088261917715230013e-06,2.302362963010457266e-13,1.138431327662877373e-14,7.247024912091463816e-13,1.045584858057088907e-11,5.447666987497738710e-16,1.235381281390233988e-13,3.096350190405218291e-13,1.085048845924619632e-13,1.029253622157664034e-10,7.647540752131348148e-22,4.446121566755969192e-12,5.717884354717945917e-34,1.286810370519105403e-24,1.755159977773619683e-10,3.840768631660028303e-10
5.354999999999999760e-01,4.441856020288846606e-06,3.335718202100146985e-07,4.942179988021240328e-07,4.241757533648067175e-08,2.486198801772705177e-06,1.084770170916502963e-06,2.246874383039197019e-13,1.174549069768497068e-14,7.066043645341481295e-13,1.029302713544490751e-11,5.101793439823662361e-16,1.169258428339326979e-13,2.976887519455860553e-13,1.027594026909708298e-13,1.078705596928874437e-10,7.526775712821434009e-22,4.377524923036100890e-12,5.355295810118308809e-34,1.206725455896928884e-24,1.728066844772529123e-10,3.828445333184872243e-10
5.360000000000000320e-01,4.446493135040475354e-06,3.451734435148893145e-07,5.173165945965571080e-07,4.175182372163435368e-08,2.465795324966421549e-06,1.075777417881087129e-06,2.188647255784947387e-13,1.211010084622001751e-14,6.884900913191753615e-13,1.013045157026788674e-11,4.771404872877036363e-16,1.106207218278755951e-13,2.859105654264441028e-13,9.727805332947237047e-14,1.129121828433781858e-10,7.406025091354446948e-22,4.308759297686993293e-12,5.008887741503781449e-34,1.130207853221319265e-24,1.700944639209593213e-10,3.796707508521565290e-10
5.364999999999999769e-01,4.445391660835760273e-06,3.559158482199608510e-07,5.408466902937043725e-07,4.108546667843038724e-08,2.445128891240726319e-06,1.061739044299493807e-06,2.128398930411051236e-13,1.246876096614884113e-14,6.705520014914599070e-13,9.968418481825885909e-12,4.490257108770809013e-16,1.046737663241275356e-13,2.747324412796513324e-13,9.210618665870937319e-14,1.180479785785571892e-10,7.285529853771967634e-22,4.239878108927319718e-12,4.714043707683894767e-34,1.065020875155392270e-24,1.673797726497406701e-10,3.747162335507608041e-10
5.369999999999999218e-01,4.439629140408755291e-06,3.661726965762345437e-07,5.647960593532849216e-07,4.041866753627140437e-08,2.424230378534955825e-06,1.043339875561063130e-06,2.066745406017866006e-13,1.281378819369753053e-14,6.529790834364427158e-13,9.807097577264938756e-12,4.272092071500115437e-16,9.908741386791297447e-14,2.643417830025031259e-13,8.724722548872689205e-14,1.232752768477693447e-10,7.165413568795914620e-22,4.170952507400673408e-12,4.485174117343130486e-34,1.014321298035944771e-24,1.646632744018230349e-10,3.682226745665038207e-10
5.374999999999999778e-01,4.430711551126972637e-06,3.765974704019832598e-07,5.891507934789618965e-07,3.975166250301276135e-08,2.403094876573535709e-06,1.021450684239312349e-06,2.004077168657517290e-13,1.314137739604245626e-14,6.359180137048659531e-13,9.646501611955406443e-12,4.109058183577160071e-16,9.381814249019663107e-14,2.546387618965701336e-13,8.266465019586038642e-14,1.285910426438799084e-10,7.045669678087216170e-22,4.102062508592169603e-12,4.314061548024269811e-34,9.762982772116971151e-25,1.619459310638622762e-10,3.604973927692397539e-10
5.380000000000000338e-01,4.420432403607688514e-06,3.880457807866787549e-07,6.138961025493871640e-07,3.908475277861500835e-08,2.381687846477213872e-06,9.970580519128022299e-07,1.940520020705583161e-13,1.345260880539244421e-14,6.194503579503884490e-13,9.486487181999166020e-12,3.977774967896254141e-16,8.879311564477304421e-14,2.452885453089414434e-13,7.829616467445278786e-14,1.339920506080811494e-10,6.926194435846071726e-22,4.033284802881847878e-12,4.176218138126611439e-34,9.455706901673242127e-25,1.592289706800075675e-10,3.518885791463533756e-10
5.384999999999999787e-01,4.410690523715322291e-06,4.014543963269747783e-07,6.390173892004950466e-07,3.841827548352430303e-08,2.359961901507401142e-06,9.711853242523457609e-07,1.875989312302902836e-13,1.375279190908738459e-14,6.035954604075274696e-13,9.326788162229496020e-12,3.849958780795773367e-16,8.393478947847110334e-14,2.358469799254557628e-13,7.407483348743744458e-14,1.394751190885216632e-10,6.806848839606985596e-22,3.964679914511228242e-12,4.042022105980517858e-34,9.156326948599046208e-25,1.565137688506953555e-10,3.427573997822549005e-10
5.389999999999999236e-01,4.403293001314139286e-06,4.176935109156013270e-07,6.645012075211611468e-07,3.775256441520215765e-08,2.337877555251241082e-06,9.448216490533028426e-07,1.810313428206870229e-13,1.404919859163469162e-14,5.883385637293045653e-13,9.167077031057879078e-12,3.703280420725378725e-16,7.918530708764037090e-14,2.259153983819738655e-13,6.995015168316526868e-14,1.450373184604587866e-10,6.687524499070940701e-22,3.896281922792475407e-12,3.888094840480347557e-34,8.813511676210180766e-25,1.538016884147361776e-10,3.334529515113644765e-10
5.394999999999999796e-01,4.399768640759277323e-06,4.374147582672860096e-07,6.903357624517600513e-07,3.708791437250870543e-08,2.315420058256301174e-06,9.188701298874044036e-07,1.743379704776531998e-13,1.434783072010583609e-14,5.736736288339174052e-13,9.007043070331983642e-12,3.528701362518795380e-16,7.452312252148898470e-14,2.152730100002036159e-13,6.590252006961138605e-14,1.506760789283192505e-10,6.568190606742433179e-22,3.828093631101065459e-12,3.704984911923612803e-34,8.406518744023198354e-25,1.510939334777477859e-10,3.242939639558599489e-10
5.400000000000000355e-01,4.401214328089878439e-06,4.609206036439321194e-07,7.165107836561721612e-07,3.642456055206120998e-08,2.292606269606690371e-06,8.941180871273663434e-07,1.675250562643270446e-13,1.465029029377133811e-14,5.596441767662151010e-13,8.846471851620409081e-12,3.332503883082188821e-16,6.996723149004951099e-14,2.039453923928686857e-13,6.194710947778675944e-14,1.563891618083553157e-10,6.448909975369708451e-22,3.760088886824836594e-12,3.499289873368433674e-34,7.949845720664653791e-25,1.483914647877053397e-10,3.155583038134277556e-10
5.404999999999999805e-01,4.408194014989875827e-06,4.880802748079521722e-07,7.430168449804580324e-07,3.576267847547308148e-08,2.269479562607581620e-06,8.712258899073506034e-07,1.606210657391452552e-13,1.495189733788463274e-14,5.463657977770774352e-13,8.685308772780281804e-12,3.133624121616436416e-16,6.556853898585236310e-14,1.921906723656341439e-13,5.812666505064519989e-14,1.621745101371307255e-10,6.329826123437316337e-22,3.692222002723660730e-12,3.290856455607503449e-34,7.487080123955383526e-25,1.456949988476809329e-10,3.074790333001533533e-10
5.409999999999999254e-01,4.420707851826102423e-06,5.183129085449001075e-07,7.698444049283791901e-07,3.510240248142829625e-08,2.246095385962963028e-06,8.507283222279178218e-07,1.536731951666035883e-13,1.524186542381823049e-14,5.340207947105966405e-13,8.523691455519217267e-12,2.958652092145132877e-16,6.139187803449768921e-14,1.804127394648045735e-13,5.449623141654436776e-14,1.680300389963175634e-10,6.211134349962301471e-22,3.624442377938630627e-12,3.107539025314671538e-34,7.079392307437908643e-25,1.430050828911549650e-10,3.002448922220109290e-10
5.414999999999999813e-01,4.438245914276462689e-06,5.506501034335660172e-07,7.969829358268881607e-07,3.444385476420621468e-08,2.222503483096792504e-06,8.330443761026233808e-07,1.467373133521009960e-13,1.550567822991386770e-14,5.228261967026918064e-13,8.361941538903344918e-12,2.837277560079183957e-16,5.749479120440549014e-14,1.690338641492182770e-13,5.110502336631456894e-14,1.739534459329866249e-10,6.093053197709487627e-22,3.556710984464943735e-12,2.980429933507202967e-34,6.795063939804962612e-25,1.403222131418629398e-10,2.940037541903890612e-10
5.420000000000000373e-01,4.459934504109801808e-06,5.838782073256120302e-07,8.244204563893108277e-07,3.378717426455932526e-08,2.198733665595169662e-06,8.184959236039930536e-07,1.398652268736224090e-13,1.572902662614432847e-14,5.129869245586895105e-13,8.200514868318513779e-12,2.799982686532564949e-16,5.390971552740665440e-14,1.583701101724330068e-13,4.798113587008659806e-14,1.799421100880895566e-10,5.975807866635462754e-22,3.489014778569877085e-12,2.941448662266160827e-34,6.704189895324473805e-25,1.376469528115429529e-10,2.888692164708792003e-10
5.424999999999999822e-01,4.484771187434773133e-06,6.167467741796047713e-07,8.521436098151186201e-07,3.313253603261906074e-08,2.174790225141127895e-06,8.073397776917182995e-07,1.330939371774391353e-13,1.590204311339021511e-14,5.046520394921773043e-13,8.039918538754458880e-12,2.878003218744696427e-16,5.063468692014931852e-14,1.485490813521210435e-13,4.512349215303077078e-14,1.859931107740620666e-10,5.859627071555310534e-22,3.421375495414539153e-12,3.023310397722725244e-34,6.878596514457788992e-25,1.349800115663333119e-10,2.849319151281928508e-10
5.429999999999999272e-01,4.511927532523747024e-06,6.482157477345038207e-07,8.801382104718267433e-07,3.248015608111329821e-08,2.150656404823255721e-06,7.998182056886083763e-07,1.264406530894980663e-13,1.602235383244633164e-14,4.978912358434399804e-13,7.880611511369859587e-12,3.103950245575327336e-16,4.763474151696593955e-14,1.394930788488244648e-13,4.250291644115175650e-14,1.921033482861780300e-10,5.744744965914839907e-22,3.353850587946546091e-12,3.260185682548597049e-34,7.393272017732961559e-25,1.323222660468953160e-10,2.822773526316731173e-10
5.434999999999999831e-01,4.541078631194610597e-06,6.777026051555196036e-07,9.083900064238085067e-07,3.183028230534488722e-08,2.126306372563372738e-06,7.962285554590082422e-07,1.199051148946512165e-13,1.609577317547851381e-14,4.927011915117581059e-13,7.722910469792601713e-12,3.510871243774036361e-16,4.485284537813170754e-14,1.309679489811108135e-13,4.007135248903923148e-14,1.982697113526347452e-10,5.631395343750216386e-22,3.286525937112695104e-12,3.686720319723210384e-34,8.324199132158197015e-25,1.296747236300422720e-10,2.810104708535010544e-10
5.440000000000000391e-01,4.572701069623592251e-06,7.052845296988151426e-07,9.368853418240192284e-07,3.118317662378452179e-08,2.101719426753524412e-06,7.970041746727550219e-07,1.134781042057675894e-13,1.613422357511347670e-14,4.890398788136096186e-13,7.566922749218996305e-12,4.128309243705773264e-16,4.222646308443572038e-14,1.226767222343323413e-13,3.777591621525803502e-14,2.044892219476513706e-10,5.519789020951605057e-22,3.219501909858470665e-12,4.333903697636815318e-34,9.739280232970137885e-25,1.270384502611656364e-10,2.812842096870925902e-10
5.444999999999999840e-01,4.608272224483011676e-06,7.318118002784516567e-07,9.656114731208734266e-07,3.053909559358364972e-08,2.076890710710433577e-06,8.027892795348997536e-07,1.071528256067013913e-13,1.615143084486153567e-14,4.868758898381789675e-13,7.412523181910105500e-12,4.975785372164411457e-16,3.970452567640838877e-14,1.143644264031305688e-13,3.557331139698593006e-14,2.107591036846728091e-10,5.410075762573354213e-22,3.152875894370725988e-12,5.222231829861299360e-34,1.168334204317555918e-24,1.244144917743054970e-10,2.833259302448151224e-10
5.449999999999999289e-01,4.650308753372235469e-06,7.588980582366675658e-07,9.945564600024972680e-07,2.989827594331040367e-08,2.051834556877306309e-06,8.144839418093663190e-07,1.009349147809790275e-13,1.615778420979249533e-14,4.862335844405436514e-13,7.259382429038548487e-12,6.056200693880679298e-16,3.725984838328832180e-14,1.058997300652994129e-13,3.344038295739200803e-14,2.170767567100778711e-10,5.302304477983100486e-22,3.086725235642639638e-12,6.354783374810297005e-34,1.416296887073792992e-24,1.218038148705719743e-10,2.874532919758935146e-10
5.454999999999999849e-01,4.702203105585298277e-06,7.887705265885713160e-07,1.023708740729372006e-06,2.926092852789777637e-08,2.026579842430030728e-06,8.332354584837631777e-07,9.484744872633543623e-14,1.615614318518588096e-14,4.872159830821946771e-13,7.107042815878529935e-12,7.352846045529990163e-16,3.489374401059809832e-14,9.730960944005579935e-14,3.137803192713943302e-14,2.234396634157879947e-10,5.196403265681805095e-22,3.021094376078627065e-12,7.714077849811631192e-34,1.713965111360401361e-24,1.192072820398243934e-10,2.940712067686598948e-10
5.460000000000000409e-01,4.767851829783282897e-06,8.239865626834592694e-07,1.053056629160693832e-06,2.862724056056015688e-08,2.001160012200941412e-06,8.603606120736480383e-07,8.892924278061684517e-14,1.614014637163767370e-14,4.899955436883047508e-13,6.955026501710697658e-12,8.833231029582946175e-16,3.263206378418217418e-14,8.876061122594151640e-14,2.940784204868096762e-14,2.298452772323229232e-10,5.092199206802603126e-22,2.955989038027135445e-12,9.266084317592439453e-34,2.053862874608472013e-24,1.166256599217389083e-10,3.036444025122964174e-10
5.464999999999999858e-01,4.851112347513905924e-06,8.670486125427303980e-07,1.082587984081514693e-06,2.799738314195496846e-08,1.975602384130853833e-06,8.971985594633372140e-07,8.322720146979498737e-14,1.609577273894141132e-14,4.947752540362001548e-13,6.802952686876285364e-12,1.046069099193060789e-15,3.051439644695149717e-14,8.049816307564531774e-14,2.756290311040946387e-14,2.362909495970774396e-10,4.989485387533722137e-22,2.891378721419653142e-12,1.097238662070323959e-33,2.427562110067324001e-24,1.140596491201309129e-10,3.166455036288573740e-10
5.469999999999999307e-01,4.955166871113247675e-06,9.199732516043418472e-07,1.112290198497292348e-06,2.737152003116100975e-08,1.949921277131664661e-06,9.449126530987798151e-07,7.778564357405549220e-14,1.600578220108728218e-14,5.017341599114627777e-13,6.650637527062826695e-12,1.221141536101659123e-15,2.857996535189759356e-14,7.276778706712628504e-14,2.587585748467916990e-14,2.427739275298488135e-10,4.888123135841783909e-22,2.827206992730286746e-12,1.280803434187843750e-33,2.829600549371862008e-24,1.115099191354048228e-10,3.334850884846644158e-10
5.474999999999999867e-01,5.081903817801102771e-06,9.838869003045053093e-07,1.142150487754593184e-06,2.674981437725525793e-08,1.924117544869528486e-06,1.004276386391330872e-06,7.263658078372701487e-14,1.585561045095464280e-14,5.109779809863026115e-13,6.498153384058989307e-12,1.409147342817100308e-15,2.685443987456251688e-14,6.574538313535852431e-14,2.436776561853087234e-14,2.492914171544398515e-10,4.788148396265786083e-22,2.763407395742863631e-12,1.477939223801690205e-33,3.261395653743949952e-24,1.089771352271029301e-10,3.544361438186932961e-10
5.480000000000000426e-01,5.231440623723854963e-06,1.058727009206573079e-06,1.172156300339314259e-06,2.613243206054439048e-08,1.898184183157201904e-06,1.075489066107090856e-06,6.779453322296676881e-14,1.563870034604290234e-14,5.225141736337976718e-13,6.345832490047379088e-12,1.614700737082536834e-15,2.534133206831744879e-14,5.949774046276277257e-14,2.304090860686669278e-14,2.558406744578119829e-10,4.689841112679232669e-22,2.699921649128840090e-12,1.693482647819612158e-33,3.733583460479848623e-24,1.064619718352559572e-10,3.795690106066594809e-10
5.484999999999999876e-01,5.401902954424156221e-06,1.143120468640563411e-06,1.202295607508289396e-06,2.551954229727355073e-08,1.872115077204894299e-06,1.158067613856884910e-06,6.325777797192789495e-14,1.535935833315385710e-14,5.362619677888031071e-13,6.194212241941268213e-12,1.846193707036325558e-15,2.402013132823355568e-14,5.398205336890879890e-14,2.187733809092749707e-14,2.624190696938206502e-10,4.593721536110430439e-22,2.636716325634541230e-12,1.936229815388884442e-33,4.265482840398751480e-24,1.039651152785061368e-10,4.087131978882615745e-10
5.489999999999999325e-01,5.589543869450756433e-06,1.234490170223315492e-06,1.232556881468172086e-06,2.491131728903206228e-08,1.845912750620377585e-06,1.250851440642970206e-06,5.901556993052080423e-14,1.503202521563912791e-14,5.520947247003871693e-13,6.043932480022657129e-12,2.114125108496349461e-15,2.285132604706929144e-14,4.907930277733146034e-14,2.084326623955396370e-14,2.690240835551600226e-10,4.500458224337404889e-22,2.573794507247377121e-12,2.217184570558077764e-33,4.881244766963890202e-24,1.014872629473026044e-10,4.414591030592468621e-10
5.494999999999999885e-01,5.789236505520119051e-06,1.329407768654709611e-06,1.262928724963515883e-06,2.430793255325000506e-08,1.819591619346263363e-06,1.352139436091329688e-06,5.505869946630296548e-14,1.467708698259298360e-14,5.698993725615968306e-13,5.895606271146998794e-12,2.428315826727737069e-15,2.178654675493588649e-14,4.464581059812205143e-14,1.989775629463935803e-14,2.756532268040359056e-10,4.410703444282866504e-22,2.511199912988454184e-12,2.546639041751129225e-33,5.603442708602258519e-24,9.902912553336137869e-11,4.772063589391095008e-10
5.500000000000000444e-01,5.995312336864852693e-06,1.424169712409409234e-06,1.293399298786762711e-06,2.370956840229850988e-08,1.793175392460708559e-06,1.459955274807505269e-06,5.138953528430344854e-14,1.431459296353821551e-14,5.896305171317064339e-13,5.749692329687989212e-12,2.794820690217287198e-15,2.078074703836293892e-14,4.056333467037442526e-14,1.900306146772928018e-14,2.823039153264584756e-10,4.324902072797876721e-22,2.449012505599060875e-12,2.930936550139863814e-33,6.445971086098213483e-24,9.659143401258908147e-11,5.152574673832514971e-10
5.504999999999999893e-01,6.202652858834077382e-06,1.515530307165205168e-06,1.323955821390534373e-06,2.311641161002727415e-08,1.766689927272927515e-06,1.572413551090128011e-06,4.802787256985539974e-14,1.395804418258814213e-14,6.113379918667203281e-13,5.606397675560137279e-12,3.213599273649654851e-15,1.980293239332819043e-14,3.677137067037723177e-14,1.813363450447692404e-14,2.889733606020196839e-10,4.243137945166524969e-22,2.387336316003731184e-12,3.370030477877274578e-33,7.408695417473406265e-24,9.417494725591151161e-11,5.549470179595957470e-10
5.509999999999999343e-01,6.407884990991917151e-06,1.601486875283426087e-06,1.354584420993517492e-06,2.252865545091022255e-08,1.740154873846080852e-06,1.688138378237978003e-06,4.501039845285119393e-14,1.361045808144923790e-14,6.351559190366150111e-13,5.465633197731663396e-12,3.677896691356611861e-15,1.884251165717698303e-14,3.327388275152642349e-14,1.728133675706623801e-14,2.956585370095756677e-10,4.165078178432408167e-22,2.326281846511682742e-12,3.856836150081607923e-33,8.476040185720956740e-24,9.178045268814144655e-11,5.957894228600023710e-10
5.514999999999999902e-01,6.610488656915585015e-06,1.681985167740575550e-06,1.385270491834351485e-06,2.194649654725421903e-08,1.713577972017066573e-06,1.806670762525726274e-06,4.238386445329416480e-14,1.326416379586256799e-14,6.612555276462899151e-13,5.327033636667820610e-12,4.175804010521996164e-15,1.790968312597212492e-14,3.012285076245415243e-14,1.645553817186524297e-14,3.023562592556595252e-10,4.090049579149852817e-22,2.265946601761330571e-12,4.378867854525297291e-33,9.620591090746423290e-24,8.940875350023463402e-11,6.376226901846124499e-10
5.520000000000000462e-01,6.813606963756420994e-06,1.759404479279981963e-06,1.415999489858594550e-06,2.137012826607143850e-08,1.686954688867606597e-06,1.928793126425063486e-06,4.019430868358199411e-14,1.290448140751748308e-14,6.897778193192153399e-13,5.190039474262192523e-12,4.693747892695487012e-15,1.702998659351699621e-14,2.738894641453723696e-14,1.567827719118433753e-14,3.090633558722956844e-10,4.017238625930879629e-22,2.206397794078761185e-12,4.921898146674763211e-33,1.081113131057886597e-23,8.706064133587913965e-11,6.807229570571619256e-10
5.524999999999999911e-01,7.024361682002898284e-06,1.838695946624912088e-06,1.446757889807808425e-06,2.079973218165194781e-08,1.660273533114471032e-06,2.056700166732697165e-06,3.847610059425359526e-14,1.251604497179718650e-14,7.207704731043019033e-13,5.054024367030383397e-12,5.220937600331490819e-15,1.623477529246804360e-14,2.513268785758640882e-14,1.497602973208557445e-14,3.157768780391205133e-10,3.945961398883230442e-22,2.147660944660945674e-12,5.474620195993783345e-33,1.202287252449924558e-23,8.473686070554531228e-11,7.258647902524522665e-10
5.529999999999999361e-01,7.253523322051651001e-06,1.927085909680604700e-06,1.477533911903284957e-06,2.023547050247959463e-08,1.633524875492445084e-06,2.193956045353254442e-06,3.724468122994096062e-14,1.208954753268881488e-14,7.541528462710186066e-13,4.918441154648342311e-12,5.753339022586518618e-15,1.555044872328970964e-14,2.338699481617101761e-14,1.437054405917633718e-14,3.224942580678045166e-10,3.875918435440040027e-22,2.089716981928625134e-12,6.032813386278642564e-33,1.324658895286884988e-23,8.243807710315688957e-11,7.743060778726857470e-10
5.534999999999999920e-01,7.514466241390728302e-06,2.033316934166940341e-06,1.508317672233319641e-06,1.967748262238364279e-08,1.606709517064344342e-06,2.345199862395637799e-06,3.649560378576051018e-14,1.162648643649896112e-14,7.897234697822438306e-13,4.782954561362277832e-12,6.295746072358974659e-15,1.498955233543210364e-14,2.215570539450614911e-14,1.387139382465774724e-14,3.292133419161595806e-10,3.807344803402632880e-22,2.032508721486355530e-12,6.601513351620178833e-33,1.449336722564967900e-23,8.016486192009824287e-11,8.276840830260683804e-10
5.540000000000000480e-01,7.821449877170747196e-06,2.166476002513739363e-06,1.539100611843128341e-06,1.912588783946675502e-08,1.579843258839967955e-06,2.515594890752836947e-06,3.621028415572313421e-14,1.114016305784803104e-14,8.272092707325936494e-13,4.647530733451401358e-12,6.861028520509188863e-15,1.454623496896576509e-14,2.142521596734283389e-14,1.347234355305071847e-14,3.359322640436492984e-10,3.740992310011465155e-22,1.975955637592285467e-12,7.194221241771751226e-33,1.579285786399772989e-23,7.791770271109889885e-11,8.878210639436180097e-10
5.544999999999999929e-01,8.187396005848707921e-06,2.334542462475729625e-06,1.569874343497975956e-06,1.858079414151491940e-08,1.552955336578122406e-06,2.710060867799634390e-06,3.636651510565346952e-14,1.065251787553499065e-14,8.663402948511917535e-13,4.512462474269633199e-12,7.466521690743250722e-15,1.419724599389999503e-14,2.118102573715615578e-14,1.315247768682221259e-14,3.426491950430066012e-10,3.677932447754453849e-22,1.919974019181321824e-12,7.829116490745428092e-33,1.718495463926033205e-23,7.569703858573164893e-11,9.564533290084528997e-10
5.549999999999999378e-01,8.621461001325744143e-06,2.542864554133734429e-06,1.600629309485329009e-06,1.804231060833045334e-08,1.526081123086848950e-06,2.932378670179762411e-06,3.695010358230682490e-14,1.018788975316620528e-14,9.069236268989550681e-13,4.378322709845508973e-12,8.128508886927343608e-15,1.390803137755104784e-14,2.141964304493708889e-14,1.288164816462259959e-14,3.493620481267554661e-10,3.619229526264813620e-22,1.864498347476414364e-12,8.523270590149036480e-33,1.870709462689375158e-23,7.350331084701813813e-11,1.034915252255764456e-09
5.554999999999999938e-01,9.126808384219380196e-06,2.792828260635337592e-06,1.631353760255431614e-06,1.751055939062941904e-08,1.499251909297922158e-06,3.184305553105293262e-06,3.796355214498973236e-14,9.765928426675763811e-15,9.488893825280292410e-13,4.245854448990771265e-12,8.856492810013123448e-15,1.364202038044289953e-14,2.214932377894288623e-14,1.262855012096768113e-14,3.560682559943201831e-10,3.565582810747264773e-22,1.809499334535071195e-12,9.286640729907740420e-33,2.038108417206224450e-23,7.133701240728800742e-11,1.123827017328200208e-09
5.560000000000000497e-01,9.699045490006189552e-06,3.081002125899752066e-06,1.662033483674419646e-06,1.698568308453313927e-08,1.472485852778811868e-06,3.464876562373455937e-06,3.942868123330089197e-14,9.396234131366768657e-15,9.922906776573263930e-13,4.115819847884935565e-12,9.649174406209255689e-15,1.337030634005828024e-14,2.337896987611413405e-14,1.236900086698682613e-14,3.627647120608429878e-10,3.517055980933153935e-22,1.754994641481541213e-12,1.011785483640988239e-32,2.220386353664212512e-23,6.919871882690239620e-11,1.222848066796901954e-09
5.564999999999999947e-01,1.032577630897767795e-05,3.399016056799795394e-06,1.692652456693129412e-06,1.646784476019777866e-08,1.445783794847913933e-06,3.770082217156041987e-06,4.138214800491327904e-14,9.076703084323839304e-15,1.037255417880511549e-12,3.988840709510703969e-12,1.049363504126741860e-14,1.307887107897725689e-14,2.510061117954156022e-14,1.209198495307544643e-14,3.694479135560563777e-10,3.472992448819451286e-22,1.701049756681064464e-12,1.100335617463667975e-32,2.414564727442620021e-23,6.708908959788116617e-11,1.330563347606068415e-09
5.569999999999999396e-01,1.098762566777919121e-05,3.734356141824495326e-06,1.723194247221331470e-06,1.595722042555745828e-08,1.419131746543864672e-06,4.093093912978430391e-06,4.386525374851651030e-14,8.796220758765180090e-15,1.083905061505098976e-12,3.865265537916799263e-12,1.136824638630725843e-14,1.277129124908610294e-14,2.727457741841350883e-14,1.180173570198066322e-14,3.761142687237429846e-10,3.432159708751269090e-22,1.647768564568002355e-12,1.192045680374751031e-32,2.615663995817270234e-23,6.500883852655461917e-11,1.444562861770899543e-09
5.574999999999999956e-01,1.166090565147700310e-05,4.072133950290793251e-06,1.753643695545969944e-06,1.545398637652644683e-08,1.392509198210143708e-06,4.425150753107396976e-06,4.691140781656263758e-14,8.540744171144786323e-15,1.132268017634359787e-12,3.745093309158776827e-12,1.224860728187497382e-14,1.246625291924871929e-14,2.982610669330716644e-14,1.151533414966164508e-14,3.827604650736880749e-10,3.393091395625244077e-22,1.595275344128571023e-12,1.284356454766268251e-32,2.818070814995217806e-23,6.295868295917608151e-11,1.561754653013191644e-09
5.580000000000000515e-01,1.232183699157279370e-05,4.397729063565515110e-06,1.783988271520461198e-06,1.495830570002022342e-08,1.365900085461333860e-06,4.757125542843097907e-06,5.053545072305730643e-14,8.300536832874539283e-15,1.182218414556642904e-12,3.627972313522110956e-12,1.311473325694829023e-14,1.219076425457601422e-14,3.265776346953882260e-14,1.125665181645122173e-14,3.893837665623968090e-10,3.354526465583509758e-22,1.543691827820280883e-12,1.375172258471505966e-32,3.017192173726752786e-23,6.093928905382634363e-11,1.678917488294703283e-09
5.584999999999999964e-01,1.295193611032392779e-05,4.700027645290360473e-06,1.814218595419414016e-06,1.447031847331418447e-08,1.339302176983247585e-06,5.081662610135973863e-06,5.472844204252227264e-14,8.075847495686571804e-15,1.233463217707690144e-12,3.513276228584997940e-12,1.395718259527201310e-14,1.197122007458086448e-14,3.567533923709959722e-14,1.104853660865111183e-14,3.959821276945662467e-10,3.315805164227596933e-22,1.493114111735672833e-12,1.463503296200379479e-32,3.210863522324196727e-23,5.895123153755196162e-11,1.793455352260561669e-09
5.589999999999999414e-01,1.354387709971236411e-05,4.974814476354760050e-06,1.844327900079219872e-06,1.399013884383050347e-08,1.312731257195710705e-06,5.395643237528170454e-06,5.945968937528580090e-14,7.878851613442756554e-15,1.285584499549531528e-12,3.400242508762008269e-12,1.478001370004242992e-14,1.182505650145383155e-14,3.881857413294318486e-14,1.090561975065664224e-14,4.025540759720185697e-10,3.277086879582071804e-22,1.443594370343548111e-12,1.549775675879764414e-32,3.400026908205922852e-23,5.699498097477375854e-11,1.904267564539997303e-09
5.594999999999999973e-01,1.410689110075564391e-05,5.227751761712499530e-06,1.874310594788696826e-06,1.351785969334647906e-08,1.286218506170645024e-06,5.702609430792205297e-06,6.468535351204417091e-14,7.731031105260963390e-15,1.338124516544789741e-12,3.288144011220045899e-12,1.559940651085525048e-14,1.175547233287059193e-14,4.208472022879109866e-14,1.082986987429138382e-14,4.090983978843865496e-10,3.239306622882054417e-22,1.395131436282441388e-12,1.635686740550971880e-32,3.588411272750536936e-23,5.507092158602962292e-11,2.012604192962968513e-09
5.600000000000000533e-01,1.467062955145404347e-05,5.476325623430061359e-06,1.904160423396896370e-06,1.305356290916896813e-08,1.259802114975477484e-06,6.014690210354809444e-06,7.036074151554982270e-14,7.656869036372256963e-15,1.390685774085813951e-12,3.176456740659357494e-12,1.643816824433104729e-14,1.175068427551966951e-14,4.553423754484288669e-14,1.081012933917897933e-14,4.156137362267400398e-10,3.203869868298845572e-22,1.347672519644311986e-12,1.723628861079365989e-32,3.781266405554369298e-23,5.317939181403984829e-11,2.122745893722869065e-09
5.604999999999999982e-01,1.528644235117275309e-05,5.750185865774142682e-06,1.933868863207091558e-06,1.259733137613525699e-08,1.233516373929113109e-06,6.353552176064973129e-06,7.645214896767773375e-14,7.676154899843109577e-15,1.443011992603529153e-12,3.064986603225305552e-12,1.731773294205503959e-14,1.178775515577408136e-14,4.927361383607157414e-14,1.082562534762178317e-14,4.220982401517445646e-10,3.172173268845687831e-22,1.301126015945045542e-12,1.815850486834393450e-32,3.983521512902732723e-23,5.132073208612131445e-11,2.242339391413481583e-09
5.609999999999999432e-01,1.602524133439097825e-05,6.089461471185682742e-06,1.963424326998187311e-06,1.214925832999804877e-08,1.207382382009397950e-06,6.749957720160712333e-06,8.294425910969126776e-14,7.797793742032792160e-15,1.495021292928188756e-12,2.953926275905046648e-12,1.825018285522230470e-14,1.183964115723900875e-14,5.341853668900942842e-14,1.085224595386876826e-14,4.285493908275720300e-10,3.145101678990585637e-22,1.255382963414209002e-12,1.913619536073241984e-32,4.197950303864372148e-23,4.949532225984077031e-11,2.382241560722936579e-09
5.614999999999999991e-01,1.697154367896735937e-05,6.540903704508445306e-06,1.992812438671168808e-06,1.170945079964791944e-08,1.181403820008901169e-06,7.241670018438681678e-06,8.984059951788436793e-14,8.017538733037327426e-15,1.546778465948970882e-12,2.843828071657710607e-12,1.923293237848322823e-14,1.188317742760077385e-14,5.804844518464205681e-14,1.086957853048807660e-14,4.349640616424662718e-10,3.122667256299022486e-22,1.210342763122982768e-12,2.016665989388403360e-32,4.423949933671794047e-23,4.770359557682818496e-11,2.555780041720162006e-09
5.620000000000000551e-01,1.821389821068030582e-05,7.152072813973235826e-06,2.022017263994020184e-06,1.127802607764645329e-08,1.155569221040364558e-06,7.869690463940361619e-06,9.715688985734237271e-14,8.320663782574106686e-15,1.598413793631230739e-12,2.735496879556097505e-12,2.024794609506075521e-14,1.190553350891921734e-14,6.316786298467061226e-14,1.086655735631778671e-14,4.413387867803468434e-10,3.103916649095117466e-22,1.165937703668391388e-12,2.123099876590080108e-32,4.657363754022558961e-23,4.594602483398012689e-11,2.777425329227974212e-09
5.625000000000000000e-01,1.983263416575099192e-05,7.964205553075883186e-06,2.051023039243327755e-06,1.085510268957730416e-08,1.129859673338124447e-06,8.673132294346320073e-06,1.049094982641734434e-13,8.688753597412063676e-15,1.650014578499614541e-12,2.629824951530869204e-12,2.126593279240691787e-14,1.190725175354979602e-14,6.868898432843721623e-14,1.084408142936411799e-14,4.476701379940731273e-10,3.087148358876798729e-22,1.122150903627130576e-12,2.229850934275284030e-32,4.891448661941180887e-23,4.422308665528016529e-11,3.060981538173135372e-09
5.629999999999999449e-01,2.188664549240797180e-05,9.004822778864893479e-06,2.079815779321917981e-06,1.044078930797072031e-08,1.104258881783250500e-06,9.683387695243417205e-06,1.131028561469855707e-13,9.108186176420728330e-15,1.701525827055459745e-12,2.527603595395980880e-12,2.225432256682187133e-14,1.190111993215207449e-14,7.444371735694834124e-14,1.081395787573889119e-14,4.539550743310347749e-10,3.070380808619771898e-22,1.079023539733779437e-12,2.333504826105687382e-32,5.118711795086763986e-23,4.253521767778303832e-11,3.417527817396438365e-09
5.635000000000000009e-01,2.440161161922311460e-05,1.028148796411810743e-05,2.108384220881647735e-06,1.003517584550785258e-08,1.078761752724151451e-06,1.091858249435993922e-05,1.217200165893600851e-13,9.577126524442645430e-15,1.752694646665608834e-12,2.429352716305722586e-12,2.318653766104492704e-14,1.190744324202349398e-14,8.022369853135533821e-14,1.079467189252189089e-14,4.601911460082653101e-10,3.051926082717277106e-22,1.036649451854846012e-12,2.431274923985177878e-32,5.333043375618299386e-23,4.088277961001341610e-11,3.853461261835199737e-09
5.640000000000000568e-01,2.736251370584415581e-05,1.177832931115153046e-05,2.136719831114949843e-06,9.638330364189213303e-09,1.053378395936926464e-06,1.237956770560437842e-05,1.307194754548698927e-13,1.010825805873340991e-14,1.803079154602018067e-12,2.335206173385172511e-12,2.404955812264713932e-14,1.194735186508871848e-14,8.583693019163269184e-14,1.080541940615490861e-14,4.663764940894453676e-10,3.030884228186660886e-22,9.951579657011942290e-13,2.521795275264702413e-32,5.531455769990934007e-23,3.926604767944005769e-11,4.369082220127219072e-09
5.645000000000000018e-01,3.071338377072680841e-05,1.345691266733173216e-05,2.164815978435417445e-06,9.250303712465726951e-09,1.028132314277358462e-06,1.404879877196178384e-05,1.400392747925455990e-13,1.072594759788624989e-14,1.852121425398754776e-12,2.244879528544107590e-12,2.484725813614339562e-14,1.203628634679958781e-14,9.116314418381019672e-14,1.086028500263448907e-14,4.725096677720666026e-10,3.007393523642407345e-22,9.546884603560669668e-13,2.605470207849082214e-32,5.714848557728701552e-23,3.768523002114122484e-11,4.958198748660582122e-09
5.649999999999999467e-01,3.436678810501309653e-05,1.526273563093005263e-05,2.192666673350389057e-06,8.871141528167173344e-09,1.003053801601094174e-06,1.589333166537170594e-05,1.496069879053564750e-13,1.145857076158784862e-14,1.899262253696274958e-12,2.157729239043977345e-12,2.559831844559778467e-14,1.217961805870902996e-14,9.618924321856531965e-14,1.096429395023814114e-14,4.785893493959975746e-10,2.982548269204683559e-22,9.153622118632324003e-13,2.684255451267863915e-32,5.887525619423371479e-23,3.614051641150228076e-11,5.609184015137471274e-09
5.655000000000000027e-01,3.822450205656125372e-05,1.713796788812703593e-05,2.220265426531219141e-06,8.500901091600082848e-09,9.781713096068679920e-07,1.787276428920164695e-05,1.593522581632736414e-13,1.232858780858892646e-14,1.944060661774585703e-12,2.072892357612207750e-12,2.632928228391756503e-14,1.237158488250544794e-14,1.010117866987664112e-13,1.111239563604429217e-14,4.846141074568464950e-10,2.958003441096949867e-22,8.772578603127485851e-13,2.760930378063518297e-32,6.055595676244727364e-23,3.463214612408516227e-11,6.307779032521696006e-09
5.660000000000000586e-01,4.220915452530912885e-05,1.904009145141034219e-05,2.247604686405580274e-06,8.139669017000026492e-09,9.535041321527962885e-07,1.995224400472919723e-05,1.692177686079034412e-13,1.334395627187352165e-14,1.986278358596369251e-12,1.989477669297397461e-12,2.706493692885215030e-14,1.259763257688737879e-14,1.058038465944981649e-13,1.129148519696665240e-14,4.905822790020395732e-10,2.935389596964525911e-22,8.403962133006589002e-13,2.838090207814463411e-32,6.224758944148733416e-23,3.316047873321662671e-11,7.041683364622285369e-09
5.665000000000000036e-01,4.630437486966561907e-05,2.096485039701577363e-05,2.274676048889724197e-06,7.787575200382503438e-09,9.290590298946843282e-07,2.211966188318964397e-05,1.791651078577036343e-13,1.449418511616083865e-14,2.025900010749052199e-12,1.906766966025627772e-12,2.781912635351408459e-14,1.283920970267723524e-14,1.107553308966022350e-13,1.148465068038600625e-14,4.964920232306722845e-10,2.915726669132355925e-22,8.047380785338881029e-13,2.917183730907134790e-32,6.398194520622586036e-23,3.172604947654044113e-11,7.806623440045331249e-09
5.669999999999999485e-01,5.059834361983258559e-05,2.297051443817249634e-05,2.301471086160146239e-06,7.444798773135246005e-09,9.048317370101745972e-07,2.440493070040249384e-05,1.891737531209562726e-13,1.575281505527443323e-14,2.063080973352919708e-12,1.824381738428070536e-12,2.858900967203140316e-14,1.307938843590361019e-14,1.160051107375014022e-13,1.167622406188813571e-14,5.023415118277033846e-10,2.899028995011767056e-22,7.701958188475793418e-13,2.997912481511989173e-32,6.575241705726716990e-23,3.032959218490150850e-11,8.613156275302909108e-09
5.675000000000000044e-01,5.532293673314810404e-05,2.519906590766938468e-05,2.327982355996513971e-06,7.111562826169508759e-09,8.808123654357942824e-07,2.689792946796573176e-05,1.992337080072743973e-13,1.708584601299375679e-14,2.098038303342121930e-12,1.742377020811507953e-12,2.935468787746232689e-14,1.330755675531078066e-14,1.215867673617074144e-13,1.185607919509411832e-14,5.081291584643537336e-10,2.884233674634493729e-22,7.366560194823316500e-13,3.078192677377059866e-32,6.751316772789636431e-23,2.897201689898669951e-11,9.493002583161638685e-09
5.680000000000000604e-01,6.087828723748068329e-05,2.788876243647395582e-05,2.354204037664997497e-06,6.788116093429474359e-09,8.569923139131009604e-07,2.976049064085483481e-05,2.093344271823128431e-13,1.846341523150562607e-14,2.130920377226489689e-12,1.661239378323409693e-12,3.008437770010416158e-14,1.352184588589279191e-14,1.274061194274880993e-13,1.202196340737565263e-14,5.138537640405573016e-10,2.869479233369816066e-22,7.040078467362849972e-13,3.154698370759091461e-32,6.919105406108067612e-23,2.765433499824114686e-11,1.050327738156085927e-08
5.685000000000000053e-01,6.783109530416779132e-05,3.137187741908443203e-05,2.380131737230925447e-06,6.474701424987909541e-09,8.333699124342497068e-07,3.322696410805406900e-05,2.194538359079900206e-13,1.987066902374709648e-14,2.161698570937680825e-12,1.581786978400590933e-12,3.074349030397138739e-14,1.372874797472600105e-14,1.332588922426000499e-13,1.217933000528734243e-14,5.195144750806065562e-10,2.852646160990619971e-22,6.721700859012269908e-13,3.223813326488720425e-32,7.070652228199072770e-23,2.637753121064385970e-11,1.172668904222671316e-08
5.689999999999999503e-01,7.687498918998767567e-05,3.605156881288550992e-05,2.405761277232410108e-06,6.171512697653923829e-09,8.099527621935424064e-07,3.758771407362710321e-05,2.295511357004357271e-13,2.131380695111225648e-14,2.190118200554304849e-12,1.504991818945977254e-12,3.130468068986579698e-14,1.394026958020091389e-14,1.388840369987540379e-13,1.233892349057334795e-14,5.251105121602566743e-10,2.831983701288914165e-22,6.411099428179996392e-13,3.282683778624418714e-32,7.199672070415969384e-23,2.514238911649167370e-11,1.326571489737135360e-08
5.695000000000000062e-01,8.874327537409421485e-05,4.235305929015047263e-05,2.431086636313942299e-06,5.878643920932905428e-09,7.867562002737280855e-07,4.315070624592341557e-05,2.395657449843793277e-13,2.281877045316109477e-14,2.215727009218567424e-12,1.431762501669691511e-12,3.175560550281112884e-14,1.416967691277007175e-14,1.440364910544055451e-13,1.251301342148297207e-14,5.306407023478546189e-10,2.806617733113164075e-22,6.108485544735679816e-13,3.330029955322040170e-32,7.303332692868566723e-23,2.394928521496862127e-11,1.522904432680364241e-08
5.700000000000000622e-01,1.040690565983254552e-04,5.064687224592845523e-05,2.456097520062702018e-06,5.596036895773650824e-09,7.637988917981990601e-07,5.017841902591934966e-05,2.494226332605476664e-13,2.442253825159289059e-14,2.237973959100622786e-12,1.362736112444608267e-12,3.210187619540141425e-14,1.442721974366576742e-14,1.485564963149343011e-13,1.271149627407426211e-14,5.361029196331087126e-10,2.776773054565586774e-22,5.814514260750866280e-13,3.366453005339188735e-32,7.382931511104459637e-23,2.279797712699870031e-11,1.770931302045901590e-08
5.705000000000000071e-01,1.231953412956629166e-04,6.114592542842968675e-05,2.480777241944900782e-06,5.323437064055595516e-09,7.410975969086134603e-07,5.880089738783758906e-05,2.590421868468844875e-13,2.615963779750233189e-14,2.256347363468568585e-12,1.298127200809573583e-12,3.236427388088716650e-14,1.471710735249770512e-14,1.524132666344591005e-13,1.293901961748435042e-14,5.414935821439758220e-10,2.743637452005639871e-22,5.530059838317193328e-13,3.394139748779680944e-32,7.443252477845350646e-23,2.168742486270930989e-11,2.075241735502962473e-08
5.709999999999999520e-01,1.459485929016820615e-04,7.378388705674962305e-05,2.505101652163964842e-06,5.060371244139903838e-09,7.186632981113200910e-07,6.891098801360684423e-05,2.683513041468119168e-13,2.804834840848183737e-14,2.270507487801020586e-12,1.237670401780202684e-12,3.257117568012917445e-14,1.503652702976778494e-14,1.557087213979514952e-13,1.319388357688057880e-14,5.468073701427539677e-10,2.708913546289855176e-22,5.255922050266754495e-13,3.416065322042852571e-32,7.490822490887030700e-23,2.061570068212943686e-11,2.432054005533670758e-08
5.715000000000000080e-01,1.714030443137434150e-04,8.808924619365629842e-05,2.529039817083702702e-06,4.806165719960402575e-09,6.965001191310056408e-07,8.005462248467863336e-05,2.772921216157996289e-13,3.008145286303937695e-14,2.280369565347135126e-12,1.180673439700175243e-12,3.274870251983449006e-14,1.537682179817002663e-14,1.586396818822110133e-13,1.346888869833213947e-14,5.520373241157413026e-10,2.674208305689637505e-22,4.992549971891373623e-13,3.434957483337584619e-32,7.531645237311692513e-23,1.958006265596647394e-11,2.825342818134287093e-08
5.720000000000000639e-01,1.976795309055067069e-04,1.030777575524607871e-04,2.552557107147649141e-06,4.560028394755276966e-09,6.746071941475271089e-07,9.133723347756235325e-05,2.858256834014394561e-13,3.222507839674597531e-14,2.286108778600832256e-12,1.126173841835872795e-12,3.291181837850546151e-14,1.572629634239864581e-14,1.614302600716411954e-13,1.375371532226149523e-14,5.571754761475288848e-10,2.640465102504294818e-22,4.739880412024688641e-13,3.452361889279926805e-32,7.569155474320521175e-23,1.857728856692794333e-11,3.223536488538314548e-08
5.725000000000000089e-01,2.218406572656461825e-04,1.171948114468913591e-04,2.575621377997491724e-06,4.321224004362576738e-09,6.529824163992221828e-07,1.013765581025716169e-04,2.939296440681003088e-13,3.442653329256691151e-14,2.288084242498659412e-12,1.073171601251222026e-12,3.305925866089023046e-14,1.607368632644301844e-14,1.642558034067569820e-13,1.403800733106661093e-14,5.622141777367404492e-10,2.607631637786909376e-22,4.497379979976944356e-13,3.468110691406576681e-32,7.603055149328372993e-23,1.760438848286473007e-11,3.577851243911876319e-08
5.729999999999999538e-01,2.399624590398215392e-04,1.283481741399087087e-04,2.598213063745310236e-06,4.089376101015954182e-09,6.316263127234442370e-07,1.083415313970573099e-04,3.015911098567041309e-13,3.662895186585555061e-14,2.286706036585645327e-12,1.020896958291382072e-12,3.317386952753361819e-14,1.641121299363833116e-14,1.671825298192666775e-13,1.431419701006329929e-14,5.671483208363813559e-10,2.574683720481186059e-22,4.264355772824007999e-13,3.480360847126824559e-32,7.629394298699806670e-23,1.665983366234121141e-11,3.823663879076814576e-08
5.735000000000000098e-01,2.474795967552344679e-04,1.340795823379371777e-04,2.620340211695389904e-06,3.864932907228614229e-09,6.105444014853050288e-07,1.101258065518524666e-04,3.087972938579361241e-13,3.878806969178520806e-14,2.282288817778481103e-12,9.690713812033315637e-13,3.322814373125681212e-14,1.673635594575356293e-14,1.701419745906624230e-13,1.457926336121218848e-14,5.719786989106645751e-10,2.540015065949136218e-22,4.040566416324818294e-13,3.486180066788557721e-32,7.641846398948900336e-23,1.574545329472226418e-11,3.886635751675856528e-08
5.740000000000000657e-01,2.399144328509787000e-04,1.319298530802479118e-04,2.642059682914159190e-06,3.649835333614925649e-09,5.897471960266336173e-07,1.047115717717005367e-04,3.155272725894178912e-13,4.088546096105881519e-14,2.274940789236796607e-12,9.181317651748149851e-13,3.319304616558489140e-14,1.705192309156392290e-14,1.729482059967034879e-13,1.483499462812396890e-14,5.767168007175302364e-10,2.502094017021748169e-22,3.827131442211215552e-13,3.482480708510789421e-32,7.633738824019645781e-23,1.486915538451270365e-11,3.695552857316036028e-08
5.745000000000000107e-01,2.141077890647742968e-04,1.200553950207052483e-04,2.663505804786197219e-06,3.448423558272156295e-09,5.692481307074449729e-07,9.078355218673284967e-05,3.217476165075563298e-13,4.293349607094086169e-14,2.264525754514093245e-12,8.694104188053216087e-13,3.304719343772314139e-14,1.736453037990576554e-14,1.753520952931765963e-13,1.508680064983112895e-14,5.813913449679810689e-10,2.460215477162226087e-22,3.627711233803356506e-13,3.466993866307917664e-32,7.600162910471352627e-23,1.404862022199260081e-11,3.203995608007363787e-08
5.749999999999999556e-01,1.700683992156175664e-04,9.815317810681866144e-05,2.684927591384425630e-06,3.268612766231673751e-09,5.490606195976826900e-07,6.865313134018764894e-05,3.274132438615038555e-13,4.496988700521122587e-14,2.250712061477609396e-12,8.252909856177696759e-13,3.278341320993438825e-14,1.768206559033869171e-14,1.771151977008663684e-13,1.534154803499423554e-14,5.860568268429534022e-10,2.415163335059038320e-22,3.449917946004347201e-13,3.438971660041734351e-32,7.539479867893036206e-23,1.331609106110008473e-11,2.422953564480483025e-08
5.755000000000000115e-01,1.135468541181543228e-04,6.874531969960396855e-05,2.706735204724346653e-06,3.123358352389791944e-09,5.291958195552723704e-07,4.154720940344689415e-05,3.324730348565703059e-13,4.704315425833405598e-14,2.233093272792368846e-12,7.893854530146852189e-13,3.241064938363484772e-14,1.801097323495776388e-14,1.780797974483902192e-13,1.560515054098897112e-14,5.908042482183295545e-10,2.369647573471511376e-22,3.306921556199431415e-13,3.399404141997129251e-32,7.453755566959834178e-23,1.272434448282186232e-11,1.466312708512008899e-08
5.760000000000000675e-01,5.941635569030087713e-05,3.886264979472133451e-05,2.729555648510442522e-06,3.032415853977707747e-09,5.096623311477208628e-07,1.730473613509683111e-05,3.368781714006213388e-13,4.919351480682020232e-14,2.211341082002812879e-12,7.667919894945204137e-13,3.195076005692900012e-14,1.835419883089794000e-14,1.782132668270196699e-13,1.588067291872400449e-14,5.957740493145267483e-10,2.328472450067965966e-22,3.219231270108733348e-13,3.350702818365458635e-32,7.348021094327794652e-23,1.235386150878481410e-11,6.107306532954036633e-09
5.765000000000000124e-01,3.590565692846965987e-05,2.214839847594315516e-05,2.754296859818973050e-06,3.024381286030695260e-09,4.904682064265190742e-07,1.050514405759980315e-05,3.405903585163446918e-13,5.143545534508757919e-14,2.185339621914837491e-12,7.644914643361352179e-13,3.143143338569491528e-14,1.871038439258553750e-14,1.776134576643890697e-13,1.616750327442309135e-14,6.011710706137074371e-10,2.298494825342778142e-22,3.216653323820535293e-13,3.295978605703104978e-32,7.228641863184677838e-23,1.232114065412492365e-11,3.707547738905523361e-09
5.769999999999999574e-01,8.967882387545195524e-05,4.137838030516019608e-05,2.782218510392375131e-06,3.138974042218002273e-09,4.716246312907796356e-07,4.502694624391504982e-05,3.435872754583666018e-13,5.374795658818193597e-14,2.155255933974031087e-12,7.919196454886373369e-13,3.087766270956100484e-14,1.907449569940063237e-14,1.764744907416579589e-13,1.646178692452410485e-14,6.072811757669637852e-10,2.288509423874268370e-22,3.340441626042503926e-13,3.238169473201499720e-32,7.101357395753427997e-23,1.278799839256568347e-11,1.589122003376793175e-08
5.775000000000000133e-01,2.916926381475658486e-04,1.313631011695574414e-04,2.815007043430266452e-06,3.429498126028313733e-09,4.531499440207977425e-07,1.570019078456891780e-04,3.458636832580302700e-13,5.607599355335182861e-14,2.121522327490188622e-12,8.617143695291910793e-13,3.030459011266752647e-14,1.943961223363063681e-14,1.750248657286133605e-13,1.675790819410226496e-14,6.144889798555864869e-10,2.309224476594675020e-22,3.645657366517229433e-13,3.179311553969982812e-32,6.969637894619417294e-23,1.397159515402049480e-11,5.541019489797961676e-08
5.780000000000000693e-01,7.436874979634098019e-04,3.421610098964798004e-04,2.854851795919212142e-06,3.965389519064079905e-09,4.350725313344880834e-07,3.980914575782196121e-04,3.474281677709401796e-13,5.834327428988685481e-14,2.084735757541102551e-12,9.905892054155672884e-13,2.971395792281628484e-14,1.979925731509824817e-14,1.734582310214513082e-13,1.705048092950231155e-14,6.232959623296740650e-10,2.373458651317998878e-22,4.203729892503411999e-13,3.120187811416839041e-32,6.833872099956630514e-23,1.615481135248760097e-11,1.404971796725991691e-07
5.785000000000000142e-01,1.585084788499522678e-03,7.424921770787887851e-04,2.904518473172013635e-06,4.834729485764378572e-09,4.174316416654430826e-07,8.389690733932458639e-04,3.482969674375932482e-13,6.047239400233581533e-14,2.045507316684072499e-12,1.200237583312023094e-12,2.909512823686635126e-14,2.014949399610993522e-14,1.718788263513369807e-13,1.733616328662147269e-14,6.343380970894224478e-10,2.496610369457474745e-22,5.105160874344064484e-13,3.060454292631668906e-32,6.691606250667614147e-23,1.969648414729450716e-11,2.960947450936350522e-07
5.789999999999999591e-01,2.999977355144757378e-03,1.423200105388662540e-03,2.967415697984772615e-06,6.146577184890320667e-09,4.002760421781351818e-07,1.572847632957361051e-03,3.484872229035167716e-13,6.240595481322065740e-14,2.004311948468176095e-12,1.518135738533224714e-12,2.843009688049455268e-14,2.049010686703001850e-14,1.702782047378213549e-13,1.761469159045728017e-14,6.484019928504647300e-10,2.697350813432069667e-22,6.462240389879838769e-13,2.999183329204966114e-32,6.538701110795270085e-23,2.504090822754479688e-11,5.551002221073522664e-07
5.795000000000000151e-01,5.223815531617148449e-03,2.500568781369263017e-03,3.047649805602859591e-06,8.032951838859374581e-09,3.836613340994319841e-07,2.718847147298693572e-03,3.480120178770767666e-13,6.412166341465227022e-14,1.961388649434724656e-12,1.978099584575450020e-12,2.770066044921207377e-14,2.082450153917911172e-14,1.685493320614158056e-13,1.788880544001586292e-14,6.664383964158956129e-10,2.998405026636882036e-22,8.411556971866662081e-13,2.935630267636560832e-32,6.370982649284059075e-23,3.272590985391469259e-11,9.595542656039917712e-07
5.800000000000000711e-01,8.549315640771854019e-03,4.119265506738431157e-03,3.150062502559357108e-06,1.065027676633112356e-08,3.676472533157294411e-07,4.424959347609447313e-03,3.468787943855987796e-13,6.563621892539399503e-14,1.916724523459279298e-12,2.620466327089871353e-12,2.689529973903263079e-14,2.115838435739240971e-14,1.665321231993470450e-13,1.816312134215724876e-14,6.895717724834645711e-10,3.427238711122288269e-22,1.111599930430542893e-12,2.869968009101688615e-32,6.185825483363324752e-23,4.338873022838289524e-11,1.561687136779021010e-06
5.805000000000000160e-01,1.333105802395441637e-02,6.454650795317219344e-03,3.280245533392401834e-06,1.418008683260210438e-08,3.522962105624477318e-07,6.870334996495566261e-03,3.450914403788869292e-13,6.699640445207575866e-14,1.870127718376349759e-12,3.491816877502230817e-12,2.601358097239476555e-14,2.149769618401112236e-14,1.640748394833170225e-13,1.844237717925794954e-14,7.191045556446279029e-10,4.016474375925803748e-22,1.476588372866863711e-12,2.803758653647174040e-32,5.983163492285985242e-23,5.776891020259615379e-11,2.424725956729155159e-06
5.809999999999999609e-01,1.998820457241754986e-02,9.714178045217578342e-03,3.444526254030077674e-06,1.882879945213983930e-08,3.376737086187412457e-07,1.026660129649949703e-02,3.426550394927625494e-13,6.826003473222370670e-14,1.821364111068135190e-12,4.644223722870509851e-12,2.506682124988365910e-14,2.184652881011426319e-14,1.610915370544842048e-13,1.872969003451107273e-14,7.565146078534119933e-10,4.803914176351092433e-22,1.957881753260137640e-12,2.740030579909809218e-32,5.765639812216120921e-23,7.670736210367862568e-11,3.623359655285656125e-06
5.815000000000000169e-01,2.900475809762520854e-02,1.413760097118600678e-02,3.649918174364008653e-06,2.482635928239892714e-08,3.238503791209243061e-07,1.485791385851297983e-02,3.395813993967655665e-13,6.947287688398429574e-14,1.770310921425022616e-12,6.134088419300452209e-12,2.407506067216074470e-14,2.220576045902057600e-14,1.575980241397496576e-13,1.902546590607423631e-14,8.034444489249494856e-10,5.832127784145042649e-22,2.579793777679296180e-12,2.682965011533673601e-32,5.537906740568653139e-23,1.011408546562319915e-10,5.243757311997711988e-06
5.820000000000000728e-01,4.092681334433341533e-02,1.999571864759893541e-02,3.904031258439554099e-06,3.242358995438999691e-08,3.109045844330528107e-07,2.091946328870716507e-02,3.358933160695673630e-13,7.064916419264998694e-14,1.717074693644592791e-12,8.020706653878928728e-12,2.306157847718472405e-14,2.257289785130701554e-14,1.537164918876600485e-13,1.932736722014461915e-14,8.616809934396892653e-10,7.147644305156139170e-22,3.368825632826675311e-12,2.637321127922796259e-32,5.305360879257432646e-23,1.320912309587721544e-10,7.383041090431591297e-06
5.825000000000000178e-01,5.635631610227184729e-02,2.758741850583725647e-02,4.214938130804232493e-06,4.188812369814209841e-08,2.989241571458517390e-07,2.875419259752826778e-02,3.316260989919326397e-13,7.176230950367785181e-14,1.662033306763205013e-12,1.036474920102949915e-11,2.204689475994738172e-14,2.294318498450253297e-14,1.496493462250291013e-13,1.963135903934065954e-14,9.331248414275770785e-10,8.799842522131005016e-22,4.353099074112404074e-12,2.607802252027974584e-32,5.072760576661429082e-23,1.706488318637699426e-10,1.014812772346722778e-05
5.829999999999999627e-01,7.594095468650664815e-02,3.723482783787657180e-02,4.590994291966047329e-06,5.349883163031448935e-08,2.880060468943621305e-07,3.868753921792733586e-02,3.268259318927256526e-13,7.274917676315333178e-14,1.605787702857639064e-12,1.322685917827698866e-11,2.104421383497779567e-14,2.331157855022658797e-14,1.456322932616753772e-13,1.993345177423121500e-14,1.019748623959838469e-09,1.083964939627111873e-21,5.561595315238048779e-12,2.598566768892857746e-32,4.843175721329232185e-23,2.179498084052441313e-10,1.365387283008331983e-05
5.835000000000000187e-01,1.003599564697972985e-01,4.927645420512619806e-02,5.040612847479015112e-06,6.753874261751965309e-08,2.782533224593131715e-07,5.106009395516578064e-02,3.215457742834033608e-13,7.352682774236603691e-14,1.549039909035197677e-12,1.666653126322057730e-11,2.005763643521616575e-14,2.367486142522804671e-14,1.418824047270116795e-13,2.023148425772729840e-14,1.123544465741711727e-09,1.331813359163832390e-21,7.023228032349178467e-12,2.613021118078723361e-32,4.617575001018435300e-23,2.751472724853074889e-10,1.802048006129736200e-05
5.840000000000000746e-01,1.303057477558987876e-01,6.405828324265305795e-02,5.571996887775175340e-06,8.428651455324633539e-08,2.697698575245809744e-07,6.621816666708138510e-02,3.158403142196515176e-13,7.401649043819928037e-14,1.492439034380751488e-12,2.074135753865158382e-11,1.908345476668669312e-14,2.403309440453659175e-14,1.385571485559714711e-13,2.052625318000715144e-14,1.246461246656690068e-09,1.628503315576489493e-21,8.765798470907586521e-12,2.653925687047783338e-32,4.395122562783935093e-23,3.433765448854407295e-10,2.337017147502077884e-05
5.845000000000000195e-01,1.664616517029728904e-01,8.192290588861958489e-02,6.192835292098337070e-06,1.040066049863440382e-07,2.626537616971802430e-07,8.450236131094267245e-02,3.097616960374267748e-13,7.416699687424525235e-14,1.436447590968952367e-12,2.550660818955801230e-11,1.811381524276106901e-14,2.438982993462234760e-14,1.357355268129378694e-13,2.082151774156540096e-14,1.390332971505143727e-09,1.978720633838403897e-21,1.081489538994700064e-11,2.723736385990945066e-32,4.174019344599429047e-23,4.237150990920448907e-10,2.982315536288650536e-05
5.849999999999999645e-01,2.094760369686797796e-01,1.031968618719981273e-01,6.909970185097567678e-06,1.269383738911480358e-07,2.569909283998733538e-07,1.062343861058911432e-01,3.033573288816281288e-13,7.396997391686852917e-14,1.381273070307547554e-12,3.101498359624143270e-11,1.714133244313040514e-14,2.475096016883929939e-14,1.334244829988328472e-13,2.112282009650961504e-14,1.556800149188050974e-09,2.386696313674645545e-21,1.319280929404760650e-11,2.825031218418723486e-32,3.952563266926019488e-23,5.171381502776418952e-10,3.749297120194831017e-05
5.855000000000000204e-01,2.599335773840041885e-01,1.281765068951147835e-01,7.729046437974117350e-06,1.532844351276475221e-07,2.528498628073917193e-07,1.317024515451100386e-01,2.966702217099667281e-13,7.346166640090033629e-14,1.326886838967556949e-12,3.731625424043637150e-11,1.616306883434662238e-14,2.512258712616041280e-14,1.315854700603594136e-13,2.143551564908001392e-14,1.747226612223262103e-09,2.856023569276349214e-21,1.591752706555895778e-11,2.960853736735265017e-32,3.730063874826650014e-23,6.244711811333959469e-10,4.648133622062003455e-05
5.860000000000000764e-01,3.183245263260317537e-01,1.571128308259083506e-01,8.654155437408514781e-06,1.831986499093037081e-07,2.502783413088456353e-07,1.611457324318189555e-01,2.897413248509297679e-13,7.271059463381316627e-14,1.273122103531992485e-12,4.445642512201900691e-11,1.518266469105139975e-14,2.550869303056769606e-14,1.301702236680496028e-13,2.176273158984689061e-14,1.962614662736968785e-09,3.389457910222495491e-21,1.900185934351373553e-11,3.134844602275802701e-32,3.507332308512167724e-23,7.463410099415808664e-10,5.687266163350138441e-05
5.865000000000000213e-01,3.850131332544736718e-01,1.901957660964547769e-01,9.687486841993602697e-06,2.167742207023768823e-07,2.493017078346709121e-07,1.947384819858223592e-01,2.826126419061478280e-13,7.179487825203080558e-14,1.219815506368648494e-12,5.247604750336095005e-11,1.421013527946503976e-14,2.590949911038227925e-14,1.291530468071819959e-13,2.210403634584443459e-14,2.203521807860522011e-09,3.988704973141854535e-21,2.245273040043225682e-11,3.351110083662130783e-32,3.286636023522101849e-23,8.831272720488364916e-10,6.872844608259338645e-05
5.869999999999999662e-01,4.602065183539046367e-01,2.275386217757689455e-01,1.082900319485039094e-05,2.540323931218591402e-07,2.499220383255292522e-07,2.325744782398760924e-01,2.753296531124246240e-13,7.077646116283259333e-14,1.166942285384337738e-12,6.140736923348511558e-11,1.325966558687529234e-14,2.632117513330125979e-14,1.285494541503985933e-13,2.245536872062162921e-14,2.469982639494736946e-09,4.654206770204493948e-21,2.627063239467078559e-11,3.613862632524667031e-32,3.071194547782296812e-23,1.034916386053073614e-09,8.208178635256921667e-05
5.875000000000000222e-01,5.439254592014688416e-01,2.691633519622608217e-01,1.207615299614718537e-05,2.949123027086041239e-07,2.521172217932085443e-07,2.746525477221362643e-01,2.679419141603951004e-13,6.968051539677015234e-14,1.114697858960648310e-12,7.127016866358062087e-11,1.234634551430347523e-14,2.673707004377001242e-14,1.284165806343065768e-13,2.281031813641465459e-14,2.761439602835991011e-09,5.384941511191157190e-21,3.044921780741203238e-11,3.926934160506852738e-32,2.864433109633029804e-23,1.201460194748686447e-09,9.693226828930781591e-05
5.880000000000000782e-01,6.359786173187710334e-01,3.149874103804483072e-01,1.342363803493244035e-05,3.392625096234129976e-07,2.558392640501955664e-07,3.208639421093800737e-01,2.605014153127271110e-13,6.848663789127692412e-14,1.063498003361517534e-12,8.206634326109586023e-11,1.148301694621899119e-14,2.715005315801680338e-14,1.288371788917437153e-13,2.316233168336503048e-14,3.076686454529435229e-09,6.178253883448861202e-21,3.497498143295890455e-11,4.293288015226073994e-32,2.669263080286288359e-23,1.382141494577999838e-09,1.132415116816643333e-04
5.885000000000000231e-01,7.359417315289935591e-01,3.648129506810227629e-01,1.486325025835384488e-05,3.868347446064704357e-07,2.610116873019477219e-07,3.709823349865285502e-01,2.530591222956289469e-13,6.713464029886077222e-14,1.013898564847230738e-12,9.377359364402331127e-11,1.067821596438158051e-14,2.755510629604034943e-14,1.298940978088445600e-13,2.350704611844131887e-14,3.413828093696655226e-09,7.029731290858300293e-21,3.982697199040225226e-11,4.714637441976591308e-32,2.487614502115908418e-23,1.575948585282153505e-09,1.309296398492199465e-04
5.889999999999999680e-01,8.431432220523231713e-01,4.183190998894598112e-01,1.638379205452938111e-05,4.372803422907534611e-07,2.675265283367863539e-07,4.246571549327216033e-01,2.456607663025355649e-13,6.554304048282510583e-14,9.664637177389512632e-13,1.063388153715245910e-10,9.935702446648147823e-15,2.795117101344795559e-14,1.316443283662154459e-13,2.384385661030149386e-14,3.770260120224705974e-09,7.933137680310848639e-21,4.497647732219576472e-11,5.191228364077469580e-32,2.320332809465309371e-23,1.781460776828218881e-09,1.498729267093799195e-04
5.895000000000000240e-01,9.566574815144344157e-01,4.750579587435749263e-01,1.797109143997747830e-05,4.901497627071001020e-07,2.752418725268202772e-07,4.814108771358732164e-01,2.383431867141342868e-13,6.363435207564975547e-14,9.216293088392952241e-13,1.196720360875019290e-10,9.255479763734061573e-15,2.834149989856831247e-14,1.341006486431136286e-13,2.417608650823596521e-14,4.142670911688530656e-09,8.880411492453807416e-21,5.038664784035477229e-11,5.721783939602656906e-32,2.167416273979682764e-23,1.996846482142053080e-09,1.699028409155917043e-04
5.900000000000000799e-01,1.075306878789713316e+00,5.344548676945176657e-01,1.960812028973814067e-05,5.448954998323377132e-07,2.839809362519474485e-07,5.406407605015717266e-01,2.311322989311804229e-13,6.135924831188621808e-14,8.796087914445226626e-13,1.336418671447875637e-10,8.635732579317012055e-15,2.873230922038177575e-14,1.372253743252431853e-13,2.450963178342072919e-14,4.527068217420326100e-09,9.861729375294762791e-21,5.601205885537293882e-11,6.303559798203191795e-32,2.028461792268210906e-23,2.219875107175920936e-09,1.908066589300131625e-04
5.905000000000000249e-01,1.197673176364814740e+00,5.958133240566256816e-01,2.127521957786217472e-05,6.008785504880436013e-07,2.935334148667831136e-07,6.016253453404409868e-01,2.240431745509390619e-13,5.871227566195033589e-14,8.403735250159001016e-13,1.480734388090672115e-10,8.074897333957135361e-15,2.913018177634137675e-14,1.409362513297937426e-13,2.485053408265052963e-14,4.918831280240691749e-09,1.086563365112448875e-20,6.179825890190769400e-11,6.932437352026481138e-32,1.903138005109746445e-23,2.447943437656416324e-09,2.123297582322684549e-04
5.909999999999999698e-01,1.322118674335426514e+00,6.583247496808066757e-01,2.295043087452030997e-05,6.573784729123511421e-07,3.036592808140407388e-07,6.635358253325797095e-01,2.170820136465747628e-13,5.573474896908605857e-14,8.037125663175440252e-13,1.627496361052900141e-10,7.573164126145440458e-15,2.953917327162442724e-14,1.451207647810907191e-13,2.520236538219740300e-14,5.312788374638523016e-09,1.187921951900061512e-20,6.768140059612593182e-11,7.602991781688969146e-32,1.791524631261722974e-23,2.678116635559683900e-09,2.341796307915750561e-04
5.915000000000000258e-01,1.446816961563123671e+00,7.210830975014548283e-01,2.460992840763706859e-05,7.136069086916878484e-07,3.140946616492742019e-07,7.254521859901765790e-01,2.102492172810104259e-13,5.250472355766709720e-14,7.693490593375767523e-13,1.774161508846582206e-10,7.133017668421875591e-15,2.995872892371432414e-14,1.496532582942184151e-13,2.556441211322333262e-14,5.703318471854608537e-09,1.288837729710047529e-20,7.358809362238946503e-11,8.308503482011723229e-32,1.694228470634196294e-23,2.907183325688828565e-09,2.560315787641556759e-04
5.920000000000000817e-01,1.569792698111005302e+00,7.831040593483428180e-01,2.622854118028096463e-05,7.687242824141295875e-07,3.245590537299156026e-07,7.863837714764384534e-01,2.035425215595090036e-13,4.911804786787279818e-14,7.370708596265316696e-13,1.917904425029409092e-10,6.758817320569424389e-15,3.038324434509201378e-14,1.544095966361829152e-13,2.593137383794673553e-14,6.084474586303413548e-09,1.387808488021514390e-20,7.943564660796085079e-11,9.040921995363642640e-32,1.612277146524479796e-23,3.131723606012227790e-09,2.775359730765710126e-04
5.925000000000000266e-01,1.688969396788303934e+00,8.433484080792013060e-01,2.778035022922098560e-05,8.218592388687532715e-07,3.347630455476541242e-07,8.452937147709085330e-01,1.969592894451763437e-13,4.566708592815778442e-14,7.068288575521104955e-13,2.055742055551907912e-10,6.455741680967566252e-15,3.080349597215252259e-14,1.592761532365581138e-13,2.629473319633552714e-14,6.450125292702960143e-09,1.483274513169988938e-20,8.513286781731748058e-11,9.790823973812530307e-32,1.546866716228014423e-23,3.348188188919354908e-09,2.983268754877750660e-04
5.929999999999999716e-01,1.802223740790408257e+00,9.007487868740563508e-01,2.923934232561154831e-05,8.721302362149660274e-07,3.444159189410602471e-07,9.011264556201714626e-01,1.904974886410283150e-13,4.222396071960559693e-14,6.787688290474327771e-13,2.184684463559907644e-10,6.228578290100628126e-15,3.120944768360629217e-14,1.641526082863076343e-13,2.664531742307156495e-14,6.794109980863933215e-09,1.573656153908304878e-20,9.058156876526889604e-11,1.054742064884253929e-31,1.499074958777899795e-23,3.552986307851143642e-09,3.180317504135644902e-04
5.935000000000000275e-01,1.907444594197230447e+00,9.542390601422925389e-01,3.058009838915659232e-05,9.186685929516000989e-07,3.532328422391431097e-07,9.528373889465062696e-01,1.841554290698142190e-13,3.883313287627212209e-14,6.531868925759659471e-13,2.301898455550724574e-10,6.080797575177613775e-15,3.159339057332772562e-14,1.689502827499331204e-13,2.697610294198950734e-14,7.110402670076392069e-09,1.657394303512120736e-20,9.567885928721214650e-11,1.129866298407569327e-31,1.469642479528456708e-23,3.742579535597630766e-09,3.362819286468346838e-04
5.940000000000000835e-01,2.002594555915131913e+00,1.002785176042102488e+00,3.177849269553548596e-05,9.606421933648200738e-07,3.609416964929575708e-07,9.994235447125904281e-01,1.779307852329090582e-13,3.551461360670610103e-14,6.304259894193586890e-13,2.404868032473378187e-10,6.014161539172276266e-15,3.195221473137219132e-14,1.735887580494208654e-13,2.728420169439830106e-14,7.393278660783568093e-09,1.732992582541107415e-20,1.003202414686533924e-10,1.203146943930280254e-31,1.458880137409722747e-23,3.913578283446338248e-09,3.527234351063375604e-04
5.945000000000000284e-01,2.085771695634951683e+00,1.045416370828478714e+00,3.281237767004491982e-05,9.972789958112548061e-07,3.672897437503363239e-07,1.039954108044923053e+00,1.718196345074753529e-13,3.227541596088924277e-14,6.107514758544281367e-13,2.491534795468264190e-10,6.028876697839900900e-15,3.228792092386727631e-14,1.779932034569500063e-13,2.757126533161155496e-14,7.637477976730255617e-09,1.799059711273707169e-20,1.044034119489382325e-10,1.273207220717705166e-31,1.466705554418355726e-23,4.062837505805008816e-09,3.670277602083925686e-04
5.949999999999999734e-01,2.155269007945349369e+00,1.081255478731582231e+00,3.366222875286269828e-05,1.027889464711107707e-06,3.720503000445542797e-07,1.073599552512648048e+00,1.658161551210404051e-13,2.912427774585663867e-14,5.942506936336724898e-13,2.560402856526200724e-10,6.124105143290592178e-15,3.260614895104992349e-14,1.820935931307732842e-13,2.784214543793675624e-14,7.838359465649314245e-09,1.854350355750705485e-20,1.078325799567365352e-10,1.338645337117557831e-31,1.492766115642388789e-23,4.187548038973882487e-09,3.789021417838168634e-04
5.955000000000000293e-01,2.209629137450311198e+00,1.109547103659249689e+00,3.431172457685243348e-05,1.051887062988047112e-06,3.750293609518337910e-07,1.099658183567127967e+00,1.599133116287555014e-13,2.608408249849532471e-14,5.807921037937037270e-13,2.610596427794608874e-10,6.298560762397193081e-15,3.291327401391326535e-14,1.858255932056385254e-13,2.810232525335586251e-14,7.992039601082742113e-09,1.897802673088169015e-20,1.105230164467800425e-10,1.398082957783524145e-31,1.536585504499180855e-23,4.285320065529865456e-09,3.880989329709432552e-04
5.960000000000000853e-01,2.247692066511750575e+00,1.129682463310862417e+00,3.474823958587762646e-05,1.068805997685167371e-06,3.760718605526740452e-07,1.117578973594761216e+00,1.541044517910231488e-13,2.319785167025936342e-14,5.700578096808785507e-13,2.641863694934056990e-10,6.550950305217280324e-15,3.321319789336475818e-14,1.891320319160544566e-13,2.835512531906683649e-14,8.095510477508707320e-09,1.928570888200700361e-20,1.124054821536565590e-10,1.450214391348356010e-31,1.597677919858956051e-23,4.354255420680799923e-09,3.944236613192623466e-04
5.965000000000000302e-01,2.268633713963529530e+00,1.141219831356198089e+00,3.496322925580179887e-05,1.078315506419734088e-06,3.750670552776700465e-07,1.126979711641587834e+00,1.483854026844434581e-13,2.052701510701113038e-14,5.616370122279826956e-13,2.654527124775515431e-10,6.880134323136357969e-15,3.350510320444713579e-14,1.919638696589448551e-13,2.859978489249954539e-14,8.146732217711155278e-09,1.946051483604234578e-20,1.134301511146859871e-10,1.493853312476975392e-31,1.675600230751510051e-23,4.393005839502556316e-09,3.977414343148056490e-04
5.969999999999999751e-01,2.271993756757247240e+00,1.143899674663726440e+00,3.495249218491131677e-05,1.080230102806171633e-06,3.719524980334927954e-07,1.127659683079361042e+00,1.427564969136821914e-13,1.814373881095855068e-14,5.551465503651682720e-13,2.649387114445771680e-10,7.285019465561037377e-15,3.378307807305244861e-14,1.942803242663031579e-13,2.883118498801299657e-14,8.144695995590991859e-09,1.949901927771192200e-20,1.135696587122040049e-10,1.527975091105067372e-31,1.769943333917865746e-23,4.400814770875905041e-09,3.979814143748650924e-04
5.974999999999999201e-01,2.257691439509811104e+00,1.137653802248203228e+00,3.471629830982481070e-05,1.074515359263813880e-06,3.667162132887260211e-07,1.119606327719504524e+00,1.372240123504554376e-13,1.612121415529636395e-14,5.503356834133590063e-13,2.627591883625395645e-10,7.764293967631796833e-15,3.403778666639742554e-14,1.960487755813626257e-13,2.904133249564349835e-14,8.089455074391613191e-09,1.940051249357901900e-20,1.128209612481183663e-10,1.551753793001348011e-31,1.880286780369450827e-23,4.377541032588391239e-09,3.951391686751549786e-04
5.979999999999999760e-01,2.226028656369262837e+00,1.122608099743922061e+00,3.425937809010472809e-05,1.061288987876296110e-06,3.593969348631052891e-07,1.102995587092610918e+00,1.318007199169833585e-13,1.452622258462802993e-14,5.471386267470232686e-13,2.590490846211063095e-10,8.316151540204975812e-15,3.425954288322364304e-14,1.972456706950213715e-13,2.922202072890702509e-14,7.982122601247422422e-09,1.916702138661006811e-20,1.112057928708029745e-10,1.564593328469349790e-31,2.006148308721345140e-23,4.323663321112874984e-09,3.892767917139153787e-04
5.985000000000000320e-01,2.177680148407918459e+00,1.099078704518122729e+00,3.359077333993944453e-05,1.040817174673307857e-06,3.500825217929079208e-07,1.078185928991570286e+00,1.265055023558819354e-13,1.341691684780107476e-14,5.456575103152331352e-13,2.539490695565663926e-10,8.938118183488682636e-15,3.444156829244682208e-14,1.978594777872265006e-13,2.936760222263197266e-14,7.824836301099082840e-09,1.880324598726035842e-20,1.087696347720833123e-10,1.566152094316359703e-31,2.146952988768785666e-23,4.240265380829097164e-09,3.805207964124609045e-04
5.989999999999999769e-01,2.113671228295370241e+00,1.067561767148565988e+00,3.272355610856730201e-05,1.013506319440179586e-06,3.389068325437900216e-07,1.045706315206119674e+00,1.213622286155063637e-13,1.284624826323845107e-14,5.460833619075863658e-13,2.475932755383362045e-10,9.627030114136610418e-15,3.458212099299324216e-14,1.978957944752735062e-13,2.947675329765936626e-14,7.620691590801996609e-09,1.831641471687678934e-20,1.055792557699318836e-10,1.556360070856456133e-31,2.302031799042077226e-23,4.129002438807535004e-09,3.690578676052443758e-04
5.994999999999999218e-01,2.035343991997656143e+00,1.028717229342560380e+00,3.167442730352200181e-05,9.798905214888459599e-07,3.260453742747049467e-07,1.006238641918647758e+00,1.163981783532149580e-13,1.286890830581720291e-14,5.485845005438680657e-13,2.401006838555005788e-10,1.037914527680530572e-14,3.468462071376198913e-14,1.973834141722555833e-13,2.955250891846006193e-14,7.373645911083857081e-09,1.771606438632436707e-20,1.017190248939073637e-10,1.535427066007060780e-31,2.470644944104258231e-23,3.992050280290811980e-09,3.551286647835745621e-04
5.999999999999999778e-01,1.944313475549990455e+00,9.833473111868256122e-01,3.046321136733482474e-05,9.406153221410040254e-07,3.117099760916137557e-07,9.605954176322177851e-01,1.116423030783199913e-13,1.354813343687419042e-14,5.532027453510947863e-13,2.315711368525537490e-10,1.119033213313013317e-14,3.475570262568856023e-14,1.963791210705566208e-13,2.960054826212035129e-14,7.088398189957066068e-09,1.701375341997680607e-20,9.728631746060716918e-11,1.503840894995405017e-31,2.652017033995699641e-23,3.832039037361804421e-09,3.390199440365045417e-04
6.005000000000000338e-01,1.842415637361321412e+00,9.323706278263310665e-01,2.911226709684931570e-05,8.964183588685148695e-07,2.961426331122409437e-07,9.096936386312542977e-01,1.071235290398869571e-13,1.495889369132155867e-14,5.597944536583921775e-13,2.220862635118950612e-10,1.205627426400220829e-14,3.480198750064160205e-14,1.949687795092082252e-13,2.962643581107298201e-14,6.770248265297765053e-09,1.622271909625460324e-20,9.238642083858295323e-11,1.462354786202592569e-31,2.845370815129593796e-23,3.651974355468883832e-09,3.210553379988433185e-04
6.009999999999999787e-01,1.731649371374410995e+00,8.767930353110702235e-01,2.764583753618485930e-05,8.481076978580689917e-07,2.796086085481828689e-07,8.545259671457559048e-01,1.028692173427144137e-13,1.718578251628828886e-14,5.680371036976053936e-13,2.117148781698274918e-10,1.297264644938226406e-14,3.482690835968039423e-14,1.932631265123847788e-13,2.963297195888274935e-14,6.424941780657317019e-09,1.535749160231999257e-20,8.712738378476202373e-11,1.411964056929429175e-31,3.049950722371652571e-23,3.455149063369054890e-09,3.015851838507836030e-04
6.014999999999999236e-01,1.614114967903885089e+00,8.176764282920687688e-01,2.608936371961126030e-05,7.965386869235082258e-07,2.623889085654404620e-07,7.961304059131867339e-01,9.890384909010216042e-14,2.031657978020143970e-14,5.774989249616422238e-13,2.005217521571183297e-10,1.393523842078453233e-14,3.482894558566159050e-14,1.913883258159778767e-13,2.961878751967654956e-14,6.058506510914278971e-09,1.443347926003462561e-20,8.161523927182471604e-11,1.353872871936953756e-31,3.265032664284507282e-23,3.245048783397942173e-09,2.809758206558847049e-04
6.019999999999999796e-01,1.491951528023099272e+00,7.561067727440885511e-01,2.446878784112466512e-05,7.425902067585991478e-07,2.447723508164599701e-07,7.355596913733692954e-01,9.524800849821945892e-14,2.443480123979689036e-14,5.877472072740039555e-13,1.885781631068576884e-10,1.494001269166641174e-14,3.480207027264665542e-14,1.894731762741495191e-13,2.957882180199703231e-14,5.677086261191261030e-09,1.346654023951279992e-20,7.594996747600459298e-11,1.289452502147619178e-31,3.489918939781191054e-23,3.025255070172017703e-09,2.595987873970910954e-04
6.025000000000000355e-01,1.367275802073545377e+00,6.931626528985798119e-01,2.280987114138084481e-05,6.871411948239963916e-07,2.270475767928284831e-07,6.738515964397153724e-01,9.191776482878202523e-14,2.961547996529526727e-14,5.984579509091088381e-13,1.759723691780971347e-10,1.598308208730392329e-14,3.473828847715020938e-14,1.876361387772524041e-13,2.950654414056156727e-14,5.286778404559171511e-09,1.247255634387081394e-20,7.022246208673764567e-11,1.220192901221802660e-31,3.723916856621977091e-23,2.799349653479547394e-09,2.378203420266886245e-04
6.029999999999999805e-01,1.242124768505418642e+00,6.298855448222560049e-01,2.113755040780202252e-05,6.310482736912683113e-07,2.094954379676840899e-07,6.120012462054719160e-01,8.892455398598785049e-14,3.592739570144824448e-14,6.094897114050165305e-13,1.628181725914017142e-10,1.706059218463839110e-14,3.463128152875762086e-14,1.859754979639093197e-13,2.939702932207902524e-14,4.893480778328736271e-09,1.146702401853376014e-20,6.451263375283821388e-11,1.147649706698919888e-31,3.966299145474264039e-23,2.570823188889772620e-09,2.159916909351166964e-04
6.034999999999999254e-01,1.118404007783260878e+00,5.672529049118750777e-01,1.947535450728767034e-05,5.751252371377341972e-07,1.923821643162230164e-07,5.509364126847652310e-01,8.627559386425541300e-14,4.344223940506358116e-14,6.208974233121733392e-13,1.492600245714894929e-10,1.816850834252552574e-14,3.447962528234177443e-14,1.845648926341968371e-13,2.924959330066713243e-14,4.502753054253881897e-09,1.046467667245250065e-20,5.888864701280531547e-11,1.073389083973451957e-31,4.216247061045861278e-23,2.342991598450558452e-09,1.944402698012059145e-04
6.039999999999999813e-01,9.978435752378639334e-01,5.061549885237879298e-01,1.784489891966808964e-05,5.201250372134988720e-07,1.759535975140413554e-07,4.914965769539267892e-01,8.397473380191348055e-14,5.224780280193522982e-14,6.328828652820738226e-13,1.354736375705605432e-10,1.930234242315291449e-14,3.428817592446981694e-14,1.834545246946906629e-13,2.906882135543537336e-14,4.119696862350487294e-09,9.479150781307554458e-21,5.340715989752759425e-11,9.989332203738064252e-32,4.472784627470125201e-23,2.118922632338583821e-09,1.734623540592005646e-04
6.045000000000000373e-01,8.819626587568186737e-01,4.473761031249987585e-01,1.626547201582155100e-05,4.667247802110260973e-07,1.604305874917336218e-07,4.344163399792375091e-01,8.202348399277127415e-14,6.245964851881673373e-14,6.456999014005984377e-13,1.216617326740019250e-10,2.045690094525510873e-14,3.406691716344115633e-14,1.826763440710380347e-13,2.886344803384609018e-14,3.748857930592139619e-09,8.522706139827245115e-21,4.811433498316488159e-11,9.257096419241344839e-32,4.734722665420198070e-23,1.901374726700467319e-09,1.533172041340617959e-04
6.049999999999999822e-01,7.720438473147965830e-01,3.915807646584920088e-01,1.475372211554597769e-05,4.155140868844993770e-07,1.460054864721823336e-07,3.803135393040393275e-01,8.042187093709687238e-14,7.422511711495855873e-14,6.595474051786965671e-13,1.080452612641497394e-10,2.162617041353751583e-14,3.382760709301366282e-14,1.822502157372318384e-13,2.864343795836864614e-14,3.394152372183647960e-09,7.606008077752262154e-21,4.304732908319054813e-11,8.550076273213986424e-32,5.000638604456723353e-23,1.692749606129547562e-09,1.342228715009815459e-04
6.054999999999999272e-01,6.691173611124834331e-01,3.393049791195287268e-01,1.332344950311157107e-05,3.669870114127881026e-07,1.328395970165541316e-07,3.296822003177716232e-01,7.916878907238398550e-14,8.771553033551235097e-14,6.744860908179225626e-13,9.485109521433929190e-11,2.280344985640478401e-14,3.357952293229366955e-14,1.821880323443094417e-13,2.841640861888828047e-14,3.058818087725811622e-09,6.737976487461496253e-21,3.823595201626074032e-11,7.879445673254764909e-32,5.268916435100698089e-23,1.495059418769431016e-09,1.163537109987596528e-04
6.059999999999999831e-01,5.739551297185772061e-01,2.909526275428583331e-01,1.198550290734898723e-05,3.215375538255718556e-07,1.210614652166005858e-07,2.828902303343429625e-01,7.826169166228584198e-14,1.031066077685774366e-13,6.904066322956107775e-13,8.229768398053281830e-11,2.398178022105686587e-14,3.332607113178889730e-14,1.824939599755321165e-13,2.818489253132353887e-14,2.745391129996083337e-09,5.925703220141805307e-21,3.370421220598691909e-11,7.254440324441458649e-32,5.537857055866601186e-23,1.309908536744216476e-09,9.983956700803253042e-05
6.065000000000000391e-01,4.870741753323445389e-01,2.467967047747579856e-01,1.074777574368606665e-05,2.794586506757947703e-07,1.107660255554650150e-07,2.401815623317100079e-01,7.769574481294301968e-14,1.205520327318165571e-13,7.070588303824365250e-13,7.058045911039895300e-11,2.515461442007369649e-14,3.306378383910963510e-14,1.831609844370312373e-13,2.794568185803303667e-14,2.455705869419024318e-09,5.174435981676197743e-21,2.947153107198125802e-11,6.682256951501282837e-32,5.805844829654034389e-23,1.138489540770776079e-09,8.476653003450781499e-05
6.069999999999999840e-01,4.087483849856741180e-01,2.069849620080846941e-01,9.615293851075805117e-06,2.409443959714641985e-07,1.020147254316579945e-07,2.016822823662445252e-01,7.746285696520526596e-14,1.401588936927836011e-13,7.241313379237694442e-13,5.985879070010985068e-11,2.631655562753749042e-14,3.278432003896064598e-14,1.841658240958316370e-13,2.769170329938044689e-14,2.190916942702598138e-09,4.487623597521568154e-21,2.555349701501305751e-11,6.168055072271847874e-32,6.071529453455283058e-23,9.815923656476236979e-10,7.117909923807998369e-05
6.074999999999999289e-01,3.390274545896949099e-01,1.715493392991893629e-01,8.590383618720908498e-06,2.060951340921868076e-07,9.483680236369469286e-08,1.674101375722617524e-01,7.755116895155076890e-14,1.619746993005081773e-13,7.413552973422573793e-13,5.024606944857866326e-11,2.746391482889957781e-14,3.247886615229686147e-14,1.854652736083366912e-13,2.741583308590938925e-14,1.951540286373211626e-09,3.867014775165543156e-21,2.196212811593723873e-11,5.715032161276405317e-32,6.333964747649698185e-23,8.396251346067399992e-10,5.908353806129836662e-05
6.079999999999999849e-01,2.777615703725431207e-01,1.404184536564228591e-01,7.672907286075679228e-06,1.749249817308873365e-07,8.923180613436274425e-08,1.372867249640991327e-01,7.794555183017579557e-14,1.859930135550223933e-13,7.585982355720883804e-13,4.180404349860420871e-11,2.859484575689658291e-14,3.214327474173330068e-14,1.869966861052568036e-13,2.711519794120549827e-14,1.737510052958685408e-09,3.312800596918643914e-21,1.870570488626721023e-11,5.324539110517967124e-32,6.592647829666021064e-23,7.126448678015401647e-10,4.845217598510459127e-05
6.085000000000000409e-01,2.246302650091190622e-01,1.134323343172392862e-01,6.860550773278490091e-06,1.473712779596136866e-07,8.517326270260616862e-08,1.111516070059553052e-01,7.862939136828505668e-14,2.121789801979944618e-13,7.759185364178837298e-13,3.454195323572399284e-11,2.970892281331003222e-14,3.178184020091458138e-14,1.886836990430190277e-13,2.679418821258478832e-14,1.548247872012492305e-09,2.823790105410566021e-21,1.578830701795517949e-11,4.996210215766461478e-32,6.847427162166012889e-23,6.003960177205809525e-10,3.922839029270570410e-05
6.089999999999999858e-01,1.791738465703803240e-01,9.035857003195024717e-02,6.149148614002221427e-06,1.233054299582320140e-07,8.261313779841415009e-08,8.877758754577340372e-02,7.958751363783963609e-14,2.405088614793658556e-13,7.935639959470297605e-13,2.842037035917811113e-11,3.080621173270609798e-14,3.140800997067778194e-14,1.904461053951253818e-13,2.646480298242236296e-14,1.382740741115400232e-09,2.397608468522341840e-21,1.320923162700055608e-11,4.728098222225822181e-32,7.098290692011279470e-23,5.023546600043131306e-10,3.133199735711973878e-05
6.094999999999999307e-01,1.408258430644420134e-01,7.090905121835830438e-02,5.533030399184835354e-06,1.025446154586927485e-07,8.148657786615803256e-08,6.988640829897263540e-02,8.080967533130551286e-14,2.710117036530508652e-13,8.119157865585110739e-13,2.335905457878076967e-11,3.188608295677172430e-14,3.104146138394912435e-14,1.922108898071957049e-13,2.614394050342578634e-14,1.239623807893546644e-09,2.030908082512753961e-21,1.096248077835675224e-11,4.516824030954436863e-32,7.345091733251528248e-23,4.177761460164664410e-10,2.466479235208664548e-05
6.099999999999999867e-01,1.089450240408231241e-01,5.475654791369169438e-02,5.005373603785680267e-06,8.486381970766649044e-08,8.171637175889658608e-08,5.416418668286390042e-02,8.229377612557388032e-14,3.037987397892691531e-13,8.313958675632609891e-13,1.924767606848176022e-11,3.294615632741356211e-14,3.070242371683689197e-14,1.939207106315871142e-13,2.584847441522819786e-14,1.117264432086163787e-09,1.719584206142782196e-21,9.036484448631119511e-12,4.357764409885760148e-32,7.587302483799102622e-23,3.457440954676804011e-10,1.911599767870828965e-05
6.105000000000000426e-01,8.284574016624715598e-02,4.155045569121240678e-02,4.558548768531920959e-06,7.000772252628290279e-08,8.321671890150332602e-08,4.127600396631316004e-02,8.404797250047840433e-14,3.390685130774813093e-13,8.523664436943535235e-13,1.595797460846705259e-11,3.398177819112143922e-14,3.040532215120768729e-14,1.955368867338729942e-13,2.558993155007565432e-14,1.013844196000872472e-09,1.458987923004936577e-21,7.414177717116615472e-12,4.245302670580852834e-32,7.823888190913279447e-23,2.852187638987346969e-10,1.456741151552852825e-05
6.109999999999999876e-01,6.182554610927953193e-02,3.093115787710521564e-02,4.184444722274660952e-06,5.770200716754120623e-08,8.589616394381736639e-08,3.087916091961315224e-02,8.609120322414111287e-14,3.770826848260701399e-13,8.750516320714234930e-13,1.335586552700486604e-11,3.498629516524546022e-14,3.015426063195679247e-14,1.970359961513385854e-13,2.537089612906095699e-14,9.274359542485273282e-10,1.244130142471958698e-21,6.073487523485762674e-12,4.173154232125330617e-32,8.053363625705084221e-23,2.350830496797124813e-10,1.089808609364874354e-05
6.114999999999999325e-01,4.518932451544925566e-02,2.254258447984688538e-02,3.874763773476091310e-06,4.766373374916945393e-08,8.965985916203548529e-08,2.263473847221821739e-02,8.845217466517311088e-14,4.181171114013883178e-13,8.995040590991556372e-13,1.131215171941926586e-11,3.595213540913704269e-14,2.994231344895470386e-14,1.984017278463959930e-13,2.518473601438379532e-14,8.560735575200668833e-10,1.069870929966834302e-21,4.988216071991273986e-12,4.134754568241183330e-32,8.274035215787193397e-23,1.941846944826651128e-10,7.988407763585137064e-06
6.119999999999999885e-01,3.226939229513393903e-02,1.604268709256138209e-02,3.621279412965682592e-06,3.961050178863841602e-08,9.441152145813295802e-08,1.621722543146372070e-02,9.116740588946435991e-14,4.624018999865498483e-13,9.256252967742792253e-13,9.710822064279139880e-12,3.687242023746325494e-14,2.975521374030730027e-14,1.996156324358919119e-13,2.501903450038075849e-14,7.978125122206694132e-10,9.310888838768126878e-22,4.129245897678560077e-12,4.123669608328156045e-32,8.484365793828866237e-23,1.613735626433347151e-10,5.723494876014908594e-06
6.125000000000000444e-01,2.244132891165281224e-02,1.111168599938283652e-02,3.416051835231159612e-06,3.326821365017957425e-08,1.000554737980842237e-07,1.132209676430170550e-02,9.427928496879088230e-14,5.100694989921194811e-13,9.532331290673078129e-13,8.454347749239466933e-12,3.774261030642582005e-14,2.957830920946210272e-14,2.006510559698348879e-13,2.486165545726064521e-14,7.507804968054461767e-10,8.228258608843875735e-22,3.465944792274121382e-12,4.133968905715492144e-32,8.683348418238502697e-23,1.355332378591894234e-10,3.995872361142144988e-06
6.129999999999999893e-01,1.513550584655493254e-02,7.458073166938602658e-03,3.251599260891734041e-06,2.837733789567433188e-08,1.064989900306484410e-07,7.671337941416667139e-03,9.783508934997950075e-14,5.611291681449237209e-13,9.821551883237167696e-13,7.465855557724068483e-12,3.856162910236116992e-14,2.940426584860092048e-14,2.014735010982594221e-13,2.470723583560333293e-14,7.132172910154947605e-10,7.404033919857704699e-22,2.967623133699304231e-12,4.160498747587150888e-32,8.870761345103116737e-23,1.156065277889101391e-10,2.707421418282383091e-06
6.134999999999999343e-01,9.844505610352223546e-03,4.822466499660995817e-03,3.121025412485090391e-06,2.469765309696082673e-08,1.136548700712663868e-07,5.017008300195794322e-03,1.018875551256607462e-13,6.154790414869370115e-13,1.012321139317860786e-12,6.688487967104672883e-12,3.933203845510293799e-14,2.923851510714063260e-14,2.020482954633133250e-13,2.456156086323331182e-14,6.835042362874911271e-10,6.795087671517886650e-22,2.604893873202819293e-12,4.199009439432673809e-32,9.047206400810073240e-23,1.006147963650241850e-10,1.770637122498329832e-06
6.139999999999999902e-01,6.126789371222611351e-03,2.979502129276391000e-03,3.018105412064421195e-06,2.201152394889993097e-08,1.214438881564856605e-07,3.143015665978082015e-03,1.064969708308867476e-13,6.729552967798417193e-13,1.043826112626454210e-12,6.082593342376016194e-12,4.005913372104199681e-14,2.910011121698403885e-14,2.023536470838553054e-13,2.444192138124988298e-14,6.601838005207522378e-10,6.362508924308911169e-22,2.350805024349806264e-12,4.246124625998813965e-32,9.213900260619318873e-23,8.967133145879907256e-11,1.109254736203750213e-06
6.145000000000000462e-01,3.607099632894661921e-03,1.738019844119213049e-03,2.937333776219020212e-06,2.012581930700234990e-08,1.297966109718069047e-07,1.865333472250971670e-03,1.117341547829779884e-13,7.334052946803288955e-13,1.076946160721804603e-12,5.621586127745273780e-12,4.074918627130865051e-14,2.901730341569581887e-14,2.023950079556546232e-13,2.437299055670817097e-14,6.419701548689350670e-10,6.071883006915827408e-22,2.181651361101583802e-12,4.299180695839961596e-32,9.372270886883038924e-23,8.198918920563545537e-11,6.583263367781123541e-07
6.149999999999999911e-01,1.974166823579501760e-03,9.398410803021027115e-04,2.873939111911153152e-06,1.887262460360201664e-08,1.386541506211341904e-07,1.030929720248218578e-03,1.176833015139811384e-13,7.967622211642799957e-13,1.112099877510213466e-12,5.287362881283858311e-12,4.140736417176712736e-14,2.901914972338312215e-14,2.022159871523738405e-13,2.437947537674271359e-14,6.277518905072734439e-10,5.893336596196040704e-22,2.077419379900497738e-12,4.355997952838855127e-32,9.523481113902681446e-23,7.688413006383438401e-11,3.638428176738346236e-07
6.154999999999999361e-01,9.763275788114410833e-04,4.574598792965444967e-04,2.823870652946921878e-06,1.810892917795673930e-08,1.479676852238550459e-07,5.156950497143173405e-04,1.244437174509492480e-13,8.630962500721820945e-13,1.149765448999259341e-12,5.066066686476945348e-12,4.203599876743604678e-14,2.912613584600029018e-14,2.019021173577293559e-13,2.447814239613718813e-14,6.165881289490603949e-10,5.801403348011998820e-22,2.021869600812522712e-12,4.414660758007619989e-32,9.668032813455980014e-23,7.377337638566077720e-11,1.820026489409953036e-07
6.159999999999999920e-01,4.156618770077742946e-04,1.909669552788926248e-04,2.783762026367687292e-06,1.771548381425608944e-08,1.576969456529818795e-07,2.216568292474205477e-04,1.321299135636415436e-13,9.326229807553827713e-13,1.190375326323565468e-12,4.944792096636010714e-12,4.263378026196786232e-14,2.934335101485282503e-14,2.015761729771016388e-13,2.467223975573972314e-14,6.076993340799106838e-10,5.774767865975393138e-22,2.002305339544779480e-12,4.473375471525190910e-32,9.805585546925452825e-23,7.217098257828429859e-11,7.822865485841425844e-08
6.165000000000000480e-01,1.412219467796517166e-04,6.450868994106506759e-05,2.750877684343725271e-06,1.759502724708169288e-08,1.678081822796272427e-07,7.375026575964722985e-05,1.408702146559916962e-13,1.005662627238047289e-12,1.234217954354820364e-12,4.909560752726498737e-12,4.319618058298325545e-14,2.965901903184442451e-14,2.013865490593946096e-13,2.495061763399194026e-14,6.004541371571410861e-10,5.795938395217149865e-22,2.009110816516907571e-12,4.530445036724398631e-32,9.935057991946112654e-23,7.168062480778400575e-11,2.602845169231189215e-08
6.169999999999999929e-01,4.186525157386595993e-05,2.255039284323996580e-05,2.723047322182598646e-06,1.767007462003971694e-08,1.782722579157921726e-07,1.638940867787079918e-05,1.508046974983036731e-13,1.082559382034868820e-12,1.281375375296375112e-12,4.944623943176320400e-12,4.371700864762199086e-14,3.004929944048941749e-14,2.014923925840247083e-13,2.529219642983718790e-14,5.943534482017275294e-10,5.850884622065221993e-22,2.035159666974472158e-12,4.584357165964652037e-32,1.005498986448668423e-22,7.198659566530967138e-11,5.784262918942945709e-09
6.174999999999999378e-01,3.912475902319091815e-05,2.617080571715126367e-05,2.698593328297511245e-06,1.788044759851495508e-08,1.890634027804279998e-07,1.004419933473623831e-05,1.620835953717753946e-13,1.163584404394375892e-12,1.331716777841137667e-12,5.032908185867597807e-12,4.419063251065264702e-14,3.048792234833246932e-14,2.020499731155852437e-13,2.567442774351822554e-14,5.890130504116025459e-10,5.928660991001957405e-22,2.075196049088686097e-12,4.633943170925600737e-32,1.016405670585734212e-22,7.284373695624928917e-11,3.544867947618445842e-09
6.179999999999999938e-01,8.046002671256847593e-05,4.956687819101810778e-05,2.676255858516594668e-06,1.818070639941760019e-08,2.001588550638493065e-07,2.798800677271950108e-05,1.748671356522142255e-13,1.248853111218993746e-12,1.384953026162092835e-12,5.157247852972778910e-12,4.461417917887910485e-14,3.095727999737238519e-14,2.032040070094922805e-13,2.608278659457833351e-14,5.841457559508032776e-10,6.021022729438864955e-22,2.125275905437218577e-12,4.678539718699815561e-32,1.026157843735288981e-22,7.406696602311415575e-11,9.877720073772302371e-09
6.185000000000000497e-01,1.331397602142630956e-04,7.689829910877195199e-05,2.655119484766944449e-06,1.853761961528097875e-08,2.115392229231212391e-07,5.333677497056184995e-05,1.893271422845477166e-13,1.338284948212580087e-12,1.440739611793281155e-12,5.301964057153944303e-12,4.498902076303843876e-14,3.145683694445094644e-14,2.050857439895854673e-13,2.651776113212468739e-14,5.795440410633777475e-10,6.122034570223336961e-22,2.182329326983951568e-12,4.718084168986630961e-32,1.034786221501880021e-22,7.552095248778201754e-11,1.882398193594746901e-08
6.189999999999999947e-01,1.789168339883226487e-04,9.955359839564998032e-05,2.634544558791971143e-06,1.892777974266228022e-08,2.231891004459457668e-07,7.645892642213081433e-05,2.056498757723469448e-13,1.431621735791085553e-12,1.498800176300524757e-12,5.454354053198986111e-12,4.532107488374321300e-14,3.200549503363439502e-14,2.078174194539529573e-13,2.699654333719889934e-14,5.750638821181595268e-10,6.227671899631049732e-22,2.243872013272907952e-12,4.753095770369132155e-32,1.042427079436848653e-22,7.711038849307949085e-11,2.698441085219730412e-08
6.194999999999999396e-01,2.095754498427867575e-04,1.138766039416699410e-04,2.614105518241750821e-06,1.933544253910229120e-08,2.350973773017179485e-07,9.279689611947368032e-05,2.240388636709491781e-13,1.528502403393557508e-12,1.559034508761144491e-12,5.605737856510737665e-12,4.561981432635522839e-14,3.263664675173308295e-14,2.115210193054679613e-13,2.754846125521512882e-14,5.706102968795867153e-10,6.335419267757928996e-22,2.307860910358247585e-12,4.784532267310477402e-32,1.049299238581039523e-22,7.877117368025442854e-11,3.275051958953126070e-08
6.199999999999999956e-01,2.233608397031501146e-04,1.193556169441430147e-04,2.593537439286926266e-06,1.975063888020014330e-08,2.472568372192225751e-07,1.011083354629039238e-04,2.447162393232781708e-13,1.628573140509025776e-12,1.621576971087260930e-12,5.751844907904211441e-12,4.589627594509916251e-14,3.338734353744580610e-14,2.163286940119793448e-13,2.820549253453335905e-14,5.661248784625452756e-10,6.443878795480595675e-22,2.372662224950378232e-12,4.813551899377818918e-32,1.055657918585847668e-22,8.046271518440180625e-11,3.568384993182729003e-08
6.205000000000000515e-01,2.222469218105462430e-04,1.172490163260706919e-04,2.572691307941632836e-06,2.016758095001886660e-08,2.596629762161683994e-07,1.021086906327323780e-04,2.679215300191414240e-13,1.731598936393334330e-12,1.686784149200241334e-12,5.892483411358667158e-12,4.616065716282065487e-14,3.428530450513234914e-14,2.223925520958982932e-13,2.899111696128143727e-14,5.615754157001419917e-10,6.552407511137176161e-22,2.437083620241246116e-12,4.841241338438757502e-32,1.061739065454520016e-22,8.216143238670650012e-11,3.603690208595945341e-08
6.209999999999999964e-01,2.099574189090720180e-04,1.096005124809141314e-04,2.551497821417981624e-06,2.058336233138871939e-08,2.723123417361986361e-07,9.747745692538555082e-05,2.939078257101158386e-13,1.837539864484666182e-12,1.755151348443386058e-12,6.030587585037065965e-12,4.642020185330830523e-14,3.533850782344055492e-14,2.298924529294586687e-13,2.991156250237094511e-14,5.569475406831602235e-10,6.660805321933189630e-22,2.500418603490208181e-12,4.868381562599440273e-32,1.067710379684493329e-22,8.385546425142979365e-11,3.440241511392461045e-08
6.214999999999999414e-01,1.906307491991911392e-04,9.858467226515156339e-05,2.529939079024529335e-06,2.099693506249872485e-08,2.852009363755556617e-07,8.917781577308581857e-05,3.229364628448075553e-13,1.946564806975438493e-12,1.827180599783152905e-12,6.170856846349729526e-12,4.667798017098212435e-14,3.653139596748134018e-14,2.390411368911154607e-13,3.095282251804496274e-14,5.522382401913951853e-10,6.769072917694046327e-22,2.562459324937197668e-12,4.895313285810036864e-32,1.073643023224400303e-22,8.554050888376666041e-11,3.147324854065004565e-08
6.219999999999999973e-01,1.680071314629247130e-04,8.611783225842260824e-05,2.508027269488649587e-06,2.140833615658085305e-08,2.983232360761428354e-07,7.903299919895245829e-05,3.552722777060570639e-13,2.058994230021952348e-12,1.903240894598157181e-12,6.318267429662903975e-12,4.693289907406114314e-14,3.782947129082218271e-14,2.500861358754292822e-13,3.208485487325648627e-14,5.474510101033820235e-10,6.877251747287910485e-22,2.623451154934427150e-12,4.921935509091682240e-32,1.079511793726473347e-22,8.721668129543321728e-11,2.789286997752306285e-08
6.225000000000000533e-01,1.450157285495500274e-04,7.366993545364941315e-05,2.485789361476372850e-06,2.181813062320202161e-08,3.116721354113205226e-07,6.850169180776764788e-05,3.911816703693252080e-13,2.175186404039297097e-12,1.983467918405358953e-12,6.476743263782583921e-12,4.718092937414435549e-14,3.919103106521778670e-14,2.633074551827580952e-13,3.327178989026969995e-14,5.425924099202356641e-10,6.985347818701011950e-22,2.683983717859661609e-12,4.947834154848381357e-32,1.085223442296521209e-22,8.888625298844153847e-11,2.417608844503430256e-08
6.229999999999999982e-01,1.236477973204066420e-04,6.221778586290739989e-05,2.463256795015892737e-06,2.222703622705667358e-08,3.252397511914263386e-07,5.859796426778769620e-05,4.309349690076064319e-13,2.295400798949529242e-12,2.067742140704582364e-12,6.648222546620352443e-12,4.741720457050141717e-14,4.058208468794447232e-14,2.790095721382777907e-13,3.448470462830222184e-14,5.376697742433758216e-10,7.093329545600891665e-22,2.744833198100593746e-12,4.972503377511483774e-32,1.090665166495894464e-22,9.055212991096658460e-11,2.068079674579332892e-08
6.234999999999999432e-01,1.050160834748805575e-04,5.228827272362562264e-05,2.440459200794209418e-06,2.263569550502296382e-08,3.390186546190437745e-07,4.990744350304994025e-05,4.748130547440862117e-13,2.419681692069677919e-12,2.155761917601910662e-12,6.832262865046979020e-12,4.763842362033475714e-14,4.198912992767753355e-14,2.975066386707504023e-13,3.571241853938070324e-14,5.326898473118171767e-10,7.201179333166666444e-22,2.806785038462507403e-12,4.995599092179735740e-32,1.095760149142801752e-22,9.221692711297286022e-11,1.761367836111489600e-08
6.239999999999999991e-01,8.951855317478135080e-05,4.404989499850958066e-05,2.417421214157341466e-06,2.304456176730659106e-08,3.530029211617640817e-07,4.265949659333413441e-05,5.231164102392742344e-13,2.547800695910782264e-12,2.247198313906284380e-12,7.026211711852626951e-12,4.784492284911586670e-14,4.342500332456159882e-14,3.191014345379470010e-13,3.696628513188449788e-14,5.276581189691831504e-10,7.308970957244677901e-22,2.870471703173928924e-12,5.017157584875616471e-32,1.100515463606623506e-22,9.388250412512885300e-11,1.505568309166477478e-08
6.245000000000000551e-01,7.704372363791978280e-05,3.742120858131428205e-05,2.394161500526360231e-06,2.345386745522952621e-08,3.671884708389669203e-07,3.682408064655399494e-05,5.761733919719626493e-13,2.679279658759606478e-12,2.341890068491196744e-12,7.225854876234366266e-12,4.804187501444267972e-14,4.492534306268811598e-14,3.440614452304743454e-13,3.827697056776951466e-14,5.225786551586492855e-10,7.416941605000468566e-22,2.936256386472000479e-12,5.037722101984802810e-32,1.105049812935415652e-22,9.554983258220709550e-11,1.299620798319772788e-08
6.250000000000000000e-01,6.717348057070130461e-05,3.217464790595513791e-05,2.370693185859476464e-06,2.386364551290997223e-08,3.815724906810137761e-07,3.221070382058448711e-05,6.343442287873834733e-13,2.813490237198739141e-12,2.440020416525631338e-12,7.426365116841496619e-12,4.823929217302272978e-14,4.653652854340531053e-14,3.725984550181848513e-13,3.968404338449774609e-14,5.174542366384469448e-10,7.525529877716079586e-22,3.004182155360832198e-12,5.058343477966864968e-32,1.109593628847631524e-22,9.721907755639780944e-11,1.136802333358949727e-08
6.254999999999999449e-01,5.935596520968269759e-05,2.802283329543567541e-05,2.347025006875615237e-06,2.427377789771494650e-08,3.961521523030611703e-07,2.855497455230273995e-05,6.980183142137215554e-13,2.949801271018693016e-12,2.542219296700157671e-12,7.623324772249929207e-12,4.845079741082573345e-14,4.829910955227565950e-14,4.048597082928972440e-13,4.122184655393600936e-14,5.122866495748805158e-10,7.635359635967663716e-22,3.073990507136147928e-12,5.080451258212471405e-32,1.114460728861029045e-22,9.888978856624098330e-11,1.007781824411621975e-08
6.260000000000000009e-01,5.303498255131504325e-05,2.468152985251743486e-05,2.323162663328729917e-06,2.468405043736590297e-08,4.109231782202548940e-07,2.558502747811794572e-05,7.676045807395796807e-13,3.087728178885933330e-12,2.649555997460884679e-12,7.813596590975710139e-12,4.869142619939664206e-14,5.023255209429810288e-14,4.409375323737447297e-13,4.290661391583618482e-14,5.070770113304199147e-10,7.747163738584091220e-22,3.145197927520723442e-12,5.105622855120840140e-32,1.119997566936640030e-22,1.005611169955533790e-10,9.029644113588932532e-09
6.265000000000000568e-01,4.773299094900842744e-05,2.190868786932577387e-05,2.299110049416166839e-06,2.509419984501822991e-08,4.258789168493295028e-07,2.306545676163829166e-05,8.435174219779172933e-13,3.227035876524897758e-12,2.763422885364421206e-12,7.995864704525452329e-12,4.897496302218374803e-14,5.232689787519393074e-14,4.808997128169103776e-13,4.472954587021344408e-14,5.018260597802708836e-10,7.861659372075087481e-22,3.217207589140248669e-12,5.135303956411488669e-32,1.126521767978788457e-22,1.022320033234063373e-10,8.140419891153642770e-09
6.270000000000000018e-01,4.309204411614120763e-05,1.952249404899005983e-05,2.274870227708890891e-06,2.550394604611336760e-08,4.410104010357434952e-07,2.082019773425346421e-05,9.261627808624581622e-13,3.367759732299223098e-12,2.885349309904798403e-12,8.170750177525763886e-12,4.931146443273122893e-14,5.454467069194156059e-14,5.248356680695962228e-13,4.665860360537786581e-14,4.965343769806575995e-10,7.979403955775373155e-22,3.289428312092645340e-12,5.170548614311553299e-32,1.134264986889290131e-22,1.039013070206044579e-10,7.348007622212902824e-09
6.274999999999999467e-01,3.888134201190588643e-05,1.740328227727667301e-05,2.250446148690748792e-06,2.591300973846150622e-08,4.563074564054003157e-07,1.873816317487505623e-05,1.015929729052491649e-12,3.510134241259954050e-12,3.016812776270937902e-12,8.340503749238360928e-12,4.970562977780327944e-14,5.683281430288236901e-14,5.729058475536596419e-13,4.864876474730055233e-14,4.912025496331356848e-10,8.100672514211025974e-22,3.361374909597248195e-12,5.211848422827642271e-32,1.143335348694917975e-22,1.055678789684925876e-10,6.613201642479937251e-09
6.280000000000000027e-01,3.498179220251536840e-05,1.548478141549981422e-05,2.225841187513896103e-06,2.632111989723822070e-08,4.717604621810274767e-07,1.676655693357348287e-05,1.113191636154502847e-12,3.654448687824074352e-12,3.159121167400857153e-12,8.508370272556537734e-12,5.015653660170885232e-14,5.914084877367313634e-14,6.253768841853534215e-13,5.065745502031485281e-14,4.858312842278572998e-10,8.225399022285249489e-22,3.432731778527786241e-12,5.259104986874357646e-32,1.153711380007933571e-22,1.072305952117914552e-10,5.917368775197677793e-09
6.285000000000000586e-01,3.135778988847785916e-05,1.373985558846897312e-05,2.201059567028223517e-06,2.672801778834503036e-08,4.873620481297936731e-07,1.489691647366846102e-05,1.218318057527684148e-12,3.800873569535426954e-12,3.313420946421598873e-12,8.677785137443716926e-12,5.065896625771493695e-14,6.143907597829133395e-14,6.826256710317013976e-13,5.265991346170320707e-14,4.804214941537340791e-10,8.353212595753406355e-22,3.503372438959403114e-12,5.311769258176865697e-32,1.165272604681172218e-22,1.088883779645860124e-10,5.257522368171459630e-09
6.290000000000000036e-01,2.802492499544968313e-05,1.216496389117029087e-05,2.176106687182370450e-06,2.713346286240164924e-08,5.031079835124118921e-07,1.314836494315339149e-05,1.331694642052081746e-12,3.949312744271907376e-12,3.480846429924422284e-12,8.851589370143665732e-12,5.120614909740791606e-14,6.373043095398120104e-14,7.451029125119177731e-13,5.465909281735592754e-14,4.749743649938787295e-10,8.483575257339698989e-22,3.573338557397871401e-12,5.369129740256483408e-32,1.177862838309837329e-22,1.105402246996347004e-10,4.640411498791678723e-09
6.294999999999999485e-01,2.502011076493621878e-05,1.076634317733120595e-05,2.150989324599024720e-06,2.753724253129775810e-08,5.189968054687980932e-07,1.155156280342404791e-05,1.453745008448141283e-12,4.099329963264948641e-12,3.662776891303278804e-12,9.031433276382299069e-12,5.179334010713736181e-14,6.605161009647067777e-14,8.132595509806972895e-13,5.668644935671603326e-14,4.694913914061391997e-10,8.615996622940887947e-22,3.642790107873096718e-12,5.430687684523935978e-32,1.191372578372368224e-22,1.121852524164670611e-10,4.076857071824436486e-09
6.300000000000000044e-01,2.237820199218273372e-05,9.549654299177226128e-06,2.125715638968286149e-06,2.793918384420870615e-08,5.350282381112136340e-07,1.013568598609150411e-05,1.584946988527389930e-12,4.250176068743848574e-12,3.861128065857363558e-12,9.217484638944400198e-12,5.242130794997621920e-14,6.846275128865424846e-14,8.874540019967627107e-13,5.879307003657831646e-14,4.639743725503440624e-10,8.750271301820624206e-22,3.711942156372800643e-12,5.496523048913841267e-32,1.205819349935687765e-22,1.138227481596054919e-10,3.577156060540455314e-09
6.305000000000000604e-01,2.011691415201523995e-05,8.513713347056339271e-06,2.100294943630702433e-06,2.833916220501265688e-08,5.512009673559424347e-07,8.919619332919154778e-06,1.725836707727846781e-12,4.400911406462723428e-12,4.078587673941888334e-12,9.408481043339612908e-12,5.309870060423227926e-14,7.102894897903210986e-14,9.678690493509078307e-13,6.103396417394670652e-14,4.584253571681008999e-10,8.886667587114262180e-22,3.781003142068334284e-12,5.567542483462003775e-32,1.221402132243007494e-22,1.154522055122359491e-10,3.147973434775795524e-09
6.310000000000000053e-01,1.823001840691081200e-05,7.648067104235896753e-06,2.074737259486234993e-06,2.873710175396020958e-08,5.675106441572671624e-07,7.907580135741624719e-06,1.876997606613077572e-12,4.550586977435925907e-12,4.318718775801029608e-12,9.602085877176212807e-12,5.384242222627676128e-14,7.379985527647199883e-14,1.054469575249010451e-12,6.345083094152708548e-14,4.528465426840670699e-10,9.025999505349114107e-22,3.850125580292664000e-12,5.645518637220666081e-32,1.238509962582256813e-22,1.170733251124531519e-10,2.790797590529227815e-09
6.314999999999999503e-01,1.668749882151100795e-05,6.933611894815542103e-06,2.049052746188113633e-06,2.913296417284562459e-08,5.839489510702751912e-07,7.088658178398431709e-06,2.039036676756929867e-12,4.698427695136322683e-12,4.585897386760603308e-12,9.795442716698938489e-12,5.467562697268501461e-14,7.679447796193225661e-14,1.147023419704978652e-12,6.605931059293716035e-14,4.472401489354254220e-10,9.169541221413107951e-22,3.919374673300388968e-12,5.732879520266935860e-32,1.257675676136768413e-22,1.186859663559977434e-10,2.501778018525376321e-09
6.320000000000000062e-01,1.544063783438264273e-05,6.345189185027641951e-06,2.023251156291327268e-06,2.952672668994143829e-08,6.005041826251966464e-07,6.439304715884496970e-06,2.212555169331151989e-12,4.843958764246506221e-12,4.885108545729243822e-12,9.985787230616268398e-12,5.562361600166895153e-14,7.999668718854129991e-14,1.245188808894404922e-12,6.884535028341346023e-14,4.416082983782937603e-10,9.318788098612215736e-22,3.988715281328614767e-12,5.832278024643393117e-32,1.279481408807352296e-22,1.202900541226140657e-10,2.272603732083151864e-09
6.325000000000000622e-01,1.442978464306337986e-05,5.855073340928292548e-06,1.997341459598130266e-06,2.991835439563785719e-08,6.171632012478837884e-07,5.927610039243717108e-06,2.398123977834341393e-12,4.987032976936501816e-12,5.221678137445411488e-12,1.017097554483475124e-11,5.670863149531737450e-14,8.336338666971806281e-14,1.348648259753044177e-12,7.177229546155733130e-14,4.359529348916213733e-10,9.475119919382842954e-22,4.058014405913113643e-12,5.946045896007997466e-32,1.304438767486199522e-22,1.218854621707855604e-10,2.092012935038091710e-09
6.330000000000000071e-01,1.359274749251042228e-05,5.436428559217344522e-06,1.971331731132751335e-06,3.030777487251983436e-08,6.339140696258890361e-07,5.518234597829474789e-06,2.596273476914917251e-12,5.127747721023755453e-12,5.601046598257992673e-12,1.034982040975625428e-11,5.794504588607052831e-14,8.684298553493157609e-14,1.457248669644532132e-12,7.479666459053404306e-14,4.302758014157433917e-10,9.639462200452378459e-22,4.127055182592152880e-12,6.075689297038099918e-32,1.332878158947879057e-22,1.234719066008746885e-10,1.947533347671728141e-09
6.334999999999999520e-01,1.287219983168877341e-05,5.066077941533024282e-06,1.945229306521800915e-06,3.069486331903397084e-08,6.507483568592681719e-07,5.177041999854736857e-06,2.807503581926818069e-12,5.266275989785729606e-12,6.028682940795444944e-12,1.052218100059327598e-11,5.933653935768918749e-14,9.039820309925425209e-14,1.571098538777241389e-12,7.788752576015752023e-14,4.245784769001421510e-10,9.812055607414045856e-22,4.195558883768951472e-12,6.221593005880516519e-32,1.364883926763273927e-22,1.250488833122383784e-10,1.827117317490982787e-09
6.340000000000000080e-01,1.222106659249328289e-05,4.726227934074351347e-06,1.919041119043807214e-06,3.107944352255770896e-08,6.676622018006061991e-07,4.874758158972983728e-06,3.032313234619367227e-12,5.402664201320622448e-12,6.510193490545524873e-12,1.068881374401568362e-11,6.087644145229110782e-14,9.402560725059155570e-14,1.690581058799019112e-12,8.104302662946567653e-14,4.188624533046655371e-10,9.992422472529589623e-22,4.263212549082942482e-12,6.383056496299110460e-32,1.400302321846797936e-22,1.266156715791504671e-10,1.720433230739357336e-09
6.345000000000000639e-01,1.160544271938047486e-05,4.405069480774167584e-06,1.892774079779123564e-06,3.146130507060862767e-08,6.846556712123239597e-07,4.589288097600047207e-06,3.271241518831243002e-12,5.536661676374508934e-12,7.051612802904568466e-12,1.085104479206534643e-11,6.255154076996276047e-14,9.776522533932322135e-14,1.816265837896463381e-12,8.429843638715895556e-14,4.131292217526102628e-10,1.017956562817814401e-21,4.329700506399492003e-12,6.558693695165336799e-32,1.438829258211082950e-22,1.281714052951603621e-10,1.619683174816002889e-09
6.350000000000000089e-01,1.100510261401742881e-05,4.096394959607051889e-06,1.866435366742123047e-06,3.184023177878411795e-08,7.017306021017492349e-07,4.306609979849856397e-06,3.524907652169346213e-12,5.667637844625605452e-12,7.659797227517919357e-12,1.101035778801940590e-11,6.434856604241902405e-14,1.016967989897313916e-13,1.948735912032934262e-12,8.772280710482288750e-14,4.073803379303336801e-10,1.037236220734509753e-21,4.394737588696504370e-12,6.747112787676189711e-32,1.480159480580530941e-22,1.297151910863442289e-10,1.519918466661640152e-09
6.354999999999999538e-01,1.041203103518761826e-05,3.798508090466511493e-06,1.840032546216564584e-06,3.221603239247422393e-08,7.188877126610076896e-07,4.020398973342574914e-06,3.794036190976877281e-12,5.794616029868889219e-12,8.342798970269743199e-12,1.116799778287861301e-11,6.626155375917187058e-14,1.059237175844332668e-13,2.088379406034752795e-12,9.140515387664736043e-14,4.016174495266985430e-10,1.057004610415353578e-21,4.458100385150379716e-12,6.947688848255985282e-32,1.524156051634788938e-22,1.312462363010194107e-10,1.418906903462402949e-09
6.360000000000000098e-01,9.827620793126576451e-06,3.512760465949340243e-06,1.813573531812611755e-06,3.258856364731921903e-08,7.361240676178433938e-07,3.730691436754700828e-06,4.079457673067678561e-12,5.916415490680245880e-12,9.110097537105240895e-12,1.132467500967954808e-11,6.829779571530738435e-14,1.105498621160098525e-13,2.235214619708404017e-12,9.543462215354481219e-14,3.958422867735547920e-10,1.077263134680453609e-21,4.519651176644569863e-12,7.161187397752732447e-32,1.570987087038508149e-22,1.327639458364858370e-10,1.316661318363155532e-09
6.365000000000000657e-01,9.259245969695663501e-06,3.242034357863714470e-06,1.787066455779837591e-06,3.295773816838222113e-08,7.534318672078582195e-07,3.441977338593333443e-06,4.382082695959352548e-12,6.031858208044810356e-12,9.972609345197432461e-12,1.148041811858881084e-11,7.048024630808922235e-14,1.156570953213829255e-13,2.388814527495706481e-12,9.988124633229655153e-14,3.900566325591267018e-10,1.098113197557067718e-21,4.579348425509208599e-12,7.390016587279954956e-32,1.621180985119589049e-22,1.342679565722502184e-10,1.214766343495774214e-09
6.370000000000000107e-01,8.716857744212710678e-06,2.989426557495583949e-06,1.760519551378258872e-06,3.332351468720451877e-08,7.707990342327034391e-07,3.161112520016190820e-06,4.702856688102540212e-12,6.139975257271138456e-12,1.094247205141226902e-11,1.163458609933656780e-11,7.284519283085172621e-14,1.212910736021307976e-13,2.548369780860263080e-12,1.047838603724522280e-13,3.842622941728329968e-10,1.119748597612283626e-21,4.637238797023199374e-12,7.637982581226872533e-32,1.675572665794899180e-22,1.357580987161981312e-10,1.115641591075425927e-09
6.374999999999999556e-01,8.210101795116140304e-06,2.757295189782820298e-06,1.733941115108287017e-06,3.368587394805613552e-08,7.882113906452206258e-07,2.895387849125304251e-06,5.042710209396362350e-12,6.240146806326492190e-12,1.203268219070120879e-11,1.178601223117214047e-11,7.543542907859812567e-14,1.274604128345658356e-13,2.712884972032050206e-12,1.101494741628421045e-13,3.784610923433188717e-10,1.142417899890537633e-21,4.693429023028644391e-12,7.909573427228271432e-32,1.735146404210328715e-22,1.372342976207354276e-10,1.021860205736231286e-09
6.380000000000000115e-01,7.746264243232041976e-06,2.546732747723006148e-06,1.707339550451521973e-06,3.404478842619235332e-08,8.056556093608594174e-07,2.650999704388217110e-06,5.402522648833639188e-12,6.332130459376912413e-12,1.325672339655179748e-11,1.193322992029815716e-11,7.829069446035456273e-14,1.341498628184447805e-13,2.881455051459401553e-12,1.159646912930816046e-13,3.726548685513961595e-10,1.166366197089230850e-21,4.748040922995120748e-12,8.208956284877373976e-32,1.800815848524005794e-22,1.386964492496613668e-10,9.356090567917353146e-10
6.385000000000000675e-01,7.329156729207230116e-06,2.357441919978263118e-06,1.680723426662736913e-06,3.440019595603311368e-08,8.231218345627780178e-07,2.432056922147153538e-06,5.783114164469459647e-12,6.415968381011641372e-12,1.462833469995177191e-11,1.207472257656549580e-11,8.143823868417938470e-14,1.413434736883656613e-13,3.053534267207460079e-12,1.222157363075654503e-13,3.668454965511407385e-10,1.191773321713155539e-21,4.801158201428937022e-12,8.538987982061979968e-32,1.873207043384759067e-22,1.401443107533756940e-10,8.583382632219452678e-10
6.390000000000000124e-01,6.958881842614781144e-06,2.187927988640185528e-06,1.654101455472749899e-06,3.475198590390226713e-08,8.406049975855223951e-07,2.240152700110668778e-06,6.185272151992433725e-12,6.491802916008793459e-12,1.616152655759453557e-11,1.220914635792280441e-11,8.488662573354655945e-14,1.490503276494736554e-13,3.229102832491933598e-12,1.289107127166191450e-13,3.610348770606065772e-10,1.218708267694746029e-21,4.852777462422246635e-12,8.900565421825338214e-32,1.952516080221385205e-22,1.415774417979201905e-10,7.906101069492469516e-10
6.394999999999999574e-01,6.632298042052236841e-06,2.035887917400692710e-06,1.627482316755838941e-06,3.510000216155068704e-08,8.581043607976691653e-07,2.074441029501834476e-06,6.609806971950837329e-12,6.559660445189611723e-12,1.787086804963462593e-11,1.233549076776466736e-11,8.862512480917426679e-14,1.573244156733462476e-13,3.408662421061691649e-12,1.360968264459776272e-13,3.552249004552613394e-10,1.247115976646668410e-21,4.902776643776772013e-12,9.292561985031503678e-32,2.038495335881055316e-22,1.429952145799495240e-10,7.321260079486223182e-10
6.400000000000000133e-01,6.343936941897186200e-06,1.898670983143707623e-06,1.600874343937991996e-06,3.544406152036508182e-08,8.756214989799408699e-07,1.932095502847864401e-06,7.057620942872444887e-12,6.619274048085544434e-12,1.977197013949537319e-11,1.245316139286565185e-11,9.262940605043084119e-14,1.662720282722356669e-13,3.593044883803431422e-12,1.438668164255768921e-13,3.494173794869772398e-10,1.276843397427096659e-21,4.950911003414123886e-12,9.712425124903558752e-32,2.130584740179058009e-22,1.443968871056216388e-10,6.818884500598737437e-10
6.405000000000000693e-01,6.087113318862354029e-06,1.773703571985358712e-06,1.574285175608847300e-06,3.578398089099693333e-08,8.931575117528116584e-07,1.808997390152233653e-06,7.529768584953911949e-12,6.670003436126139051e-12,2.188201215891088676e-11,1.256198594898283680e-11,9.687223183305723873e-14,1.760440515302990426e-13,3.783083081102708974e-12,1.523522821879818759e-13,3.436139748441850126e-10,1.307699441545696193e-21,4.996840305590818959e-12,1.015729777476521111e-31,2.228157875562906453e-22,1.457817133997507860e-10,6.384438217785552363e-10
6.410000000000000142e-01,5.854999320945209069e-06,1.658803455080469020e-06,1.547721542642532962e-06,3.611960408190176767e-08,9.107105274951737532e-07,1.700497985032466624e-06,8.027487304887106464e-12,6.710879348267377114e-12,2.422013163063287605e-11,1.266215601898360477e-11,1.013360568114394963e-13,1.868155171773583465e-13,3.979246467184836365e-12,1.617058858829338451e-13,3.378161501142790763e-10,1.339531958636683772e-21,5.040182549043147411e-12,1.062533979372244634e-31,2.330811836408513889e-22,1.471490528983005928e-10,6.001514688716655434e-10
6.414999999999999591e-01,5.641494353802240424e-06,1.552347536171048148e-06,1.521189349782162663e-06,3.645081930673678747e-08,9.282744130009172379e-07,1.602121686665618584e-06,8.552186324517084883e-12,6.740759286612906186e-12,2.680753443919142069e-11,1.275412201120063227e-11,1.060235426819486871e-13,1.987590230260118957e-13,4.181366684108874215e-12,1.720781329688592414e-13,3.320251905685159795e-10,1.372298005957556223e-21,5.080581817401115794e-12,1.111683057881034253e-31,2.438608945712744058e-22,1.484984429270064974e-10,5.654318309983618816e-10
6.420000000000000151e-01,5.441794885022196616e-06,1.453293616460419846e-06,1.494694116672420600e-06,3.677756200521223661e-08,9.458391121158732727e-07,1.510113063755736991e-06,9.105395245359876273e-12,6.758545294147182427e-12,2.966727393620545559e-11,1.283845974467040146e-11,1.109623377514264041e-13,2.120207935107092737e-13,4.388558723199295362e-12,1.835963580576024033e-13,3.262422998342267099e-10,1.406104088600092328e-21,5.117773035083118048e-12,1.163467010494171791e-31,2.552186394787250842e-22,1.498296119089679433e-10,5.329595153204646570e-10
6.425000000000000711e-01,5.252639451716519117e-06,1.361085089281239919e-06,1.468241693667060599e-06,3.709980266666772786e-08,9.633924022899835601e-07,1.421774588286788652e-06,9.688687823274427273e-12,6.763394339343584850e-12,3.282376393821931243e-11,1.291572636988857782e-11,1.162020572893324470e-13,2.267074378604298512e-13,4.599384125374437860e-12,1.963529835189847897e-13,3.204687559960443305e-10,1.441201095710638327e-21,5.151626269810495627e-12,1.218406200415832441e-31,2.672686403232915486e-22,1.511424316411669461e-10,5.017824917951066534e-10
6.430000000000000160e-01,5.072262593480722387e-06,1.275484264771586869e-06,1.441839021695483395e-06,3.741752435486222161e-08,9.809223321514657042e-07,1.335584027625560668e-06,1.030360636104498110e-11,6.754854434380654025e-12,3.630219084800155397e-11,1.298632313867617584e-11,1.218037998946594461e-13,2.428880649622235357e-13,4.812221605604603015e-12,2.104072041578422143e-13,3.147060768896909370e-10,1.477932252599428224e-21,5.182158099324322199e-12,1.277141392227904310e-31,2.801514720283084602e-22,1.524368273763222552e-10,4.713635239393015448e-10
6.434999999999999609e-01,4.900130924400487178e-06,1.196384566507040926e-06,1.415494630635802033e-06,3.773069785083194449e-08,9.984193864443889129e-07,1.251115709380987897e-06,1.095161381835935225e-11,6.732884058338637916e-12,4.012803664265938964e-11,1.305038330248281438e-11,1.278250125173258545e-13,2.606113982496230559e-13,5.025734331252879490e-12,2.257998872325253054e-13,3.089561280641628744e-10,1.516647485255790761e-21,5.209506284611470317e-12,1.340275018786780849e-31,2.939992279606331488e-22,1.537126776322727872e-10,4.415523810012546142e-10
6.440000000000000169e-01,4.736553270299428472e-06,1.123645780410170806e-06,1.389218613780293785e-06,3.803926275091679494e-08,1.015877587935174981e-06,1.168814432112285843e-06,1.163409307229445167e-11,6.697750728568049858e-12,4.432689675899994864e-11,1.310770382661203503e-11,1.343042551513781575e-13,2.799325272914444271e-13,5.239279493531313901e-12,2.425770716342085904e-13,3.032211163111451365e-10,1.557609337418165390e-21,5.233874149014134566e-12,1.408211409945484512e-31,3.089004775139006435e-22,1.549697375021019202e-10,4.125060448869652689e-10
6.445000000000000728e-01,4.582256596569048425e-06,1.056983088927767321e-06,1.363021979371892056e-06,3.834312046302330773e-08,1.033294206706385106e-06,1.089683415225734281e-06,1.235239772245444381e-11,6.649844026488689800e-12,4.892468025730499642e-11,1.315773731794596015e-11,1.412507849436824831e-13,3.009405969753546882e-13,5.453113215805910331e-12,2.608144646845153632e-13,2.975034473087379125e-10,1.600919957104718528e-21,5.255459685657527610e-12,1.481047575878751503e-31,3.248763345146582403e-22,1.562076096558178755e-10,3.845785792084877379e-10
6.450000000000000178e-01,4.438004686085163194e-06,9.959237203863801487e-07,1.336915514475595251e-06,3.864214077165039099e-08,1.050668308102002646e-06,1.014949027345609437e-06,1.310794114587090284e-11,6.589466020484612806e-12,5.394814479603755316e-11,1.319965351640701820e-11,1.486426586565675171e-13,3.237782212618470124e-13,5.668303998478293702e-12,2.806348038860036722e-13,2.918054770406023072e-10,1.646493792388142666e-21,5.274388901179448357e-12,1.558553330623749575e-31,3.418761393749848134e-22,1.574257699833858128e-10,3.582028028377035034e-10
6.454999999999999627e-01,4.304312730570829728e-06,9.398285026493667293e-07,1.310908514844269065e-06,3.893617902373081869e-08,1.067998803163054881e-06,9.457571335442311052e-07,1.390229616629259771e-11,6.516668776855804785e-12,5.942559247795161110e-11,1.323246746040073335e-11,1.564345340166846984e-13,3.486459624255337777e-13,5.886363804728367687e-12,3.022121249265708040e-13,2.861292342879955274e-10,1.694087506435747937e-21,5.290671824896273203e-12,1.640253127907116873e-31,3.597954581487022916e-22,1.586236361387238458e-10,3.337831226169143922e-10
6.460000000000000187e-01,4.181283775844021116e-06,8.879624889022511217e-07,1.285007844819739062e-06,3.922509759244306341e-08,1.085282804124020336e-06,8.829415595331002307e-07,1.473727196180412844e-11,6.431192420756030284e-12,6.538748098840374829e-11,1.325521590684632896e-11,1.645732746478587491e-13,3.757900705798465990e-13,6.108706299589435702e-12,3.257612132787353244e-13,2.804762155397027695e-10,1.743380970971264116e-21,5.304193210263586832e-12,1.725589724672395290e-31,3.785120227842601733e-22,1.598006534751647932e-10,3.116138181045479174e-10
6.465000000000000746e-01,4.068567179019186937e-06,8.395910183344651499e-07,1.259217733411835046e-06,3.950878419177684597e-08,1.102514894674110809e-06,8.268874516893354033e-07,1.561494030275642134e-11,6.332523564269072554e-12,7.186671708137290204e-11,1.326714882395204395e-11,1.730168016013345751e-13,4.054772717986116529e-13,6.336111237190492740e-12,3.515154590538952967e-13,2.748473409599070947e-10,1.794086435478550901e-21,5.314740080860448698e-12,1.814121877173864908e-31,3.979291153375981756e-22,1.609563684337940921e-10,2.918308176450031446e-10
6.470000000000000195e-01,3.965418552914888475e-06,7.940756938932211982e-07,1.233540487170276849e-06,3.978716108401842811e-08,1.119687499906454978e-06,7.774941647818537352e-07,1.653759875255021744e-11,6.220054176908540260e-12,7.889849708923325745e-11,1.326789378664365894e-11,1.817502834783400233e-13,4.379648655007417761e-13,6.568385336160363408e-12,3.797003400771019795e-13,2.692431107441536941e-10,1.846052534632125743e-21,5.322057850490582337e-12,1.905694111167437589e-31,4.180127971478002033e-22,1.620904653544653841e-10,2.743986004814015099e-10
6.474999999999999645e-01,3.870827343189903983e-06,7.509482367572980034e-07,1.207977975193254757e-06,4.006018263153643756e-08,1.136792074365656192e-06,7.342262960605445268e-07,1.750767934025850638e-11,6.093288386282222580e-12,8.651971172418318145e-11,1.325755208973121043e-11,1.907942388451819587e-13,4.734761931354985513e-13,6.804354645648762638e-12,4.105114359819135057e-13,2.636639301140269809e-10,1.899329408008320423e-21,5.325918868449414301e-12,2.000521664974190558e-31,4.388105015047937071e-22,1.632027564441228906e-10,2.591282081318773152e-10
6.480000000000000204e-01,3.783673034824247437e-06,7.099475595918596270e-07,1.182533431856504410e-06,4.032782274029259325e-08,1.153820515399876903e-06,6.962295741132211185e-07,1.852763050722327894e-11,5.952029990736659617e-12,9.476808830110349546e-11,1.323669799203467842e-11,2.002013938837431416e-13,5.121899655549923100e-13,7.042216050756381140e-12,4.441045693344570814e-13,2.581105035382434654e-10,1.954171577441950965e-21,5.326184212133888405e-12,2.099157506304440667e-31,4.604437385496980908e-22,1.642931311823187367e-10,2.457181447867505256e-10
6.485000000000000764e-01,3.702873537401271465e-06,6.710147429333856475e-07,1.157212950486159303e-06,4.059005711790098073e-08,1.170766174274951327e-06,6.624817275114633800e-07,1.959981101786717195e-11,5.796491260925371629e-12,1.036813466564590765e-10,1.320627478411156202e-11,2.100425652560431645e-13,5.542474005003715689e-13,7.280150596289280067e-12,4.806017115003338231e-13,2.525841611542248135e-10,2.010973673018845683e-21,5.322842175964355279e-12,2.202344264922331754e-31,4.830755522208323872e-22,1.653614850662455695e-10,2.338076230189174358e-10
6.490000000000000213e-01,3.627497956791481344e-06,6.342498690472207695e-07,1.132026087040850916e-06,4.084684680308170361e-08,1.187624075988570937e-06,6.319475608987889704e-07,2.072643267653436722e-11,5.627290925918679466e-12,1.132966551719434881e-10,1.316740795467277999e-11,2.203853816940992985e-13,5.997750687593829017e-13,7.517001992837690182e-12,5.201109382172505388e-13,2.470869904495026667e-10,2.070155204733444785e-21,5.316014258291297087e-12,2.310791082518628152e-31,5.068615229077352304e-22,1.664076537577399175e-10,2.230312943891055162e-10
6.494999999999999662e-01,3.556828326157047561e-06,5.998421142469419163e-07,1.106985261702929300e-06,4.109812868243343150e-08,1.204390349795480294e-06,6.037117242020508201e-07,2.190957394137460624e-11,5.445346597783950900e-12,1.236505812592951694e-10,1.312117919018445309e-11,2.312721808665842469e-13,6.489158075825804221e-13,7.752787261546165597e-12,5.627537682572674870e-13,2.416217050784006796e-10,2.132027774952068744e-21,5.305929176818950496e-12,2.424941835159433455e-31,5.318989092961026248e-22,1.674313756428124286e-10,2.130661073043719396e-10
6.500000000000000222e-01,3.490368145050652604e-06,5.679889198913516586e-07,1.082104057643634060e-06,4.134381602007760286e-08,1.221061234283610592e-06,5.770707439345330525e-07,2.315126319180630860e-11,5.251701586503650487e-12,1.347795634554057712e-10,1.306841802306111473e-11,2.427040510566561667e-13,7.018569792397641824e-13,7.988850380943314559e-12,6.086904098251565345e-13,2.361912726344854233e-10,2.196685717345544255e-21,5.292874538506545557e-12,2.544807814657724826e-31,5.581899690368394688e-22,1.684322948803276129e-10,2.036637873117203962e-10
6.505000000000000782e-01,3.427807065015234875e-06,5.388209429340666208e-07,1.057394928594282819e-06,4.158380838147978555e-08,1.237632192578204710e-06,5.515759105328610219e-07,2.445360606277311237e-11,5.047346523731751487e-12,1.467207454687090683e-10,1.300956596025306076e-11,2.546364225690985589e-13,7.588459159160257146e-13,8.227583899606641485e-12,6.581338526963604456e-13,2.307984133277509585e-10,2.263956157495692736e-21,5.277141544847866331e-12,2.669921540208796941e-31,5.856318855461008496e-22,1.694100022475622852e-10,1.946659731107479359e-10
6.510000000000000231e-01,3.368958668927503035e-06,5.123470240500058171e-07,1.032867086281205119e-06,4.181800699891506649e-08,1.254097584762070789e-06,5.270285162382936533e-07,2.581891429324566110e-11,4.833095914439426060e-12,1.595128718252572205e-10,1.294465046366466873e-11,2.669882338826440623e-13,8.201865680635941784e-13,8.471791809880041956e-12,7.113473817556343403e-13,2.254451381773440906e-10,2.333427766464455188e-21,5.258978960701305129e-12,2.799432922351741079e-31,6.140379408524227619e-22,1.703640976180453656e-10,1.860025357638605315e-10
6.514999999999999680e-01,3.313690932769247226e-06,4.884283994917291513e-07,1.008525336629102343e-06,4.204632975412838217e-08,1.270451045998823504e-06,5.034368911311147827e-07,2.724979027233565014e-11,4.609559305350320524e-12,1.731969030528925999e-10,1.287337751100893990e-11,2.796624866388671311e-13,8.862178557313087922e-13,8.723898861587138103e-12,7.686258118227828638e-13,2.201324947908533203e-10,2.404553639306834778e-21,5.238568545394082587e-12,2.932324841509612372e-31,6.431848801922878387e-22,1.712942503977411072e-10,1.776764154543575464e-10
6.520000000000000240e-01,3.261866744448865754e-06,4.667850150345850786e-07,9.843703507036333052e-07,4.226872016502581736e-08,1.286686355207360920e-06,4.809494832942917038e-07,2.874913384049474813e-11,4.377213651514969349e-12,1.878160860097368785e-10,1.279531954243176247e-11,2.925722626363583590e-13,9.572808159010162992e-13,8.985278740060752396e-12,8.302666121747658700e-13,2.148606268840317614e-10,2.476799919605463116e-21,5.216026788292041697e-12,3.067685977328797038e-31,6.728728087077598768e-22,1.722002352053568901e-10,1.697400036130249561e-10
6.525000000000000799e-01,3.213306001964141040e-06,4.470304145691901723e-07,9.604003763652381034e-07,4.248514698237759547e-08,1.302798323997561076e-06,4.597794950058163366e-07,3.032006253620148740e-11,4.136549262673750901e-12,2.034153909038145230e-10,1.271014959676030804e-11,3.056642226314590388e-13,1.033685983996170278e-12,9.255947929063212920e-12,8.965409985459289748e-13,2.096291487247197955e-10,2.549795566191304515e-21,5.191429613234803362e-12,3.204957200127023429e-31,7.029792455268580029e-22,1.730819291844970590e-10,1.622685449981166964e-10
6.530000000000000249e-01,3.167773273144761647e-06,4.287264933518443957e-07,9.366138815947546827e-07,4.269559445296316069e-08,1.318783211347102411e-06,4.401347657972959515e-07,3.196576554440182950e-11,3.888238074724437885e-12,2.200404435251818055e-10,1.261786002934217045e-11,3.189319824309728568e-13,1.115692853900048439e-12,9.534756865647241954e-12,9.676755006182641933e-13,2.044377231043174316e-10,2.623435623835928717e-21,5.164850320624701594e-12,3.344071785499521659e-31,7.334898393466809338e-22,1.739392714049798683e-10,1.553353915912963465e-10
6.534999999999999698e-01,3.124987900902858227e-06,4.114463112866189627e-07,9.130122557356676711e-07,4.290004679677937100e-08,1.334638391366874036e-06,4.221627302988303317e-07,3.368933529976309315e-11,3.633267633965930788e-12,2.377362643886178396e-10,1.251890909946032716e-11,3.324145723031091920e-13,1.203509358217447694e-12,9.820040757718600674e-12,1.043851114298243271e-12,1.992866517613997236e-10,2.697902276846649381e-21,5.136398275129014749e-12,3.485439195165819988e-31,7.644947314671776459e-22,1.747721989974954690e-10,1.489925768251461697e-10
6.540000000000000258e-01,3.084648511290538629e-06,3.948325624737997096e-07,8.896016217039131542e-07,4.309847273947768111e-08,1.350361369103877758e-06,4.059156562829706685e-07,3.549363054044434697e-11,3.372998309706160425e-12,2.565462091991898844e-10,1.241425946775177632e-11,3.461796632722009224e-13,1.297312273011790571e-12,1.011052640110289154e-11,1.125220945783232428e-12,1.941772712629715767e-10,2.773591958329800786e-21,5.106247257964111906e-12,3.629769126031035382e-31,7.961498654437240343e-22,1.755805839349430758e-10,1.432585472396324653e-10
6.545000000000000817e-01,3.046462027118220783e-06,3.786410861154334679e-07,8.663930736203153092e-07,4.329081618371776819e-08,1.365948581101283819e-06,3.913371230521398030e-07,3.738121644569406013e-11,3.109129308594861454e-12,2.765114529151847148e-10,1.230530304672050213e-11,3.602960527314093833e-13,1.397281676435199598e-12,1.040618815574657018e-11,1.211940368927904411e-12,1.891120045772834302e-10,2.850965972776358848e-21,5.074647115433131096e-12,3.777782956477611907e-31,8.286136100696094465e-22,1.763641952663975718e-10,1.381133903968833847e-10
6.550000000000000266e-01,3.010168423074231755e-06,3.627624251330024990e-07,8.434011740907689692e-07,4.347699711693380017e-08,1.381394567725614063e-06,3.782675453075123998e-07,3.935440317849163097e-11,2.843590842651902677e-12,2.976711843720829806e-10,1.219369766718675557e-11,3.748035343851011546e-13,1.503636909617821914e-12,1.070874668800003400e-11,1.304198662319443670e-12,1.840940322500667373e-10,2.930367502983863226e-21,5.041918458476467392e-12,3.929897804166965725e-31,8.619774139028724307e-22,1.771227034230524458e-10,1.335007844101138904e-10
6.554999999999999716e-01,2.975555664472017201e-06,3.472190390448401934e-07,8.206411500774879614e-07,4.365692323353277088e-08,1.396691980314257301e-06,3.664646771459033169e-07,4.141537122953273343e-11,2.578404130845294778e-12,3.200634357617980112e-10,1.208116362338470434e-11,3.896895236733372565e-13,1.616660155477131377e-12,1.102161418608224264e-11,1.402239875036139896e-12,1.791266792886074339e-10,3.011861191204757799e-21,5.008435506095232855e-12,4.085981464891304593e-31,8.962120621343326635e-22,1.778557283954438857e-10,1.293352343153508126e-10
6.560000000000000275e-01,2.942463200100761041e-06,3.321404022319372457e-07,7.981257038365930452e-07,4.383050870190641086e-08,1.411832529158797421e-06,3.556342183987398236e-07,4.356634132543006757e-11,2.315559602524703916e-12,3.437262434946895179e-10,1.196929609751093525e-11,4.048801549765401764e-13,1.736697567372228778e-12,1.134927649067327917e-11,1.506364008926015459e-12,1.742127181860405620e-10,3.095147715177782145e-21,4.974604999215311637e-12,4.245259135098061778e-31,9.311472805803173890e-22,1.785629170520992719e-10,1.255128738036876353e-10
6.565000000000000835e-01,2.910775730208245159e-06,3.177220092959167279e-07,7.758625299753749320e-07,4.399769346254869752e-08,1.426808540056616212e-06,3.454654722457439201e-07,4.580972899380993601e-11,2.056954314140677707e-12,3.686987049405260235e-10,1.185944115241311896e-11,4.202493895291046392e-13,1.864135781342335611e-12,1.169630340659077892e-11,1.616906564486100494e-12,1.693538265760450248e-10,3.179585064440290180e-21,4.940848764987532826e-12,4.406409004945599361e-31,9.664928035939349573e-22,1.792440224706939975e-10,1.219240496861536936e-10
6.570000000000000284e-01,2.880410902354055469e-06,3.041766592445276834e-07,7.538534268878308491e-07,4.415845559875901441e-08,1.441614466167178314e-06,3.356671092350643308e-07,4.814822590731688747e-11,1.804406249648254206e-12,3.950215100418784507e-10,1.175266182139818820e-11,4.356441692263748323e-13,1.999360954440501638e-12,1.206632206380164887e-11,1.734202707738010043e-12,1.645503935647676741e-10,3.264316126810612319e-21,4.907594516619713540e-12,4.567826091073889462e-31,1.001896350375881266e-21,1.798989547525675748e-10,1.184659439418225428e-10
6.574999999999999734e-01,2.851304914041775195e-06,2.916870303340907183e-07,7.320953680533925929e-07,4.431281116786441091e-08,1.456247655311135633e-06,3.259983462957272232e-07,5.058477213665997907e-11,1.559734742466172039e-12,4.227366893262414557e-10,1.164979391848880219e-11,4.509184972057095774e-13,2.142714766018356379e-12,1.246131968536192985e-11,1.858548749740754485e-12,1.598017544324335045e-10,3.348468279697297601e-21,4.875275283879051107e-12,4.727979633653195328e-31,1.037022096710150463e-21,1.805277803836299606e-10,1.150535776376251406e-10
6.580000000000000293e-01,2.823399126809678314e-06,2.803675617204581226e-07,7.105832293251200057e-07,4.446080000992387043e-08,1.470707943243829731e-06,3.162913654130841084e-07,5.312241883800798005e-11,1.324873131614869225e-12,4.518865799844019001e-10,1.155156693467674055e-11,4.659661698770993111e-13,2.294464159363653305e-12,1.288154378801190022e-11,1.990175690947606643e-12,1.551067870697852293e-10,3.431365696401686604e-21,4.844334253960147224e-12,4.885756298092569145e-31,1.071625979851462208e-21,1.811306641080853329e-10,1.116277231300295391e-10
6.585000000000000853e-01,2.796629448119510134e-06,2.702413814833774534e-07,6.893132834712212838e-07,4.460246116911723771e-08,1.484996132666604256e-06,3.064618150698089868e-07,5.576411816541660192e-11,1.101970063486947271e-12,4.825122826137675317e-10,1.145875071099334931e-11,4.807418244934257603e-13,2.454797680297043178e-12,1.332606772787608425e-11,2.129246119460456887e-12,1.504646757384110859e-10,3.512687585485848692e-21,4.815230149329082567e-12,5.040680803352813605e-31,1.105604054777212113e-21,1.817077682089651736e-10,1.081586103741441342e-10
6.590000000000000302e-01,2.770919111473380870e-06,2.612349927080182378e-07,6.682862810821297106e-07,4.473780590589017049e-08,1.499111922617742841e-06,2.965059219384844736e-07,5.851250362994004561e-11,8.934425335357091751e-13,5.146520687616997604e-10,1.137228686820711811e-11,4.952631719493210122e-13,2.623852047864507581e-12,1.379385393255389987e-11,2.275877622796400576e-12,1.458755840142689704e-10,3.592519055050348056e-21,4.788439069529431338e-12,5.192939229396076150e-31,1.138997516536997680e-21,1.822591418365070879e-10,1.046449076219417308e-10
6.594999999999999751e-01,2.746174962631389032e-06,2.531902350398184479e-07,6.475090481776343964e-07,4.486679815648484622e-08,1.513052149032182937e-06,2.864850020732402338e-07,6.136973015277493706e-11,7.019636970324473302e-13,5.483402347390266913e-10,1.129337421763666516e-11,5.095928990089313109e-13,2.801761135572986857e-12,1.428495900267079937e-11,2.430185791188058431e-12,1.413410032356762327e-10,3.671272666747039743e-21,4.764451420506863131e-12,5.343189141001536354e-31,1.171950936683879132e-21,1.827846407008328624e-10,1.011082550312460702e-10
6.599999999999999201e-01,2.722287395059893998e-06,2.458902129926211968e-07,6.269940167944150367e-07,4.498935074792271310e-08,1.526810137057125562e-06,2.765005972745738455e-07,6.433742568444952589e-11,5.303937533894580534e-13,5.836067620013148487e-10,1.122349489301230844e-11,5.238050832565990592e-13,2.988710045352974568e-12,1.480145456079893772e-11,2.592331559929765069e-12,1.368636491124314351e-10,3.749498981732351141e-21,4.743765811253228888e-12,5.492207347809006444e-31,1.204634897132880464e-21,1.832839111235641899e-10,9.758448960117535348e-11
6.604999999999999760e-01,2.699134292567799227e-06,2.390938336248730795e-07,6.067568044661916498e-07,4.510534086418954178e-08,1.540376548286784344e-06,2.666654477462534365e-07,6.741677038849877246e-11,3.816831756627050681e-13,6.204778792226021960e-10,1.116438625132798567e-11,5.379460853576964306e-13,3.184973253962920701e-12,1.534771713306105310e-11,2.762554429524235994e-12,1.324469321146679691e-10,3.827641047381444736e-21,4.726884067678563489e-12,5.640479812751047729e-31,1.237155979291242196e-21,1.837564527940117437e-10,9.411340058464504990e-11
6.610000000000000320e-01,2.676589261646068273e-06,2.325725697779707502e-07,5.868126324232948854e-07,4.521464157948368060e-08,1.553741487017874813e-06,2.570764146400480966e-07,7.060867648357994542e-11,2.587864576599453837e-13,6.589773133508699327e-10,1.111797679456180569e-11,5.520020819786080480e-13,3.390919880509771889e-12,1.592994906003772511e-11,2.941176737624203844e-12,1.280941744993252628e-10,3.905808785474126045e-21,4.714311694852094878e-12,5.787861259435989793e-31,1.269482106027950528e-21,1.842017472981625007e-10,9.072917305220102963e-11
6.614999999999999769e-01,2.654533779103962691e-06,2.261431323565675631e-07,5.671727855215881785e-07,4.531715994272096474e-08,1.566897063354467852e-06,2.477949014283180002e-07,7.391400628079891079e-11,1.646183813612256858e-13,6.991277717612156273e-10,1.108630911392684509e-11,5.658838440695235587e-13,3.606980157427071483e-12,1.655506221637595146e-11,3.128573899212828288e-12,1.238078369957753773e-10,3.983646931974376819e-21,4.706566014876978138e-12,5.933415664452196629e-31,1.301407624061986446e-21,1.846194136244435511e-10,8.745347800580715396e-11
6.619999999999999218e-01,2.632871706850715302e-06,2.196908074489792829e-07,5.478423214968478906e-07,4.541286850230970384e-08,1.579839346809545705e-06,2.388383407629100291e-07,7.733375021503082114e-11,1.020663602424598069e-13,7.409521023166175929e-10,1.107146926527575465e-11,5.794343727722878906e-13,3.833581636402523223e-12,1.722929310946630396e-11,3.325118234640606728e-12,1.195890189890167797e-10,4.060343988785249406e-21,4.704190637401097730e-12,6.075496452999489767e-31,1.332571006949038201e-21,1.850093371438441895e-10,8.429246783603215241e-11
6.624999999999999778e-01,2.611543355837232503e-06,2.131800677397538805e-07,5.288198255127120542e-07,4.550181792501202193e-08,1.592568818574831895e-06,2.301834272348323451e-07,8.086909696425494392e-11,7.404913258343705970e-14,7.844736707741085933e-10,1.107553316732998996e-11,5.924580139696815874e-13,4.071076322055540301e-12,1.795703441454285217e-11,3.531115083565055776e-12,1.154374059094492293e-10,4.134786761244520915e-21,4.707771393930400134e-12,6.212051898745347090e-31,1.362521962662661859e-21,1.853717216397402775e-10,8.123791726904852202e-11
6.630000000000000338e-01,2.590535517817906447e-06,2.066513784130226189e-07,5.100993153063624451e-07,4.558412374705010717e-08,1.605089001338285382e-06,2.217788178833223151e-07,8.452136163873232521e-11,8.359316154230757180e-14,8.297157496222876133e-10,1.110053118217819705e-11,6.047628223890324219e-13,4.319685763848568670e-12,1.874031556619551231e-11,3.746754942032888755e-12,1.113516865049461875e-10,4.205818497412187217e-21,4.717946990287208079e-12,6.341069403657929088e-31,1.390818972272741752e-21,1.857070358891558261e-10,7.827170577488405728e-11
6.634999999999999787e-01,2.569884136839872768e-06,2.002055025202341428e-07,4.916736682627477932e-07,4.565992886049033883e-08,1.617403697988930164e-06,2.135628644656422024e-07,8.829178489842409738e-11,1.338909589325244816e-13,8.767000462039641484e-10,1.114842608661153668e-11,6.162034286762291410e-13,4.579487216140336567e-12,1.957915345637965895e-11,3.972101814271730242e-12,1.073303022880520636e-10,4.272523348538277368e-21,4.735408424901732936e-12,6.461024979349567639e-31,1.417127908899145861e-21,1.860158612103625274e-10,7.537207583535412274e-11
6.639999999999999236e-01,2.549667725949669246e-06,1.939786786469521873e-07,4.735384173940427103e-07,4.572935233620651948e-08,1.629513897942588997e-06,2.054811954969769195e-07,9.218126025575430847e-11,2.283129653981968695e-13,9.254447980550110805e-10,1.122109912310824099e-11,6.267110188074319464e-13,4.850450786695312648e-12,2.047269144623954900e-11,4.207126313759807341e-12,1.033722769913301553e-10,4.334447877065993529e-21,4.760884665603589404e-12,6.571197520561816876e-31,1.441290929023085782e-21,1.862986830942357642e-10,7.251983818050304506e-11
6.644999999999999796e-01,2.529991948165837547e-06,1.881134542733717219e-07,4.556946307281674238e-07,4.579244136952013063e-08,1.641415637295650013e-06,1.974997677073331170e-07,9.619007351986966662e-11,3.703636578899285687e-13,9.759630253201947300e-10,1.132034285893136820e-11,6.363006290437108776e-13,5.132519100498463874e-12,2.142075533460644692e-11,4.451775887140327782e-12,9.947784511595481662e-11,4.391686684713493724e-21,4.795117048521481886e-12,6.671745168197551252e-31,1.463343121880445729e-21,1.865556952905958932e-10,6.970297802701923673e-11
6.650000000000000355e-01,2.510968283515653339e-06,1.827304802978924249e-07,4.381498957064646323e-07,4.584914394548557697e-08,1.653099801448863000e-06,1.896109763289824701e-07,1.003177375649830747e-10,5.635956845979283804e-13,1.028261494267310364e-09,1.144786505296795003e-11,6.450528096820856215e-13,5.425703860649052115e-12,2.242528405480704084e-11,4.706059548502705334e-12,9.564866597457302971e-11,4.444799923683968143e-21,4.838829509953634761e-12,6.763512902778471430e-31,1.483470180120539975e-21,1.867866880818624816e-10,6.691881154919959347e-11
6.654999999999999805e-01,2.492691557537411117e-06,1.779061312376339589e-07,4.209170728923890266e-07,4.589931434208977408e-08,1.664554122905107786e-06,1.818328061642783828e-07,1.045629765912763898e-10,8.115138101364168461e-13,1.082340719351487618e-09,1.160531075709595594e-11,6.530747481028207529e-13,5.730164423668366462e-12,2.349110888183570003e-11,4.970116503712373896e-12,9.188755021798875483e-11,4.494583322809792467e-21,4.892704198374120712e-12,6.847624788980064519e-31,1.501918850015992407e-21,1.869910702021385423e-10,6.417368621971001924e-11
6.659999999999999254e-01,2.475221642385599447e-06,1.736595156311079392e-07,4.040112414893711986e-07,4.594275313271301021e-08,1.675766728453481660e-06,1.742029912073074579e-07,1.089238656106027937e-10,1.117505929459902420e-12,1.138195987006129976e-09,1.179430770494235483e-11,6.604526335178309439e-13,6.046236445425655532e-12,2.462576210422254324e-11,5.244240761143790043e-12,8.819779154560162506e-11,4.541759690832095157e-21,4.957371066840824657e-12,6.924984451050038062e-31,1.518887304090711124e-21,1.871680312834636991e-10,6.148091952058671097e-11
6.664999999999999813e-01,2.458573623023841210e-06,1.699505507524403243e-07,3.874458727654826263e-07,4.597927116029458753e-08,1.686729891000833896e-06,1.667711195251314559e-07,1.133980787860906542e-10,1.484828805966427060e-12,1.195819037723830747e-09,1.201653241955537289e-11,6.672101979366503229e-13,6.374393951379795142e-12,2.583832982825681619e-11,5.528847343380135252e-12,8.458233028504882483e-11,4.586688694698272014e-21,5.033415765655470834e-12,6.995840390078758208e-31,1.534429807832867820e-21,1.873168020531786480e-10,5.885801249140774274e-11
6.670000000000000373e-01,2.442718445308598477e-06,1.666886764331633655e-07,3.712295263089512944e-07,4.600875727185597604e-08,1.697442445752072044e-06,1.595913901352782834e-07,1.179831620427411127e-10,1.916654837518712015e-12,1.255199812910387990e-09,1.227378400907214872e-11,6.732868488769223329e-13,6.715151361479272954e-12,2.713770998296327732e-11,5.824386056767713211e-12,8.104303189258487606e-11,4.629189167713951844e-21,5.121403884615070885e-12,7.059556801279400752e-31,1.548406529883212125e-21,1.874369300301966931e-10,5.632409341380942824e-11
6.674999999999999822e-01,2.427593258746818952e-06,1.637498884697004004e-07,3.553641804941342418e-07,4.603122618081487549e-08,1.707909754933383092e-06,1.527175816568847644e-07,1.226767344943514375e-10,2.416161139516730075e-12,1.316327640866073379e-09,1.256804387334243269e-11,6.785429582308378056e-13,7.068935172371184076e-12,2.853087113292022066e-11,6.131229012908647168e-12,7.758032309637917291e-11,4.668534997093201289e-21,5.221913535188560841e-12,7.114669175094936146e-31,1.560495860666911984e-21,1.875284744875869973e-10,5.389814212615483663e-11
6.679999999999999272e-01,2.413118227701876460e-06,1.609984389860897349e-07,3.398457474000439664e-07,4.604682753939306543e-08,1.718141019832722903e-06,1.462003288475919336e-07,1.274765443169657660e-10,2.986623384573781120e-12,1.379191417163068686e-09,1.290149716961441877e-11,6.827914395883991933e-13,7.435969504341010315e-12,3.002173959832985069e-11,6.449570658984858759e-12,7.419330561103904811e-11,4.703631566951589011e-21,5.335564695352782818e-12,7.159215538824581122e-31,1.570267194288626425e-21,1.875920436067845084e-10,5.159802888087416674e-11
6.684999999999999831e-01,2.399215243526526865e-06,1.583090008639611571e-07,3.246665778984776312e-07,4.605580925399173724e-08,1.728144804846970185e-06,1.400856790875723820e-07,1.323803516658120102e-10,3.631471951939860906e-12,1.443778670877624591e-09,1.327649857971429357e-11,6.858463737011199242e-13,7.816219279080572006e-12,3.161114922811124743e-11,6.779378520149093501e-12,7.088030458934427857e-11,4.733321793462909719e-21,5.463034154868587146e-12,7.191246406409616070e-31,1.577292871181226919e-21,1.876286453879032614e-10,4.944000493878778389e-11
6.690000000000000391e-01,2.385824043345740810e-06,1.555853705057154281e-07,3.098190906356721661e-07,4.605844366400893352e-08,1.737924433324756589e-06,1.344135584015714247e-07,1.373856690252795483e-10,4.354279679961023111e-12,1.510073787473312781e-09,1.369547997691910517e-11,6.875738255637476741e-13,8.209418081744904295e-12,3.329792768580243348e-11,7.120418100058078116e-12,6.763966219131495642e-11,4.756727805773775358e-21,5.605049395003875032e-12,7.209357630997179952e-31,1.581265077604064787e-21,1.876393873501387284e-10,4.743816122513609119e-11
6.694999999999999840e-01,2.372912542129834210e-06,1.527727575900138816e-07,2.952992881516226185e-07,4.605493916798165657e-08,1.747475099237063330e-06,1.292152753222346010e-07,1.424894387957820151e-10,5.158675178071366879e-12,1.578055952750180300e-09,1.416081672429376705e-11,6.879290114827499166e-13,8.615179365802843820e-12,3.508078651484283360e-11,7.472350503094044088e-12,6.447050585539045588e-11,4.773520751265240086e-21,5.762361897700241181e-12,7.213080049927160692e-31,1.582081259291163069e-21,1.876251169287168266e-10,4.560354738712079989e-11
6.699999999999999289e-01,2.360480131094156312e-06,1.498621217322014956e-07,2.811089778483401329e-07,4.604536706203409991e-08,1.756783996475053798e-06,1.245102064038570514e-07,1.476877519914115685e-10,6.048204339614591610e-12,1.647697488573654412e-09,1.467468594974790866e-11,6.869680377600052506e-13,9.033158933928610593e-12,3.696037386150240056e-11,7.834874541391435962e-12,6.137323296733780650e-11,4.784032186691351020e-21,5.935707725286592897e-12,7.203002442347757009e-31,1.579870981314293407e-21,1.875861237384310214e-10,4.394300200394297612e-11
6.704999999999999849e-01,2.348554563254437559e-06,1.468865461645868971e-07,2.672559712833992463e-07,4.602963058203979192e-08,1.765833666694402310e-06,1.203027924613869480e-07,1.529757017439226006e-10,7.026184506063416480e-12,1.718963131088076802e-09,1.523895765662075502e-11,6.848303311658222663e-13,9.463214664896611521e-12,3.894075507076897172e-11,8.207866048771409784e-12,5.834955340031687949e-11,4.789169940760947106e-21,6.125768064771193353e-12,7.180587157905935534e-31,1.574955354932984648e-21,1.875220136017004392e-10,4.245809243969885193e-11
6.710000000000000409e-01,2.337184258677047525e-06,1.439109898151651430e-07,2.537522313138414819e-07,4.600749053786099845e-08,1.774607507861678084e-06,1.165814103011952630e-07,1.583474232960748439e-10,8.095601861063888665e-12,1.791810493686031529e-09,1.585515392857256135e-11,6.816971320742537475e-13,9.905505149697571271e-12,4.102975265638873961e-11,8.591463551689780808e-12,5.540208359967858682e-11,4.790163573452566787e-21,6.333142899600338348e-12,7.147734778281603980e-31,1.567751436495403682e-21,1.874318129346242187e-10,4.114471660502984140e-11
6.714999999999999858e-01,2.326428192498210870e-06,1.410177152729869111e-07,2.406106316606969166e-07,4.597864317044136560e-08,1.783095456460058275e-06,1.133203121731249501e-07,1.637963115667787166e-10,9.259089818240161471e-12,1.866191562922335287e-09,1.652449314526122667e-11,6.777390591816061020e-13,1.036048547269596295e-11,4.323795726644979763e-11,8.986064074602574967e-12,5.253363775405086483e-11,4.788219472344756426e-21,6.558346690885130357e-12,7.106234252786247429e-31,1.558651561850850989e-21,1.873142857100837447e-10,3.999378741573322515e-11
6.719999999999999307e-01,2.316345147068806747e-06,1.382901472349798370e-07,2.278414500371617968e-07,4.594282713514222503e-08,1.791297643033568901e-06,1.104847620669232889e-07,1.693153480777940291e-10,1.051899818541283113e-11,1.942054729026379992e-09,1.724801010099811315e-11,6.730692978288803847e-13,1.082879168931566681e-11,4.557668962717692322e-11,9.392221996830291636e-12,4.974646124933941911e-11,4.784195180052058160e-21,6.801827282552379470e-12,7.057272079856655702e-31,1.547915706015254097e-21,1.871683689594930885e-10,3.899304553072031459e-11
6.724999999999999867e-01,2.306983448547777679e-06,1.357978797065185927e-07,2.154497821979219969e-07,4.589992448155191174e-08,1.799224451122898273e-06,1.080381890278020450e-07,1.748974310519394543e-10,1.187752944748512442e-11,2.019346671988886211e-09,1.802671753772505487e-11,6.677172344862778302e-13,1.131104498907644659e-11,4.805558609855609948e-11,9.810478223349361291e-12,4.704166589899922322e-11,4.778396845478108117e-21,7.064000855811140376e-12,7.001155946894234691e-31,1.535610950986957350e-21,1.869935837755543826e-10,3.812958397709257132e-11
6.730000000000000426e-01,2.298371829176191400e-06,1.335851068632090552e-07,2.034347248359984898e-07,4.585001996150807337e-08,1.806892689565749044e-06,1.059492021896287429e-07,1.805355991772414149e-10,1.333689186862340441e-11,2.098013472143511819e-09,1.886175870381502550e-11,6.616308874465709041e-13,1.180763831164603840e-11,5.068065215370957846e-11,1.024117447889181231e-11,4.441905210240787656e-11,4.770564381053846443e-21,7.345289688273070881e-12,6.937340351804615866e-31,1.521617231961002282e-21,1.867902765897393093e-10,3.739232398702036351e-11
6.734999999999999876e-01,2.290512016754411901e-06,1.316640301010303940e-07,1.917905545337544468e-07,4.579339499820789205e-08,1.814319060487435103e-06,1.041961312372420179e-07,1.862230728974064569e-10,1.489940960155883155e-11,2.178000576013861942e-09,1.975450032920974395e-11,6.547073458796820309e-13,1.231858012515986020e-11,5.345350546066697817e-11,1.068431773127634534e-11,4.187736733290131300e-11,4.760048731848904668e-21,7.646148031574440556e-12,6.864745902896358335e-31,1.505697500625370429e-21,1.865595943769951492e-10,3.677361748948057971e-11
6.739999999999999325e-01,2.283373984793107538e-06,1.300139273282018035e-07,1.805094466511051955e-07,4.573045385015618472e-08,1.821513214718034616e-06,1.027675068844721663e-07,1.919530968506763133e-10,1.656754206768970520e-11,2.259251636244924579e-09,2.070653201352428686e-11,6.468415769900262091e-13,1.284345616861112200e-11,5.637214194411950080e-11,1.113954745086913284e-11,3.941490101567964934e-11,4.746124278294266379e-21,7.967065310215333226e-12,6.782271174109037304e-31,1.487610085139916295e-21,1.863031837835345838e-10,3.626941670484438050e-11
6.744999999999999885e-01,2.276895150086250132e-06,1.285856814784893536e-07,1.695847678512941265e-07,4.566160304749654338e-08,1.828472987993900728e-06,1.016583229211912901e-07,1.977186338120958845e-10,1.834379520630337951e-11,2.341706627546918814e-09,2.171956681953363337e-11,6.379782482658244016e-13,1.338153304557574490e-11,5.943302977262383031e-11,1.160622618239609744e-11,3.703020443647796909e-11,4.728336833788154881e-21,8.308543834422946131e-12,6.689336106173645211e-31,1.467227903594944620e-21,1.860227000538418345e-10,3.587795491305322209e-11
6.750000000000000444e-01,2.270984735416890712e-06,1.273107566332122209e-07,1.590138098941713290e-07,4.558712289864946980e-08,1.835183747347524316e-06,1.008634728566982942e-07,2.035120119687919506e-10,2.023054555605130512e-11,2.425299888796795505e-09,2.279526971310389910e-11,6.281504552714875073e-13,1.393197901189268505e-11,6.263384992072167293e-11,1.208363169852828055e-11,3.472268815421796185e-11,4.706777681424317645e-21,8.671057530174276251e-12,6.586288033697181052e-31,1.444627473673058786e-21,1.857192837890846406e-10,3.559743003447597160e-11
6.754999999999999893e-01,2.265533733369027294e-06,1.261129710009914386e-07,1.487990586854702599e-07,4.550707512983174691e-08,1.841622349248477479e-06,1.003708075957869416e-07,2.093246459543884217e-10,2.222983087568946524e-11,2.509958770388916735e-09,2.393506474055272773e-11,6.174936292054354083e-13,1.449413359713472210e-11,6.597593425360151046e-11,1.257119114912232838e-11,3.249289898630463115e-11,4.682199478164628416e-21,9.055005449777531637e-12,6.474547406422246142e-31,1.420120770824569991e-21,1.853931849889724828e-10,3.542355444942648655e-11
6.759999999999999343e-01,2.260429465385956112e-06,1.249210246385777072e-07,1.389476228363236580e-07,4.542128086671214657e-08,1.847764519407983006e-06,1.001563814083960944e-07,2.151469308193358384e-10,2.434317593207527700e-11,2.595603365701702699e-09,2.513997996758218239e-11,6.062309266781788787e-13,1.506773485948257118e-11,6.946551006236738873e-11,1.306867798735172591e-11,3.034239460571168349e-11,4.655941775651803359e-21,9.460676292195090395e-12,6.356454468361473910e-31,1.394221471547723411e-21,1.850436736725919643e-10,3.534787712996230919e-11
6.764999999999999902e-01,2.255572061688001485e-06,1.236796588891057983e-07,1.294690885887744887e-07,4.532938074037656741e-08,1.853593130267193355e-06,1.001835798471435384e-07,2.209683532714489725e-10,2.657151295444735052e-11,2.682147444161703300e-09,2.641057792071668991e-11,5.946354158761416647e-13,1.565302086593129136e-11,7.311323953334091620e-11,1.357629943979586230e-11,2.827327424541356580e-11,4.629694893358093163e-21,9.888236747648399050e-12,6.234872654924043690e-31,1.367557851287323087e-21,1.846692850083766139e-10,3.535747583658688159e-11
6.770000000000000462e-01,2.250888962195657729e-06,1.223575858671611165e-07,1.203725972927423249e-07,4.523096102519400304e-08,1.859104389635369847e-06,1.004062979595220970e-07,2.267777937348154832e-10,2.891522533086949702e-11,2.769500303530409846e-09,2.774699183592506765e-11,5.829814419113238415e-13,1.625065996162303479e-11,7.693212442433747406e-11,1.409463539868029996e-11,2.628753964629689686e-11,4.605180847723492654e-21,1.033774821496442815e-11,6.112678578465010163e-31,1.340760855637966775e-21,1.842683333401270660e-10,3.543607880234421765e-11
6.774999999999999911e-01,2.246343387738822305e-06,1.209509111134465409e-07,1.116641775673987907e-07,4.512570587034636295e-08,1.864309572098321552e-06,1.007747715831313793e-07,2.325639293962583222e-10,3.137430064598636143e-11,2.857568956126078693e-09,2.914905335326998915e-11,5.715004628582352451e-13,1.686152128624070008e-11,8.093443268654344037e-11,1.462443900752182196e-11,2.438651187238388897e-11,4.583853079515443819e-21,1.080920617059644661e-11,5.992298955164240400e-31,1.314362533566581807e-21,1.838395323764354953e-10,3.556612278792842090e-11
6.779999999999999361e-01,2.241933954964430663e-06,1.194815975409422175e-07,1.033452341268599178e-07,4.501352446175894156e-08,1.869231440081201395e-06,1.012416899076668985e-07,2.383156137559435903e-10,3.394853993458439900e-11,2.946259959665978209e-09,3.061646704801914256e-11,5.603546075222589784e-13,1.748635400570108185e-11,8.512868591885788437e-11,1.516635855082277085e-11,2.257050109416269732e-11,4.566706322943346315e-21,1.130258788361172666e-11,5.875433411067712365e-31,1.288735303786670701e-21,1.833825131122276400e-10,3.573091041727960700e-11
6.784999999999999920e-01,2.237684994269853441e-06,1.179914390063491259e-07,9.541265650270895048e-08,4.489460795665670216e-08,1.873896392213659408e-06,1.017662250492253149e-07,2.440221143704374505e-10,3.663774823064597019e-11,3.035480332140239226e-09,3.214897174114825250e-11,5.496350745618483799e-13,1.812548068348479465e-11,8.951777801433358106e-11,1.572067209269037487e-11,2.083883050426804139e-11,4.554248915467510701e-21,1.181789048262484639e-11,5.763037797396480409e-31,1.264088401851439864e-21,1.828980555461474775e-10,3.591603236695483343e-11
6.790000000000000480e-01,2.233629969565578157e-06,1.165328445688395261e-07,8.786042772940644244e-08,4.476939307043719354e-08,1.878324965610139125e-06,1.023145929649105014e-07,2.496731361372297578e-10,3.944183553975003318e-11,3.125137306224574427e-09,3.374643335946425558e-11,5.393844324955809288e-13,1.877861267358189903e-11,9.409894765224071119e-11,1.628712820416540294e-11,1.919018807307384849e-11,4.546636227408988671e-21,1.235514413287480846e-11,5.655558122438170046e-31,1.240519305536703435e-21,1.823879400572765734e-10,3.610956535239743572e-11
6.794999999999999929e-01,2.229792716069371220e-06,1.151583012999528934e-07,8.068209558821039141e-08,4.463844036571769855e-08,1.882524017184836947e-06,1.028572980375340166e-07,2.552586280495062060e-10,4.236078668959710661e-11,3.215137073633461669e-09,3.540883775965452245e-11,5.296345835462409153e-13,1.944486017293294482e-11,9.886570554534309054e-11,1.686495540239670234e-11,1.762316678849063369e-11,4.543913913029619004e-21,1.291439352704442160e-11,5.553328700325332340e-31,1.218101154561208718e-21,1.818544512979478085e-10,3.630109966407286242e-11
6.799999999999999378e-01,2.226172125546396775e-06,1.139105581455437041e-07,7.387319759321534478e-08,4.450226516048758943e-08,1.886483435067551310e-06,1.033646675656260988e-07,2.607684437284193648e-10,4.539450349841232667e-11,3.305383009215663189e-09,3.713618638808442072e-11,5.204479177692766912e-13,2.012294653248359470e-11,1.038111292193750326e-10,1.745304826201571810e-11,1.613679475128550477e-11,4.546289353519758154e-21,1.349565218408811404e-11,5.457003705085781679e-31,1.196977448583415068e-21,1.812996891302282960e-10,3.648016313922392247e-11
6.805000000000001048e-01,2.222734982194881494e-06,1.128153198295554155e-07,6.743279279927728817e-08,4.436117705708605298e-08,1.890178719516664383e-06,1.038030413603850927e-07,2.661919761306062778e-10,4.854256784920147545e-11,3.395774034532519325e-09,3.892833105449190676e-11,5.119491580006735153e-13,2.081156593596913105e-11,1.089314246757388870e-10,1.805027720096118721e-11,1.473087005735745191e-11,4.554347450896637484e-21,1.409884419615766218e-11,5.367891061466198374e-31,1.177435266436144290e-21,1.807249147922828483e-10,3.663487632395051803e-11
6.810000000000000497e-01,2.219419101469332511e-06,1.118776262271784030e-07,6.136361412369965480e-08,4.421518356754218864e-08,1.893578736086747305e-06,1.041337211068188667e-07,2.715178976326691730e-10,5.180400357441580999e-11,3.486203726064392609e-09,4.078480484239137949e-11,5.043392647208188183e-13,2.150976985353129205e-11,1.142285059604424198e-10,1.865582264633267606e-11,1.340599421425499082e-11,4.569151342664115034e-21,1.472375334305776923e-11,5.288098182641257924e-31,1.159937166556979306e-21,1.801301583119373602e-10,3.675158163195311880e-11
6.814999999999999947e-01,2.216145574732267382e-06,1.110822744995749266e-07,5.567087347026424703e-08,4.406399354821073932e-08,1.896656095563810184e-06,1.043156027022850003e-07,2.767341040720514391e-10,5.517711774511853152e-11,3.576560515925370903e-09,4.270470698130714147e-11,4.978889537243341707e-13,2.221725058375894644e-11,1.197106301818372606e-10,1.926941972662883045e-11,1.216331115199473318e-11,4.592209347237593346e-21,1.536999780739168563e-11,5.220463915602168769e-31,1.145106165658628597e-21,1.795142326460904032e-10,3.681577234157046016e-11
6.819999999999999396e-01,2.212835933408939908e-06,1.103978180738063699e-07,5.036023522759707243e-08,4.390712322257505288e-08,1.899396616858179882e-06,1.043107971413110012e-07,2.818278955576279682e-10,5.865947640563608792e-11,3.666728963310580435e-09,4.468668004283061642e-11,4.929156669315467277e-13,2.293441787493978416e-11,1.253907657644809571e-10,1.989142377711679460e-11,1.100406446736412009e-11,4.625331630786457206e-21,1.603704041073710921e-11,5.168316985831482820e-31,1.133672659743441406e-21,1.788751658303449413e-10,3.681407635592442516e-11
6.825000000000001066e-01,2.209428487707405147e-06,1.097830356750915776e-07,4.543574732125805655e-08,4.374407237346040742e-08,1.901804552807009309e-06,1.040911657915564104e-07,2.867863493959715966e-10,6.224802435724914920e-11,3.756591719752297003e-09,4.672898491183000943e-11,4.897521947158762057e-13,2.366223002632022817e-11,1.312831556628064123e-10,2.052266361180243611e-11,9.929145303567163954e-12,4.670429774552354757e-21,1.672423209013915903e-11,5.135146926094451016e-31,1.126402172010985637e-21,1.782109190162325584e-10,3.673656270002982078e-11
6.830000000000000515e-01,2.205888544262011299e-06,1.091944296768041396e-07,4.089849065191274440e-08,4.357451294641317365e-08,1.903901650818108412e-06,1.036431407239235263e-07,2.915967768952996145e-10,6.593930885916777259e-11,3.846031590261702218e-09,4.882964425374519670e-11,4.887164108604745204e-13,2.440182339118869790e-11,1.373991945752031469e-10,2.116412083365890178e-11,8.938797068763547469e-12,4.729321449670009791e-21,1.743087447235432075e-11,5.124286706755351801e-31,1.124025706593321021e-21,1.775201550393979828e-10,3.657844278175565654e-11
6.834999999999999964e-01,2.202209517016742843e-06,1.085933190718546561e-07,3.674639910703805313e-08,4.339842596403271065e-08,1.905720213687386903e-06,1.029687258606015767e-07,2.962471273513432983e-10,6.972973051168662486e-11,3.934933077326616622e-09,5.098660099285976951e-11,4.900897729048275987e-13,2.515405610979492081e-11,1.437440322814077109e-10,2.181653546911270321e-11,8.032575781093763715e-12,4.803590709118992341e-21,1.815628013010331899e-11,5.138687313727066384e-31,1.127190314735361431e-21,1.768027963344374560e-10,3.634042376120109956e-11
6.839999999999999414e-01,2.198405282876357957e-06,1.079513812874249910e-07,3.297523836454343809e-08,4.321613819351162410e-08,1.907292401799655856e-06,1.020819950195990807e-07,3.007262189578388885e-10,7.361573424019750081e-11,4.023182985836567994e-09,5.319783332415178770e-11,4.941084370927586569e-13,2.591911767752615930e-11,1.503151245492868629e-10,2.248006893398346876e-11,7.209563499190325313e-12,4.894529177407804564e-21,1.889980917068363055e-11,5.180824629115139015e-31,1.136438719409434128e-21,1.760601743493956827e-10,3.602747264105974518e-11
6.845000000000001084e-01,2.194497276655134862e-06,1.072539508088723587e-07,2.958029199222835156e-08,4.302824278375975577e-08,1.908639354326688388e-06,1.010021623027232743e-07,3.050237326644794654e-10,7.759387329449479993e-11,4.110669994583578576e-09,5.546138387999437428e-11,5.009666499272164059e-13,2.669634132199566959e-11,1.571033244653317317e-10,2.315414251236635254e-11,6.468736277484494758e-12,5.003155612659292317e-21,1.966086842713484281e-11,5.252735058503813144e-31,1.152217204761810202e-21,1.752947061557042769e-10,3.564637062435357336e-11
6.850000000000000533e-01,2.190501612610811927e-06,1.065008665297149091e-07,2.655805382898735269e-08,4.283542736252620363e-08,1.909763832762122977e-06,9.974569347042698138e-08,3.091299828026933254e-10,8.166072295518059129e-11,4.197283449666305073e-09,5.777529220315275644e-11,5.108289852733429593e-13,2.748429361695709459e-11,1.640962425970950481e-10,2.383751539048181259e-11,5.809333607986634301e-12,5.130291036047005716e-21,2.043887223987448799e-11,5.356143913724752255e-31,1.174903858386034679e-21,1.745091939719934095e-10,3.520292899022017531e-11
6.854999999999999982e-01,2.186421304383670064e-06,1.057050658833342946e-07,2.390725629381884084e-08,4.263826548236515584e-08,1.910648948209359090e-06,9.832038445492039181e-08,3.130355520078439503e-10,8.581267314361942513e-11,4.282911888000683358e-09,6.013745537442828962e-11,5.238467914000313780e-13,2.828112452445892083e-11,1.712827977063288863e-10,2.452858748029868752e-11,5.231083011327034146e-12,5.276659284769783510e-21,2.123317728595248548e-11,5.492637929816438954e-31,1.204846484017626051e-21,1.737059753267440936e-10,3.469989921257789548e-11
6.859999999999999432e-01,2.182246524410463100e-06,1.048893970286357268e-07,2.162885615981869437e-08,4.243704146622549735e-08,1.911263504567332062e-06,9.672365296509275149e-08,3.167309231758285589e-10,9.004567201698607421e-11,4.367441872545240765e-09,6.254546862711519501e-11,5.401747892821404819e-13,2.908507119885403625e-11,1.786574163873649985e-10,2.522583475519468867e-11,4.734197167616991109e-12,5.442987617511708082e-21,2.204301340916685770e-11,5.663839346625861735e-31,1.242400832622591857e-21,1.728862092880675993e-10,3.413636999055986859e-11
6.865000000000001101e-01,2.177962609645423373e-06,1.040822610606666825e-07,1.972503303628551854e-08,4.223166921877066470e-08,1.911572258897043039e-06,9.494572148228305277e-08,3.202062427957403698e-10,9.435501070586745366e-11,4.450757595651280016e-09,6.499650615870976866e-11,5.599852946342736740e-13,2.989495139359127115e-11,1.862223967926235571e-10,2.592823531141532541e-11,4.319155646600245534e-12,5.630093032592584399e-21,2.286743447784180544e-11,5.871555044114839388e-31,1.287963327150398409e-21,1.720495455470950652e-10,3.350889059197815282e-11
6.870000000000000551e-01,2.173562411369214833e-06,1.033127412252577783e-07,1.819765818117900944e-08,4.202173506663865838e-08,1.911547724714066711e-06,9.297652001519371160e-08,3.234513072691392551e-10,9.873522600213444592e-11,4.532741432265501871e-09,6.748728882848301101e-11,5.834789531050082757e-13,3.071047839962926931e-11,1.939875300212301360e-10,2.663554111618141947e-11,3.986371102045800555e-12,5.838949698380347986e-21,2.370530703426132335e-11,6.117889082815073665e-31,1.341995722320262113e-21,1.711942988632317724e-10,3.281390701655373972e-11
6.875000000000000000e-01,2.169057786345481960e-06,1.026058691448329596e-07,1.704690264876437410e-08,4.180665309851331689e-08,1.911179592942345429e-06,9.081372473821630516e-08,3.264557907082154863e-10,1.031801574318161773e-10,4.613275299045638474e-09,7.001415457661858962e-11,6.108914231461808610e-13,3.153228279876381029e-11,2.019669915203829193e-10,2.734829653218032769e-11,3.735885888820022937e-12,6.070735968436829363e-21,2.455534189827534755e-11,6.405312722293176910e-31,1.405040402594798634e-21,1.703180819170053025e-10,3.205059906027390978e-11
6.879999999999999449e-01,2.164485226704624443e-06,1.019786436708141398e-07,1.627059010631225888e-08,4.158588282415409242e-08,1.910478607741693992e-06,8.846892263772081378e-08,3.292096532534461943e-10,1.076831417344920850e-10,4.692242411295504740e-09,7.257321013605777504e-11,6.424950391678062439e-13,3.236162108504445883e-11,2.101744663886233742e-10,2.806758651232132613e-11,3.567231114684445233e-12,6.326855315686081256e-21,2.541615922200318257e-11,6.736681783018283858e-31,1.477724105670392831e-21,1.694186921311940659e-10,3.122305600917418561e-11
6.885000000000001119e-01,2.159902765697267393e-06,1.014373507968804534e-07,1.586458572872508298e-08,4.135913657996696323e-08,1.909473556740091114e-06,8.596961255383724747e-08,3.317036093632414880e-10,1.122372800299326276e-10,4.769528914368428572e-09,7.516051234845336182e-11,6.785937660888155702e-13,3.319985667352780709e-11,2.186181257643048955e-10,2.879458833784846704e-11,3.479511594585066187e-12,6.608918663101166357e-21,2.628636584323676576e-11,7.115183658260906679e-31,1.560746207270759843e-21,1.684949567808812676e-10,3.034098288710291401e-11
6.890000000000000568e-01,2.155378584438117594e-06,1.009766060822188197e-07,1.582407332945523175e-08,4.112650603114734994e-08,1.908202309718597354e-06,8.335633004097388349e-08,3.339295154758629590e-10,1.168356877422135042e-10,4.845024932917959563e-09,7.777221526905553769e-11,7.195096983948607259e-13,3.404787937931208219e-11,2.272971870917801781e-10,2.953007024508217917e-11,3.471684326718258583e-12,6.918673166510396595e-21,2.716461927727347502e-11,7.544195679130232404e-31,1.654847574988962575e-21,1.675472485328471520e-10,2.941868576007105896e-11
6.895000000000000018e-01,2.150974954736865110e-06,1.005803281313311648e-07,1.614518548461413741e-08,4.088846321057247070e-08,1.906699810225413089e-06,8.067599673475458688e-08,3.358805625415221462e-10,1.214716436869875027e-10,4.918624799434481843e-09,8.040463004407194925e-11,7.655607407208805978e-13,3.490565667960847504e-11,2.362013082434722654e-10,3.027400375957588402e-11,3.542913637431793522e-12,7.257870406818371527e-21,2.804965700979706754e-11,8.027051047399475492e-31,1.760759182367705978e-21,1.665774898405649631e-10,2.847272455286615868e-11
6.899999999999999467e-01,2.146733082731181356e-06,1.002245528093455152e-07,1.682627609805469446e-08,4.064573334513310652e-08,1.904986939638225483e-06,7.797394182019575884e-08,3.375512225355205361e-10,1.261385905253739599e-10,4.990226511543530197e-09,8.305417486976589239e-11,8.170319927968834041e-13,3.577207272066646198e-11,2.453131299802557558e-10,3.102542435020743995e-11,3.692848005216539427e-12,7.628086124894992240e-21,2.894028153599871932e-11,8.566738804923445686e-31,1.879136305475813490e-21,1.655886349595962990e-10,2.751909719890584820e-11
6.905000000000001137e-01,2.142664335493537457e-06,9.988165401921786354e-08,1.786824088220186308e-08,4.039908025040966277e-08,1.903063900977239654e-06,7.528741763245315934e-08,3.389369781881982412e-10,1.308299915208019126e-10,5.059730723631175819e-09,8.571723171004227358e-11,8.741468812487609287e-13,3.664511949764552185e-11,2.546132018313182150e-10,3.178259609142626818e-11,3.921689028228558093e-12,8.030528481723684075e-21,2.983530682614319411e-11,9.165601202729146375e-31,2.010492206049815220e-21,1.645837956999610246e-10,2.657095109879999824e-11
6.910000000000000586e-01,2.138751245580345709e-06,9.952522609901959288e-08,1.927366289857718100e-08,4.014907548393852846e-08,1.900910303908365842e-06,7.264271957779375479e-08,3.400339353919654957e-10,1.355390996079289027e-10,5.127039716221542465e-09,8.838996087427493301e-11,9.370466713440006631e-13,3.752238814025590343e-11,2.640856730782996171e-10,3.254343555360381184e-11,4.230004201117686152e-12,8.465891650600656560e-21,3.073348532643506291e-11,9.825118981512574534e-31,2.155151145311537136e-21,1.635653009345671495e-10,2.563756663829938550e-11
6.915000000000000036e-01,2.134958336494839136e-06,9.913469744941763604e-08,2.104504722130554149e-08,3.989592912144726889e-08,1.898491956237325453e-06,7.005653739234443486e-08,3.408384550092426343e-10,1.402587260968793838e-10,5.192056764854052998e-09,9.106814156422352272e-11,1.005787021169921925e-12,3.840170545999685106e-11,2.737228074229808072e-10,3.330606145384721580e-11,4.618341427917526508e-12,8.934314777319540669e-21,3.163344152035745551e-11,1.054587536843235622e-30,2.313240621497600732e-21,1.625340070898993844e-10,2.472483406652663898e-11
6.919999999999999485e-01,2.131249391021681228e-06,9.869875733555159370e-08,2.318281765306765106e-08,3.963944031399266816e-08,1.895772191686262012e-06,6.754051827802009661e-08,3.413469330061091129e-10,1.449810967233348713e-10,5.254686165062321809e-09,9.374709956187195506e-11,1.080356789788766362e-12,3.928170709870978463e-11,2.835267176153351474e-10,3.406929007065283930e-11,5.086792310165343810e-12,9.435485951974571005e-21,3.253363601466292828e-11,1.132775340019323574e-30,2.484734773943540240e-21,1.614890965761638648e-10,2.383686394638028281e-11
6.924999999999998934e-01,2.127605507194375359e-06,9.821690964193133002e-08,2.568390760598587320e-08,3.937908601924423029e-08,1.892724093393388089e-06,6.510686433119929066e-08,3.415558077847109085e-10,1.496978519908148167e-10,5.314833926654472428e-09,9.642175426572301477e-11,1.160717777136499130e-12,4.016215346172920868e-11,2.935076203516796621e-10,3.483290906311020677e-11,5.634685776963450185e-12,9.968888641705352489e-21,3.343237371385341871e-11,1.217035267203142675e-30,2.669545867077940662e-21,1.604284391228190980e-10,2.297796265083127722e-11
6.930000000000000604e-01,2.124037947001954552e-06,9.769887463778648052e-08,2.854160598150785319e-08,3.911421974112041311e-08,1.889339678441219038e-06,6.277255112638742866e-08,3.414617979928592537e-10,1.544001976936379462e-10,5.372408917978680163e-09,9.908677609869863866e-11,1.246856296277009187e-12,4.104387512720786280e-11,3.036790881005744305e-10,3.559763161238620387e-11,6.260555999019210015e-12,1.053413580445778800e-20,3.432785447412583402e-11,1.307353007606731149e-30,2.867642892547810487e-21,1.593494013068620685e-10,2.215412123980525909e-11
6.935000000000000053e-01,2.120591479969372646e-06,9.716204116934562618e-08,3.174686383183469364e-08,3.884431452085719664e-08,1.885633079651385942e-06,6.056049074355208188e-08,3.410622979607410563e-10,1.590791582887247046e-10,5.427324099743606574e-09,1.017368062690847164e-10,1.338831255388221568e-12,4.192835529584505380e-11,3.140518252565258500e-10,3.636473697612962768e-11,6.962429027511916585e-12,1.113129329416205021e-20,3.521824994750411344e-11,1.403790386002274794e-30,3.079162039273485088e-21,1.582498364101690148e-10,2.137342595235325273e-11
6.939999999999999503e-01,2.117337044942995590e-06,9.662759865398784637e-08,3.529069136822528520e-08,3.856916868437395470e-08,1.881636680218577044e-06,5.849732843843448040e-08,3.403558062399368912e-10,1.637258493797891354e-10,5.479497482070136005e-09,1.043666678531888956e-10,1.436801531526924531e-12,4.281707846387150127e-11,3.246280540485354127e-10,3.713550850952879340e-11,7.738346789871476534e-12,1.176107819342512045e-20,3.610178126862952507e-11,1.506514048966913321e-30,3.304469453575613621e-21,1.571289226132260974e-10,2.064528061363008240e-11
6.944999999999998952e-01,2.114356010532061543e-06,9.611623640567195872e-08,3.916679859429679606e-08,3.828900456155129956e-08,1.877391407985378706e-06,5.660897390505843195e-08,3.393422522247005332e-10,1.683316790424784339e-10,5.528852561205904655e-09,1.069714986599682154e-10,1.541019460499615275e-12,4.371085598357949541e-11,3.353984528160997120e-10,3.791065071560565954e-11,8.586943254314856015e-12,1.242484100206178781e-20,3.697677199614472009e-11,1.615788620611794310e-30,3.544146037480429773e-21,1.559875652266706803e-10,1.997882950261001789e-11
6.950000000000000622e-01,2.111720940782338458e-06,9.564432427629350838e-08,4.337345286304772556e-08,3.800442585889280532e-08,1.872934261903189089e-06,5.491584659266903003e-08,3.380231195408524930e-10,1.728884134900631460e-10,5.575318191727515567e-09,1.095467622923465446e-10,1.651786839691218774e-12,4.460935216517911076e-11,3.463427733174332817e-10,3.868987843519467897e-11,9.507848584323660895e-12,1.312430147760012943e-20,3.784165942093821947e-11,1.731930555263700515e-30,3.798886065922990155e-21,1.548282231339963947e-10,1.938127928247105447e-11
6.955000000000000071e-01,2.109478728458499998e-06,9.522129137770531830e-08,4.791373651196346537e-08,3.771624676896167967e-08,1.868287032600536555e-06,5.342982164253176631e-08,3.364013312544339020e-10,1.773880915408034053e-10,5.618828049699325971e-09,1.120881355557269095e-10,1.769382342538516060e-12,4.551097310602848187e-11,3.574340355831752144e-10,3.947181861647716974e-11,1.050174327488430287e-11,1.386108989039335613e-20,3.869496197868648880e-11,1.855232022765961931e-30,4.069330153558660319e-21,1.536542127214381169e-10,1.885682110928996554e-11
6.959999999999999520e-01,2.107641004849371216e-06,9.484857228101314651e-08,5.279393542860076764e-08,3.742524928780046339e-08,1.863449812655629633e-06,5.215403326846200277e-08,3.344809388460318810e-10,1.818228270307873608e-10,5.659319970300414965e-09,1.145913134953103261e-10,1.893980544053933223e-12,4.641316343242572079e-11,3.686449691979791643e-10,4.025426439925262564e-11,1.157000412474550316e-11,1.463622144332580467e-20,3.953521594521185142e-11,1.985876009121762313e-30,4.355879067994027901e-21,1.524687193264096137e-10,1.840656120279201544e-11
6.964999999999998970e-01,2.106184281101559140e-06,9.452010380430130478e-08,5.802048838405888915e-08,3.713194983844368065e-08,1.858401386777873571e-06,5.108540765729002108e-08,3.322667190065542233e-10,1.861845790979924268e-10,5.696735458419043151e-09,1.170518027519914641e-10,2.025588550462988929e-12,4.731302156078812546e-11,3.799545616986572245e-10,4.103470513694163871e-11,1.271403661381479296e-11,1.544967282805860146e-20,4.036090542374643859e-11,2.123869886680566492e-30,4.658548170602945807e-21,1.512738465668794578e-10,1.802941474428178558e-11
6.970000000000000639e-01,2.105059200203624379e-06,9.422403971914821039e-08,6.359651939557509258e-08,3.683645371446458358e-08,1.853106421800894628e-06,5.021861847193394748e-08,3.297638095305640642e-10,1.904649823932227165e-10,5.731019575166009560e-09,1.194647791044199391e-10,2.164023634955193771e-12,4.820803652916492935e-11,3.913524775764679588e-10,4.181096289651426640e-11,1.393451746712902270e-11,1.630021655258072209e-20,4.117041202586481048e-11,2.269021987623461862e-30,4.976916261910029534e-21,1.500700233944467608e-10,1.772350186745022968e-11
6.975000000000000089e-01,2.104205601142518373e-06,9.394517730784180829e-08,6.951922625661133253e-08,3.653844675473291437e-08,1.847527222949235475e-06,4.954958542539977898e-08,3.269774995524268097e-10,1.946553081944870503e-10,5.762121240393072602e-09,1.218250638531015393e-10,2.308944121753082656e-12,4.909670530976711445e-11,4.028397779529042032e-10,4.258172738622032641e-11,1.523082561021914471e-11,1.718559855578031736e-20,4.196200372614815461e-11,2.420974010381980338e-30,5.310196907059887916e-21,1.488559701626885422e-10,1.748738241144903626e-11
6.979999999999999538e-01,2.103568629370686697e-06,9.366757368223890377e-08,7.577918656082140728e-08,3.623732774405284263e-08,1.841636363195775315e-06,4.907690159445982721e-08,3.239132360512972468e-10,1.987465804664370681e-10,5.789993826843913963e-09,1.241272331780117115e-10,2.459928946423706230e-12,4.997882463445882397e-11,4.144255930074754568e-10,4.334681099658021414e-11,1.660089300387798233e-11,1.810303601340971733e-20,4.273386853905642909e-11,2.579284457520476166e-30,5.657421633364853981e-21,1.476292379538474298e-10,1.732055969373553634e-11
6.984999999999998987e-01,2.103111224320830124e-06,9.337693269263829076e-08,8.236201384429417286e-08,3.593243772321468093e-08,1.835426188301775347e-06,4.880054779316928757e-08,3.205768360282277988e-10,2.027298148356309766e-10,5.814595817977000929e-09,1.263658286921068211e-10,2.616584158174140366e-12,5.085535540702373283e-11,4.261207722066915786e-10,4.410703498727665454e-11,1.804156914011606990e-11,1.904989951757872169e-20,4.348418278056619184e-11,2.743540310114909339e-30,6.017684937400698196e-21,1.463871426748884572e-10,1.722302682646642134e-11
6.990000000000000657e-01,2.102819799418626491e-06,9.306249640662861105e-08,8.925195683178860078e-08,3.562330965496690628e-08,1.828912154054348825e-06,4.871850107869232950e-08,3.169748260909408820e-10,2.065963034094513605e-10,5.835891294487615662e-09,1.285356020934026600e-10,2.778643149078864679e-12,5.172789727088256692e-11,4.379305949186220953e-10,4.486377811433370940e-11,1.954940940817848139e-11,2.002436658584098872e-20,4.421119134641379675e-11,2.913462109381516965e-30,6.390374677654831880e-21,1.451277820718201309e-10,1.719406981265982272e-11
6.995000000000000107e-01,2.102702209686536372e-06,9.271831147354042634e-08,9.643628289926375957e-08,3.530985481341850726e-08,1.822128874471826803e-06,4.882282368979912751e-08,3.131147903717544102e-10,2.103378507432721678e-10,5.853850100717232629e-09,1.306317145233720754e-10,2.946026236662239683e-12,5.259794009569514650e-11,4.498489965068981065e-10,4.561833076718238388e-11,2.112163342254377027e-11,2.102582266602526232e-20,4.491327304944934073e-11,3.088966406324644204e-30,6.775308822014238845e-21,1.438507949729564411e-10,1.723088725349641321e-11
6.999999999999999556e-01,2.102779404279830723e-06,9.234382208275743414e-08,1.039089082695297663e-07,3.499242329579019087e-08,1.815120055424704654e-06,4.909710148537678724e-08,3.090056065190120562e-10,2.139468827478881825e-10,5.868447681948509898e-09,1.326498264723915437e-10,3.118835828318318715e-12,5.346613509166944367e-11,4.618563088260388027e-10,4.637126384804367409e-11,2.275691709395293639e-11,2.205485167840457110e-20,4.558896921877613447e-11,3.270160661112064190e-30,7.172723957529590786e-21,1.425576077483210564e-10,1.732768629943317321e-11
7.004999999999999005e-01,2.103073802168029180e-06,9.194377011040503260e-08,1.116718974438989377e-07,3.467171816765142186e-08,1.807925439245938070e-06,4.951656056074968587e-08,3.046574874603781892e-10,2.174163954001180709e-10,5.879664718155777536e-09,1.345860517426834141e-10,3.297283170675152484e-12,5.433182513633980039e-11,4.739213658678256147e-10,4.712201969594570409e-11,2.445571771786786238e-11,2.311278459809868246e-20,4.623696671046604845e-11,3.457266410647200133e-30,7.583106482395823567e-21,1.412510845266721086e-10,1.747572376970977764e-11
7.010000000000000675e-01,2.103598013724847553e-06,9.152739404281777635e-08,1.197341297175901102e-07,3.434859179520753818e-08,1.800568873504408355e-06,5.005105367497724539e-08,3.000818104583610535e-10,2.207397678771886498e-10,5.887486754675347764e-09,1.364367961058242996e-10,3.481565576432332244e-12,5.519299178729747898e-11,4.860073615305650499e-10,4.786886213448771646e-11,2.621997940573273199e-11,2.420092269288077975e-20,4.685604268284214181e-11,3.650490522658099450e-30,8.006910042055931281e-21,1.399346974969675971e-10,1.766436008269486473e-11
7.015000000000000124e-01,2.104347032647587023e-06,9.110695564476200094e-08,1.281074072453787919e-07,3.402379240648023297e-08,1.793051315869949990e-06,5.066985896667701693e-08,2.952907832391273832e-10,2.239105144898180806e-10,5.891904016816304671e-09,1.381985414762663527e-10,3.671731349950767121e-12,5.604664157540669546e-11,4.980795594302043949e-10,4.860920658543861773e-11,2.805227984675840076e-11,2.531967198639733100e-20,4.744499222435818079e-11,3.849883569505989191e-30,8.444244887766949381e-21,1.386114944836141919e-10,1.788275278798064556e-11
7.019999999999999574e-01,2.105295730346807007e-06,9.069571392801067160e-08,1.368012199200016416e-07,3.369774557840688027e-08,1.785351071855411536e-06,5.134640920072562938e-08,2.902970473294373225e-10,2.269220734319544699e-10,5.892911501643323466e-09,1.398676555693274786e-10,3.867576691342360646e-12,5.688951043790800588e-11,5.101122865900759055e-10,4.934022690728437816e-11,2.995468489935293529e-11,2.646787346237339065e-20,4.800256628707839252e-11,4.055231750491802565e-30,8.894641005245300368e-21,1.372832088291311629e-10,1.812152559948324770e-11
7.024999999999999023e-01,2.106401863462433346e-06,9.030560133523238350e-08,1.458179437437424087e-07,3.337044360086297056e-08,1.777431292563668798e-06,5.206103302232780772e-08,2.851133352740305429e-10,2.297677189059940319e-10,5.890509306822256003e-09,1.414402982822044362e-10,4.068611345217877371e-12,5.771885978150702332e-11,5.220928337135266465e-10,5.005954399161734002e-11,3.192769980149072491e-11,2.764256753052673253e-20,4.852744403362838536e-11,4.266020907344936444e-30,9.356969508789695714e-21,1.359498087614050960e-10,1.837373584858780241e-11
7.030000000000000693e-01,2.107613328417797320e-06,8.994499251965170865e-08,1.551502062638314029e-07,3.304147949113694190e-08,1.769252442411952153e-06,5.280057311468143549e-08,2.797522766980247210e-10,2.324406401105680000e-10,5.884703040333491982e-09,1.429124623023532937e-10,4.274109195477403525e-12,5.853310561755522816e-11,5.340208863905577099e-10,5.076577257024400506e-11,3.396969577104751427e-11,2.883930062759233955e-20,4.901825172224482986e-11,4.481489610407678367e-30,9.829559443598175774e-21,1.346096360386768047e-10,1.863473975497402330e-11
7.035000000000000142e-01,2.108877417608397901e-06,8.961702821357243253e-08,1.647814861954677958e-07,3.271021401756250203e-08,1.760785819276477966e-06,5.355503567624156484e-08,2.742263964161068027e-10,2.349341708057456745e-10,5.875504105778212981e-09,1.442801383575879627e-10,4.483232544822665570e-12,5.933207456281445006e-11,5.459035988022586617e-10,5.145874703599487069e-11,3.607704452016319598e-11,3.005290589115359486e-20,4.947362377530717515e-11,4.700759496201279116e-30,1.031048395714256190e-20,1.332600864314662723e-10,1.890101000441983812e-11
7.039999999999999591e-01,2.110149517393330629e-06,8.931891156651104256e-08,1.746899293772588315e-07,3.237601969039134380e-08,1.752023805381599539e-06,5.431268825209500240e-08,2.685482837265440519e-10,2.372420978764116255e-10,5.862929698337365362e-09,1.455395514943312265e-10,4.695193406798869533e-12,6.011680066433185533e-11,5.577478979496930736e-10,5.213935035618270512e-11,3.824495569293405820e-11,3.127852620958725768e-20,4.989228648306831731e-11,4.923004395314931364e-30,1.079793138191863787e-20,1.318986037233318150e-10,1.916840572211629961e-11
7.044999999999999041e-01,2.111399025472665114e-06,8.904241487811620146e-08,1.848542252511295899e-07,3.203852015922085191e-08,1.742983501947456593e-06,5.505572748746270564e-08,2.627308568807422213e-10,2.393589464706499876e-10,5.847002461797740546e-09,1.466873892646506965e-10,4.909400588740269278e-12,6.088892605725095022e-11,5.695525709271032397e-10,5.280899894225109021e-11,4.046876348877511761e-11,3.251255343811865830e-20,5.027313628498733980e-11,5.147604539494104652e-30,1.129054337262652619e-20,1.305236549597068711e-10,1.943064357260141385e-11
7.050000000000000711e-01,2.112611107918379017e-06,8.877555432312747579e-08,1.952595997078774950e-07,3.169774529398289985e-08,1.733702471110197276e-06,5.575847713318677100e-08,2.567876181089674562e-10,2.412801445047601874e-10,5.827749901410137629e-09,1.477209448177095596e-10,5.125543258239047114e-12,6.164989782372467816e-11,5.813028047396902248e-10,5.346894868366756552e-11,4.274523677041760225e-11,3.375316839780660380e-20,5.061528586001256221e-11,5.374234150926153537e-30,1.178760672695398082e-20,1.291353621690244101e-10,1.967866181522348037e-11
7.055000000000000160e-01,2.113784041915560044e-06,8.850508657378508655e-08,2.059018384893881689e-07,3.135415068444882327e-08,1.724227832295114219e-06,5.638909633858768985e-08,2.507328008833821428e-10,2.430020095519156915e-10,5.805203760964174927e-09,1.486381271002778661e-10,5.343580333321720419e-12,6.240022076430459476e-11,5.929690645324067342e-10,5.411964649842771295e-11,4.507345661248221131e-11,3.500028435275998325e-20,5.091806204214986333e-11,5.602850275545056888e-30,1.228902848443529545e-20,1.277355817219017864e-10,1.990122318375777767e-11
7.059999999999999609e-01,2.114923047668921959e-06,8.821925035098169159e-08,2.167878411843807301e-07,3.100849572937111525e-08,1.714602131669099980e-06,5.691436523368395912e-08,2.445813490150585843e-10,2.445215628031092007e-10,5.779399605748183123e-09,1.494373366559854163e-10,5.563634969858630062e-12,6.313900892383812483e-11,6.045107634833738697e-10,5.476033817869664981e-11,4.745493398680178394e-11,3.625488715815933413e-20,5.118095621181833076e-11,5.833582111686323936e-30,1.279509278768361072e-20,1.263274076001204140e-10,2.008660377849909376e-11
7.064999999999999059e-01,2.116032452536713669e-06,8.791009778075254521e-08,2.279323456723557084e-07,3.066162161709997262e-08,1.704850510629518083e-06,5.730583993059673986e-08,2.383487232407360045e-10,2.458362364171192392e-10,5.750376786984597159e-09,1.501172527694199712e-10,5.785825055999617486e-12,6.386398286010056341e-11,6.158835712688017203e-10,5.538906116786262739e-11,4.989288994668642215e-11,3.751796685352699354e-20,5.140354453721031825e-11,6.066553256416719281e-30,1.330607074831208311e-20,1.249142668525122744e-10,2.022476523896127972e-11
7.070000000000000728e-01,2.117108531984224493e-06,8.757486777359063360e-08,2.393517799293267282e-07,3.031420357692494454e-08,1.694973358177216652e-06,5.754505552227666834e-08,2.320505862927580937e-10,2.469435802214726469e-10,5.718178818351879762e-09,1.506766093426756381e-10,6.010083337812126266e-12,6.457191578230375415e-11,6.270479684902163750e-10,5.600302670165198918e-11,5.239090873556810457e-11,3.878938023659635588e-20,5.158540637822398969e-11,6.301693103897735703e-30,1.382180674847777073e-20,1.234989102645191679e-10,2.030919093618678045e-11
7.075000000000000178e-01,2.118135280760085191e-06,8.721611783032387819e-08,2.510572377498643009e-07,2.996655984721902449e-08,1.684946920637666845e-06,5.762576442797222446e-08,2.257024541770740251e-10,2.478410767709469306e-10,5.682854024891792902e-09,1.511140416345233804e-10,6.236026524187253496e-12,6.525938645760599262e-11,6.379762051447092028e-10,5.659926972997436174e-11,5.495140125397508207e-11,4.006702049508210639e-20,5.172607037876900580e-11,6.538599624377715222e-30,1.434141768602249279e-20,1.220826341241970220e-10,2.033767589646768058e-11
7.079999999999999627e-01,2.119084643343734918e-06,8.684066988332499394e-08,2.630489622066316854e-07,2.961858035249824076e-08,1.674731789238073691e-06,5.755231850661947189e-08,2.193194084087904284e-10,2.485261382270874966e-10,5.644456195877651734e-09,1.514280618629467385e-10,6.462918814150753429e-12,6.592359729999155612e-11,6.486553233752568766e-10,5.717535809998541019e-11,5.757440038080791875e-11,4.134658172289679749e-20,5.182500866573679081e-11,6.776501164793686031e-30,1.486320959583542842e-20,1.206649897051730274e-10,2.031175581285885652e-11
7.084999999999999076e-01,2.119921493534702422e-06,8.645773331112117370e-08,2.753142952028418494e-07,2.926979780654622642e-08,1.664286609672839685e-06,5.733479745475186742e-08,2.129159402952791629e-10,2.489962959909014273e-10,5.603044940614948610e-09,1.516171767823103688e-10,6.689745670959939394e-12,6.656299458509919826e-11,6.590851999152553111e-10,5.772993285998261172e-11,6.025711589696588827e-11,4.262201835335400174e-20,5.188168314073422986e-11,7.014333850044650631e-30,1.538484788730811277e-20,1.192440730028357679e-10,2.023498778834631555e-11
7.090000000000000746e-01,2.120612189336171423e-06,8.607675010302737369e-08,2.878299314077160981e-07,2.891957645580570779e-08,1.653582604144317193e-06,5.698276000819564368e-08,2.065059530427744686e-10,2.492495258674475023e-10,5.558685529708599681e-09,1.516801101621604732e-10,6.915377717682999674e-12,6.717749124061540196e-11,6.692722239007384790e-10,5.826290565080636185e-11,6.299443127109760111e-11,4.388657212165016802e-20,5.189562969030624829e-11,7.250913467997075584e-30,1.590373473198900101e-20,1.178172937323754469e-10,2.011074506473168370e-11
7.095000000000000195e-01,2.121134258775332749e-06,8.570551479777007738e-08,3.005678647375019834e-07,2.856735484287272904e-08,1.642614160430638610e-06,5.650003978906665006e-08,2.001028961338042484e-10,2.492846015848112171e-10,5.511448179990210924e-09,1.516160551201576190e-10,7.138774198793541612e-12,6.776822059083296730e-11,6.792206956803570380e-10,5.877524951531449023e-11,6.578020724508593940e-11,4.513404739219300132e-20,5.186655253553645580e-11,7.485148817460883469e-30,1.641747718164449701e-20,1.163823643884984650e-10,1.994038043701591653e-11
7.099999999999999645e-01,2.121484131044088983e-06,8.534896763337246457e-08,3.135031267208938119e-07,2.821286164818054906e-08,1.631401963952860169e-06,5.588260460040336094e-08,1.937199659202777517e-10,2.491013556982050458e-10,5.461406947763268802e-09,1.514248689521434578e-10,7.359160913099844116e-12,6.833690043159638733e-11,6.889248155911317824e-10,5.926845041515295663e-11,6.860897552933235703e-11,4.635992499482263086e-20,5.179439669123789996e-11,7.716228260647086347e-30,1.692429623965490980e-20,1.149381796024203065e-10,1.972247080798491877e-11
7.104999999999999094e-01,2.121680121196469867e-06,8.500880947398240453e-08,3.266207393221185067e-07,2.785623341722630398e-08,1.619987553882088048e-06,5.512030390727855660e-08,1.873702892048790413e-10,2.487007549975758771e-10,5.408638555330679019e-09,1.511071411456856147e-10,7.576124202520403003e-12,6.888501215383009055e-11,6.983639592373474539e-10,5.974379601903037492e-11,7.147745849087310702e-11,4.756194818826674495e-20,5.167937324248457421e-11,7.943718233815579097e-30,1.742324257574146288e-20,1.134852957557339908e-10,1.945343393132866080e-11
7.110000000000000764e-01,2.121759142641034931e-06,8.468383443901714926e-08,3.399194921574565421e-07,2.749799626878828142e-08,1.608420997626543246e-06,5.420181505246129841e-08,1.810670170460428939e-10,2.480847587342472371e-10,5.353221525786537835e-09,1.506641078399846436e-10,7.789588814121066653e-12,6.941305898308580853e-11,7.075028581921070313e-10,6.020173070137392458e-11,7.438539242657333605e-11,4.873998066845839455e-20,5.152192773300264998e-11,8.167539983631889765e-30,1.791414500314901902e-20,1.120258564315971610e-10,1.912927401267550611e-11
7.115000000000000213e-01,2.121767562113267810e-06,8.437070516156795814e-08,3.534111660024479589e-07,2.713891918057116497e-08,1.596745672377537591e-06,5.312085997253689366e-08,1.748232892637765000e-10,2.472560018089400324e-10,5.295235914478543799e-09,1.500974386859951621e-10,7.999684963915466108e-12,6.992014179242113900e-11,7.162966777183913293e-10,6.064148436375126608e-11,7.733535396804408184e-11,4.989517271621084610e-20,5.132266117531087695e-11,8.387830132452412778e-30,1.839730416407884333e-20,1.105629946585368261e-10,1.874777566012670395e-11
7.119999999999999662e-01,2.121748643260411285e-06,8.406485175499718692e-08,3.671153359952056777e-07,2.677978888779073421e-08,1.584985145738160915e-06,5.188128367126043607e-08,1.686520741942713566e-10,2.462174062262505114e-10,5.234763725820915312e-09,1.494089667350387299e-10,8.206546471724814704e-12,7.040398880715781285e-11,7.246993485675303767e-10,6.106109464260966199e-11,8.033162005873510985e-11,5.102870013039819801e-20,5.108222949443355657e-11,8.604728988976807921e-30,1.887302790398077406e-20,1.090999158009277605e-10,1.831029610724552279e-11
7.124999999999999112e-01,2.121730446693036915e-06,8.376125183424250029e-08,3.810513937714029750e-07,2.642118175680749098e-08,1.573136505505666379e-06,5.049904285591940937e-08,1.625659283854432005e-10,2.449718511840717754e-10,5.171889858236070649e-09,1.486004530407840940e-10,8.410105230393548857e-12,7.086142985620616611e-11,7.326724160068083819e-10,6.145781573216908259e-11,8.337842117190399013e-11,5.214048519457094458e-20,5.080125497506389313e-11,8.818165044162632462e-30,1.934115855357213241e-20,1.076389681307616432e-10,1.782246697592260644e-11
7.130000000000000782e-01,2.121718290242233225e-06,8.345499322989490920e-08,3.952304125965145209e-07,2.606330800189659157e-08,1.561172392052388132e-06,4.900035654604182401e-08,1.565767445285541666e-10,2.435220150360250432e-10,5.106703215741227558e-09,1.476734674274451004e-10,8.609949516172290345e-12,7.128916349629358981e-11,7.401914848448817177e-10,6.182878309953169297e-11,8.647816233101611657e-11,5.322832019942519386e-20,5.048027971430747778e-11,9.027706435649222573e-30,1.980074739119920137e-20,1.061810081379743746e-10,1.729354155089723563e-11
7.135000000000000231e-01,2.121694702969385585e-06,8.314166088942021147e-08,4.096495951757702740e-07,2.570597865011953356e-08,1.549051117199746191e-06,4.741673847151334698e-08,1.506955564727072768e-10,2.418704459651079447e-10,5.039297539303847652e-09,1.466294283698644223e-10,8.805293670401833470e-12,7.168457195342822670e-11,7.472481295629038293e-10,6.217172158270126442e-11,8.963021106223040398e-11,5.428768657431686812e-20,5.011977724729368107e-11,9.232529208421987610e-30,2.024998550066134964e-20,1.047252659339452117e-10,1.673464161773477251e-11
7.139999999999999680e-01,2.121627493041592109e-06,8.281766325874164822e-08,4.242912320528011936e-07,2.534870435225086938e-08,1.536731561783044765e-06,4.577878721740928075e-08,1.449324489839399999e-10,2.400198410417182538e-10,4.969771582275750365e-09,1.454697909223415231e-10,8.995070811239503191e-12,7.204632413028783231e-11,7.538466423490166069e-10,6.248547086277821825e-11,9.283067317363147745e-11,5.531233735280637122e-20,4.972021897680791165e-11,9.431514580553039065e-30,2.068641765544865945e-20,1.032697478145028662e-10,1.615656592633397713e-11
7.144999999999999130e-01,2.121483799975872725e-06,8.248059533595449148e-08,4.391266168587298853e-07,2.499089143225256985e-08,1.524187934080757830e-06,4.411101246647676139e-08,1.392965851882418921e-10,2.379734413662878497e-10,4.898228464586125182e-09,1.441963203878985923e-10,9.178120160943127509e-12,7.237457533874482251e-11,7.599967079103851124e-10,6.277016122148519839e-11,9.607325277147447100e-11,5.629546140823766713e-20,4.928217336277151289e-11,9.623445403139985339e-30,2.110737366975297821e-20,1.018120349892320734e-10,1.556796433976316203e-11
7.150000000000000799e-01,2.121245753152912706e-06,8.212964418069217908e-08,4.541237035662416627e-07,2.463206899678743958e-08,1.511419492351670531e-06,4.242948904210157676e-08,1.337963283426185903e-10,2.357354088619328389e-10,4.824774321295497901e-09,1.428113585070885644e-10,9.353409501806568052e-12,7.267070174822888910e-11,7.657044495628830482e-10,6.302698474382374005e-11,9.935092959562652000e-11,5.723105701914472462e-20,4.880640434993215605e-11,9.807239427060446366e-30,2.151048023403905410e-20,1.003502088606523064e-10,1.497450997058923484e-11
7.155000000000000249e-01,2.120922456980954816e-06,8.176593061120345346e-08,4.692560102486613314e-07,2.427207175216335798e-08,1.498451993019439781e-06,4.074297220477451695e-08,1.284394083130856828e-10,2.333110528780998411e-10,4.749516615379460700e-09,1.413179892161522254e-10,9.520221513855740607e-12,7.293665623191678753e-11,7.709648335600226110e-10,6.325763660249892142e-11,1.026579070484493621e-10,5.811507316387852380e-20,4.829393519276722861e-11,9.982144666778067796e-30,2.189408930216213042e-20,9.888359585957759318e-11,1.437929283661534229e-11
7.159999999999999698e-01,2.120553901737087683e-06,8.139261025791531972e-08,4.845098131216215421e-07,2.391111908990895380e-08,1.485330375251063276e-06,3.905675297720694652e-08,1.232330744331954186e-10,2.307068220257477654e-10,4.672562620319043490e-09,1.397200428551555458e-10,9.678244262432384249e-12,7.317415278845559350e-11,7.757579670708660503e-10,6.346360628726504789e-11,1.059911841871004729e-10,5.894595251018302111e-20,4.774605490248064731e-11,1.014783423543340517e-29,2.225748570137321715e-20,9.741308967513374829e-11,1.378418048394976163e-11
7.164999999999999147e-01,2.120204882101336660e-06,8.101457163651902176e-08,4.998872014821989387e-07,2.354976626310524897e-08,1.472105114106780337e-06,3.737751837528857900e-08,1.181841866249006494e-10,2.279300533749585481e-10,4.594018541842625809e-09,1.380219307542145145e-10,9.827537161661193142e-12,7.338394067912388674e-11,7.800505310265064211e-10,6.364554605474072769e-11,1.093512208821863355e-10,5.972440535582334484e-20,4.716426337420391453e-11,1.030437059929848516e-29,2.260080817371202517e-20,9.594095237165944888e-11,1.319153321599226715e-11
7.170000000000000817e-01,2.119950326214564926e-06,8.063767380346476420e-08,5.154039147307382681e-07,2.318874611787045977e-08,1.458816787416497245e-06,3.571719251922036702e-08,1.132992210272649281e-10,2.249885519134588725e-10,4.513989545643371135e-09,1.362283587580357061e-10,9.968384143024813977e-12,7.356539991293426931e-11,7.838018846912693569e-10,6.380291852238258009e-11,1.127414612432133563e-10,6.045249418299635930e-20,4.655017160020186344e-11,1.045205156814373809e-29,2.292471103914462050e-20,9.447016961143904727e-11,1.260555962387783301e-11
7.175000000000000266e-01,2.119856471095992538e-06,8.026762538708707292e-08,5.310826121764671521e-07,2.282875555171147256e-08,1.445483992332401483e-06,3.409425351197755592e-08,1.085841960694061082e-10,2.218901308769066588e-10,4.432580653859542238e-09,1.343440094119567334e-10,1.010108223536841947e-11,7.371658648947320484e-11,7.869728325639036066e-10,6.393403557394396172e-11,1.161668588223590350e-10,6.113233144855363259e-20,4.590538842370702870e-11,1.059118858409764503e-29,2.322987755467267027e-20,9.300358067698370372e-11,1.203278126007353057e-11
7.179999999999999716e-01,2.119963974215948087e-06,7.990875741168638436e-08,5.469437582002512143e-07,2.247025800912843922e-08,1.432098617111194440e-06,3.253210627435997077e-08,1.040445502218141291e-10,2.186422585207707141e-10,4.349898170492455731e-09,1.323732942203118587e-10,1.022573438041966677e-11,7.383471207338551037e-11,7.895341698585961913e-10,6.403647548278341535e-11,1.196318818836391773e-10,6.176481578615949004e-20,4.523142997123594456e-11,1.072188948320109540e-29,2.351654338668297444e-20,9.154307381318953561e-11,1.148145832363245363e-11
7.184999999999999165e-01,2.120278663672479837e-06,7.956302052782474518e-08,5.629971234619726081e-07,2.211336656697418070e-08,1.418630003024954811e-06,3.105528512909947846e-08,9.968501613225313790e-11,2.152519235256090290e-10,4.266051100606084030e-09,1.303202553533272719e-10,1.034211341908225397e-11,7.391690448195196107e-11,7.914722082128180520e-10,6.410774451665319975e-11,1.231386553836896980e-10,6.234881473636613985e-20,4.452968059038704662e-11,1.084391591333111815e-29,2.378418415174534474e-20,9.008910988151828011e-11,1.096024946371338830e-11
7.190000000000000835e-01,2.120773237033842242e-06,7.922950499849734348e-08,5.792367269115215088e-07,2.175784424691635620e-08,1.405036555161429694e-06,2.968507898164570874e-08,9.550953448831407156e-11,2.117257600588574520e-10,4.181152011725842700e-09,1.281886474538715203e-10,1.044964059017991638e-11,7.396100653712446538e-11,7.927894953400854174e-10,6.414597175545927144e-11,1.266858571551429813e-10,6.288105264497202805e-20,4.380141719109557900e-11,1.095666084345054875e-29,2.403146659572746090e-20,8.864072359446657007e-11,1.047666785322705088e-11
7.195000000000000284e-01,2.121399577655743452e-06,7.890464315814964681e-08,5.956409244444982957e-07,2.140321879825294499e-08,1.391280882763165063e-06,2.843630457488365180e-08,9.152123665929691472e-11,2.080703878313445192e-10,4.095316959528837490e-09,1.259821707810621008e-10,1.054748450312642321e-11,7.396615954381067810e-11,7.935005398161809530e-10,6.415041601405259713e-11,1.302687405148758348e-10,6.335673112438839966e-20,4.304788793093306025e-11,1.105925239790232114e-29,2.425647692287090165e-20,8.719599110789142841e-11,1.003594247485497638e-11
7.199999999999999734e-01,2.122107703944422328e-06,7.858305452566607319e-08,6.121776554509061146e-07,2.104897159998456444e-08,1.377343401442867073e-06,2.731637883130171168e-08,8.772250365261891638e-11,2.042928506083674333e-10,4.008664408961372263e-09,1.237047764938486822e-10,1.063474772126378471e-11,7.393298718335556460e-11,7.936240012886482657e-10,6.412162450024294365e-11,1.338802846572293665e-10,6.377067317112473726e-20,4.227041814366720588e-11,1.115074953903033825e-29,2.445715046938405355e-20,8.575279958832287392e-11,9.640690809516927666e-12
7.204999999999999183e-01,2.122864991016099758e-06,7.825880284976594796e-08,6.288131498583319087e-07,2.069473691561039853e-08,1.363229888755541030e-06,2.632682830640414939e-08,8.411508744037477992e-11,2.004010025206506361e-10,3.921313423182757227e-09,1.213609402059034602e-10,1.071068046401178164e-11,7.386332349560150581e-11,7.931739600478332935e-10,6.406119450610937280e-11,1.375131006398667824e-10,6.411861769329013810e-20,4.147050726993280426e-11,1.123036615641728713e-29,2.463176342053338556e-20,8.430965897505454086e-11,9.291451610061914304e-12
7.210000000000000853e-01,2.123669083861229080e-06,7.792671880576885349e-08,6.455212442858994398e-07,2.034044590042869497e-08,1.348970549438645456e-06,2.546635978642399754e-08,8.070026564810620202e-11,1.964037067641992571e-10,3.833381649406306377e-09,1.189558093374759635e-10,1.077485328035981346e-11,7.375957392244335068e-11,7.921531599449396672e-10,6.397121620171302395e-11,1.411614688470965121e-10,6.439825075781867714e-20,4.064988334439662236e-11,1.129765210287913702e-29,2.477932976705774448e-20,8.286628868229865837e-11,8.987768592934178558e-12
7.215000000000000302e-01,2.124549992153216640e-06,7.758344022711253068e-08,6.622902420477489025e-07,1.998636958521819953e-08,1.334611008057117564e-06,2.473402198813623690e-08,7.747899558235861773e-11,1.923107712074804127e-10,3.744983712685982225e-09,1.164951703017591858e-10,1.082723496364147627e-11,7.362391477740406049e-11,7.905504402730634048e-10,6.385357596188026110e-11,1.448228376506232276e-10,6.460965361540150931e-20,3.981049540834471214e-11,1.135257484511624182e-29,2.489977998255229906e-20,8.142379274571395266e-11,8.729306234797952267e-12
7.219999999999999751e-01,2.125560541564967098e-06,7.722792968968491963e-08,6.791250514389450873e-07,1.963304944937401409e-08,1.320198333791370459e-06,2.413104492004784272e-08,7.445203875251462378e-11,1.881326305868458514e-10,3.656230504253054639e-09,1.139852399577581519e-10,1.086815333734186573e-11,7.345758704484570728e-11,7.883431693766713766e-10,6.370934335481022605e-11,1.484982884306391690e-10,6.475504177424038369e-20,3.895444449057296702e-11,1.139547828755238618e-29,2.499387013746841121e-20,7.998437701564258437e-11,8.516498854135024237e-12
7.224999999999999201e-01,2.126758386479786714e-06,7.686140352548008488e-08,6.960438866841894262e-07,1.928114141911291578e-08,1.305766813637583780e-06,2.366060160127125878e-08,7.162003954497667348e-11,1.838798675288365181e-10,3.567229558827983093e-09,1.114323429065356205e-10,1.089815432463207026e-11,7.326050925729436539e-11,7.855038371065081247e-10,6.353843722733659745e-11,1.521918113964166006e-10,6.483789853980576769e-20,3.808387385632195843e-11,1.142693494875865062e-29,2.506285711906968799e-20,7.855071364217458011e-11,8.350466440338535324e-12
7.230000000000000870e-01,2.128185748325877485e-06,7.648678207818293296e-08,7.130706038985543440e-07,1.893122682353798226e-08,1.291328199977698514e-06,2.332569600799128165e-08,6.898355698762052686e-11,1.795627175339341604e-10,3.478086352253305342e-09,1.088425733823624946e-10,1.091780658371685913e-11,7.303133158113432222e-11,7.820086048890120706e-10,6.333967635253073332e-11,1.559086276368639281e-10,6.486179555321249695e-20,3.720085247781908320e-11,1.144754108419042885e-29,2.510804890877031963e-20,7.712517093583888962e-11,8.232269208043391147e-12
7.235000000000000320e-01,2.129853874818309955e-06,7.610788771137664633e-08,7.302251795911946691e-07,1.858365313402174316e-08,1.276869587921829036e-06,2.312622205566792120e-08,6.654306201495496719e-11,1.751907089213443070e-10,3.388906039351620861e-09,1.062215455638235885e-10,1.092751486673373750e-11,7.276791212164712707e-11,7.778449961027164331e-10,6.311119683773428165e-11,1.596531063581838705e-10,6.482928235261562276e-20,3.630728781181043957e-11,1.145772098793756302e-29,2.513037530011190709e-20,7.570916454864024461e-11,8.161869631698418150e-12
7.239999999999999769e-01,2.131737604187236097e-06,7.572864135689621801e-08,7.475154486635682224e-07,1.823845566947444361e-08,1.262359480767340225e-06,2.305660217319990883e-08,6.429892102716894533e-11,1.707725455807050215e-10,3.299794998536452155e-09,1.035743075050686455e-10,1.092740053379204534e-11,7.246806195779144401e-11,7.730162291646952765e-10,6.285110143783395263e-11,1.634269590254409547e-10,6.474119155757889008e-20,3.540489433177293777e-11,1.145760174041359237e-29,2.513011345023132398e-20,7.430283849119698723e-11,8.137299075043846573e-12
7.244999999999999218e-01,2.133781916264360520e-06,7.535244493087776874e-08,7.649328031777826448e-07,1.789538332607239263e-08,1.247759868305824258e-06,2.310515212349714190e-08,6.225138852495739790e-11,1.663162622235713594e-10,3.210861608167336841e-09,1.009054409879938244e-10,1.091728451275853462e-11,7.213032039834458358e-11,7.675408325412847449e-10,6.255813246742253157e-11,1.672283007140681372e-10,6.459656194041540420e-20,3.449522606638958779e-11,1.144699539479806599e-29,2.510684931375906769e-20,7.290516992930340673e-11,8.154433683260088394e-12
7.250000000000000888e-01,2.135918185555746745e-06,7.498182362403373207e-08,7.824532519873585225e-07,1.755401655734684685e-08,1.233040190719804347e-06,2.325555240611850562e-08,6.040062778192390644e-11,1.618295940693227598e-10,3.122215932149330246e-09,9.821930969710556264e-11,1.089677447749473713e-11,7.175451335418997402e-11,7.614477477305445813e-10,6.223215346581750470e-11,1.710518840990431123e-10,6.439317889210989404e-20,3.357976062707164340e-11,1.142549044382471359e-29,2.505967883615721794e-20,7.151444979896307454e-11,8.207513743731907416e-12
7.255000000000000338e-01,2.138084487820827087e-06,7.461829198208984631e-08,8.000434850970232285e-07,1.721393598558907503e-08,1.218188527330456598e-06,2.348987165143780222e-08,5.874677074286579595e-11,1.573204339780317480e-10,3.033968355108210766e-09,9.552037066779398866e-11,1.086542519266408667e-11,7.134191801191969026e-11,7.547685999806868202e-10,6.187428695826862336e-11,1.748904274037408832e-10,6.412853777469451867e-20,3.266000564107350809e-11,1.139261998976689979e-29,2.498757727063156985e-20,7.012896969293890603e-11,8.290210763051887502e-12
7.259999999999999787e-01,2.140242935174299752e-06,7.426234602690572824e-08,8.176699533853747691e-07,1.687488483836116950e-08,1.203216380119342807e-06,2.379188960151387629e-08,5.729001891295849318e-11,1.527972221694842837e-10,2.946227559051151415e-09,9.281344420060095155e-11,1.082291924772271166e-11,7.089498343413528944e-11,7.475297132869063402e-10,6.148666638101001453e-11,1.787366007024438409e-10,6.380091171898492830e-20,3.173759148602126231e-11,1.134805126530103583e-29,2.488981506686287109e-20,6.874768359933301031e-11,8.396800240766786314e-12
7.264999999999999236e-01,2.142388103628869192e-06,7.391348923949545089e-08,8.353079985026573796e-07,1.653687239262908303e-08,1.188155634518402492e-06,2.414930956741339130e-08,5.603077802117964549e-11,1.482691356563389621e-10,2.859098455553710178e-09,9.010385151257160209e-11,1.076921119168914412e-11,7.041669869192111911e-11,7.397464810115738424e-10,6.107188383088092444e-11,1.825850219875325740e-10,6.341018755559391396e-20,3.081431893004678330e-11,1.129173674651728277e-29,2.476628919877924366e-20,6.737062932045115578e-11,8.522942475758117339e-12
7.270000000000000906e-01,2.144543774385758435e-06,7.357025920603686296e-08,8.529480648832854175e-07,1.620018680264340401e-08,1.173048905618634626e-06,2.455390490467986745e-08,5.496981224573725244e-11,1.437460090280492401e-10,2.772680705405898479e-09,8.739737245293723134e-11,1.070459192527304839e-11,6.990981220076065298e-11,7.314218807853621274e-10,6.063231210482026755e-11,1.864336142183733827e-10,6.295822204778634999e-20,2.989214507292361308e-11,1.122398162657907123e-29,2.461767076404983741e-20,6.599898073896467996e-11,8.665734212031710842e-12
7.275000000000000355e-01,2.146749310188652939e-06,7.323029578225825926e-08,8.705969906506079792e-07,1.586531650316441592e-08,1.157936630626263612e-06,2.499952233797000924e-08,5.410839976407773818e-11,1.392380042702493800e-10,2.687068265251327592e-09,8.470003349600453561e-11,1.062965688303214951e-11,6.937615234465368041e-11,7.225495293190745636e-10,6.016951860038833290e-11,1.902838858620503867e-10,6.244863183439858685e-20,2.897311096635589281e-11,1.114541039762298905e-29,2.444533114351304914e-20,6.463472763600592101e-11,8.823003908422311494e-12
7.279999999999999805e-01,2.149040581726364020e-06,7.289053653789546014e-08,8.882739852514269095e-07,1.553280932030659379e-08,1.142845245314314024e-06,2.547879672037894345e-08,5.344847089267528949e-11,1.347551271764275885e-10,2.602350062655015335e-09,8.201779020372689027e-11,1.054519201849591538e-11,6.881626563742443360e-11,7.131201788087560963e-10,5.968395778963879826e-11,1.941400498147593683e-10,6.188610969994441788e-20,2.805923296336503127e-11,1.105684725178112772e-29,2.425107916068010818e-20,6.328010174016463746e-11,8.992152256000052614e-12
7.284999999999999254e-01,2.151432192575525588e-06,7.254761171134550919e-08,9.060026291128831221e-07,1.520311766792868565e-08,1.127780294293803448e-06,2.598002095535930080e-08,5.299271331901343964e-11,1.303067361502560818e-10,2.518611530451780659e-09,7.935620120903952238e-11,1.045201614510012367e-11,6.822948575778836619e-11,7.031294546904977414e-10,5.917503841273250818e-11,1.980072731857804673e-10,6.127549977071554501e-20,2.715239122475284211e-11,1.095915074110637220e-29,2.403679810304416861e-20,6.193694609079135964e-11,9.169047482998735699e-12
7.290000000000000924e-01,2.153907207817974875e-06,7.219843849022919523e-08,9.238015113902422953e-07,1.487648083226187831e-08,1.112726580370395034e-06,2.648560561159493450e-08,5.274463566471442756e-11,1.259011907568192611e-10,2.435936451625396537e-09,7.672019233096654564e-11,1.035082946369309527e-11,6.761440809904621691e-11,6.925842778032890593e-10,5.864154066932345582e-11,2.018896301792116200e-10,6.062092377887417779e-20,2.625424935223358027e-11,1.085305495445317043e-29,2.380409732595595097e-20,6.060623549217025677e-11,9.347481730389469287e-12
7.295000000000000373e-01,2.156417900220409343e-06,7.184091255464838344e-08,9.416765436008663846e-07,1.455288113966295121e-08,1.097655076478035090e-06,2.697294776178229955e-08,5.270858995417068347e-11,1.215457422924039980e-10,2.354408469573327779e-09,7.411397969828479883e-11,1.024211340051000230e-11,6.696961465827860259e-11,6.815059025456181357e-10,5.808224653115812544e-11,2.057884221773007372e-10,5.992521645013102092e-20,2.536622882285851863e-11,1.073906452438841238e-29,2.355408222042351658e-20,5.928789795455265292e-11,9.519477722574738396e-12
7.299999999999999822e-01,2.158897167104904801e-06,7.147451034214018445e-08,9.596174206714965633e-07,1.423208511673990087e-08,1.082534114326208575e-06,2.741755320660702003e-08,5.288976376220925566e-11,1.172466917820725070e-10,2.274111735728877324e-09,7.154116972011160980e-11,1.012610863267440721e-11,6.629441479558971893e-11,6.699286559439134645e-10,5.749657887998203644e-11,2.097014050484829818e-10,5.918981738837670871e-20,2.448954423756355063e-11,1.061743163556879462e-29,2.328730424815712767e-20,5.798098237832588539e-11,9.676390719576007636e-12
7.304999999999999272e-01,2.161276607808677510e-06,7.110059227034043654e-08,9.775993397279111074e-07,1.391375250894766917e-08,1.067341050086787814e-06,2.779731870084771591e-08,5.329416140898441816e-11,1.130097569235514520e-10,2.195130456130192286e-09,6.900499798001926869e-11,1.000287288865668670e-11,6.558936385066950833e-11,6.578948860241571689e-10,5.688504391538886362e-11,2.136231659780377733e-10,5.841511918749476965e-20,2.362528612790258846e-11,1.048821668315266317e-29,2.300389450900160891e-20,5.668410267912658021e-11,9.810419854260241505e-12
7.310000000000000941e-01,2.163505051676373936e-06,7.072225608556200594e-08,9.955893796359645730e-07,1.359757462088807778e-08,1.052070588820065204e-06,2.809636832120209712e-08,5.392859786482145273e-11,1.088405251380439800e-10,2.117547462874927275e-09,6.650862638252708290e-11,9.872396005709766783e-12,6.485639455215958508e-11,6.454478479363359696e-10,5.624933615509729949e-11,2.175465189026927746e-10,5.760113490024330320e-20,2.277452334293820209e-11,1.035140895379681901e-29,2.270382885177063425e-20,5.539600136001903555e-11,9.915962097056143453e-12
7.315000000000000391e-01,2.165561312253505439e-06,7.034371790603790117e-08,1.013555446483875488e-06,1.328339561498553578e-08,1.036737182029753038e-06,2.830696759848534914e-08,5.480072694640845483e-11,1.047448449959934250e-10,2.041442254424937575e-09,6.405540137012975630e-11,9.734734065781933172e-12,6.409852169041706087e-11,6.326248785453489789e-10,5.559207500384741846e-11,2.214644603591758772e-10,5.674826309608774944e-20,2.193839143747472879e-11,1.020706728577682086e-29,2.238723657132349719e-20,5.411604365357119577e-11,9.990287795786276303e-12
7.319999999999999840e-01,2.167457057188639292e-06,6.996935330566384911e-08,1.031474883398755837e-06,1.297127812334410738e-08,1.021370942416012102e-06,2.842876709573668419e-08,5.591911639592789937e-11,1.007290299859726903e-10,1.966889116682027837e-09,6.164899037492112506e-11,9.590121330556357050e-12,6.331921790167567251e-11,6.194530472785554221e-10,5.491626060903223961e-11,2.253720514162664368e-10,5.585791684307474313e-20,2.111813857850797878e-11,1.005543742167522566e-29,2.205465769886879722e-20,5.284448480054953162e-11,1.003327369511765634e-11
7.324999999999999289e-01,2.169229132372455770e-06,6.960265461331755860e-08,1.049339979669297193e-06,1.266149454043857596e-08,1.006008649054741108e-06,2.846566667842603400e-08,5.729336815317232570e-11,9.679980924194958350e-11,1.893955902349996420e-09,5.929335364280952418e-11,9.439028112267700522e-12,6.252166327564676381e-11,6.059485985743100942e-10,5.422462616094101895e-11,2.292676214215831621e-10,5.493284118896566349e-20,2.031511443117689407e-11,9.897012649302530543e-30,2.170717565891954997e-20,5.158243456265792744e-11,1.004629623224426076e-11
7.330000000000000959e-01,2.170924237284394254e-06,6.924540451821943441e-08,1.067158639149952487e-06,1.235445051962718671e-08,9.906829450938169094e-07,2.842152784589534504e-08,5.893426626341939239e-11,9.296403975601364387e-11,1.822703824705790573e-09,5.699256101527718603e-11,9.282150822903316117e-12,6.170811024217270554e-11,5.921202257280556181e-10,5.351909528812580063e-11,2.331529134703069132e-10,5.397704830742421281e-20,1.953070568291542741e-11,9.732523318478570709e-30,2.134639379817375324e-20,5.033154554663710146e-11,1.003071828671012301e-11
7.335000000000000409e-01,2.172581299815890289e-06,6.889730938939909231e-08,1.084950040991124075e-06,1.205056898344305006e-08,9.754132864836559510e-07,2.829641910642370959e-08,6.085392232936039555e-11,8.922826852500639750e-11,1.753188289948524400e-09,5.475051145702152379e-11,9.120341142215262445e-12,6.087956578231745260e-11,5.779749669208239262e-10,5.280051706512766078e-11,2.370321353607858935e-10,5.299541513717679522e-20,1.876623850308079881e-11,9.562862526712134776e-30,2.097427193595874351e-20,4.909354067375838699e-11,9.986564062791900378e-12
7.339999999999999858e-01,2.174217456284479489e-06,6.855619508475360174e-08,1.102736734520895297e-06,1.175017438465312322e-08,9.602014839571009761e-07,2.808487447038954239e-08,6.306588382899420926e-11,8.559827821401790837e-11,1.685460460502143580e-09,5.257064216292987005e-11,8.954498229497587834e-12,6.003588877350337447e-11,5.635246995554913192e-10,5.206875969116328020e-11,2.409102313623838803e-10,5.199308025199123648e-20,1.802287815183340562e-11,9.388973073669714286e-30,2.059287812985096743e-20,4.786974167951773629e-11,9.911904462090146500e-12
7.344999999999999307e-01,2.175822101393060989e-06,6.821869184186615319e-08,1.120535737808588287e-06,1.145341479179709464e-08,9.450330776335620932e-07,2.777685828190771110e-08,6.558517659692645927e-11,8.207875296908590814e-11,1.619569017706961457e-09,5.045571546679393092e-11,8.785456576559958884e-12,5.917626544176692640e-11,5.487910812442496032e-10,5.132312724047759137e-11,2.447909364751339005e-10,5.097482089326680331e-20,1.730155623649533249e-11,9.211729871449054882e-30,2.020413072471955355e-20,4.666075171334645058e-11,9.803197600547214205e-12
7.350000000000000977e-01,2.177360613412058510e-06,6.788118510629647428e-08,1.138351500452870626e-06,1.116024502842197947e-08,9.298838543188136360e-07,2.736107262622634624e-08,6.842826866978481328e-11,7.867316203501034301e-11,1.555561545611582716e-09,4.840774587250131602e-11,8.613900752350318508e-12,5.829990434207440743e-11,5.338073639752953654e-10,5.056296005498324508e-11,2.486752383429751561e-10,4.994458025574639074e-20,1.660294694726736634e-11,9.031850576906209382e-30,1.980960255599134934e-20,4.546638666838174225e-11,9.656456086888355267e-12
7.355000000000000426e-01,2.178786111947441415e-06,6.754073798109979481e-08,1.156172962963037505e-06,1.087047292190766438e-08,9.147291997229431948e-07,2.682933357996842720e-08,7.161296439272560966e-11,7.538389084262881694e-11,1.493485097681441352e-09,4.642808515456062432e-11,8.440328285022037965e-12,5.740672324705068655e-11,5.186165791113616046e-10,4.978822184578863885e-11,2.525607346134281227e-10,4.890525854503492480e-20,1.592749810130001798e-11,8.849856714213748546e-30,1.941043607262318954e-20,4.428586361237831816e-11,9.468791527986480830e-12
7.359999999999999876e-01,2.180055072324839007e-06,6.719572096587421588e-08,1.173975610528876723e-06,1.058385003609863426e-08,8.995531763676902376e-07,2.618033513034832969e-08,7.515825852202990223e-11,7.221257377626602466e-11,1.433385783882253059e-09,4.451763486579566809e-11,8.265066938112970208e-12,5.649780564481483476e-11,5.032667875768027581e-10,4.899988350371072518e-11,2.564420818472432591e-10,4.785879995824034104e-20,1.527550596060403206e-11,8.666091834381878853e-30,1.900738361003665959e-20,4.311817043583854926e-11,9.239742930523966696e-12
7.364999999999999325e-01,2.181141598649020872e-06,6.684600089436923974e-08,1.191727813606035291e-06,1.030017483162065219e-08,8.843544490547454267e-07,2.542136811697269698e-08,7.908419290956609837e-11,6.916052312400505765e-11,1.375307533596488492e-09,4.267711780137576146e-11,8.088337311905931556e-12,5.557548172830153508e-11,4.878050162136106678e-10,4.819998196516475052e-11,2.603123812684748595e-10,4.680652648655405908e-20,1.464720979400078944e-11,8.480787188650687610e-30,1.860095178624753964e-20,4.196248612079031251e-11,8.971883379214564248e-12
7.370000000000000995e-01,2.182045887819591770e-06,6.649269762094330797e-08,1.209399387544680106e-06,1.001937402440689904e-08,8.691473171842839612e-07,2.456735931771103006e-08,8.341175805807857997e-11,6.622912245865861911e-11,1.319290446935682785e-09,4.090732420653905401e-11,7.910340228199618747e-12,5.464301197317051171e-11,4.722718649314982770e-10,4.739133928034643249e-11,2.641650494423176255e-10,4.574960963737047173e-20,1.404287688373890291e-11,8.294153366973110142e-30,1.819160265153584756e-20,4.081851218165949455e-11,8.670480922681464196e-12
7.375000000000000444e-01,2.182794541417220142e-06,6.613765557848721182e-08,1.226969618931016236e-06,9.741537061125649692e-09,8.539577478779754163e-07,2.363762228892109361e-08,8.816286724497570654e-11,6.342006690058403699e-11,1.265369263825224940e-09,3.920925884732327244e-11,7.731343377674461906e-12,5.370398012290876020e-11,4.566984723427944836e-10,4.657703709603653942e-11,2.679955724158183253e-10,4.468954541043448491e-20,1.346285248657744679e-11,8.106471139061880927e-30,1.777995285174061714e-20,3.968661310079244593e-11,8.342351870417718455e-12
7.379999999999999893e-01,2.183433109772677708e-06,6.578284938656899805e-08,1.244432206652090474e-06,9.466895437258389690e-09,8.388158908650301307e-07,2.265156299679395343e-08,9.336040569900163134e-11,6.073538192644693029e-11,1.213572425666965370e-09,3.758414745877739048e-11,7.551743828065807693e-12,5.276159476320118731e-11,4.411066926483514722e-10,4.575981929834667395e-11,2.718025856579053062e-10,4.362850822319497370e-20,1.290756068065260533e-11,7.918156964983679126e-30,1.736691703059694222e-20,3.856773205356025973e-11,7.994345194332514493e-12
7.384999999999999343e-01,2.184013655386408229e-06,6.542992780491804309e-08,1.261795575746854862e-06,9.195757072531861791e-09,8.237475955838735868e-07,2.162493368597975229e-08,9.902832916011676087e-11,5.817722080666942604e-11,1.163922003403360872e-09,3.603330497746374089e-11,7.372090921625740119e-12,5.181812514590640622e-11,4.255122577956910003e-10,4.494161584882876651e-11,2.755879428492842125e-10,4.256949899231173847e-20,1.237745734094428125e-11,7.729786963353119589e-30,1.695376000880684782e-20,3.746312354139219784e-11,7.632020399721862393e-12
7.390000000000001013e-01,2.184581457588028678e-06,6.508001246224824788e-08,1.279078510495449407e-06,8.928419959315363591e-09,8.087676441796556206e-07,2.056795632963146598e-08,1.051917644207954480e-10,5.574750734780117168e-11,1.116434488558751090e-09,3.455790972722193229e-11,7.193065267331078752e-12,5.087464982644408228e-11,4.099297388126672543e-10,4.412333818900721541e-11,2.793557617931147115e-10,4.151625864220833959e-20,1.187295093361485822e-11,7.542074847037932178e-30,1.654204801647122091e-20,3.637400158944990180e-11,7.258985204595584461e-12
7.395000000000000462e-01,2.185164915301236417e-06,6.473374799307845860e-08,1.296302541378045826e-06,8.665094491444775839e-09,7.938767452709905729e-07,1.948586804402089869e-08,1.118770570620690028e-10,5.344753560858019521e-11,1.071122180870441860e-09,3.315875491049182989e-11,7.015420933290945318e-12,4.993119240349366758e-11,3.943775876319366447e-10,4.330500588971943052e-11,2.831107608896152661e-10,4.047297663346355733e-20,1.139431609722460955e-11,7.355811287894774426e-30,1.613351545841181567e-20,3.530122331557141855e-11,6.877087987327926421e-12
7.399999999999999911e-01,2.185771389309090555e-06,6.439149892462713807e-08,1.313483536527488704e-06,8.405859115149702787e-09,7.790630580641276118e-07,1.838149118675117256e-08,1.191117221629095656e-10,5.127764895938925394e-11,1.027994738484502656e-09,3.183605376935808942e-11,6.839906850128078378e-12,4.898719200571983574e-11,3.788815916446036359e-10,4.248615581953161883e-11,2.868564216258591209e-10,3.944387192389457223e-20,1.094162650213603893e-11,7.171781504519201550e-30,1.572988411547127570e-20,3.424510825969905122e-11,6.487324807006941362e-12
7.404999999999999361e-01,2.186389691670957161e-06,6.405354513209223669e-08,1.330625176051763317e-06,8.150661424048991790e-09,7.643075650326825025e-07,1.725867668344746783e-08,1.269242799738670138e-10,4.923709513083673373e-11,9.870604308915449360e-10,3.058935693286573544e-11,6.667187977404915378e-12,4.804214873922959558e-11,3.634756657290816899e-10,4.166639460121855616e-11,2.905935623234135085e-10,3.843275186582222038e-20,1.051472707901494112e-11,6.990682621962771776e-30,1.533268204957183322e-20,3.320544285650345428e-11,6.091054633772454592e-12
7.410000000000001030e-01,2.186997879288744656e-06,6.372015481099715502e-08,1.347716364468978313e-06,7.899361166118085998e-09,7.495914448712962866e-07,1.612519606907369397e-08,1.353439925622286640e-10,4.732410038635968799e-11,9.483267504236566496e-10,2.941760586241612269e-11,6.497786203536705373e-12,4.709623073913872554e-11,3.481998228599091614e-10,4.084591164484122038e-11,2.943197722701108874e-10,3.744265807775760497e-20,1.011325356779647945e-11,6.813061736270403264e-30,1.494310806642244191e-20,3.218165565866711115e-11,5.691020050815756944e-12
7.415000000000000480e-01,2.187573567796995286e-06,6.339149441733748107e-08,1.364733369363537287e-06,7.651798192882732693e-09,7.349030624513991435e-07,1.499395110645178156e-08,1.444005482088580575e-10,4.553614111729584629e-11,9.118002512326984342e-10,2.831930573054144890e-11,6.332055611496013846e-12,4.615064623509143959e-11,3.330960902135203094e-10,4.002578682035255987e-11,2.980298785300780140e-10,3.647568706885185204e-20,9.736693244113080832e-12,6.639290015623727917e-30,1.456197526330063374e-20,3.117309417334070880e-11,5.291774218171137139e-12
7.419999999999999929e-01,2.188103514548242605e-06,6.306742999785532875e-08,1.381645970757254793e-06,7.407861430139954884e-09,7.202424215023086862e-07,1.388208821685040344e-08,1.541237572302354071e-10,4.387033419746638954e-11,8.774857244186027872e-10,2.729276661724911117e-11,6.170197978552626978e-12,4.520766435020869078e-11,3.182037695384147509e-10,3.920799715211783613e-11,3.017172892053467584e-10,3.553303158263423086e-20,9.384468831758650069e-12,6.469578980072596112e-30,1.418974702431904643e-20,3.017930585666543854e-11,4.899368407150017786e-12
7.424999999999999378e-01,2.188589747594484430e-06,6.274734046019991068e-08,1.398425642574658151e-06,7.167536325565857622e-09,7.056218088659518339e-07,1.280844506432764009e-08,1.645433193862582082e-10,4.232383464513656984e-11,8.453850105965490250e-10,2.633634340897836901e-11,6.012314206422287081e-12,4.427028477372312373e-11,3.035555853802151330e-10,3.839512671604632071e-11,3.053757809213397739e-10,3.461523464174367535e-20,9.056021379419884915e-12,6.304034439301400249e-30,1.382665546402828407e-20,2.920023141823289386e-11,4.520450899849736971e-12
7.430000000000001048e-01,2.189050764207834829e-06,6.243007117580717074e-08,1.415053160726086949e-06,6.930916906438362089e-09,6.910625921281346720e-07,1.179038063380113489e-08,1.756886991973075674e-10,4.089412935491321492e-11,8.154958426844941205e-10,2.544860706865568432e-11,5.858478142584798404e-12,4.334167028037239389e-11,2.891758983893056024e-10,3.758988001104441029e-11,3.090011612973567063e-10,3.372259376579647262e-20,8.750868879020884980e-12,6.142733889345882588e-30,1.347287114109246968e-20,2.823625394204652758e-11,4.161148271892952614e-12
7.435000000000000497e-01,2.189517840755230544e-06,6.211410235382446450e-08,1.431523232856492367e-06,6.698181185688946251e-09,6.765893201196148368e-07,1.084121200162499533e-08,1.875891083627937627e-10,3.957914800568355142e-11,7.878110824643611359e-10,2.462840167628991598e-11,5.708813189405771633e-12,4.242453025767249127e-11,2.750814283223362245e-10,3.679456022946471504e-11,3.125922809114874044e-10,3.285561094036602010e-20,8.468625096356287610e-12,5.985806816617553537e-30,1.312867898752408346e-20,2.728809868425636962e-11,3.826160739123610491e-12
7.439999999999999947e-01,2.190027829232175797e-06,6.179791416517251090e-08,1.447844702050646730e-06,6.469540762488321461e-09,6.622230573736593550e-07,9.969156752075671744e-09,2.002735559795678452e-10,3.837716672729096664e-11,7.623185821057636035e-10,2.387477597740654535e-11,5.563550852553976024e-12,4.152065465363922377e-11,2.612840908346338431e-10,3.601068098724080283e-11,3.161510783553129542e-10,3.201536646958053173e-20,8.208975046048966548e-12,5.833496056643322859e-30,1.279461259275505816e-20,2.635662773666682440e-11,3.518388832180821989e-12
7.444999999999999396e-01,2.190614630802601582e-06,6.148043945120531522e-08,1.464036283066374232e-06,6.245183111338600883e-09,6.479760394847104623e-07,9.178017159836424081e-09,2.137709003858295868e-10,3.728654070975248322e-11,7.390017123434322461e-10,2.318681493165911599e-11,5.423054565230141326e-12,4.063074389481953507e-11,2.477948849533058359e-10,3.523883224301729881e-11,3.196816491913473388e-10,3.120370898261014246e-20,7.971616219556244575e-12,5.686182745098611171e-30,1.247150863465842285e-20,2.544260490246717226e-11,3.239174752455831521e-12
7.450000000000001066e-01,2.191301692817161362e-06,6.116144443359102738e-08,1.480119199839170259e-06,6.025226048209755612e-09,6.338492470778594765e-07,8.469127377007095941e-09,2.281098308369465589e-10,3.630535130182036940e-11,7.178404105691999791e-10,2.256342539060817586e-11,5.287801020197124338e-12,3.975458052618889636e-11,2.346274844223912658e-10,3.447883538614556474e-11,3.231886377282278449e-10,3.042319903501781135e-20,7.756184437939770000e-12,5.544366724885757620e-30,1.216046369958516336e-20,2.454651018255226348e-11,2.988989478372778733e-12
7.455000000000000515e-01,2.192097422742742771e-06,6.084169064542533845e-08,1.496109064003829238e-06,5.809698354232806649e-09,6.198335381338303405e-07,7.843611565801480741e-09,2.433187256859730758e-10,3.543107741897767747e-11,6.988124671714145680e-10,2.200314261122666307e-11,5.158322793541242286e-12,3.889147632856320256e-11,2.218003592091700982e-10,3.373012780584183274e-11,3.266754627142856397e-10,2.967681038842997320e-20,7.562187355687585846e-12,5.408606381996518851e-30,1.186270226131173584e-20,2.366846083078475834e-11,2.768229655827551644e-12
7.459999999999999964e-01,2.192994538431664397e-06,6.052280372280811971e-08,1.512009564435338146e-06,5.598550833001290480e-09,6.059138620940966627e-07,7.303949897459490277e-09,2.594253710667815990e-10,3.466039367919766534e-11,6.818947196249628706e-10,2.150401760476394895e-11,5.035127241109387047e-12,3.804084133812769767e-11,2.093368023260665065e-10,3.299224478570919873e-11,3.301429384208317940e-10,2.896746391996742272e-20,7.388966144157729121e-12,5.279433618383175266e-30,1.157939028255991311e-20,2.280825639993166868e-11,2.577770289003363600e-12
7.464999999999999414e-01,2.193973329803918762e-06,6.020687865694226178e-08,1.527809959012025569e-06,5.391691693563394715e-09,5.920751496319725234e-07,6.854219094007338737e-09,2.764565684301308462e-10,3.398916096931455006e-11,6.670638672144174264e-10,2.106362155575673233e-11,4.918614258365358931e-12,3.720268632800074346e-11,1.972629609617252633e-10,3.226523926495996722e-11,3.335887262010042003e-10,2.829752344527889716e-20,7.235697568724641306e-12,5.157267644441774965e-30,1.131144634689721699e-20,2.196552289486091098e-11,2.419049720749019998e-12
7.470000000000001084e-01,2.195007840009141827e-06,5.989594579779289193e-08,1.543487157128782489e-06,5.189032582930753989e-09,5.783080048029464249e-07,6.498989226809373500e-09,2.944376960117167366e-10,3.341261964772941108e-11,6.542967360525313275e-10,2.067916965643196623e-11,4.809017000179878992e-12,3.637789776564494295e-11,1.856046216990809504e-10,3.154990537955326553e-11,3.370077889087097025e-10,2.766840239027570570e-20,7.101436977508081038e-12,5.042352849423210826e-30,1.105940565197427019e-20,2.113990031559458546e-11,2.293680425969691776e-12
7.475000000000000533e-01,2.196073284680342473e-06,5.959147043920993444e-08,1.559011733881975090e-06,4.990529138755669337e-09,5.646124475588738281e-07,6.241448823462298360e-09,3.133923058250266042e-10,3.292573704605470000e-11,6.435699784503142374e-10,2.034773233182517861e-11,4.706384120441431013e-12,3.556820319959466502e-11,1.743838666265019094e-10,3.084773979221300842e-11,3.403937043227298080e-10,2.708040594313883039e-20,6.985190971143196282e-12,4.934740202056675243e-30,1.082337944976273214e-20,2.033120787779365646e-11,2.202787464108676760e-12
7.479999999999999982e-01,2.197152747629647145e-06,5.929404307786888224e-08,1.574355978173013354e-06,4.796203028631155152e-09,5.509986086022351616e-07,6.081647325425291561e-09,3.333418278923342276e-10,3.252361594095285704e-11,6.348593410058300915e-10,2.006647666629732409e-11,4.610610635904465377e-12,3.477584809593661661e-11,1.636166949299255863e-10,3.016066203499597284e-11,3.437404230952637404e-10,2.653286881950102331e-20,6.886000025189149262e-12,4.834319624041218133e-30,1.060312619145174861e-20,1.953953381005193780e-11,2.146388303038179797e-12
7.484999999999999432e-01,2.198241374286514748e-06,5.900334494419225138e-08,1.589501434617701847e-06,4.606139643151043656e-09,5.374842501190553288e-07,6.015663300678472672e-09,3.543054196835292359e-10,3.220185212088287467e-11,6.281387450825536149e-10,1.983287197129769671e-11,4.521510206896122676e-12,3.400309794101250049e-11,1.533123222681247483e-10,2.949059234848051526e-11,3.470439163681747139e-10,2.602456113807269375e-20,6.803008467478974217e-12,4.740895776308266597e-30,1.039821776019048849e-20,1.876522596287866787e-11,2.123099278591037917e-12
7.490000000000001101e-01,2.199346900922398698e-06,5.871837370412785471e-08,1.604443553996143102e-06,4.420464208657243287e-09,5.240899696818615456e-07,6.036076631400455020e-09,3.762999517645951577e-10,3.195674266759377349e-11,6.233794673262946851e-10,1.964480342157609186e-11,4.438908684153166824e-12,3.325173203428582826e-11,1.434742748731912112e-10,2.883902798961730186e-11,3.503031919717981581e-10,2.555425023479067139e-20,6.735502785141216653e-12,4.654286130722902382e-30,1.020825445708221714e-20,1.800879449609373631e-11,2.130302158737345989e-12
7.495000000000000551e-01,2.200486290408740376e-06,5.843782647017145966e-08,1.619191971133057744e-06,4.239306106513050481e-09,5.108336391252681203e-07,6.133538264165942541e-09,3.993400758358583177e-10,3.178528874941209778e-11,6.205496786999044257e-10,1.950056385416103641e-11,4.362731332441488738e-12,3.252269205808115655e-11,1.341027965059277730e-10,2.820675412947047652e-11,3.535203555879949431e-10,2.512125187194547363e-20,6.682908275282796471e-12,4.574412403918695819e-30,1.003306534255716737e-20,1.727076651532235957e-11,2.164697985178317990e-12
7.500000000000000000e-01,2.201679293010965882e-06,5.816049425004308508e-08,1.633766301404375620e-06,4.062764394460395318e-09,4.977258290320164768e-07,6.298747905801518640e-09,4.234382936914072939e-10,3.168499601606391465e-11,6.196145069863605063e-10,1.939872892745823322e-11,4.293056902867182601e-12,3.181599232968659103e-11,1.251976832162803604e-10,2.759377664294514061e-11,3.566996930096179041e-10,2.472579976204773155e-20,6.644746049683457686e-12,4.501357230175648016e-30,9.872832312508348282e-21,1.655154560159144781e-11,2.223004860643466320e-12
7.600000000000000089e-01,2.220263985173611109e-06,5.336450040110694100e-08,1.886752178391628479e-06,1.508402796050714617e-09,2.647485170896767070e-07,1.124310997687695724e-08,1.119879047809135810e-09,4.037782847164443981e-11,9.430952976484489042e-10,2.380088522082161108e-11,4.405199681116816114e-12,2.201950582244101354e-11,4.448867181504839477e-11,1.909721665247295799e-11,4.119203517194351808e-10,2.546977731311468467e-20,8.079256791447960813e-12,4.618941651990912101e-30,1.013074455817420983e-20,6.145250784798240653e-12,3.968005818753067578e-12
7.700000000000000178e-01,2.204801872287983642e-06,5.056874316046978489e-08,2.048003893615035873e-06,8.503799327962907943e-10,9.950553767741497586e-08,1.450779809994264754e-09,1.987552363529672312e-09,6.659334533470503639e-11,1.743983852082545062e-09,3.882570879744783871e-11,6.941863551258681012e-12,1.804357982056691700e-11,8.064781216235699861e-11,1.564868018423589202e-11,4.471788146197427927e-10,4.016515382849058127e-20,1.314545959261600483e-11,7.278685558889636662e-30,1.596437623819365292e-20,3.464574703283128658e-12,5.120378380912148937e-13
7.800000000000000266e-01,2.181921327449627312e-06,5.022793991895953935e-08,2.104067618610011061e-06,2.002788330995133508e-09,1.323624522597944409e-08,6.391539445264227900e-09,2.421236991910170384e-09,1.169739674770245451e-10,2.769622237874252374e-09,6.835373872125420386e-11,1.013787931407430890e-11,1.387562416164309277e-11,8.989820672654283949e-11,1.203366036047499284e-11,4.594946695458291974e-10,5.903668987539327671e-20,2.315363822385012329e-11,1.062977272127609712e-29,2.331435661111211507e-20,8.159550127915803959e-12,2.255753892936991703e-12
7.900000000000000355e-01,2.133656752199462527e-06,5.248756779104626396e-08,2.053158203518814658e-06,4.708792535065236067e-09,8.605741218067844391e-09,8.163538259128439722e-09,2.197347025387643666e-09,1.535890597725421691e-10,3.536338644626699049e-09,9.034264471388491153e-11,1.140584227144506924e-11,8.033286496616832095e-12,2.776107472787540468e-11,6.966584662357689647e-12,4.484144027309619820e-10,6.687122263737244558e-20,3.064542422411427991e-11,1.195925733252322269e-29,2.623035494157776451e-20,1.918374680024564991e-11,2.881140831915561168e-12
8.000000000000000444e-01,2.065371964759853459e-06,5.727678981780628009e-08,1.904473832894470270e-06,8.579969835596458728e-09,8.015232455295757308e-08,8.862130094169300138e-09,2.010297781800155956e-09,9.746816690180154657e-11,3.339055626312205924e-09,5.873117439755611403e-11,9.733877355695454168e-12,4.016675286201714090e-12,3.008951944515529534e-11,3.483004601202957124e-12,4.159204760736758787e-10,5.652973416857574562e-20,2.003902448488329868e-11,1.020616868362485772e-29,2.238524954412278859e-20,3.495454120629729096e-11,3.127696910392910392e-12
8.100000000000000533e-01,1.991986593475095818e-06,6.432010726104814340e-08,1.676080798146674072e-06,1.314558739982832021e-08,2.153713192886369811e-07,1.769741174936103372e-08,2.382997301867034436e-09,8.563345772963028970e-11,1.948422953460392104e-09,5.255003714397817611e-11,3.508095920171514157e-12,3.128187740827761871e-12,4.486552592404496312e-10,2.712440736486393681e-12,3.659160229931550285e-10,2.148593692239605521e-20,1.804541106802635667e-11,3.678309421458542543e-30,8.067730251127291724e-21,5.355456428169557873e-11,6.245897335736580939e-12
8.200000000000000622e-01,1.908680013614803893e-06,7.310048289679785433e-08,1.392297229582028737e-06,1.790393796024247323e-08,3.963293642457426529e-07,1.848547033205218246e-08,2.532611275669337592e-09,1.351666985965059686e-09,1.396066923753517368e-09,7.870668344009112532e-10,2.139835857846049565e-11,1.311523171895407736e-11,3.799847995808982356e-09,1.137405433281227060e-11,3.044194908943610911e-10,1.452456176673363618e-19,2.664943142891461251e-10,2.243660371648391771e-29,4.921185920320793618e-20,7.294310576936648902e-11,6.524026564617509318e-12
8.299999999999999600e-01,1.865441761174789208e-06,8.298404298319896347e-08,1.081154654897733968e-06,2.237057680705511249e-08,6.019550979681270807e-07,2.537529880002182751e-08,5.903632737858291273e-09,8.199848629787022362e-09,9.646483979916805394e-09,4.759458222799344581e-09,2.096542181197919729e-10,1.213732472276591139e-10,2.070538867815502255e-08,1.052636555351078204e-10,2.411736604972946500e-10,1.327232044818076084e-18,1.609699263375765383e-09,2.198266510079450705e-28,4.821550935647225921e-19,9.115779485099902439e-11,8.955628719710866557e-12
8.399999999999999689e-01,1.928322497179529484e-06,9.325045684879721530e-08,7.717198953333062147e-07,2.612418518861786475e-08,8.104247916987059792e-07,2.906884722506540364e-08,3.312724095900175595e-08,2.933203130974914335e-08,3.878997190389554546e-08,1.701856980281637486e-08,7.340987333783757177e-10,7.394138218958165810e-10,7.129359830108979955e-08,6.412750677757601803e-10,1.866324606434585036e-10,4.657751154611732332e-18,5.754724550911863186e-09,7.697172245736789404e-28,1.688254068349857257e-18,1.065047808288278915e-10,1.025918670388789847e-11
8.499999999999999778e-01,2.160770605188856282e-06,1.031566885370205512e-07,4.912068669647675386e-07,2.884023903631394912e-08,1.001051107319561205e-06,3.039702344179349400e-08,1.177944973469052871e-07,7.304339394887539502e-08,8.388676155190270858e-08,4.237722647044380832e-08,1.312738508283825779e-09,2.958347235049852948e-09,1.675830211821583753e-07,2.565700762338883390e-09,1.397469528589311200e-10,8.708665210576952963e-18,1.432883451347491675e-08,1.376432410930457065e-27,3.019016235196215491e-18,1.176834617647714918e-10,1.072794361517418575e-11
8.599999999999999867e-01,2.515306961554369964e-06,1.120223761750376740e-07,2.624113581410825303e-07,3.030253531050597715e-08,1.155956139747020226e-06,3.421446435152841418e-08,2.601825217466579324e-07,1.349942349937864606e-07,1.079929503109541166e-07,7.831770166067421186e-08,1.167044390972175497e-09,8.260300440960748773e-09,2.956185554069585102e-07,7.163952502698838286e-09,8.619834478412412725e-11,9.034616909117275525e-18,2.648075096484006674e-08,1.223668537669537529e-27,2.684043268574884611e-18,1.238018387075366041e-10,1.207521548189652317e-11
8.699999999999999956e-01,2.862077179433723221e-06,1.192891268660454065e-07,1.019996597556758983e-07,3.040766221619692256e-08,1.261673251037040097e-06,3.221934234483942327e-08,3.872194559586788024e-07,1.924377951295146628e-07,1.073900643769637328e-07,1.116432922781146553e-07,3.997584297213898624e-10,1.686249415531636283e-08,4.479944221814993911e-07,1.462442030801668288e-08,3.217056680619623032e-11,5.792047313856198064e-18,3.774851252698663631e-08,4.191529498904715366e-28,9.195821197670233584e-19,1.243802194339376746e-10,1.137107616225089490e-11
8.800000000000000044e-01,3.295377548987890408e-06,1.245433530695537024e-07,1.955547267136283733e-08,2.917789239577024873e-08,1.310198976727865428e-06,3.214249243988150310e-08,4.151844138306740510e-07,2.216401735194059869e-07,2.330534659354216378e-07,1.285847889953573183e-07,1.459100214984918102e-09,2.635119072807506760e-08,6.869846817389137059e-07,2.285372970918994242e-08,4.042968014631420671e-11,1.227043985849776807e-17,4.347659467172874111e-08,1.529894150148625485e-27,3.355801190836621616e-18,1.194486806268552517e-10,1.134396330565244011e-11
8.900000000000000133e-01,4.217722059955914747e-06,1.275843624282061798e-07,1.718469356668798714e-08,2.676876547255606903e-08,1.299155553958690322e-06,2.949593938358125770e-08,3.825188929487731096e-07,2.258106959564919593e-07,7.499753803229584883e-07,1.310039484488201764e-07,7.609370011569986322e-09,3.374663079432045794e-08,1.112993331437899333e-06,2.926760891899532645e-08,1.923350400449399063e-10,4.683203008004282493e-17,4.429449185679417525e-08,7.978577685268575931e-27,1.749965529702956072e-17,1.096493575072169293e-10,1.040998768634703385e-11
9.000000000000000222e-01,5.880442614673898836e-06,1.284183336827255185e-07,8.983269860231706624e-08,2.344541357075550126e-08,1.231376115083077039e-06,2.514786145416797544e-08,4.532720904770557780e-07,2.346310231284298709e-07,1.717288272999817652e-06,1.361200441960612652e-07,1.872003784882779692e-08,3.954242289032225992e-08,1.701741334408757942e-06,3.429415224489482552e-08,4.835485193913478637e-10,1.092924393419840896e-16,4.602425219674286058e-08,1.962833992340746086e-26,4.305100218029489842e-17,9.613767331606433998e-11,8.875544893193954250e-12
9.100000000000000311e-01,7.752988540883643055e-06,1.272512956938721226e-07,2.263052205764365903e-07,1.952774109273686759e-08,1.114445960880719593e-06,2.217477173070904721e-08,7.168267996005465475e-07,2.662311103636690684e-07,2.725962532441578458e-06,1.544509069317801430e-07,2.951731407622196347e-08,4.704170327557886059e-08,2.209364007201328253e-06,4.079808818344581052e-08,7.809258883910671245e-10,1.704159669206440123e-16,5.222207494758466497e-08,3.094950439047887626e-26,6.788166813045425925e-17,8.026138503671870966e-11,7.826375708170754746e-12
9.200000000000000400e-01,8.702194030263096089e-06,1.244809867338532951e-07,4.106560515691458104e-07,1.534083342110551137e-08,9.599996554814601309e-07,1.645719059885755532e-08,1.028508342227650226e-06,2.983812966644430231e-07,3.143764540218307482e-06,1.731007951737245585e-07,3.353017082335679918e-08,5.592973787538639984e-08,2.334020513805962218e-06,4.850645769272632264e-08,9.206142902895030514e-10,1.935094182628164348e-16,5.852774888642744258e-08,3.515706632106346095e-26,7.711012408546727803e-17,6.328599854005515718e-11,5.808531239773595980e-12
9.299999999999999378e-01,8.032060787673817980e-06,1.206572147612034975e-07,6.237480909618920081e-07,1.120081663849018292e-08,7.822820275082126036e-07,1.265999176827868188e-08,1.134538827921567214e-06,2.903143040586832953e-07,2.701279947953789246e-06,1.684198927544498645e-07,2.876850626639033237e-08,5.953001047590563436e-08,1.989187299379138018e-06,5.162888537484438389e-08,8.491156599768989777e-10,1.666619842467615071e-16,5.694499271835824868e-08,3.016436376779246436e-26,6.615965655090983316e-17,4.639491165029742718e-11,4.468328165405883023e-12
9.399999999999999467e-01,6.142386897052450034e-06,1.164225176979138867e-07,8.450667075447998410e-07,7.418148482311713719e-09,5.964879239533463282e-07,8.481961666605761276e-09,9.393529809960533207e-07,2.288767741491522245e-07,1.734777441701432545e-06,1.327777519920774890e-07,1.891007106231049122e-08,5.170531636768339718e-08,1.371685781804591426e-06,4.484272870874632769e-08,6.530990370454428005e-10,1.102520321482437010e-16,4.489387698506638763e-08,1.982759362787411926e-26,4.348801555241034329e-17,3.082104696628580501e-11,2.993702606138687406e-12
9.499999999999999556e-01,4.088986559439019924e-06,1.124786047445010685e-07,1.054682914990224185e-06,4.280730038708458115e-09,4.175930649398713248e-07,4.589763522887844315e-09,5.818735569698981372e-07,1.416237986846379707e-07,8.180172200607830207e-07,8.215965435140038435e-08,9.424933005670098278e-09,3.471348223459723881e-08,7.691802120689385136e-07,3.010618502295017354e-08,4.637799196806160844e-10,5.545881005267228967e-17,2.777922887135499543e-08,9.882233450001483410e-27,2.167481654291389463e-17,1.780998354287774192e-11,1.619952240470633436e-12
9.599999999999999645e-01,2.651696512311189325e-06,1.095223609379941233e-07,1.234906391918256370e-06,2.014544237273815589e-09,2.593216225378717213e-07,2.800483976870579058e-09,2.658621743911480868e-07,6.710840487281549613e-08,2.711122264424962836e-07,3.893135205645330271e-08,3.420548293050084346e-09,1.725731697891485392e-08,3.509453754420463325e-07,1.496684630141157041e-08,3.543086526502593582e-10,2.041726942105230614e-17,1.316318373210925793e-08,3.586514126921354577e-27,7.866363828743519673e-18,8.383118784912682880e-12,9.883927587352295847e-13
9.699999999999999734e-01,1.940757504437978841e-06,1.081786153840906486e-07,1.371384106155487992e-06,7.509258940168942140e-10,1.329476699184348575e-07,6.363794443524210168e-10,8.627350826395780436e-08,2.353661001031129174e-08,5.819473833484741879e-08,1.364724811965769849e-08,8.188685107602191703e-10,5.983412857968700471e-09,1.282788672312504773e-07,5.189281921553907962e-09,3.196204068189825472e-10,5.025811248615699486e-18,4.614306428890870307e-09,8.586001785183542312e-28,1.883192262287271701e-18,3.120949891103845670e-12,2.245987780386618863e-13
9.799999999999999822e-01,1.684742203460539047e-06,1.089757509908086396e-07,1.453949658794582652e-06,5.215983941640542954e-10,4.649678266615602230e-08,6.491029994763689129e-10,1.825410034194387354e-08,5.716149230054045124e-09,7.320044822100068732e-09,3.315409701385048731e-09,9.845291238355143047e-11,1.288324735416873027e-09,3.559659662381295307e-08,1.117106458471237497e-09,3.197697728090284657e-10,6.575070120774512319e-19,1.120985759856939533e-09,1.032298361408442321e-28,2.264205528383048072e-19,2.140170691546056375e-12,2.290855421788715406e-13
9.899999999999999911e-01,1.608795145295145901e-06,1.122886612242454298e-07,1.477426679333301892e-06,1.272771677704800012e-09,4.484459736530970899e-09,1.277121848345035141e-09,2.306531156019621051e-09,9.959157804612435908e-10,8.856402731730170781e-10,5.083284955194590408e-10,1.349748803044442378e-12,1.309601801286779285e-10,6.603210010455556728e-09,1.134994152095573812e-10,3.225030001192280535e-10,2.627639892358873573e-20,1.718761443824410906e-10,1.415301628916710016e-30,3.103175240106930638e-21,5.186519047368470945e-12,4.507516689161970912e-13
1.000000000000000000e+00,1.575021107002689088e-06,1.183241103647169915e-07,1.441882077586957418e-06,2.877582435264181319e-09,7.658628289336951960e-09,2.590811550552783450e-09,9.031787032990891842e-11,8.225293054773565820e-11,4.749208947967262641e-10,3.955323652092280254e-11,4.876530848078150162e-12,9.497058567281366376e-12,6.373177258051123914e-10,8.255899715893232426e-12,3.148344471915549465e-10,2.879857975719474192e-20,1.343384968659338296e-11,5.113096994925195264e-30,1.121466290474519766e-20,1.172177364953577934e-11,9.145581615939809993e-13
1.010000000000000009e+00,1.543565932570743304e-06,1.271018262204204983e-07,1.351982140567841724e-06,5.151528116888679441e-09,5.297376647190633426e-08,5.362874978799941221e-09,3.173550988216822953e-11,1.320743029958236928e-10,1.402485545291151125e-10,3.888455651048156992e-11,6.732300485738194333e-12,1.113678454160678243e-11,2.908133255413428996e-10,1.074624380003314683e-11,2.952916703559603390e-10,4.058015094106739710e-20,1.326365891494437993e-11,7.059069665766799515e-30,1.548272535759710591e-20,2.097611009512553615e-11,1.893197178026958032e-12
1.020000000000000018e+00,1.506043830594374270e-06,1.384642994633664234e-07,1.216069912391202810e-06,7.875934012861966329e-09,1.343397777246238309e-07,7.808381875569697542e-09,6.902710208472096332e-11,1.027852313442730665e-11,3.072789083112054837e-11,7.915161572813095687e-12,2.616284575672963179e-12,3.133449145832309105e-12,1.053741917646313396e-09,4.946204886612675987e-12,2.654842847111163304e-10,1.500787773457952678e-20,2.835536146700420209e-12,2.743228806462281193e-30,6.016670517034160727e-21,3.206327461634455938e-11,2.755497377118856886e-12
1.030000000000000027e+00,1.463535940129403954e-06,1.520911987500631716e-07,1.045549231770824074e-06,1.081434872662727023e-08,2.435044592560332365e-07,1.116534549422635576e-08,1.037678758865332532e-11,5.025568316064817847e-12,2.001002487021939001e-11,5.536800069261514914e-12,7.841087309906540916e-13,1.160884495195919351e-12,8.906851375432662539e-11,1.074559125049170513e-12,2.282246770525496663e-10,4.688360583777170116e-21,2.097228672586251413e-12,8.221558448919551362e-31,1.803239398380277699e-21,4.405645141889722640e-11,3.940527529220674290e-12
1.040000000000000036e+00,1.420482009551196586e-06,1.675441614441517675e-07,8.541516143912781221e-07,1.372492228656434241e-08,3.704841289675634180e-07,1.427087072150966817e-08,5.029462786153874071e-12,6.038545252211140653e-12,1.029360633244907575e-11,5.204169437165752497e-12,3.838348804859434886e-13,7.759245172738946551e-13,2.846638951460898175e-11,6.792213272874408224e-13,1.864395412828490253e-10,2.438392380605207699e-21,2.050724359721535526e-12,4.024377434987868934e-31,8.829557821241379599e-22,5.591386352505373829e-11,5.036456910960805059e-12
1.050000000000000044e+00,1.378679659206308892e-06,1.842033214125820971e-07,6.565654586387055615e-07,1.637731480161220423e-08,5.042475772801971001e-07,1.702688083744425206e-08,3.410432807217977258e-12,4.050473407334293988e-12,6.374005686075202957e-12,4.979681057018735987e-12,3.315276983422319934e-13,4.615940325625866546e-13,2.087068303085096898e-11,5.560534963227785222e-13,1.433109706627170719e-10,2.177577780816781274e-21,2.031285997979966818e-12,3.476013850150421141e-31,7.627100095714755895e-22,6.672032178269736070e-11,6.009206105387058339e-12
1.060000000000000053e+00,1.340958037031618348e-06,2.013830939228118141e-07,4.670942442503003786e-07,1.856818945245726863e-08,6.338464518404807420e-07,1.983746987076841004e-08,3.674642201003021761e-12,7.416848265608192194e-12,6.039274491694826897e-12,6.513244186613459704e-12,2.409215173899883661e-13,2.961549692319089887e-13,1.684353391241105795e-11,3.558086270675882660e-13,1.019581196059406976e-10,1.738395730019562670e-21,2.597249620718272680e-12,2.525856565008539947e-31,5.542982831435534535e-22,7.565045345413547029e-11,7.001443945370673969e-12
1.070000000000000062e+00,1.309353479560306606e-06,2.185604904852916423e-07,2.990636666617669792e-07,2.015387773894596485e-08,7.493585401803686045e-07,2.149733740677416143e-08,4.218572641987914069e-10,4.481803894680191996e-11,1.041539249804380261e-11,3.955671738128872421e-11,2.144345972134308241e-13,3.070571931401358518e-13,3.317644120461179307e-11,4.423077870266282196e-13,6.528121331687270630e-11,2.341082982646457734e-21,1.379603616963409276e-11,2.248076949469864068e-31,4.925780461720407664e-22,8.211478269101383249e-11,7.587401171881170060e-12
1.080000000000000071e+00,1.285585512204016129e-06,2.353524591540154973e-07,1.635823996337940506e-07,2.105770140554074341e-08,8.423735748386742536e-07,2.269480598243740721e-08,1.524498763453757007e-10,8.423416577708608600e-11,1.575430290133676556e-11,6.953170523968283317e-11,9.419107613359299771e-12,5.187308508716755765e-12,2.995193905736326814e-11,4.357406352128119654e-12,3.592821196427509765e-11,5.451241084378933763e-20,2.395543288098299241e-11,9.876050668158485588e-30,2.166174066555878694e-20,8.579214270072450151e-11,8.009590136808618858e-12
1.090000000000000080e+00,1.270205755238072530e-06,2.513520157637331212e-07,6.716075437341093711e-08,2.136962382072123959e-08,9.071886175837273277e-07,2.278569301194041941e-08,1.885437900247151287e-10,1.070603455608421671e-11,2.147017917243699746e-12,8.353212257048089540e-12,1.868214164010245757e-12,1.095081245144779919e-12,2.236562469924257767e-11,9.155944538834888618e-13,1.469474005958457819e-11,1.097597312404748177e-20,3.260970279672798761e-12,1.958841726133332103e-30,4.296694819544655343e-21,8.705940877246549903e-11,8.040996094781274236e-12
1.100000000000000089e+00,1.284590141702378009e-06,2.675657241779143008e-07,1.695716360948581621e-08,2.266133964207535179e-08,9.541571289762201094e-07,2.192947572603268260e-08,7.181892698926855509e-10,2.363009402522879161e-10,5.956005791553523724e-11,6.640658868483854691e-11,1.350501751202310808e-12,9.486763000814108871e-13,1.089820486633581782e-10,8.181514907585548880e-13,3.717748048151315219e-12,1.217398369927635398e-20,2.296884475627543441e-11,1.416005303467382356e-30,3.107519102019115939e-21,9.232703800271267623e-11,7.739704876627589953e-12
1.109999999999999876e+00,1.421584981999459403e-06,2.903432649521212274e-07,4.446569065606519009e-08,3.158246817233839031e-08,1.034172808479790613e-06,2.065696559758986691e-08,1.138493548887032159e-11,1.208817128257395701e-11,8.731889229764602396e-11,2.290476290817213681e-11,7.648780675137147227e-13,7.061096977772604141e-13,7.348783460922462139e-11,9.209258210186369423e-13,9.752239506299396145e-12,5.096409675429411303e-21,8.505364159051603983e-12,8.020000376206337203e-31,1.758815613775450695e-21,1.286603297102100886e-10,7.289697999100972597e-12
1.120000000000000107e+00,1.817247019583100164e-06,3.336651866654074874e-07,2.067788773931060904e-07,6.204301358385659705e-08,1.195581396984776066e-06,1.853686399499436498e-08,1.376631815678540981e-11,1.517588198352854684e-11,6.861368410621547718e-12,2.094215295338564183e-11,4.130544371754654295e-13,5.203787963269450452e-13,2.700730948367915919e-10,1.104863058730688552e-12,4.514991397392290754e-11,3.699436675245815473e-21,8.392549640445307446e-12,4.330869885701636581e-31,9.499690230203936798e-22,2.527394586166986977e-10,6.541926090830761419e-12
1.129999999999999893e+00,2.457150528751915448e-06,4.116702140724203261e-07,4.830957846600580846e-07,1.279338582060131833e-07,1.417435813174748797e-06,1.632136427763878980e-08,6.627788441710679585e-12,3.716517876630620966e-12,2.444536474101782008e-12,3.213794781585957542e-11,6.129988550144810867e-14,2.947984295968833769e-14,2.471074467412242807e-12,4.163909075835097087e-14,1.054452446345248739e-10,2.777497458114552544e-21,1.356323334553549628e-11,6.427482827283905927e-32,1.411222754873044830e-22,5.211955415896496495e-10,5.760057568721760350e-12
1.140000000000000124e+00,3.641238643475866988e-06,5.248693381915075799e-07,7.131589778161484944e-07,2.295673162275981914e-07,2.158524098288441530e-06,1.379354216488551856e-08,2.299047262790276194e-12,5.322153005984178941e-11,1.097471038445911849e-11,6.809909739870748365e-11,1.077863635869962341e-12,2.644698794958387222e-13,6.561714810793661084e-11,2.693555386462507655e-13,1.556604603382741052e-10,1.123557690817630526e-20,2.778249202517124562e-11,1.130160733841156467e-30,2.479049522906185992e-21,9.352369818240940933e-10,4.867630816657431967e-12
1.149999999999999911e+00,8.142554230182829484e-06,6.649922395973189490e-07,1.043134280487748317e-06,3.585649614541574661e-07,6.030523360985783022e-06,1.110922782042196129e-08,1.099721138996171364e-09,6.666768857358009126e-09,4.587119077018597274e-09,2.619257976408216766e-09,2.801214622551665445e-10,5.348694207695977896e-11,1.630562701136623994e-08,2.895207096176116009e-11,2.311534971816062825e-10,1.700399257317851817e-18,8.932854754794363941e-10,2.937130556255541257e-28,6.442053158075966270e-19,1.460748780953970123e-09,3.917544999863433556e-12
1.160000000000000142e+00,2.296627626639989687e-05,8.508383071175046593e-07,2.748797115210028239e-06,5.332819556069653003e-07,1.859201084665757772e-05,8.582740997017486136e-09,8.269906750716553303e-09,3.219029565116918820e-08,1.978294562783041071e-08,1.095587324118423735e-08,1.933477018920471592e-09,2.803327472133171803e-10,1.524756937583862308e-07,3.440908188079267348e-10,6.409126181114453322e-10,1.144394736765405426e-17,3.716408288704675304e-09,2.027289515731443284e-27,4.446477265136682428e-18,2.172344723835786119e-09,3.019550027028990847e-12
1.169999999999999929e+00,5.481478817701067145e-05,1.144453375828093471e-06,7.921208066981301964e-06,8.146058063608979680e-07,4.434438690689816991e-05,5.926481346635158316e-09,2.766819463886762796e-08,1.429542142524378076e-08,7.788097316184440076e-09,7.004218966254556168e-09,3.815857645381140267e-09,7.400525110574191574e-10,5.132456648650844511e-07,2.028926192327453111e-09,1.918500681995938916e-09,2.167425601395132425e-17,2.381873005281589871e-09,4.001004518119010635e-27,8.775384504985655794e-18,3.318627464316508026e-09,2.104853131869573074e-12
1.179999999999999938e+00,9.891617104543221203e-05,1.578946941812023760e-06,1.700716926519790182e-05,1.234360238889973243e-06,7.890793835393185079e-05,3.728257865195120748e-09,5.326757414760766795e-08,3.321858900616522117e-08,8.679056477250193198e-09,1.269212482902830930e-08,4.556900501267525668e-09,6.991400750738442229e-10,5.728330829659306292e-08,5.497305246779262527e-10,3.741265427214618963e-09,2.618916609591729903e-17,4.310306017105830519e-09,4.778004140064717869e-27,1.047959548497627575e-17,5.028668004891276074e-09,1.324391716252554683e-12
1.189999999999999947e+00,1.381482598384718577e-04,2.046042201744507298e-06,2.656451050032336152e-05,1.684126988699272668e-06,1.067612351946656263e-04,1.974785628879765152e-09,4.917552647258797369e-07,3.220787375287838297e-07,4.598225485869958465e-08,9.293800017584087155e-08,1.676269471649354755e-08,9.475843522765836566e-09,6.489169567126121131e-08,2.335054969457183122e-09,5.831574680400444047e-09,9.997061848173697760e-17,3.145694537528940940e-08,1.757602686806235332e-26,3.854972583435515380e-17,6.861401869291586560e-09,6.991775663821610296e-13
1.199999999999999956e+00,1.467956264302761613e-04,2.307553112752135928e-06,3.099006570007221343e-05,1.926352565209499704e-06,1.115204938876856479e-04,8.951407129616274680e-10,1.850488051870473333e-08,8.579084175915100191e-09,1.311690336047775609e-09,3.387889911350434166e-09,8.109585898052190092e-10,3.687142156354351019e-10,1.400194475403444606e-09,1.021269431748869711e-10,6.766250495177402644e-09,4.739323517383720213e-18,1.186057526093781310e-09,8.503061541121876136e-28,1.864976420991165733e-18,7.847862266173559895e-09,3.143836279042533367e-13
1.209999999999999964e+00,1.224661790548210217e-04,2.184465136518399579e-06,2.747957025843559154e-05,1.782808505110348426e-06,9.034559027690380211e-05,7.890351608786695499e-10,2.011934069158586730e-07,2.097073163356055126e-07,4.097500741510382864e-08,1.337122371468342327e-07,2.388069169597879204e-09,1.040669510014819948e-09,1.583724991232995757e-08,9.103666547641716752e-09,6.487140989929505250e-09,1.728935179047300477e-17,4.524715622093158200e-08,2.503937963038605746e-27,5.492204869981449950e-18,7.263644779374351342e-09,2.777259737468708170e-13
1.219999999999999973e+00,8.092699061909621057e-05,1.725988059291381305e-06,1.863763681543829074e-05,1.307983330389917111e-06,5.636975776980643197e-05,3.049126217136705945e-09,2.910992671369553748e-07,1.336286596696542943e-08,2.096964326752824647e-07,1.501249607227774124e-07,4.715305179381588399e-08,3.891538932059372816e-09,2.102081531660095087e-06,3.457945974429819436e-09,5.591755205019534051e-09,2.646613201924844317e-16,5.078536987671367289e-08,4.944093895872629241e-26,1.084384385395107621e-16,5.329711519320303149e-09,1.086116523522120297e-12
1.229999999999999982e+00,4.048829694461333049e-05,1.203507097028021768e-06,9.707688655157679697e-06,7.460912861440707608e-07,2.655590714599802770e-05,1.361295120985484390e-09,1.052938781754871186e-07,1.000784264968935231e-07,5.938397258797213093e-08,1.022515516558522845e-07,3.071280754243539276e-08,6.611543745672939693e-09,1.823395056409148090e-06,5.655755408137869972e-09,2.730234199722258068e-09,1.740572763037762876e-16,3.458720688724401342e-08,3.220300221578538220e-26,7.063076841729718406e-17,3.040544441576854667e-09,4.873697174839875633e-13
1.239999999999999991e+00,1.430936761204512017e-05,8.172278823470186115e-07,4.035177391132973761e-06,3.222321184088412583e-07,9.126948437150843088e-06,2.506036977281951872e-09,6.784777186976056456e-11,2.242530509177451063e-11,1.371422567170535996e-11,1.318501239659259324e-10,2.886311560643286386e-11,6.086528799082963289e-12,2.741541944566207778e-09,1.673715434881135329e-11,8.816299717602201348e-10,1.681225001642461834e-19,5.137701082287146747e-11,3.026357987209598847e-29,6.637634500755960471e-20,1.312787107238448138e-09,8.857681861366548235e-13
1.250000000000000000e+00,4.596738241540798864e-06,6.441421686874502185e-07,1.628804509951378220e-06,1.023633493778228018e-07,2.216180181847991422e-06,4.101680877150234201e-09,1.214865229441758469e-11,1.515520154342013363e-11,2.528062784679780236e-12,3.614355902603369725e-11,3.194879713520096307e-12,9.813085039685586576e-13,2.858718667317956198e-10,1.874131557482775885e-12,3.555979758781403337e-10,2.005559652898646928e-20,1.439889532138636264e-11,3.349918547627619426e-30,7.347821281646839258e-21,4.170092580721134130e-10,1.447007551464828732e-12
1.260000000000000009e+00,2.054945089709455302e-06,6.238000219995807595e-07,9.337140646157761571e-07,2.556344239793518588e-08,4.654487155221635449e-07,6.067319076980800824e-09,1.719532302860544604e-12,4.580315950052945719e-13,1.585943139978682349e-13,6.746036889827231881e-12,3.312417896910924229e-13,8.069764696368465595e-14,2.902380417691773421e-11,9.397228297621727162e-14,2.038061582683321793e-10,2.312666934689155425e-21,2.819249267453380162e-12,3.473098069644925094e-31,7.617207902960467184e-22,1.041475557769294817e-10,2.141222704733697749e-12
1.270000000000000018e+00,1.682126755584678597e-06,6.747906235796249165e-07,7.404309273996146807e-07,9.995510826595228363e-09,2.486351244071147154e-07,8.064198375701002716e-09,4.469176911977250536e-14,5.183672686134451027e-13,4.528463694963919743e-14,2.653023278705980999e-12,6.801184203254208060e-15,7.381493531251359128e-15,7.874248458821649204e-13,2.427966123941066051e-14,1.616091670183160684e-10,2.196380949272525463e-22,1.108419032031189575e-12,7.131568033986721649e-33,1.576342495914001797e-23,4.072013737614379884e-11,2.846018462854513480e-12
1.280000000000000027e+00,1.677551329685241806e-06,7.521504884999663242e-07,6.095057953431269086e-07,9.978060336788787708e-09,2.955715514789341407e-07,1.016247061081380799e-08,9.054257538801274279e-14,2.196610719681475929e-13,3.316698231342979799e-14,2.567890825740004690e-12,1.920142397661792177e-14,1.160838306842440155e-14,1.658816171358933714e-12,1.538397710369059433e-14,1.330319304013805980e-10,2.855559190641881768e-22,1.077428932573135947e-12,2.013073684147213339e-32,4.412163391740292018e-23,4.065143572913387778e-11,3.586349137492524545e-12
1.290000000000000036e+00,1.719521625140462838e-06,8.412091740636053134e-07,4.775675594684354186e-07,1.168855253841317670e-08,3.768021458451920118e-07,1.209337197917353998e-08,5.079366642609070978e-14,2.698126779197793572e-14,9.104276471466410721e-15,2.854184715528397641e-12,7.651050118064410975e-15,5.173354563203762444e-15,5.316397435891273033e-13,4.635022081895447913e-15,1.042334452627060774e-10,2.525571904913269148e-22,1.211948233615774407e-12,8.023244391956095371e-33,1.762133450511102088e-23,4.761791614319523112e-11,4.267772906948873470e-12
1.300000000000000044e+00,1.800756794345078844e-06,9.584699871024027743e-07,3.515691806849459476e-07,1.315529703359071086e-08,4.630125127477175086e-07,1.440974997323338932e-08,8.234206979890726884e-15,3.441431165510489582e-14,6.414315536509093755e-15,3.210613011539887980e-12,2.151572984072408269e-15,3.317356671578830691e-15,3.076213888234551023e-14,2.764423384058940062e-15,7.672621964372272989e-11,2.473787452212510550e-22,1.363298381490736752e-12,2.256040278504972819e-33,4.935930173002303918e-24,5.359411859022068169e-11,5.084495235278150941e-12
1.310000000000000053e+00,1.875544478708746417e-06,1.066767074292565699e-06,2.378401010116673627e-07,1.429482635201167846e-08,5.414868740608578908e-07,1.503503620536383970e-08,1.068299097450712473e-14,1.829043372322231478e-14,6.218900740935220640e-15,3.479463933073624922e-12,2.706383904530278786e-15,3.211709859900097378e-15,1.111744473107566789e-13,3.737984682069030688e-15,5.191072354136624177e-11,2.707629005615568054e-22,1.478554704014195515e-12,2.838615560038523465e-33,6.245122252724478407e-24,5.823586819257738212e-11,5.306153057260784326e-12
1.320000000000000062e+00,1.982669557603659721e-06,1.202528292542565320e-06,1.421373059666046101e-07,1.504447067879560392e-08,6.070482121057745615e-07,1.580810452614602134e-08,7.995597147647386155e-15,4.892058325853559692e-15,4.529307143837969186e-15,3.652452519625623076e-12,1.781862836422265340e-15,2.211205286524258294e-15,5.051840374733877533e-14,2.022312670854667516e-15,3.102322559766814631e-11,2.771364817157718316e-22,1.552657475986763590e-12,1.868475398479737069e-33,4.104541515386271423e-24,6.129043455048534458e-11,5.579062882611353603e-12
1.330000000000000071e+00,2.117578258097566728e-06,1.360192513321174951e-06,6.931431225474465730e-08,1.535934942483087768e-08,6.563544930468151575e-07,1.626880582765096963e-08,3.091836033562667909e-15,6.363973994035124524e-15,4.111136312152353196e-15,3.729743223762928031e-12,1.027971658747687173e-15,1.592771273772017317e-15,7.238549008647297837e-15,2.112224763996969832e-15,1.512887935741508418e-11,2.783595710772955314e-22,1.585399971538630289e-12,1.078290629474492497e-33,2.382162860084158301e-24,6.257299613481528661e-11,5.741665198773191152e-12
1.339999999999999858e+00,2.284987438419620227e-06,1.544307557371285002e-06,2.256530964778401044e-08,1.522636997608684937e-08,6.865773332003412497e-07,1.623288096909670002e-08,3.413089904891556501e-15,4.169592095655546167e-15,4.154398634301825823e-15,3.696272575531843442e-12,8.514195852630792094e-16,1.173466572332919597e-15,1.956843804473762967e-14,1.172602251219398066e-15,4.924782806916662891e-12,2.743868468678224920e-22,1.571282673878242392e-12,8.929320109957144658e-34,1.967637525591599920e-24,6.203147424803985424e-11,5.728939714643598832e-12
1.350000000000000089e+00,2.492598439228483771e-06,1.762478634631602463e-06,3.465098512629327309e-09,1.466189634372050478e-08,6.963104838409338050e-07,1.561123666095757898e-08,2.629923084460660712e-15,2.382947321887849348e-15,3.693317865206079873e-15,3.557839107836360964e-12,5.084346336243605043e-16,6.764492886138744649e-16,1.027257112630097066e-14,9.494180436124598435e-16,7.564700169669188062e-13,2.624807473331358460e-22,1.512537152997915298e-12,5.334975610578637691e-34,1.182257951581893914e-24,5.973163850297274098e-11,5.509640797288071393e-12
1.359999999999999876e+00,2.753146946704780321e-06,2.026540603996148019e-06,1.191969150259738629e-08,1.370781270424857424e-08,6.854388904168264740e-07,1.547128920481419074e-08,1.711603941145607399e-15,2.835272803575416116e-15,3.652164371724246974e-15,3.326788022642099323e-12,2.469095032432835727e-16,3.861231656649776689e-16,3.184932505436426063e-15,5.287074420178714205e-16,2.600303932777007909e-12,2.437595905004868847e-22,1.414325515933622004e-12,2.592436630210454327e-34,5.773431934637243376e-25,5.584484627526804343e-11,5.460070683798200930e-12
1.370000000000000107e+00,3.076223712539000012e-06,2.348700394013144688e-06,4.624195813473566936e-08,1.242649735308129786e-08,6.550360335377634608e-07,1.374894757689053517e-08,2.084780012095210546e-15,2.380354286549442067e-15,3.646643056758495470e-15,3.015667421655711955e-12,1.335921958565316287e-16,1.458390467953240559e-16,6.373711915395241831e-15,5.690156999567689530e-16,1.009186834471893177e-11,2.201309921733363941e-22,1.282000724865531860e-12,1.404769761857503798e-34,3.172457296558495818e-25,5.062476265373617770e-11,4.852290302349076908e-12
1.379999999999999893e+00,3.461581386674380160e-06,2.723024715272861491e-06,1.033407441671402434e-07,1.090265719173031311e-08,6.072718024251801353e-07,1.696472297773010861e-08,1.674477684423379723e-15,1.752286921955527694e-15,4.043839008706595527e-15,2.645832798930965435e-12,1.746522323965234194e-16,9.178324686897855480e-17,5.794851900098507758e-15,3.656595948072161836e-16,2.255599571334326294e-11,1.931524180218173190e-22,1.124808535432265658e-12,1.835476944192795624e-34,4.105854067174027655e-25,4.441684175112925117e-11,5.987263388600963676e-12
1.390000000000000124e+00,4.019611471578114619e-06,3.270884392332614189e-06,1.788765688850868707e-07,9.203993193448850694e-09,5.452054478407132849e-07,1.535592986256727593e-08,1.040063767695538793e-15,2.323631886695928583e-15,3.358858804414260259e-15,2.234033404318415807e-12,6.295085962889396819e-17,9.238939332209886368e-17,2.191666494792629978e-15,4.753463264113549841e-16,3.903197290582799612e-11,1.624617402639921416e-22,9.496442192613343300e-13,6.641652214925755349e-35,1.515202469673106763e-25,3.749650490424604250e-11,5.417763342622328906e-12
1.399999999999999911e+00,4.782219382190222356e-06,4.012618120132966389e-06,2.677519941134393432e-07,7.448716827909735728e-09,4.726305909700967632e-07,2.167090769122129229e-08,9.009405209050186101e-16,1.705670370670003132e-15,2.995604334536771817e-15,1.807681702071823084e-12,1.282550607717525233e-16,2.082446407523134827e-16,2.607867544736854107e-15,3.729077056013551743e-16,5.847059006698720319e-11,1.317109506728405417e-22,7.685413706601297289e-13,1.349759303793447501e-34,3.008694540958419727e-25,3.034565018158697912e-11,7.651071778661598837e-12
1.410000000000000142e+00,6.771726550502829953e-06,5.607947923875171815e-06,3.642687558294134996e-07,5.732410038084486927e-09,3.937941726419632805e-07,3.997373156933286604e-07,8.208599629959854450e-16,1.456144159338542963e-15,2.930830977470075903e-15,1.391350733439295395e-12,2.645565489086714665e-16,4.353665513929929135e-16,1.853938430763263743e-15,5.540314775962538317e-16,7.955050156013800277e-11,1.015291812519399252e-22,5.914817890189627468e-13,2.779208680073995009e-34,6.113138172145879871e-25,2.335355092818615362e-11,1.410772241299672310e-10
1.419999999999999929e+00,7.667191866480692019e-06,6.591652366218051831e-06,4.624675917529590141e-07,4.140901139188985549e-09,3.131026197257000723e-07,2.956048384418240852e-07,6.277102477441751819e-16,1.306741557535388818e-15,2.522353642412912310e-15,1.005320487951566984e-12,4.488593353913840514e-16,7.285928874259428674e-16,1.586324030046434101e-15,7.028325744706658066e-16,1.009215621526094293e-10,7.476012821748089759e-23,4.273793417155400113e-13,4.718846692670300347e-34,1.043130501794381841e-24,1.686979745170996329e-11,1.043172201197558544e-10
1.430000000000000160e+00,6.273676612476928715e-05,3.907141627610975955e-05,5.626171626316295240e-07,1.878658400693371690e-08,2.646853993311016939e-07,2.281100359904400488e-05,6.087112004161031889e-16,1.128105792505973523e-15,2.692028593617270347e-15,4.558582458509374124e-12,6.610910011563185049e-16,1.097306861906573911e-15,1.774815281460461558e-15,1.016022844268158722e-15,1.233162639477814407e-10,2.848489197043678530e-22,1.937681473381207059e-12,6.997534920847285219e-34,1.536018110060446364e-24,7.653567392610801914e-11,8.050746465945894687e-09
1.439999999999999947e+00,5.378434705119698603e-04,2.266819942698459329e-04,6.521466984387670497e-07,1.811221401327635377e-08,2.016144760167209341e-07,3.101799169855460887e-04,6.542740350556588137e-16,9.135731617371354095e-16,4.834120387851363457e-15,4.396771842141271951e-12,9.216156885454952674e-16,1.500677457383628645e-15,1.597569289477335448e-15,1.276416002190827141e-15,1.359256084771347480e-10,2.563164512000341777e-22,1.868380748419682133e-12,1.025610002240153945e-33,2.384839629555791339e-24,7.378760592206238249e-11,1.094698780439159660e-07
1.450000000000000178e+00,3.818589079650757940e-04,6.999418661464735397e-05,7.221784550729164402e-07,2.047940076998846098e-08,1.193692928099555777e-07,3.108927294390768535e-04,4.754198270621756637e-16,7.224739608114931869e-16,6.101540662066422740e-15,4.971209623675846574e-12,1.169234154317473907e-15,1.887872503782604204e-15,1.761038721001924100e-15,1.547544163722454888e-15,1.527078804298969824e-10,3.024016706262062787e-22,2.112534289306962454e-12,1.235057904431161431e-33,2.627677869866087566e-24,8.343166221112167558e-11,1.097215257470714844e-07
1.459999999999999964e+00,9.306303217122461431e-04,7.465548806947751585e-05,1.338759306726033208e-06,2.256547838630063194e-07,1.726483593719497998e-07,8.539351145541757178e-04,5.253260072922736240e-16,5.334843038936860414e-16,9.629663568697656631e-15,5.473780161739658469e-11,1.427565720017881528e-15,2.281639533495406206e-15,2.124010728717339228e-15,1.876972103800844081e-15,2.840871664615771510e-10,4.127702073832084107e-21,2.327140034000376441e-11,1.401961967375730311e-33,1.996481769197690800e-24,9.193037903531836307e-10,3.013752200744536015e-07
1.469999999999999973e+00,1.810950108563597971e-03,3.068117907672662163e-04,2.493603881288053179e-06,6.700478683369631960e-07,3.517526216018635900e-07,1.500090007559884506e-03,6.340809193255591022e-16,3.845094854306444972e-16,3.230340094538636288e-14,1.625269865135061359e-10,1.567869670032322427e-15,2.586452714934469676e-15,1.660221033934172789e-15,2.263669136954154518e-15,5.251240841873104974e-10,1.157533950539549409e-20,6.909972157451464938e-11,1.656747203353502652e-33,3.582527380638318880e-24,2.729736360776768962e-09,5.294193366673607539e-07
1.479999999999999982e+00,6.384660159770951145e-03,1.346430214537262110e-04,1.001864728659787471e-06,1.230300340639596115e-08,8.123681058150103597e-09,6.246789950133245506e-03,9.873127314539082821e-16,2.674875345784851757e-16,8.271537219657527722e-14,3.036056540806681469e-12,1.869328377970995165e-15,2.965575683285188708e-15,9.366723372763792981e-16,2.315037979130019950e-15,1.858856123899731535e-10,3.099615926916474746e-22,1.272399988279285021e-12,2.022555013320390242e-33,4.345331407987724436e-24,5.012335326709892745e-11,2.204656361377533839e-06
1.489999999999999991e+00,4.792044906192547554e-02,9.652169923746851954e-03,8.522157939022324726e-06,1.205550142961005814e-06,9.474164254205438095e-07,3.824409941574277716e-02,2.431779421936031457e-15,1.718233991090177261e-16,1.329078062721713404e-13,2.926305866361379420e-10,2.124198197984414252e-15,3.258076927856160880e-15,5.434706912420601619e-15,3.007090817368302403e-15,1.894934566922654938e-09,2.261774854234686064e-20,1.243417804673902372e-10,2.835576445786511616e-33,2.325253396252592502e-24,4.911355550763366227e-09,1.349737451661944962e-05
1.500000000000000000e+00,4.880986290005059208e-02,6.084643379708504912e-03,2.682386549542385850e-06,9.866838301168816147e-08,2.528889682378337529e-06,4.270483680578967406e-02,2.119683235204882926e-15,8.014283620383944792e-17,1.403077686095500526e-13,2.417871130138298461e-11,2.090142544810620543e-15,3.332055661450629953e-15,8.625729123478033304e-15,3.993649605368554822e-15,6.405609920927604087e-10,1.624068090695168647e-21,1.019042613927896663e-11,2.696998170330500584e-33,6.094370157909298218e-24,4.019759000559191439e-10,1.507169287090358406e-05
1.510000000000000009e+00,8.674240862918482925e-03,7.130873557556243391e-04,8.526559788970502245e-07,2.536310556818491256e-07,4.199002620775066832e-07,7.956817780747572205e-03,3.679662613448534481e-16,3.623550975209652165e-17,1.010904420829255734e-13,6.159437740019558059e-11,2.206001161886221783e-15,3.301859716874253468e-15,6.113644073500348339e-15,2.852867988678536220e-15,2.371257185427534308e-10,4.860376213300398900e-21,2.616346293676427066e-11,2.531908434316608371e-33,6.042447367354294686e-24,1.033280394388390694e-09,2.808180838706643390e-06
1.520000000000000018e+00,3.617796567191551918e-03,8.899128708505442105e-05,6.476363881228346214e-07,4.581066640248197720e-09,8.892177748034522976e-08,3.526819246938910340e-03,2.233688331062713396e-16,3.912094185134401948e-17,5.086490086081339931e-14,1.134841736994854605e-12,2.132424570145910882e-15,3.314498281269063842e-15,4.378816658038174947e-15,2.639368058608939330e-15,1.626377843464800644e-10,7.534030542052021258e-23,4.744917547668246051e-13,2.269668329813923518e-33,4.972391177021324724e-24,1.866282914782314807e-11,1.244710961804476714e-06
1.530000000000000027e+00,1.413134239944335586e-03,3.483015670067370788e-05,5.711983962722415089e-07,5.399421816984624947e-09,1.401487266147054469e-07,1.377101172003489075e-03,2.811568600815434577e-16,9.246859049718618901e-17,1.808187276231207637e-14,1.319111762534718592e-12,2.059604497365699743e-15,3.213229623405950761e-15,2.770240828770042466e-15,2.587086650279981536e-15,1.253593371515023870e-10,1.100444727384498448e-22,5.577040198286043752e-13,2.166021042567828007e-33,4.728450407795326064e-24,2.199691409896106495e-11,4.860154333166754008e-07
1.540000000000000036e+00,4.718404163033003266e-04,1.835124300385145105e-05,4.868456307643227990e-07,6.708075068280666241e-09,1.981744311947738630e-07,4.526375681022165110e-04,3.630386641844187215e-16,1.526590823994997786e-16,4.753653266470857632e-15,1.631147444479847052e-12,1.933823056432573551e-15,3.023275565750612296e-15,1.899378798059389483e-15,2.481602563991738995e-15,1.004138596160423899e-10,1.295964444264383703e-22,6.921766560420647204e-13,2.029027258815571863e-33,4.452220855396475545e-24,2.732826184235100350e-11,1.597469801520013739e-07
1.550000000000000044e+00,1.155478414897004134e-04,1.194903418277323518e-05,3.979546097141269432e-07,7.969176895589512909e-09,2.594576592564887764e-07,1.028969931234961316e-04,3.158145495054304766e-16,2.476793227625237261e-16,1.287094533453564953e-15,1.934043400482013299e-12,1.767277913790280594e-15,2.746619181463806153e-15,1.687221268449634308e-15,2.290794012421281506e-15,8.290620521555166241e-11,1.532099952022123604e-22,8.219387654260257263e-13,1.853478759107687862e-33,4.067842406564854038e-24,3.246597418756089798e-11,3.631459906074400083e-08
1.560000000000000053e+00,2.204328387656251446e-05,8.734003042813691574e-06,3.095014012173832357e-07,9.108321564481601856e-09,3.205910273565115160e-07,1.266550351677222020e-05,3.019506589323845284e-16,3.645753328453640459e-16,6.338151451900962487e-16,2.209604871550764063e-12,1.565954341716741528e-15,2.436476858587920319e-15,1.567532487171718097e-15,2.087304712302395230e-15,6.642636143130370365e-11,1.707716994372846859e-22,9.393749927268621177e-13,1.642902383125722634e-33,3.609504138234134369e-24,3.710676035858921155e-11,4.469875778962232536e-09
1.570000000000000062e+00,7.715565424297507848e-06,6.564604721355049403e-06,2.263309623487468485e-07,1.007109017038945064e-08,3.783298402195784442e-07,5.359459330768696119e-07,2.369623104277375278e-16,4.835608224552726342e-16,5.829940542734689598e-16,2.443003066059191105e-12,1.339035196627055632e-15,2.075575673908393690e-15,1.388859862199816609e-15,1.828205448617469802e-15,4.922571240110018985e-11,1.869772485337613881e-22,1.038678832697835577e-12,1.404788954454155179e-33,3.087156114369062153e-24,4.102903234989099781e-11,1.891327650329217727e-10
1.580000000000000071e+00,5.775769219041663091e-06,5.035249970088837964e-06,1.524077335961799129e-07,1.080973710408942983e-08,4.297201805686235179e-07,1.474486091891354659e-07,2.456334321659064444e-16,6.676958477070052279e-16,7.101226566551113383e-16,2.622766283918775679e-12,1.104637531775156528e-15,1.694131694964908775e-15,1.187066740902618962e-15,1.566689115280381267e-15,3.317746481643879843e-11,1.980785420856763521e-22,1.115261443511826167e-12,1.158920886010655694e-33,2.549533620039676256e-24,4.403821927849665817e-11,5.202760699565679305e-11
1.589999999999999858e+00,4.605561006147108240e-06,3.990479750699525312e-06,9.092085258546700574e-08,1.129111318735572842e-08,4.722302986851348910e-07,4.055491071290212944e-08,8.574363233416894972e-16,1.892213903907957093e-15,9.271028831696122448e-16,2.770127482630353196e-12,8.696981054272903132e-16,1.326196649240819144e-15,1.036620979552067513e-15,1.300071543040931547e-15,1.981781065605169892e-11,2.053712295281825783e-22,1.174717558702278374e-12,9.124288741631300841e-34,2.008764802447676217e-24,4.599932051199602024e-11,1.431009117344687019e-11
1.600000000000000089e+00,3.807233226152412338e-06,3.233630582542879534e-06,4.439332272625824752e-08,1.149608843061175506e-08,5.038600061006550777e-07,1.378772101002293377e-08,1.101658083964865977e-15,4.108624774991522922e-15,1.247595510341500271e-15,2.883054920516189067e-12,6.441638076533008226e-16,9.749830783786180479e-16,7.100613621954662588e-16,1.151688101477463438e-15,9.694486910584250568e-12,2.074339464407915516e-22,1.216901549384809947e-12,6.759054926099083973e-34,1.490622442596724827e-24,4.683436244175510085e-11,4.866597386830671126e-12
1.609999999999999876e+00,3.234152016736990549e-06,2.668684619150213423e-06,1.454914908277219986e-08,1.141946679550930043e-08,5.232188791944236076e-07,1.622047906656477186e-08,2.386162677722102128e-16,2.150419051561887911e-15,1.200257022872533692e-15,2.804593302580446622e-12,4.395506193185281104e-16,6.732467151587715141e-16,6.729454259332726961e-16,1.375989327741791413e-15,3.175508627514905409e-12,2.047817534235836795e-22,1.189878337515536318e-12,4.612844671383244395e-34,1.019695449416917264e-24,4.652224000135758947e-11,5.724476213843805083e-12
1.620000000000000107e+00,2.798085262303118842e-06,2.243280540465149315e-06,2.226841091711442303e-09,1.107011282836089357e-08,5.295686196027311386e-07,1.188553494630377769e-08,8.813100321155806469e-17,1.169149517772158752e-15,1.213896708708577175e-15,2.686803415720652931e-12,2.509502581351460018e-16,4.441965605360099107e-16,5.174545395070401577e-16,1.010725035210011205e-15,4.859800921944681464e-13,1.971668130110155464e-22,1.142192972383627423e-12,2.635067108076355753e-34,5.859080780044835321e-25,4.509899023643939654e-11,4.194707642948668841e-12
1.629999999999999893e+00,2.467628953421693859e-06,1.915265229925231110e-06,7.386355524261003809e-09,1.046990608232734441e-08,5.228340676588082635e-07,1.162140428775127672e-08,6.596123079900956760e-17,1.196020038674322848e-15,1.301675625635915449e-15,2.540131842040341727e-12,1.059994128862468135e-16,2.700066765701901418e-16,1.418333917550521314e-16,5.283383715616433658e-16,1.611103491880829369e-12,1.854674382252694882e-22,1.079947170662352960e-12,1.114826686349880716e-34,2.519635988497995086e-25,4.265377865452309918e-11,4.101372320723697216e-12
1.640000000000000124e+00,2.209636033733339673e-06,1.656714327052849075e-06,2.914271935976334579e-08,9.651996033550936713e-09,5.035817624816397150e-07,1.049250399762834491e-08,7.039330413163968216e-17,1.085997312928986886e-15,1.325188764184753836e-15,2.341690962393901204e-12,4.346936901056778608e-17,1.250835343618290628e-16,1.606134455211907431e-16,3.875763962353913184e-16,6.359705030320788122e-12,1.705586811967036053e-22,9.955764814260506038e-13,4.589484112094207345e-35,1.075970330184269874e-25,3.932165531684736404e-11,3.702981794444139501e-12
1.649999999999999911e+00,2.009326041274026056e-06,1.452540509217360039e-06,6.584041511513820353e-08,8.658913724245618915e-09,4.729657366494041431e-07,9.264553816288520292e-09,5.586427851941730416e-17,8.303861074431561431e-16,1.312082095053959497e-15,2.100679888792742971e-12,3.441156400005533906e-17,1.188099066457869176e-16,2.882392895413200368e-16,3.661353025288596649e-16,1.437038594988518770e-11,1.533130583459552988e-22,8.931163204893218531e-13,3.636811551138214600e-35,8.597133588246601353e-26,3.527589918033100002e-11,3.269664321113105461e-12
1.660000000000000142e+00,1.851994784826130866e-06,1.288367319788296881e-06,1.151641311086383119e-07,7.540185402370156567e-09,4.326495982528167003e-07,8.212188813022661705e-09,9.425751252889593203e-17,7.422030092063664478e-16,1.327700782562428594e-15,1.829290267765253726e-12,1.915368735694842177e-17,4.054378713870389205e-16,3.559331496233187424e-16,5.884282952912144027e-16,2.513460537822187639e-11,1.340531171342734354e-22,7.777293696330867918e-13,2.034914426409855992e-35,5.005467242250376715e-26,3.071826488687842911e-11,2.898037968773247771e-12
1.669999999999999929e+00,1.724626874345365238e-06,1.152413078450014605e-06,1.742731023219764810e-07,6.349597758980842785e-09,3.847083641682367871e-07,6.814220956672434173e-09,9.848922282173326279e-17,1.252298599271647992e-15,1.351408640559930958e-15,1.540811470932308862e-12,2.945855688852355635e-17,8.191891084959666410e-16,5.729771752972130193e-16,9.161136493394752703e-16,3.803705858351481413e-11,1.131418462824890842e-22,6.550479646960980408e-13,3.112982527100639546e-35,7.277995093524968339e-26,2.586788394040719784e-11,2.404847589557636025e-12
1.680000000000000160e+00,1.623284843267751938e-06,1.041056285537181522e-06,2.399567942630695371e-07,5.142591533241830126e-09,3.315126550849945462e-07,5.539450102109990055e-09,1.353064581552766496e-16,2.325511047307435113e-15,1.304911114005421263e-15,1.248693157311729743e-12,2.314251492776368458e-16,8.854640530267729681e-16,1.163970467611026427e-15,9.654932951904620193e-16,5.237458868990213950e-11,9.199417435503021753e-23,5.307901232185766582e-13,2.428686617687623063e-34,5.361990126688802584e-25,2.095061126066660229e-11,1.955051841943381692e-12
1.689999999999999947e+00,1.540735901624900487e-06,9.479854649557401669e-07,3.088011917583770178e-07,3.973664022422200548e-09,2.756058542962308337e-07,4.283228491401521475e-09,1.193291937651812097e-15,3.313928871626528238e-15,1.184049133657234040e-15,9.746285032376721598e-13,6.809915750608855274e-16,4.784066487917277141e-16,2.285911471945448370e-15,5.924166245856664749e-16,6.740024883318675377e-11,7.248494139040849813e-23,4.134037649190568712e-13,7.142357646725459509e-34,1.569152772451314137e-24,1.618847089658129211e-11,1.511619734016362197e-12
1.700000000000000178e+00,1.471736183931162264e-06,8.686985876793068707e-07,3.773547529890764088e-07,2.893735097921408514e-09,2.195790721321527902e-07,3.113631496329181090e-09,4.866758639126111397e-15,4.181613769465146620e-15,1.129562972856169136e-15,8.045582072394153798e-13,1.096721765038020412e-15,2.621086177309182097e-16,3.598093135291424433e-15,3.722996942852744783e-16,8.236352238640521372e-11,5.514500639683645123e-23,3.331166611463346192e-13,1.150106011744829345e-33,2.524242059195718495e-24,1.178890555042025011e-11,1.098926411659480689e-12
1.709999999999999964e+00,1.412850383674287104e-06,8.004601237167000722e-07,4.422923098581471148e-07,1.947986455267163247e-09,1.659472522889107469e-07,2.096644945504569332e-09,2.855466384291234206e-15,3.220909817044527238e-15,1.042388979988995538e-15,5.966762499698067911e-13,1.137777812295830689e-15,8.661633937642821666e-16,3.054830511927161838e-15,8.961487767487279232e-16,9.653764625415043707e-11,3.915757293495751980e-23,2.429717301719791017e-13,1.193137674709113420e-33,2.618078731111736028e-24,7.935982977700474067e-12,7.400588591654203086e-13
1.719999999999999973e+00,1.360711934353375198e-06,7.405767631805425733e-07,5.005640780674516157e-07,1.174091997111295714e-09,1.170354368984113276e-07,1.246646934919971441e-09,3.144867380661264271e-16,1.368729968359967312e-15,8.975576577210370136e-16,3.030655096038121452e-13,8.845945864701041296e-16,1.845976199722449512e-15,1.309548225930793029e-15,1.575860899169203415e-15,1.092556114431514785e-10,2.511850840172693071e-23,1.272304955880287803e-13,9.276532045308002262e-34,2.035191758789316764e-24,4.783178649857544645e-12,4.399920855120655910e-13
1.729999999999999982e+00,1.312993722330664572e-06,6.872501500871581860e-07,5.495249212855444120e-07,6.006714479841262110e-10,7.487930835336438166e-08,6.158493864234494647e-10,1.349222064532162672e-16,6.994007542045329245e-16,7.375164339922765908e-16,1.462624018648814646e-13,7.814743875906957865e-16,2.214194111164567589e-15,5.775097343229011006e-16,1.790766899489601742e-15,1.199419675797529579e-10,1.520987698212199237e-23,6.212427178430036686e-14,8.195171191831187417e-34,1.797706077019129762e-24,2.447098538483291069e-12,2.173816136463966999e-13
1.739999999999999991e+00,1.267786820790684720e-06,6.390130636853334010e-07,5.870418893186430656e-07,2.463300131087226472e-10,4.114185882141813473e-08,2.143761987237416282e-10,1.912079918897578092e-16,7.268608821759875914e-16,5.215211057891585427e-16,6.022329627794387597e-14,1.054025956423527537e-15,1.874250340078965739e-15,1.110703832281662809e-15,1.488421345143954089e-15,1.281307746668066241e-10,1.077956973773191235e-23,2.554913848351712642e-14,1.105275412875925257e-33,2.424145512031448559e-24,1.003532748615061596e-12,7.570661609420389208e-14
1.750000000000000000e+00,1.223636613031606782e-06,5.947071247214548131e-07,6.115717761217043409e-07,1.192722705554137284e-10,1.705139243681527224e-08,5.300763240168563551e-11,2.492971845691946210e-16,1.248636040750603553e-15,3.738954208336082095e-16,2.970381995454417720e-14,1.431829746089753639e-15,1.851747220628477074e-15,2.024799588355204661e-15,1.419296005324427861e-15,1.334843928989506957e-10,1.054697861538177009e-23,1.254683695254735722e-14,1.501402055220687501e-33,3.292954622326093603e-24,4.859069431966826610e-13,1.869867508272548648e-14
1.760000000000000009e+00,1.179835935909369417e-06,5.537750366066361747e-07,6.222089478291761191e-07,2.172598321545650446e-10,3.362153063316592660e-09,1.357115637986160173e-10,2.529603553616931270e-16,1.921084569576397486e-15,3.411167976566939009e-16,5.385679416304422062e-14,1.530852809248751099e-15,2.884615061972186209e-15,2.118616610855464352e-15,2.227473793886641153e-15,1.358060987357628379e-10,1.274620884710701997e-23,2.278194335149688306e-14,1.605215155713840381e-33,3.520667027919473697e-24,8.851026283999383338e-13,4.789746557019546403e-14
1.770000000000000018e+00,1.135496138792159337e-06,5.153462740525472795e-07,6.187040093871970099e-07,5.281007036291985674e-10,3.372126504111872781e-10,4.429955384915259886e-10,1.532106856235622059e-16,2.254834966049119028e-15,3.497242255419595899e-16,1.294413102668204056e-13,1.337257315752009318e-15,4.315131626062203648e-15,1.250426853230743414e-15,3.420656673287534100e-15,1.350412309099944512e-10,1.744504913004197890e-23,5.490255086064631348e-14,1.402221119827546720e-33,3.075795274865808652e-24,2.151449669932456803e-12,1.563541998789452540e-13
1.780000000000000027e+00,1.090490258683545638e-06,4.791584542398503632e-07,6.014504145598627273e-07,1.030575219011085910e-09,7.754633847259784430e-09,9.599975898948568767e-10,7.522868117791127243e-17,2.009064773406855445e-15,3.426849674814242702e-16,2.511906307318489690e-13,1.193401822104213587e-15,4.819540984521370515e-15,5.296960732339435900e-16,3.903864818565394336e-15,1.312751942039288326e-10,2.614213451322841340e-23,1.066778181754829362e-13,1.251377149547903756e-33,2.745328088464575016e-24,4.198501301164887474e-12,3.387902308251025483e-13
1.790000000000000036e+00,1.044834138917882907e-06,4.449750559584418278e-07,5.714431227273915382e-07,1.695669096468015837e-09,2.493492730479018598e-08,1.652544566435558439e-09,1.339953687546275604e-16,1.537111913137455122e-15,3.098317835565464293e-16,4.149633535835966742e-13,1.372949728827271296e-15,3.881398556496776581e-15,7.922864380487876079e-16,3.201372578909357714e-15,1.247257027507439596e-10,3.918778620243973615e-23,1.760998232558575957e-13,1.439636815888865629e-33,3.158824185125933939e-24,6.908053019622521419e-12,5.832164622054341282e-13
1.800000000000000044e+00,9.987768585092035823e-07,4.126456606975030038e-07,5.302143995376810074e-07,2.488195365870330987e-09,5.078740347994160270e-08,2.483743881285526211e-09,3.016760280115124883e-13,1.316222534032746720e-13,1.133555277650155459e-14,2.241626108586080658e-11,1.779130684809630168e-15,2.217962430101688716e-15,1.173959391412220205e-13,7.682151310588484243e-14,1.157510478371207946e-10,5.750273423473683114e-23,7.632039740311589034e-12,1.865570511845445352e-33,4.093634377703539731e-24,1.013676609616751955e-11,8.765837834569575053e-13
1.810000000000000053e+00,9.533665589576395429e-07,3.821237203492437323e-07,4.797462418997324395e-07,3.369033202401657784e-09,8.387320808272744429e-08,3.415458905559424827e-09,6.953380982276762941e-12,3.762824053405536742e-12,3.185469800404316374e-13,5.252413963904631555e-10,1.977356034501950471e-15,1.276007183617099928e-15,2.817674486368910700e-12,1.916469819188936756e-12,1.052907279574255689e-10,1.405440870765281807e-22,1.776592587458096748e-10,2.073681641377960491e-33,4.554865753380325567e-24,1.372758385334512502e-11,1.205401343211506493e-12
1.820000000000000062e+00,9.086531784333979212e-07,3.534160679094351594e-07,4.223667716218118919e-07,4.295511241052583948e-09,1.224806714892704976e-07,4.397046707376227202e-09,1.477100416439624890e-11,9.781712278864740929e-12,8.292974903249582828e-13,1.157216493803441534e-09,1.597668281344298361e-15,2.575726190357717303e-15,6.237111740332799218e-12,4.408811816673230707e-12,9.344115576027709795e-11,2.637320413728589481e-22,3.913621235360461732e-10,1.675356921151711653e-33,3.690063643725544855e-24,1.750574495667855016e-11,1.551835509615193087e-12
1.830000000000000071e+00,8.630670910426806081e-07,3.265743815377138813e-07,3.606378279465417269e-07,5.222742061534315165e-09,1.647095053136373231e-07,5.388460440244005581e-09,3.858589420757682344e-12,3.094220647486290296e-12,2.746071521429621301e-13,3.151048575964237773e-10,8.613606016047401472e-16,6.818747049177656242e-15,1.700211666247149009e-12,1.252604223514507767e-12,7.904737363589471136e-11,1.490590978000269327e-22,1.066528385583258186e-10,9.030831784183890318e-34,1.988844309873145990e-24,2.127901937984109713e-11,1.901740621013216327e-12
1.840000000000000080e+00,8.200020478904273961e-07,3.016511494794421848e-07,2.972349736343994167e-07,6.111446767309291388e-09,2.085603269525813266e-07,6.341396201421155094e-09,9.139771048553148260e-14,1.329813302876076599e-13,5.624239765409188876e-14,7.652546526058871716e-12,5.594948094161094820e-16,1.342600432671497577e-14,3.601449041543323879e-14,3.732381178486213849e-14,6.488237885988705216e-11,1.122402537451437409e-22,2.716247912325955897e-12,5.866975480441154095e-34,1.291860922674408323e-24,2.489768485056311508e-11,2.238051885048490331e-12
1.850000000000000089e+00,7.797910568359588276e-07,2.787161888859807260e-07,2.348283924852593085e-07,6.922526480617892455e-09,2.520238055199608508e-07,7.215204929180741196e-09,5.012300075267400776e-14,1.767447415636442324e-13,1.282126607109622582e-13,1.782564870620439959e-12,1.837499878464366682e-15,2.141148458615132095e-14,6.773854247317126107e-15,1.880097797617226391e-14,5.125478184405769290e-11,1.540746176808409941e-22,7.488798158137863350e-13,1.926737956568064239e-33,4.232746854827082386e-24,2.820196165252049694e-11,2.546442556579473009e-12
1.860000000000000098e+00,7.426316083047110862e-07,2.578234331369921483e-07,1.759699977173533106e-07,7.621461145511489507e-09,2.931662805637308958e-07,7.974343504778979191e-09,1.084452569790365420e-13,4.072645669160905344e-13,2.657360844315734166e-13,2.085091851160414656e-12,5.899332626218763156e-15,3.277935697849805220e-14,1.981096451053154823e-14,2.935322131052081060e-14,3.840819838654957164e-11,2.162816093289113519e-22,8.659121160866176752e-13,6.185651628968409992e-33,1.357541600221461151e-23,3.104937976152920236e-11,2.814365445113889814e-12
1.870000000000000107e+00,7.090313861428521482e-07,2.390017183562596698e-07,1.229858103987350020e-07,8.179906197357542750e-09,3.302107755938063554e-07,8.584951240748149249e-09,1.916863847562080301e-13,7.711748189856846679e-13,4.778196749799048141e-13,2.431523159452869310e-12,1.214787586945232824e-14,5.702765571744585477e-14,3.948911127419028537e-14,5.058833305137477395e-14,2.684374770666754394e-11,2.598414419143762676e-22,9.948376564503403675e-13,1.273737906362610807e-32,2.794496148757580963e-23,3.332445228328916393e-11,3.029861284834583053e-12
1.880000000000000115e+00,6.794200511688089066e-07,2.222626274852376800e-07,7.788380311951252186e-08,8.576146424917565766e-09,3.616095170646729392e-07,9.026437308484781635e-09,2.710203543701872194e-13,1.194518125614903945e-12,7.585322790763458574e-13,2.772963058077477725e-12,1.716812746144021432e-14,1.037611785115638081e-13,6.875647744584007478e-14,9.028950090623116594e-14,1.699969418123139856e-11,2.498181391458322786e-22,1.118676669183215985e-12,1.800120108113543360e-32,3.948757547009034527e-23,3.493871301114227591e-11,3.185673020312868932e-12
1.890000000000000124e+00,6.540931822454025487e-07,2.075754885784543119e-07,4.228377611494275943e-08,8.795835674699960046e-09,3.861019175855958727e-07,9.280282721001149774e-09,3.073145872416195059e-13,1.522178693099545774e-12,1.042533934820290500e-12,3.016261646345810552e-12,1.892116498624548266e-14,1.605077121697474153e-13,1.313779489576855526e-13,1.383537354775076553e-13,9.229530015556646994e-12,2.123332559768364415e-22,1.205614344331025549e-12,1.983928385445104437e-32,4.351744537922004080e-23,3.583371463259295765e-11,3.275262292850548755e-12
1.900000000000000133e+00,6.332208738752757177e-07,1.948824777993095170e-07,1.736347506285651233e-08,8.832141809058062618e-09,4.027527057553189679e-07,9.338987657320308851e-09,2.814998496146386724e-13,1.609264166964300562e-12,1.201758631019393655e-12,3.075920119994804587e-12,2.025769372000627830e-14,1.908031138139192862e-13,2.473080677448854658e-13,1.644662839360603548e-13,3.790346321374696182e-12,2.217024094693053465e-22,1.226563103907121938e-12,2.124067970880923283e-32,4.659268678355673190e-23,3.598162443170730834e-11,3.295979628318138135e-12
1.909999999999999920e+00,6.168195811793551527e-07,1.840879062544526978e-07,3.821427272321193853e-09,8.685562192605035328e-09,4.109724549918874809e-07,9.205169336910358738e-09,2.106424677079764248e-13,1.417778595810334481e-12,1.126321120646952165e-12,2.929746249849626772e-12,2.367884909059608574e-14,1.717262833174640939e-13,3.905271998949357961e-13,1.487969497169299878e-13,8.346792727463761269e-13,2.991177999545742459e-22,1.174015550654884036e-12,2.482784026079572513e-32,5.446413523237628771e-23,3.538446699214699128e-11,3.248751646306075946e-12
1.919999999999999929e+00,6.047580628866029727e-07,1.750687622889702673e-07,1.862513467107706081e-09,8.364613668959435470e-09,4.105343622476066348e-07,8.883738010536247335e-09,1.432909640920099506e-13,1.032385866964825941e-12,8.284245819567661953e-13,2.628439192125434842e-12,2.576770485156924798e-14,1.212732734157460876e-13,5.031367112125200694e-13,1.057506996051453335e-13,4.071610375048468088e-13,3.637760093131699717e-22,1.065322415150720799e-12,2.701805045917484132e-32,5.927007636693676610e-23,3.407694099202546046e-11,3.135309983370651262e-12
1.929999999999999938e+00,5.967907856874866430e-07,1.676659878048708432e-07,1.120885235765052043e-08,7.886761698188692723e-09,4.015915631701397395e-07,8.394974829719893300e-09,1.476256233787051198e-13,5.987311464141084024e-13,4.535685017550785400e-13,2.260637125342529822e-12,2.219048081476208968e-14,7.484072203480875472e-14,5.518970146814793372e-13,6.541577739668136652e-14,2.447046499585945776e-12,3.302876543874370118e-22,9.308624114328064634e-13,2.326726709781676790e-32,5.104146140246163965e-23,3.213019898681389607e-11,2.962812626962155085e-12
1.939999999999999947e+00,5.925834166009332751e-07,1.617048092220505339e-07,3.113089632983400355e-08,7.276964870044538347e-09,3.846689114425932270e-07,7.758558240744680259e-09,2.928936575648066808e-13,2.562285533542642165e-13,1.818871776005029259e-13,1.913690856089897725e-12,1.513658231343435398e-14,4.937805030215239210e-14,5.442524631735086262e-13,4.304461672394198282e-14,6.795155264407355292e-12,2.255526205584904514e-22,8.007016828080602890e-13,1.587110162878351819e-32,3.481554396084606524e-23,2.964592237597230388e-11,2.738204385617901062e-12
1.949999999999999956e+00,5.916845615509665463e-07,1.569811542986766789e-07,6.048621842388206078e-08,6.562881787252204747e-09,3.606055271421895395e-07,7.002583216835110093e-09,6.181631034642684892e-13,1.103210458418529567e-13,1.185260002559042704e-13,1.655886516936791153e-12,1.077249519277514156e-14,4.176216229235113737e-14,4.958621817933904303e-13,3.645530594648102824e-14,1.320226866965835567e-11,1.574862627603613499e-22,6.984747479816335308e-13,1.129526173613644261e-32,2.477785529826961416e-23,2.673678985802259487e-11,2.471400043572082231e-12
1.959999999999999964e+00,5.935145586588160747e-07,1.532880166732842231e-07,9.777035772521738633e-08,5.770474141391312481e-09,3.304742129779326776e-07,6.160210627352752259e-09,1.108520872876671096e-12,2.167427793758556728e-13,2.592704113564720288e-13,1.525734426602781316e-12,1.075346401826217204e-14,4.841309740308455639e-14,4.143609919328813277e-13,4.225213056184482816e-14,2.134006878544169077e-11,1.727122409700637799e-22,6.377233044309831052e-13,1.127531203709491455e-32,2.473566886953826199e-23,2.350856870379742698e-11,2.174104669961630033e-12
1.969999999999999973e+00,5.973829621188598099e-07,1.504088998489888634e-07,1.411965373495431855e-07,4.925647364257994581e-09,2.955296950811688433e-07,5.264069915040846731e-09,1.705491579306045528e-12,5.455638343576425780e-13,5.254079442613620089e-13,1.511684597294794974e-12,1.091953290559262903e-14,6.953648571468139366e-14,3.255414422805636943e-13,6.020988890382652530e-14,3.081846892869116164e-11,2.021041312103110155e-22,6.151076109862941398e-13,1.144943221060851502e-32,2.511880640414959095e-23,2.006679520332978944e-11,1.857832811742257705e-12
1.979999999999999982e+00,6.026035039484784415e-07,1.481348657588389861e-07,1.887946798918117851e-07,4.060657047431014219e-09,2.571957427317262060e-07,4.351514538559215940e-09,2.303507234447415326e-12,9.884337029456678864e-13,8.185323651567788160e-13,1.558454696117807504e-12,8.776061480732416914e-15,9.130687712927196664e-14,2.975515711174637925e-13,7.871442946446543935e-14,4.120740574066813201e-11,1.736613197147757785e-22,6.126533629816029319e-13,9.201938102234659234e-33,2.018791385244345467e-23,1.654287724452220351e-11,1.535766824905631347e-12
1.989999999999999991e+00,6.085474822304036069e-07,1.462564118733258738e-07,2.385023424422187463e-07,3.215175135472247334e-09,2.170420246975302291e-07,3.456984428542114306e-09,2.636719179271635026e-12,1.516580083417845134e-12,1.093736271974390629e-12,1.659030759336410676e-12,7.373479778464131302e-15,9.630969630753163029e-14,4.467159490138549268e-13,8.305672656152060592e-14,5.205680499105313346e-11,1.146683406601821810e-22,6.288268504934926582e-13,7.731285550447479280e-33,1.695965232464349871e-23,1.309843542285192449e-11,1.220063904098381640e-12
2.000000000000000000e+00,6.146372251462295931e-07,1.445803371308993267e-07,2.882304556364647291e-07,2.427377279812023029e-09,1.767010702771048477e-07,2.613902863036072307e-09,2.213581323360899108e-12,2.460502663106336505e-12,1.553780938113630695e-12,2.014491066176266544e-12,1.905446371261215918e-14,1.768355923703592319e-13,1.036112688310182668e-12,1.526966421802838043e-13,6.291098979609189653e-11,1.411405649069673655e-22,7.323990677743530458e-13,1.997900990773186751e-32,4.382127434311293974e-23,9.888996418140579653e-12,9.225182531858390658e-13
2.009999999999999787e+00,6.202638354276186658e-07,1.429253392882601911e-07,3.359149394426942701e-07,1.725090647789761084e-09,1.377463390066266633e-07,1.853943830884371271e-09,1.043082891740369436e-12,4.734225866658327965e-12,3.073501876933836849e-12,3.162345044560868753e-12,8.113233823540332565e-14,6.602849691008419423e-13,2.748094034160084767e-12,5.722566543164355464e-13,7.332036601781504362e-11,4.995657985392576502e-22,1.105685331839082083e-12,8.506889444861652973e-32,1.865849771512717819e-22,7.027928427246915998e-12,6.543079099829459137e-13
2.020000000000000018e+00,6.248042658057105998e-07,1.411406097490149472e-07,3.796014176512523883e-07,1.127072750649436006e-09,1.016074394579225505e-07,1.202196089072083678e-09,1.986343182308800690e-12,9.663855720637004292e-12,7.521228015201345209e-12,5.877447039133287576e-12,2.180441464433382345e-13,1.750075995046838720e-12,7.106303880019217995e-12,1.520847845250721811e-12,8.285896386118286793e-11,1.382222895795684629e-21,2.011056588966543732e-12,2.286237130873732344e-31,5.014517045167718557e-22,4.591652013130707929e-12,4.242895098936325728e-13
2.030000000000000249e+00,6.277289745756132109e-07,1.390985697893189465e-07,4.175674656653707064e-07,6.500166601285829570e-10,6.955216640123562235e-08,6.822839867389633080e-10,1.346468546816281169e-11,1.776426166816710427e-11,1.693151210462091890e-11,1.046236372809287071e-11,2.954534318330575003e-13,2.363302778567196422e-12,1.754631787270094346e-11,2.056564369364898694e-12,9.114748434539833626e-11,2.047291157157570755e-21,3.551153266219454515e-12,3.097888358493923371e-31,6.794859200239978138e-22,2.648174542325315096e-12,2.407992422817567467e-13
2.040000000000000036e+00,6.286836212470527182e-07,1.367020977109959189e-07,4.484069563814175057e-07,3.107183227214735363e-10,4.268486819905663268e-08,3.087164774915943653e-10,4.722855751142111437e-11,2.702469716845179809e-11,3.142132777931575153e-11,1.575291675167952483e-11,1.581038121008151849e-13,9.072016191080812942e-13,4.239725162298891980e-11,7.912458250790402773e-13,9.787522926945595316e-11,1.478923525416700955e-21,5.332750292103928190e-12,1.657748280473960452e-31,3.636335162210629872e-22,1.265916829491331532e-12,1.089568864749041503e-13
2.049999999999999822e+00,6.274797459413409927e-07,1.338788522464183450e-07,4.710435483724752946e-07,1.211659442439316768e-10,2.190875295346811784e-08,9.221594419674064722e-11,1.063320066245460009e-10,3.539613005108741513e-11,4.981179302877297502e-11,2.056305372239538500e-11,8.830369472246252698e-13,6.538082547414177469e-12,9.969205962426759881e-11,5.678910652768266199e-12,1.028340116052782759e-10,5.613438883099210320e-21,6.955133183162174287e-12,9.258820771911417454e-31,2.030776309773332332e-21,4.937138842977305510e-13,3.254865975454384581e-14
2.060000000000000053e+00,6.241033708786868123e-07,1.305960758763078032e-07,4.847183803588441996e-07,8.396526862401869898e-11,7.861774994609008118e-09,4.581333774115059953e-11,1.704357651225437442e-10,5.208143835688228580e-11,7.868572291225042667e-11,3.023435301046321519e-11,6.939634111059166824e-12,6.612549978464926175e-11,2.189134880432033272e-10,5.739363736547352112e-11,1.059687603998563343e-10,3.981333482068765001e-20,1.022436503158413628e-11,7.276342614606484179e-30,1.595922366497559061e-20,3.422059748930322402e-13,1.617239204213898739e-14
2.070000000000000284e+00,6.213215294075416923e-07,1.281490143378210546e-07,4.890005905508988146e-07,1.939887769581611323e-10,8.800496136806760988e-10,1.466780557786723783e-09,1.995986104911863875e-10,1.082135632226607896e-10,1.449775034652855914e-10,6.282654910869460467e-11,2.641456159050473458e-11,2.833579242889523421e-10,4.299514069578757661e-10,2.458249971768043692e-10,1.073857079626317613e-10,1.500633109397697972e-19,2.124649271230080157e-11,2.769609210746168795e-29,6.074601993664854519e-20,7.905836643571557237e-13,5.176695443033386879e-13
2.080000000000000071e+00,3.129782611989363500e-06,1.368058837475468127e-06,4.838572721851591228e-07,4.428910174135699570e-10,1.011877490318363217e-09,1.272718342347722217e-06,1.679193799071736407e-10,2.432176344014117057e-10,2.901816940834549583e-10,1.412057610262412177e-10,6.578367401580777615e-11,7.740127447602976626e-10,7.338179154355743603e-10,6.712792843603739077e-10,1.072392258712848177e-10,3.732552104655529984e-19,4.775268425181012329e-11,6.897026065999516711e-29,1.512838032580312827e-19,1.804948898088445249e-12,4.491765257460745945e-10
2.089999999999999858e+00,4.140218327810701361e-05,2.053525882782235334e-05,4.698180457328543450e-07,8.267638624942944572e-10,8.044166529285549625e-09,2.037542064461678198e-05,1.008254377449166977e-10,4.613018191153524521e-10,5.312717495333742914e-10,2.678118286273977529e-10,1.207432065532245884e-10,1.538178347420394503e-09,1.070346804690006895e-09,1.333833068826263757e-09,1.055464401543424672e-10,6.854023131991019351e-19,9.056775640304097538e-11,1.265881457472470782e-28,2.776751331161803860e-19,3.369391734231132709e-12,7.191033691470974281e-09
2.100000000000000089e+00,6.112448240947225206e-05,3.075700401697172275e-05,4.472198608890049374e-07,1.315873809394987011e-09,2.151034869412049850e-08,2.987877116662705079e-05,6.874801487037324319e-11,6.976724766321542112e-10,8.161713609143800742e-10,4.050530700622368508e-10,1.719557123535126951e-10,2.351759877320139580e-09,1.321189302170208063e-09,2.039339141782781849e-09,1.018886777814055250e-10,9.772214644422932495e-19,1.369807324960935955e-10,1.803094291604672252e-28,3.954494720132523665e-19,5.362612302845199619e-12,1.054502150087757216e-08
2.110000000000000320e+00,1.009046081746689965e-05,4.942894089126732840e-06,4.167195706616852148e-07,1.870250361597953483e-09,4.072168369185829189e-08,4.676974887560721759e-06,1.278369917257344289e-10,8.441353954385109866e-10,1.030472228524345425e-09,4.901545568574799040e-10,1.940875763318075231e-10,2.838888259423989068e-09,1.372992967014184487e-09,2.461981741226733776e-09,9.576871511212288187e-11,1.104535731256231609e-18,1.657659718111375162e-10,2.035209989229677870e-28,4.463466540134642428e-19,7.621491404628506961e-12,1.650630167885267319e-09
2.120000000000000107e+00,6.269265114219124173e-07,1.347776680349737035e-07,3.801500812639806788e-07,2.497804664928150468e-09,6.480810446536346184e-08,3.530368844413223266e-08,2.623403912771875723e-10,8.255191745942910754e-10,1.070350758887766956e-09,4.795064820033271840e-10,1.741229845338252274e-10,2.732342511888586836e-09,1.203018995014084010e-09,2.369857657756165719e-09,8.728896066961985419e-11,9.922638413877560085e-19,1.621789442786015521e-10,1.825732645314496679e-28,4.004338075408440825e-19,1.017806109320823262e-11,1.245962514488290555e-11
2.129999999999999893e+00,5.419965934928436705e-07,9.645817047500144944e-08,3.388682798347981588e-07,3.165513618073572203e-09,9.271290273253880858e-08,3.289283897850809449e-09,3.912737206585907721e-10,6.563475961442742532e-10,9.196801003233191589e-10,3.815257588760966815e-10,1.225720396343173691e-10,2.092587719557985995e-09,9.032181417904776165e-10,1.815114237646459004e-09,7.699992534426101080e-11,6.994016772039272450e-19,1.290649879424453435e-10,1.285193145540027652e-28,2.818812169697184978e-19,1.289782564662513268e-11,1.160880034724495640e-12
2.140000000000000124e+00,5.212330229320766631e-07,9.077973486961771513e-08,2.944471560652876051e-07,3.842702529278839826e-09,1.232460813096670597e-07,3.966383780053405254e-09,4.351801174498359904e-10,4.239102658134168224e-10,6.569738632441938703e-10,2.468476470928187360e-10,6.556306700288026625e-11,1.257322625718061806e-09,6.080946416407362231e-10,1.090581348994225290e-09,6.589143174753857452e-11,3.748238159572177272e-19,8.354347593088096238e-11,6.874420527728051637e-29,1.507766749292122414e-19,1.565604710456198515e-11,1.399845907178130976e-12
2.150000000000000355e+00,5.008323154888376946e-07,8.525544954389471056e-08,2.485201831697106544e-07,4.502291473280969200e-09,1.551528294166442586e-07,4.670799039462505384e-09,3.760468445458556302e-10,2.205421554269972288e-10,3.914797196793905024e-10,1.290324464760354075e-10,2.506496962536023449e-11,5.748629682884127800e-10,3.966075501422898337e-10,4.985482182629083382e-10,5.486408404943446911e-11,1.440672423752223776e-19,4.372279236735544143e-11,2.628113105870858458e-29,5.764247038000947764e-20,1.834264445907891269e-11,1.648452320001875086e-12
2.160000000000000142e+00,4.815760917791979527e-07,7.993477403492651174e-08,2.026969365562561826e-07,5.120167474858661026e-09,1.871821254199558300e-07,5.334933711849361285e-09,2.578776883571820706e-10,9.085352004837850266e-11,1.947961988083436465e-10,5.394983139027627677e-11,6.291507094033963931e-12,1.894378922716224273e-10,2.642199387282115505e-10,1.642387937808539626e-10,4.439755166005292321e-11,3.691136392219769082e-20,1.834931947264929700e-11,6.596773049124609047e-30,1.446877874462146722e-20,2.085949704397395535e-11,1.882842644271741540e-12
2.169999999999999929e+00,4.637940782382859543e-07,7.490897932555556733e-08,1.585587294201652475e-07,5.674882729539016911e-09,2.181306988645401911e-07,5.932889361442349266e-09,1.411041417311319561e-10,2.887277730610827337e-11,8.073344111564016420e-11,1.812766917411986283e-11,1.448280324142790419e-12,4.260857374565407163e-11,1.719740723181327848e-10,3.692385406921597466e-11,3.464368340647904362e-11,8.920854828778255942e-21,6.248955093813227474e-12,1.518551353557700072e-30,3.330683388486121781e-21,2.311921165584915137e-11,2.093877090996907953e-12
2.179999999999999716e+00,4.476281153433438887e-07,7.025875322604810419e-08,1.176615578864334717e-07,6.146455924554300439e-09,2.468433541584146388e-07,6.444114093811155069e-09,6.114792675525945070e-11,6.898809692780132943e-12,2.762257700701890407e-11,5.492910789132978846e-12,1.169528725149803335e-12,9.663711766828612350e-12,9.850363894856147264e-11,8.369075504587884916e-12,2.571032584835323849e-11,6.927709267197297506e-21,1.986932972966024667e-12,1.226274776655005587e-30,2.689600466019531813e-21,2.504031412706740982e-11,2.274301934808692369e-12
2.189999999999999947e+00,4.332249731054475000e-07,6.605231187249343879e-08,8.140866817014578251e-08,6.518056247489789502e-09,2.722581550338088518e-07,6.850314531110199437e-09,2.055801695699057317e-11,1.284848212739683561e-12,7.658025950699832279e-12,2.325797396810262875e-12,1.020274271582735033e-12,6.221874803291767234e-12,4.532124304852898550e-11,5.387392382479749878e-12,1.779394567337376418e-11,5.882969652596829139e-21,9.239945748923930105e-13,1.069778502604802457e-30,2.346344558617631216e-21,2.655417647246512383e-11,2.417660647331454751e-12
2.200000000000000178e+00,4.207756232632002857e-07,6.234243532355661305e-08,5.094038698242977635e-08,6.777062808554450667e-09,2.935026507881301756e-07,7.138407686494970437e-09,5.163295727557847611e-12,2.433782475153325753e-13,1.672359272574050859e-12,1.784851604640752765e-12,5.362837401653143184e-13,4.103201787343237507e-12,1.561414917511493932e-11,3.555054869990286310e-12,1.113182164459690416e-11,3.124973788801049869e-21,7.465907815618062964e-13,5.623045480684393870e-31,1.233303659523158314e-21,2.760935088481094023e-11,2.519336294063695048e-12
2.209999999999999964e+00,4.104818727923969612e-07,5.916625723510913629e-08,2.718799943476644893e-08,6.914958224126669871e-09,3.098660900723304850e-07,7.299340233441375890e-09,9.074834648193884529e-13,5.872241956548048913e-14,2.798866774679750770e-13,1.711385340521929052e-12,1.748720439984915986e-13,1.585371770601980197e-12,3.723289754149242398e-12,1.376123823128501020e-12,5.938532249774285743e-12,1.108779559300770538e-21,7.246632255220150929e-13,1.833569814035167501e-31,4.021613229513123850e-22,2.817112823704322862e-11,2.576133614775646077e-12
2.219999999999999751e+00,4.024320357366954258e-07,5.654306313035202020e-08,1.082918165172577642e-08,6.929199121680938359e-09,3.207645427816267375e-07,7.329148253420730075e-09,9.944196865715554350e-14,1.299291103197633141e-14,3.482607301687441808e-14,1.688222302174410408e-12,3.527450271394102551e-14,3.201471288415582941e-13,5.333269638832114545e-13,2.791324187967099823e-13,2.364502373418297413e-12,3.250279010968930908e-22,7.171330449096172860e-13,3.698609773395990546e-32,8.112680802687239476e-23,2.822914467661252770e-11,2.586653524663113030e-12
2.229999999999999982e+00,3.966650930738169678e-07,5.447479240718491372e-08,2.224512755431043169e-09,6.822477403923496106e-09,3.258813717078432001e-07,7.228655630034419304e-09,6.041920610632634951e-15,2.431678918997637342e-15,3.019964394698587950e-15,1.656167547234963615e-12,3.775383427302618324e-15,2.305563771154588623e-14,3.300133700108401211e-14,2.045350286667861103e-14,4.856268813480243748e-13,1.414467140487552167e-22,7.040417970457074039e-13,3.958626226304067444e-33,8.687595372873430844e-24,2.779436682698225253e-11,2.551186922096845253e-12
2.240000000000000213e+00,3.932172252583270118e-07,5.294634276552745296e-08,1.479641940268229473e-09,6.599024949574059632e-09,3.251573537056290697e-07,7.002894554336466446e-09,7.594943170471628314e-16,4.150976522239979406e-16,1.251353279660301025e-15,1.600818500972475191e-12,2.324443767062361143e-16,3.993551436588969505e-16,3.800076758536237632e-15,5.517279655684019568e-16,3.229616782699785773e-13,1.182951449445776423e-22,6.806087032160273525e-13,2.437841149337104283e-34,5.397818315083906654e-25,2.688403479776353430e-11,2.471509761898503684e-12
2.250000000000000000e+00,3.919074246607577425e-07,5.192862197912305977e-08,8.394587783294468160e-09,6.268326304223671127e-09,3.186227996561689147e-07,6.661195101612102431e-09,2.499934969297381777e-16,8.780360603362820208e-16,1.062454934039126433e-15,1.520872373964561036e-12,2.074605291308948332e-16,7.769446001357733345e-16,2.366268114332903755e-15,8.766779727054312608e-16,1.832248527703775895e-12,1.126621603677418510e-22,6.465944638408582842e-13,2.175863139371735468e-34,4.820585642631285044e-25,2.553678824417813693e-11,2.350914889986777673e-12
2.259999999999999787e+00,3.925821906244422597e-07,5.137537613899713640e-08,2.255764846934519407e-08,5.844530357980415612e-09,3.065537186066594918e-07,6.217964757106135933e-09,3.296604805789766628e-17,1.209015987216883939e-15,6.270997232225592411e-16,1.418268430853281146e-12,5.083281524988129058e-17,2.174754973493603866e-16,2.809056142845313249e-16,3.590437059108499967e-16,4.923539211840240048e-12,1.031740442418256320e-22,6.029535949103652930e-13,5.335722067039943938e-35,1.214720916097398657e-25,2.381026869119774142e-11,2.194487085590800713e-12
2.270000000000000018e+00,3.953204375767220418e-07,5.123266586320564708e-08,4.329074226170597388e-08,5.329200045190738187e-09,2.897429740296159652e-07,5.689842879186128596e-09,6.355863837741819733e-18,7.774555495110480642e-16,8.355164565428310484e-16,1.293033216352851017e-12,1.086899932643892428e-17,5.233832409472618529e-17,6.656489552763424814e-17,2.080045196894917775e-16,9.448837814143537906e-12,9.388787754412090316e-23,5.497272484005745425e-13,1.145230309025356181e-35,2.918083841317542988e-26,2.171084366533505220e-11,2.008098768661613441e-12
2.280000000000000249e+00,4.001217814631337538e-07,5.144935319642198038e-08,6.935808627771560620e-08,4.741975053973577833e-09,2.694390964224914172e-07,5.095373472102679782e-09,1.249053445427047828e-17,8.045042100056369915e-16,8.502325108074859649e-16,1.150620494542250691e-12,1.992264878807262699e-17,7.202886972826027321e-17,4.511454207729302839e-17,2.067092294521897448e-16,1.513841587527584825e-11,8.370533053525470524e-23,4.891744038675099547e-13,2.094217194433684233e-35,4.954457212560843463e-26,1.931852391978220387e-11,1.798294732347672418e-12
2.290000000000000036e+00,4.076002978925593691e-07,5.194835367333448791e-08,1.005737540441134152e-07,4.188295952566311362e-09,2.463937165060634919e-07,4.454140473843030990e-09,1.949721097067548615e-17,9.116968808428956816e-16,7.330316756306001191e-16,1.016390069170938515e-12,3.624591456282388611e-17,1.602285606615404613e-16,8.317171509078811858e-17,2.661381050922892985e-16,2.195169103218527725e-11,7.368279751610389847e-23,4.320967364723902347e-13,3.805425525293785021e-35,8.662832700263521575e-26,1.706286822100283161e-11,1.571986569583967581e-12
2.299999999999999822e+00,4.165545416831958800e-07,5.259662557603522523e-08,1.377899060010477217e-07,3.729910708317601958e-09,2.185994802890985703e-07,3.790719177281418787e-09,1.332052915849158734e-17,6.457560347485794679e-16,8.471005395929779474e-16,9.050611938156625756e-13,1.074171316152843121e-16,1.464381733921400815e-16,1.576569852640738332e-16,2.359772149870632227e-16,3.007466006227116566e-11,6.609724329528645137e-23,3.847750246038010935e-13,1.126763056039090373e-34,2.499476411146106920e-25,1.519543394926644495e-11,1.337847518637440409e-12
2.310000000000000053e+00,4.173271829286868576e-07,5.330644151090635764e-08,1.755380157634376723e-07,3.158930999339598724e-09,1.821410794770513497e-07,3.129332966961550733e-09,1.757348942598876890e-17,5.412580363354468513e-16,8.253644111619627872e-16,7.665154655557495307e-13,1.719316733565025328e-16,2.976199726531817969e-16,1.774837801837766223e-16,3.316927814408190573e-16,3.831373683498722611e-11,5.658771918771936845e-23,3.258723989776763798e-13,1.803175281028353314e-34,3.978699197784075738e-25,1.286929655966523158e-11,1.104426807006137334e-12
2.320000000000000284e+00,4.030241738216263149e-07,5.412346654602064912e-08,2.038773763101630378e-07,2.291249802733928561e-09,1.401872777196923521e-07,2.489296054783428379e-09,2.979558287159576943e-17,5.696864973532861040e-16,6.637407757384101660e-16,5.560806052680531436e-13,2.518962257060927318e-16,4.709456078267199501e-16,3.024765152666919544e-16,4.486470343885170771e-16,4.449921687489521555e-11,4.164078495570979862e-23,2.363978935787095736e-13,2.641555037573393925e-34,5.810785605566103690e-25,9.334414908870601694e-12,8.785407619226566561e-13
2.330000000000000071e+00,3.992296525119133254e-07,5.503073534078895916e-08,2.319967916159519755e-07,1.474313973753793755e-09,1.087819366756314169e-07,1.888052698937451288e-09,3.314098877243883569e-17,4.747315988556868835e-16,5.933281293795423212e-16,3.578851301840425958e-13,3.648703457549902133e-16,5.391192239536216779e-16,3.978645743738830568e-16,4.815656943775901655e-16,5.063669188697803073e-11,2.778474817499550567e-23,1.521323981762387347e-13,3.826054213524925987e-34,8.402464472987618109e-25,6.006266897816102466e-12,6.663459160287910110e-13
2.339999999999999858e+00,4.458801937916409414e-07,5.578270320009508141e-08,2.855500567850743440e-07,1.085948441708100500e-09,1.020457899944515027e-07,1.348091114900189232e-09,4.141037211213488997e-17,4.120883371640002876e-16,5.137493838791138785e-16,2.636562616199876411e-13,4.634369535772621900e-16,7.102997879735156947e-16,4.365321703203725057e-16,6.084569985072682673e-16,6.232547532145538652e-11,2.147285309861930565e-23,1.120697873181540051e-13,4.859528980153048012e-34,1.066613351759404317e-24,4.424088741062485611e-12,4.757793262315307019e-13
2.350000000000000089e+00,5.178004165052159427e-07,5.626392557714578338e-08,3.482926509601186038e-07,7.348425434166867471e-10,1.115405041629464876e-07,8.889078781417201947e-10,5.322577665113005758e-17,3.807538907216536677e-16,4.062124337472081261e-16,1.784817329453666719e-13,5.587667929947665502e-16,9.280744783246052716e-16,5.399440542453457930e-16,7.872796081046392210e-16,7.601996549205711033e-11,1.585996405497270779e-23,7.585620379725491552e-14,5.859061167423158392e-34,1.285568483199278093e-24,2.993704131836861843e-12,3.137216289667034594e-13
2.360000000000000320e+00,5.241112657473262462e-07,5.679483518797566629e-08,3.523711491467584211e-07,1.366363779624309776e-10,1.142133510710214439e-07,5.175930299637698226e-10,6.186453344034739901e-17,2.881428478087733365e-16,3.482039650448707968e-16,3.333488857878504876e-14,6.721233699793061554e-16,1.055087520499562937e-15,6.548821895686526357e-16,8.880851071546304774e-16,7.691016013795026575e-11,6.107283294906667031e-24,1.414788674738289421e-14,7.047558117276241513e-34,1.545793908987487564e-24,5.566477440392156092e-13,1.826745978369261292e-13
2.370000000000000107e+00,4.502482226002161300e-07,5.765826458650918797e-08,2.905455825801403091e-07,2.465771411291518584e-10,1.014932255813988389e-07,2.399779225327464592e-10,7.653163707362231677e-17,2.133516731690417102e-16,2.877904241848364121e-16,5.995190735142794400e-14,7.732328722112949730e-16,1.203238591400168017e-15,7.505232642398169690e-16,9.946031679018992412e-16,6.341583034748123928e-11,8.803532914734379520e-24,2.547061883163625364e-14,8.107693906197643504e-34,1.778423825902697069e-24,1.004539934160034966e-12,8.469642650803387721e-14
2.379999999999999893e+00,4.234898474974097385e-07,5.865001623142552548e-08,2.766571003963481094e-07,1.839554649001323914e-09,8.620358060812046930e-08,7.105110562731039669e-11,9.093196169194945875e-17,1.660921540991368300e-16,2.127747536555591612e-16,4.462950069365555885e-13,8.562765832351534862e-16,1.385506789385400728e-15,8.508431977008514343e-16,1.130710523532665952e-15,6.038446754650431341e-11,3.764816769029491906e-23,1.897379426695849968e-13,8.978563670809834392e-34,1.970672428907020446e-24,7.494235690388213511e-12,2.507756452122032558e-14
2.390000000000000124e+00,5.372143703633542125e-07,5.947246956485224435e-08,3.928273788205743601e-07,3.827944148671582675e-09,8.096420655429969979e-08,1.970091671361247487e-11,9.306414214787048402e-17,1.072367615372688603e-16,1.558827025845528603e-16,9.285461695498050200e-13,9.431327792336948922e-16,1.488375692333427213e-15,9.328533235436611589e-16,1.208928454810034391e-15,8.574033032814795399e-11,7.371477688484755229e-23,3.947806074503061224e-13,9.889477586356906699e-34,2.172005462637982030e-24,1.559481630063480242e-11,6.955363063178401565e-15
2.399999999999999911e+00,6.842610451593956060e-07,5.996095335734090457e-08,5.358546753993689824e-07,4.892892532158363557e-09,8.333900445404101711e-08,7.490496630859344563e-11,9.456774616210885310e-17,6.386377185171142354e-17,1.017676182850245613e-16,1.186827383855528866e-12,1.018081227868286167e-15,1.571505025765572034e-15,9.832415531767514399e-16,1.273135238360735487e-15,1.169581278520726878e-10,9.357929231904090593e-23,5.045970221300127430e-13,1.067543555100635664e-33,2.345230439833151925e-24,1.993335248681830089e-11,2.643927061320309957e-14
