energy_au,total_recorded_SI,n1_l0_m+0,n2_l0_m+0,n2_l1_m-1,n2_l1_m+0,n2_l1_m+1
1.000000000000000021e-02,9.683325860604113933e-02,6.582191219542107841e-03,4.731948943038357530e-02,4.253329047357617097e-03,3.763395985888295242e-02,1.044289049874879294e-03
1.499999999999999944e-02,7.129230164983460516e-02,5.151901524193042668e-03,2.535394331892704134e-02,4.524438673696037742e-03,3.618037518569668098e-02,8.164294732179650297e-05
1.999999999999999695e-02,6.170672118104475468e-02,4.822931118638617079e-03,1.568286426089702049e-02,4.967038796592661634e-03,3.618323074086996632e-02,5.065626404648920647e-05
2.499999999999999792e-02,5.320009573345681891e-02,3.834218274521002633e-03,1.219190775374639525e-02,4.075140771315367144e-03,3.302501455042775036e-02,7.381438344630207604e-05
2.999999999999999889e-02,4.590186703951085190e-02,2.950155822003060983e-03,1.035194450243138650e-02,2.844897594186784721e-03,2.966921383493090897e-02,8.565528595871215963e-05
3.499999999999999639e-02,3.899906006530653307e-02,2.156821302661340173e-03,8.746767497686902884e-03,1.883018980718166374e-03,2.614163624944050579e-02,7.081603479961702606e-05
3.999999999999999389e-02,3.239573191603092178e-02,1.521691924464222984e-03,7.172834834672783474e-03,1.304747383385379631e-03,2.235369706220883060e-02,4.276071129971048106e-05
4.499999999999999833e-02,2.639643147907304310e-02,1.033378212872726985e-03,5.786386250920368818e-03,9.614591603798853820e-04,1.859826953314439035e-02,1.693832175567126295e-05
4.999999999999999584e-02,2.139597761803558457e-02,6.778937285354851364e-04,4.693468073648986334e-03,6.975577815190865498e-04,1.532367640642464529e-02,3.381627907383793657e-06
5.499999999999999334e-02,1.752130202326462535e-02,4.330797928730788834e-04,3.852289416141515405e-03,4.617347622373182883e-04,1.276721860818686577e-02,6.979443825844952303e-06
5.999999999999999084e-02,1.453056038038316906e-02,2.722556343966022006e-04,3.157926361315975972e-03,2.716964339110415736e-04,1.080169852668758090e-02,2.698342407196840053e-05
6.499999999999998834e-02,1.200359033223340720e-02,1.700564163212036934e-04,2.538826440810972463e-03,1.469456393913474003e-04,9.090227666403955659e-03,5.753416930592833499e-05
6.999999999999999278e-02,9.627034004958831548e-03,1.063865442745623712e-04,1.983774810304564113e-03,8.203486799694993128e-05,7.365508872226899859e-03,8.932891015585404048e-05
7.499999999999998335e-02,7.343767666645409191e-03,6.713714680208900348e-05,1.514538701866450111e-03,5.567012179946341933e-05,5.594485910575965060e-03,1.119357856014410420e-04
7.999999999999998779e-02,5.294965027037084812e-03,4.304594942479178813e-05,1.148402447022827365e-03,4.670249340592532355e-05,3.940031578846111757e-03,1.167825583374286941e-04
8.499999999999997835e-02,3.649292541157608035e-03,2.821800629720632044e-05,8.785073331349428595e-04,4.177209521320883061e-05,2.600347262055326038e-03,1.004478444569241691e-04
8.999999999999998279e-02,2.465555703806791843e-03,1.896996009546677301e-05,6.774098101128615780e-04,3.514378156032012311e-05,1.666877347913854612e-03,6.715480412428861425e-05
9.499999999999998723e-02,1.671377745132259429e-03,1.304469125839477248e-05,5.141290463075594546e-04,2.600491707718278616e-05,1.088853785594733666e-03,2.934530489438873246e-05
9.999999999999997780e-02,1.137449649233378008e-03,9.085290432980252688e-06,3.700577994331949601e-04,1.613568602441247928e-05,7.365493743037622183e-04,5.621499039028184062e-06
1.049999999999999822e-01,7.652571936227802255e-04,6.292323855930364592e-06,2.434215787752755757e-04,8.036030075002042780e-06,4.917297064555609283e-04,1.577755446101125137e-05
1.099999999999999728e-01,5.203661042784689687e-04,4.226607318058725620e-06,1.419460627863431269e-04,3.265032345824782230e-06,2.975248432157616657e-04,7.340355861248066909e-05
1.149999999999999772e-01,4.033445921348191294e-04,2.687602867003531097e-06,7.175061160600669367e-05,1.585230592213374049e-06,1.495027374520268865e-04,1.778184096175686483e-04
1.199999999999999817e-01,3.997755234173415331e-04,1.603816334253069900e-06,3.113886218388214910e-05,1.480776396672113872e-06,5.712355208312152346e-05,3.084285164194126806e-04
1.249999999999999722e-01,4.550971468380261235e-04,9.258044183003124913e-07,1.187985234223082800e-05,1.502877859892671596e-06,1.550584860390749592e-05,4.252827636136948170e-04
1.299999999999999767e-01,4.895583388577249380e-04,5.619553886857928503e-07,4.373406898816319276e-06,1.173602251525273811e-06,4.445154261061426209e-06,4.790042200576361182e-04
1.349999999999999811e-01,4.375608237104326856e-04,3.935605997088928724e-07,1.745642898957435046e-06,7.902895071409272536e-07,3.635444600801764924e-06,4.309958861038236605e-04
1.399999999999999856e-01,2.864185273949244794e-04,3.073787722662441432e-07,7.281790415039609545e-07,6.506445336632605075e-07,4.041291951544341365e-06,2.806910330959466781e-04
1.449999999999999900e-01,9.918503135353555142e-05,3.634941870086565467e-07,3.109033837377991030e-07,5.662007372497117726e-07,6.069470178160191827e-06,9.187496286737919344e-05
1.499999999999999944e-01,1.997829401403744849e-05,2.976687001381942596e-07,2.981928348580113500e-07,6.089416453015782295e-07,1.431269413752711496e-05,4.460796696212549796e-06
1.549999999999999989e-01,2.397136391034888675e-04,2.479047571925213649e-07,4.812445526562222407e-07,9.775422861267108726e-07,1.882565352722668942e-05,2.191812939802867161e-04
1.599999999999999756e-01,9.719856712964882036e-04,2.917128736856090102e-07,1.112195951981460407e-06,1.825036138615761727e-06,2.219512410954535412e-05,9.465616022226600382e-04
1.649999999999999800e-01,2.348362013310791811e-03,5.983840444340673219e-07,1.663251814068668733e-07,5.865380388157256961e-07,2.922865228058985754e-05,2.317782113765545163e-03
1.699999999999999845e-01,4.311045712186514951e-03,8.682419994389368108e-07,2.131724596809700422e-07,5.255788968369947506e-07,2.091739460454428151e-05,4.288521324226014092e-03
1.749999999999999889e-01,6.575350243461552772e-03,1.179598723519213225e-06,8.366267938089705239e-07,6.232447005574878272e-07,1.078207744537485008e-05,6.561928695798292105e-03
1.799999999999999933e-01,8.595997932180647963e-03,1.448045347962857300e-06,1.558984142510209334e-06,5.670478163187986943e-07,3.571504819527438347e-06,8.588852350054328524e-03
1.809999999999999942e-01,8.913982808830730672e-03,1.495973823229806357e-06,8.516351014989023908e-07,3.735473824271352489e-07,7.313839795180948904e-06,8.903947812728393862e-03
1.819999999999999951e-01,9.186169959287981621e-03,1.485785262919917522e-06,9.673333687231350643e-07,3.873038684293535193e-07,6.896502459281534780e-06,9.176433034328627947e-03
1.829999999999999960e-01,9.407932764127064501e-03,1.480146469826757869e-06,1.608207141476924949e-06,5.531908889703590758e-07,3.186565657224036351e-06,9.401104653969566405e-03
1.839999999999999969e-01,9.577060793312568501e-03,1.525313751078234973e-06,1.932912644541507181e-06,6.515620434333942461e-07,2.955407168210162390e-07,9.572655464156695077e-03
1.849999999999999978e-01,9.690664441077297825e-03,1.597441019551452522e-06,1.623352854964005727e-06,5.479359091703897875e-07,5.048048816176493756e-07,9.686390906411993656e-03
1.859999999999999987e-01,9.744302766613531161e-03,1.632881757068056836e-06,1.191234278797583337e-06,3.256710972226451376e-07,2.315482835443189865e-06,9.738837496644999620e-03
1.869999999999999996e-01,9.733747453308573896e-03,1.601931511557692554e-06,1.259072887209033704e-06,1.761103555195466874e-07,3.010954663177969271e-06,9.727699383891109247e-03
1.880000000000000004e-01,9.656813434121051809e-03,1.538572109483876590e-06,1.787416245905243789e-06,1.937034687921260757e-07,1.876118978680139868e-06,9.651417623318191141e-03
1.890000000000000013e-01,9.513414093375117953e-03,1.496313687320165924e-06,2.169840872301270554e-06,3.005401349064060654e-07,4.042658055317350267e-07,9.509043132875058188e-03
1.900000000000000022e-01,9.304600363074113853e-03,1.487271978468544247e-06,1.991011246643833561e-06,3.544083207506032248e-07,4.191955862466392099e-08,9.300725751969626462e-03
1.910000000000000031e-01,9.032266364109631934e-03,1.474966423767650846e-06,1.489566433942723948e-06,2.975569795420274197e-07,6.198781821492942542e-07,9.028384396090230468e-03
1.920000000000000040e-01,8.699819532415708004e-03,1.422437310820287624e-06,1.223285306768062858e-06,1.904565221894152109e-07,1.030759232244884286e-06,8.695952594043685618e-03
1.930000000000000049e-01,8.312774646945360335e-03,1.334120130976641515e-06,1.416531398489693340e-06,1.237423470100310525e-07,7.519289157898915939e-07,8.309148324153093831e-03
1.940000000000000058e-01,7.878646871191533410e-03,1.245007287242777438e-06,1.769508000128332869e-06,1.246459543386467718e-07,2.298942120373366120e-07,7.875277815737786319e-03
1.950000000000000067e-01,7.406710121770971288e-03,1.177392644067927535e-06,1.872252997853584660e-06,1.505789184223989542e-07,2.650942286136584804e-08,7.403483387787766073e-03
1.960000000000000075e-01,6.908326599791382583e-03,1.119802720480184012e-06,1.662756145008897697e-06,1.513206059135488353e-07,1.217550098087119329e-07,6.905270965310171018e-03
1.970000000000000084e-01,6.397593554801525931e-03,1.048638241317768563e-06,1.416350004370848403e-06,1.186150195996133493e-07,1.684335352551880698e-07,6.394841518000982453e-03
1.980000000000000093e-01,5.891529101805795081e-03,9.600296227115413517e-07,1.373876669819142328e-06,7.902239478332449339e-08,7.178558730097779450e-08,5.889044387531180286e-03
1.989999999999999825e-01,5.409691878167332581e-03,8.729777547791895567e-07,1.497437718794153820e-06,5.624735867053472233e-08,2.644640150893697644e-08,5.407238768933579978e-03
1.999999999999999833e-01,4.973964470383446593e-03,8.057381168563413718e-07,1.591690798233225668e-06,5.053649739569206298e-08,1.153343833581969244e-07,4.971401170587603363e-03
2.009999999999999842e-01,4.608994859859764925e-03,7.589686121140235721e-07,1.560280755902696014e-06,4.863391722942258014e-08,1.785399247997343610e-07,4.606448436649718953e-03
2.019999999999999851e-01,4.342833794022792765e-03,7.243972273848657260e-07,1.471328504623444896e-06,4.213905644978612415e-08,1.196844299619978400e-07,4.340476244804372316e-03
2.029999999999999860e-01,4.207012510025787654e-03,7.025918978463703484e-07,1.415041638733726260e-06,3.265836226473828478e-08,9.901746788810940552e-08,4.204763200659054727e-03
2.039999999999999869e-01,4.236091867231190494e-03,7.055292319162924044e-07,1.389798461561479552e-06,2.479472339519087037e-08,2.719084285087021729e-07,4.233699836385809191e-03
2.049999999999999878e-01,4.467449211293941617e-03,7.445596054914484510e-07,1.351446449134837194e-06,1.995340646754821459e-08,4.916342608566638810e-07,4.464841617571990717e-03
2.059999999999999887e-01,4.941696401943617041e-03,8.237040874807428135e-07,1.308897761297266324e-06,1.678285897846120634e-08,4.977186225766247894e-07,4.939049298613284317e-03
2.069999999999999896e-01,5.703168679647291350e-03,9.464811316391194084e-07,1.308083289306847496e-06,1.418295566402338510e-08,3.587879328565390007e-07,5.700541144337824620e-03
2.079999999999999905e-01,6.799765026430090037e-03,1.122638809521635626e-06,1.338199477217603466e-06,1.253017050018112951e-08,4.651012209202847610e-07,6.796826556751930752e-03
2.089999999999999913e-01,8.282325173814083022e-03,1.362872575834928685e-06,1.319066038707330579e-06,1.325068095749353245e-08,9.649623127286966762e-07,8.278665022205854498e-03
2.099999999999999922e-01,1.020443006206311551e-02,1.671015150254898551e-06,1.207755066914447193e-06,1.780163498095347717e-08,1.423282040232131985e-06,1.020011020817073247e-02
2.109999999999999931e-01,1.262295672320730422e-02,2.049450062285683816e-06,1.077429584956349120e-06,2.585741799898993183e-08,1.314339617865013222e-06,1.261848964652419886e-02
2.119999999999999940e-01,1.559859549403429940e-02,2.512273084937784745e-06,1.042537434750846241e-06,3.398201824905629232e-08,8.090733878644703206e-07,1.559419762810849638e-02
2.129999999999999949e-01,1.919542560787682733e-02,3.083861597253582769e-06,1.112058000806583753e-06,3.790538625245133236e-08,7.370288200936405880e-07,1.919045475407242171e-02
2.139999999999999958e-01,2.347983390294345468e-02,3.778404873309630671e-06,1.163421471840499372e-06,3.796213949909697936e-08,1.565883651069293435e-06,2.347328823080773591e-02
2.149999999999999967e-01,2.852001903938956168e-02,4.587785908997474106e-06,1.084705280978886391e-06,4.115841857378496700e-08,2.635742053267931766e-06,2.851166964772774287e-02
2.159999999999999976e-01,3.438666927501375647e-02,5.501843830120148614e-06,9.142372110316717866e-07,5.473723619327521509e-08,2.792833414116227794e-06,3.437740562332229632e-02
2.169999999999999984e-01,4.115384026954388430e-02,6.541096578375814135e-06,8.006224790991955234e-07,7.665754114358201059e-08,1.847781230208789606e-06,4.114457411171505707e-02
2.179999999999999993e-01,4.889862056175837968e-02,7.755089941088013836e-06,8.267771179948579511e-07,9.514469597870437908e-08,1.036505239872472731e-06,4.888890704476344523e-02
2.190000000000000002e-01,5.769957987216941392e-02,9.176722453427687030e-06,9.114536322873762747e-07,1.008152097703176863e-07,1.671679498138899827e-06,5.768771920137578946e-02
2.200000000000000011e-01,6.763556975522158621e-02,1.078619140695349029e-05,9.072773947182186434e-07,9.874776837628747560e-08,3.444108260065180967e-06,6.762033343039147715e-02
2.210000000000000020e-01,7.878612632659581783e-02,1.254032821135625441e-05,7.747023126920634962e-07,1.049446343650740857e-07,4.538011364359863364e-06,7.876816834007303869e-02
2.220000000000000029e-01,9.123275401009631191e-02,1.444433730630389461e-05,6.232935608718435627e-07,1.287199422601918506e-07,3.702312248919096041e-06,9.121385534703795039e-02
2.230000000000000038e-01,1.050591579581072327e-01,1.657610029030913694e-05,5.775355747514349632e-07,1.606589804605327032e-07,1.918947547965045134e-06,1.050399247157137450e-01
2.239999999999999769e-01,1.203496526006248707e-01,1.901647408287115789e-05,6.336429787696444217e-07,1.815874376737521552e-07,1.490672797321978692e-06,1.203283302233282281e-01
2.249999999999999778e-01,1.371871917482351266e-01,2.175797766065024321e-05,6.741967517806058792e-07,1.839687468305476508e-07,3.349009645024883054e-06,1.371612265954308407e-01
2.259999999999999787e-01,1.556530030546339760e-01,2.471108771668297828e-05,6.114596556516139395e-07,1.813025852873962895e-07,5.723894926844203824e-06,1.556217753097495216e-01
2.269999999999999796e-01,1.758278989423942840e-01,2.782179701278490215e-05,4.834182395800840435e-07,1.936778288510379113e-07,5.995793092037441586e-06,1.757934042562210308e-01
2.279999999999999805e-01,1.977932478762237656e-01,3.116743284807562786e-05,3.973544919451627003e-07,2.251929069341027197e-07,3.808204220887393937e-06,1.977576496917559101e-01
2.289999999999999813e-01,2.216299166467188275e-01,3.489924137771935884e-05,4.016510369572496678e-07,2.590429312375640088e-07,1.749356998614201595e-06,2.215926073543743047e-01
2.299999999999999822e-01,2.474159211009364923e-01,3.907679906635202327e-05,4.396859314998261467e-07,2.761032107163203994e-07,2.511807109367995673e-06,2.473736167056185542e-01
2.309999999999999831e-01,2.752251165416422229e-01,4.358970730395671559e-05,4.274531704104341465e-07,2.758633386838924645e-07,5.640779763994669755e-06,2.751751827380651827e-01
2.319999999999999840e-01,3.051280300913662424e-01,4.828370450616393552e-05,3.504827509190917032e-07,2.761261548817517655e-07,7.784941951465210847e-06,3.050713348360027943e-01
2.329999999999999849e-01,3.371933305628737054e-01,5.316411691610355627e-05,2.684450592545828147e-07,2.925451930005139260e-07,6.470431328115923292e-06,3.371331350243772507e-01
2.339999999999999858e-01,3.714876238164770417e-01,5.842897990069830698e-05,2.369781918886159627e-07,3.217513621060615447e-07,3.151500344274011135e-06,3.714254846066780691e-01
2.349999999999999867e-01,4.080732783205929803e-01,6.426253294406695897e-05,2.480677701830862586e-07,3.465909750731011387e-07,1.798117160102396733e-06,4.080066230117435633e-01
2.359999999999999876e-01,4.470063947973854090e-01,7.061404492327051923e-05,2.519555881745566795e-07,3.561360318682885113e-07,4.348188699023306872e-06,4.469308244721430512e-01
2.369999999999999885e-01,4.883368824691907695e-01,7.723850106140068509e-05,2.202981563108892970e-07,3.571632798449871903e-07,8.229933810961389390e-06,4.882508365728822630e-01
2.379999999999999893e-01,5.321100455852099120e-01,8.398469660633663429e-05,1.717872481210447152e-07,3.650989316280874178e-07,9.082535227158875280e-06,5.320164414671966213e-01
2.389999999999999902e-01,5.783672333266067778e-01,9.100400163095421309e-05,1.400466985010249113e-07,3.862058484618009751e-07,5.814023091110490108e-06,5.782698890493377375e-01
2.399999999999999911e-01,6.271442481640104871e-01,9.860977690735731245e-05,1.331683256229758775e-07,4.113831056270881988e-07,2.131652128252478760e-06,6.270429621835436063e-01
2.409999999999999920e-01,6.784689718059534469e-01,1.069184332119895510e-04,1.322269108523970493e-07,4.272227663421047604e-07,2.474018254388886683e-06,6.783590199048098457e-01
2.419999999999999929e-01,7.323606675465035298e-01,1.156893739332906051e-04,1.201232849588139208e-07,4.306070074930156971e-07,6.802561688943275196e-06,7.322376248805888554e-01
2.429999999999999938e-01,7.888313959027255517e-01,1.245832199449015620e-04,9.959405220072771222e-08,4.308892490454701493e-07,1.036299573571346349e-05,7.886959192037437116e-01
2.439999999999999947e-01,8.478873904109575088e-01,1.335670517237333866e-04,8.304339199789745620e-08,4.388967461459607119e-07,9.014340245094445457e-06,8.477442870788505225e-01
2.449999999999999956e-01,9.095282770051165144e-01,1.429865809948896796e-04,7.494085992349233557e-08,4.559044805409011563e-07,4.153554427073428748e-06,9.093806060243541101e-01
2.459999999999999964e-01,9.737446869909125446e-01,1.531841139655805732e-04,7.016962804259418950e-08,4.737664685846113792e-07,1.384986057932954705e-06,9.735895739547923977e-01
2.469999999999999973e-01,1.040516858919706022e+00,1.640832275618725922e-04,6.472951409290493793e-08,4.842196610449113994e-07,4.150483940335252343e-06,1.040348076259028698e+00
2.479999999999999982e-01,1.109815696229465631e+00,1.752403402058424022e-04,6.051845604948432597e-08,4.866124666690468005e-07,9.563552653349780024e-06,1.109630345205683710e+00
2.489999999999999991e-01,1.181604764475933100e+00,1.863414072510098218e-04,5.966619919838849039e-08,4.869505660679384923e-07,1.147761620981281605e-05,1.181406398835707083e+00
2.500000000000000000e-01,1.255840526414217395e+00,1.975819084466650657e-04,6.035545800906798456e-08,4.908942188061888315e-07,7.542623637263149086e-06,1.255634850632456612e+00
2.510000000000000009e-01,1.332470252199279503e+00,2.094638910893273907e-04,6.094920729868754256e-08,4.983812446284640422e-07,2.140967151896980232e-06,1.332258088010586317e+00
2.520000000000000018e-01,1.411429958828771536e+00,2.222094849002444281e-04,6.397169353566986627e-08,5.044633890089595609e-07,1.558626484678585337e-06,1.411205622282304173e+00
2.530000000000000027e-01,1.492644835352042287e+00,2.354652700201870870e-04,7.168257192494057568e-08,5.046821862039299372e-07,6.714298786337452705e-06,1.492402079418477578e+00
2.540000000000000036e-01,1.576031668182545253e+00,2.486704481439672371e-04,8.007091444601584767e-08,4.998147860084029081e-07,1.186943435630720437e-05,1.575770548414344496e+00
2.550000000000000044e-01,1.661500321836077099e+00,2.616931754161510226e-04,8.298218971780452413e-08,4.958095609449574033e-07,1.106938952458291448e-05,1.661226980479385773e+00
2.560000000000000053e-01,1.748952415856874776e+00,2.749948726380393874e-04,8.280802879323545459e-08,4.986284583573601071e-07,5.070638564993036778e-06,1.748671768909184632e+00
2.570000000000000062e-01,1.838278771891219465e+00,2.891001139267529397e-04,9.112586739782055009e-08,5.080575748118509032e-07,6.760181957012387824e-07,1.837988396575654715e+00
2.580000000000000071e-01,1.929358847689875089e+00,3.039618746055241789e-04,1.142468529882445591e-07,5.163786872920818656e-07,3.006814643963404710e-06,1.929051248375085237e+00
2.590000000000000080e-01,2.022063126562750224e+00,3.189670404984825758e-04,1.415806513451602154e-07,5.145290589501963322e-07,9.512160466665278008e-06,2.021733991252074869e+00
2.600000000000000089e-01,2.116255887565861027e+00,3.336066190947388705e-04,1.554273279299605179e-07,5.012169308560819772e-07,1.274467619825348010e-05,2.115908879626309247e+00
2.610000000000000098e-01,2.211795236477214210e+00,3.480514195919058628e-04,1.534489384602192582e-07,4.859084471769745304e-07,8.892638068823128638e-06,2.211437653062167996e+00
2.620000000000000107e-01,2.308530530439962369e+00,3.629525381662034858e-04,1.547461794957026750e-07,4.809682997815672748e-07,2.274319976422852418e-06,2.308164667867340647e+00
2.630000000000000115e-01,2.406300569861134164e+00,3.786706600899562782e-04,1.779119366611919777e-07,4.892204419482176445e-07,4.847149859744879352e-07,2.405920747353679445e+00
2.640000000000000124e-01,2.504935205332918358e+00,3.948166733657806514e-04,2.161957674437288380e-07,4.996210833918977735e-07,5.657095272346913581e-06,2.504534015747429176e+00
2.650000000000000133e-01,2.604259027098384305e+00,4.106512890448670841e-04,2.427587153143842014e-07,4.969838924566831907e-07,1.191688242586638879e-05,2.603835719184306008e+00
2.660000000000000142e-01,2.704093265441832372e+00,4.259028765682627751e-04,2.432319971456238957e-07,4.770549230464420930e-07,1.206841160121985882e-05,2.703654573866742794e+00
2.670000000000000151e-01,2.804254067578752174e+00,4.410613168139647898e-04,2.362513869456075841e-07,4.513325264661414049e-07,5.880345748972236049e-06,2.803806438332275608e+00
2.680000000000000160e-01,2.904549649925868060e+00,4.567930379072448230e-04,2.538691807427123955e-07,4.357964770093706759e-07,4.000098642694295102e-07,2.904091767212438668e+00
2.690000000000000169e-01,3.004780315849043149e+00,4.731383948783798952e-04,3.027622124951712486e-07,4.348211716553878101e-07,1.878541850425500515e-06,3.004304561328930312e+00
2.700000000000000178e-01,3.104742078602866329e+00,4.894190855424173855e-04,3.535851063439276301e-07,4.372897756337296144e-07,8.590443268746267145e-06,3.104243278199173339e+00
2.710000000000000187e-01,3.204230374259729786e+00,5.049744061998924548e-04,3.738883105997458395e-07,4.291432000726030628e-07,1.282612647625731062e-05,3.203711770695543137e+00
2.720000000000000195e-01,3.303040156977864683e+00,5.198853429077411430e-04,3.664912556113081724e-07,4.087697833530252078e-07,9.752379040088242403e-06,3.302509743994877844e+00
2.730000000000000204e-01,3.400962897809822305e+00,5.348497099961778455e-04,3.664820048192599548e-07,3.885050619733139196e-07,2.923658087891278307e-06,3.400424369454671414e+00
2.740000000000000213e-01,3.497784738492925261e+00,5.503460323640929110e-04,3.991667381911776318e-07,3.807820719722862974e-07,1.362000590279147294e-07,3.497233476311691902e+00
2.750000000000000222e-01,3.593288819945604562e+00,5.660462462730175576e-04,4.492975092776017572e-07,3.842788968712244359e-07,4.474558478748370389e-06,3.592717465564446488e+00
2.760000000000000231e-01,3.687259947902749246e+00,5.811535701052842132e-04,4.792607965753760282e-07,3.851502466693683922e-07,1.087031091107131531e-05,3.686667059610689634e+00
2.770000000000000240e-01,3.779486963042709036e+00,5.952767344027438566e-04,4.748198061085325521e-07,3.716765782633574504e-07,1.202474676788804815e-05,3.778878815065154217e+00
2.780000000000000249e-01,3.869760816057918884e+00,6.088357385078706956e-04,4.632155895068380738e-07,3.462460801765833818e-07,6.750813087459525067e-06,3.869144420044654087e+00
2.790000000000000258e-01,3.957871398303666410e+00,6.225374347793430005e-04,4.814511376367560205e-07,3.221598830207398863e-07,1.160262242195472303e-06,3.957246896995624041e+00
2.800000000000000266e-01,4.043607707789881545e+00,6.365297632094089105e-04,5.325240740976512140e-07,3.095704221240281038e-07,1.525215931554105136e-06,4.042968810716244477e+00
2.810000000000000275e-01,4.126762068484803869e+00,6.502050026726987047e-04,5.816915080395323846e-07,3.059699402019713272e-07,7.180791999238362925e-06,4.126103795028683408e+00
2.820000000000000284e-01,4.207134352327113191e+00,6.628668176931102902e-04,5.967554078341477428e-07,3.005179845315055904e-07,1.153570159886012513e-05,4.206459052534428977e+00
2.830000000000000293e-01,4.284532099192323251e+00,6.744856173719019233e-04,5.844013424464910408e-07,2.861383301435165744e-07,9.749491249203665172e-06,4.283846993544029758e+00
2.840000000000000302e-01,4.358767209440513213e+00,6.856811006108348185e-04,5.806779875689422758e-07,2.659820703977940367e-07,4.103843985520042856e-06,4.358076577835858778e+00
2.849999999999999756e-01,4.429653907780157773e+00,6.969705948094917980e-04,6.086917573618360115e-07,2.484664502222691620e-07,1.085691606724479858e-06,4.428954994335533968e+00
2.859999999999999765e-01,4.497011196952072964e+00,7.081560729233451383e-04,6.537700892756975931e-07,2.377860874348882686e-07,3.878926999233693464e-06,4.496298270395973518e+00
2.869999999999999774e-01,4.560667742253296630e+00,7.185401868423535888e-04,6.830936677744508778e-07,2.304365839494288910e-07,8.987257372760552014e-06,4.559939301278829404e+00
2.879999999999999782e-01,4.620464246242108608e+00,7.276991349424454013e-04,6.838900848481920639e-07,2.203021393262268625e-07,1.056648569366514877e-05,4.619725076429248567e+00
2.889999999999999791e-01,4.676251284652717111e+00,7.359188255319061914e-04,6.752987986032347356e-07,2.054726040780622082e-07,7.113082070950417656e-06,4.675507371973711912e+00
2.899999999999999800e-01,4.727885865729101411e+00,7.438160643035349445e-04,6.832831464365247208e-07,1.893738949833918033e-07,2.823336004845671221e-06,4.727138353671751503e+00
2.909999999999999809e-01,4.775231428514591592e+00,7.516073506975233780e-04,7.110980086309296781e-07,1.761557868230507683e-07,2.471130463099360788e-06,4.774476462779635888e+00
2.919999999999999818e-01,4.818161910993386421e+00,7.588645385216575417e-04,7.390720890434025182e-07,1.663248008453306405e-07,6.051949970052471390e-06,4.817396089108004986e+00
2.929999999999999827e-01,4.856565710358027310e+00,7.650068972986801691e-04,7.498680043213308321e-07,1.571188961386295800e-07,9.224639929086604092e-06,4.855790571833899172e+00
2.939999999999999836e-01,4.890345471896047513e+00,7.699372316780136311e-04,7.469677924738957256e-07,1.461553304959574644e-07,8.548265228064081889e-06,4.889566093276018321e+00
2.949999999999999845e-01,4.919414514029511132e+00,7.741012993887691138e-04,7.467032643282351842e-07,1.337634313191779558e-07,5.193626223926878154e-06,4.918634338637202674e+00
2.959999999999999853e-01,4.943694573744465082e+00,7.779406933126545428e-04,7.575832184224488531e-07,1.219005350537601305e-07,3.123131524829467400e-06,4.942912630435873922e+00
2.969999999999999862e-01,4.963117903195280789e+00,7.813911552732472629e-04,7.728723288492805880e-07,1.117045700284853692e-07,4.374112538864237595e-06,4.962331253350569682e+00
2.979999999999999871e-01,4.977631564748606685e+00,7.839823711634696587e-04,7.821535458102302600e-07,1.026465789184721531e-07,7.068104553420507846e-06,4.976839629472765481e+00
2.989999999999999880e-01,4.987199178658694443e+00,7.853818353748174240e-04,7.841300722064109881e-07,9.369494666874805844e-08,8.044491934290508140e-06,4.986404874506366269e+00
2.999999999999999889e-01,4.991798378057800356e+00,7.857418257690038056e-04,7.850773724634634828e-07,8.458846868091469168e-08,6.545767516836001592e-06,4.991005220798673037e+00
3.009999999999999898e-01,4.991417217680377938e+00,7.854816493287307411e-04,7.883381034951817917e-07,7.578048415683004580e-08,4.647818238215606392e-06,4.990626224094222962e+00
3.019999999999999907e-01,4.986053882715600238e+00,7.847991762591106923e-04,7.906814672462119484e-07,6.759364854735386504e-08,4.438175968297932179e-06,4.985263787088257459e+00
3.029999999999999916e-01,4.975720034016092086e+00,7.834791961808380790e-04,7.892741437648702417e-07,5.989284712437553193e-08,5.685861825929007065e-06,4.974930019791094615e+00
3.039999999999999925e-01,4.960443804784119060e+00,7.811790095718157889e-04,7.873752900985866026e-07,5.253075912180023585e-08,6.606439567085402130e-06,4.959655179428930971e+00
3.049999999999999933e-01,4.940268903206013640e+00,7.778220502391597910e-04,7.895508889854882822e-07,4.571324721876890660e-08,6.274065211736683934e-06,4.939483971826426512e+00
3.059999999999999942e-01,4.915250856579704397e+00,7.736523436672022250e-04,7.933895481482196360e-07,3.971664354508434248e-08,5.496566041935544479e-06,4.914470874563803271e+00
3.069999999999999951e-01,4.885454689417819019e+00,7.689334202511151220e-04,7.908221410217554797e-07,3.442303892277029447e-08,5.365222249425235555e-06,4.884679565530138490e+00
3.079999999999999960e-01,4.850956474041017152e+00,7.636723517693869102e-04,7.789664555858050727e-07,2.939540697479382171e-08,5.740959656646132767e-06,4.850186252367728379e+00
3.089999999999999969e-01,4.811846531140545835e+00,7.576692563203637912e-04,7.659478492531243404e-07,2.442439309871923864e-08,5.706970400887245774e-06,4.811082364541582557e+00
3.099999999999999978e-01,4.768230131835804464e+00,7.507860578908160873e-04,7.621579505220092713e-07,1.981731825804305867e-08,5.126884319957298390e-06,4.767473436918324481e+00
3.109999999999999987e-01,4.720224547396826509e+00,7.431000419676109291e-04,7.666662355551077236e-07,1.605173357116670551e-08,4.944600825793208219e-06,4.719475720036063748e+00
3.119999999999999996e-01,4.667955553990750239e+00,7.347928750471658657e-04,7.665878930731409947e-07,1.323988354925251812e-08,5.730318190294760823e-06,4.667214250969736078e+00
3.130000000000000004e-01,4.611556987506070904e+00,7.259511323619847242e-04,7.520057885079706242e-07,1.104492061232722962e-08,6.574077023481552269e-06,4.610823699245976570e+00
3.140000000000000013e-01,4.551173198840234413e+00,7.165220491918303323e-04,7.288301280304311773e-07,9.081811723332001693e-09,6.105964791487821877e-06,4.550449832914311266e+00
3.150000000000000022e-01,4.486960814262546116e+00,7.064398660265397640e-04,7.129781905967269503e-07,7.284146905814100905e-09,4.481352380879518819e-06,4.486249172781801242e+00
3.160000000000000031e-01,4.419087099612553970e+00,6.957331472742474049e-04,7.116900276406904613e-07,5.874999410145756810e-09,3.572256143702068683e-06,4.418387076644108902e+00
3.170000000000000040e-01,4.347726268779833703e+00,6.844865796914317846e-04,7.143043904855852748e-07,5.102527016426212195e-09,4.736599613166906858e-06,4.347036326193611799e+00
3.180000000000000049e-01,4.273057407055811829e+00,6.727414919851775615e-04,7.042746601101557439e-07,5.072188508130730032e-09,6.842405988718487262e-06,4.272377113810989613e+00
3.190000000000000058e-01,4.195265614383369090e+00,6.604863857156677981e-04,6.786663050478400156e-07,5.737082777165487560e-09,7.296762554784661325e-06,4.194597146831711143e+00
3.200000000000000067e-01,4.114544096319393773e+00,6.477405187240038026e-04,6.519125514399135043e-07,6.912091612101586555e-09,5.186646243664997688e-06,4.113890510329783368e+00
3.210000000000000075e-01,4.031093872757705476e+00,6.345923441130321349e-04,6.391180903145494187e-07,8.316814701749179073e-09,2.713766661085052529e-06,4.030455919212026394e+00
3.220000000000000084e-01,3.945120682402385892e+00,6.211206585863827652e-04,6.385578869417212016e-07,9.773038859694117585e-09,2.835072573163361849e-06,3.944496078340300471e+00
3.230000000000000093e-01,3.856831962647460976e+00,6.073055556657280980e-04,6.339256531117699878e-07,1.145780455142609792e-08,5.652997097531209805e-06,3.856218358711239969e+00
3.240000000000000102e-01,3.766436570681932938e+00,5.930715243893363436e-04,6.134163453424514229e-07,1.385239546774892530e-08,7.969191288736438846e-06,3.765834902697513975e+00
3.249999999999999556e-01,3.674146564756561428e+00,5.784307842634163650e-04,5.831076905166152642e-07,1.726026395934683417e-08,6.881812659980047808e-06,3.673560651791683451e+00
3.259999999999999565e-01,3.580177953730956375e+00,5.635391884240023661e-04,5.593934277400396353e-07,2.135741232680525230e-08,3.349731879926027669e-06,3.579610484059812414e+00
3.269999999999999574e-01,3.484748661088177268e+00,5.485649534740672526e-04,5.500133667205622666e-07,2.539140410868252475e-08,1.345911214224651477e-06,3.484198174818718297e+00
3.279999999999999583e-01,3.388075312726896104e+00,5.335128876347967029e-04,5.458958244174473008e-07,2.896793555675047559e-08,3.297299547729655690e-06,3.387537927675953409e+00
3.289999999999999591e-01,3.290371791805506430e+00,5.182318549981574166e-04,5.324438984120172341e-07,3.257244358292558055e-08,7.079834537809681112e-06,3.289845915099628648e+00
3.299999999999999600e-01,3.191850308576138051e+00,5.026252737273804224e-04,5.062178971311214784e-07,3.712333335642013967e-08,8.282447660246555391e-06,3.191338857513519756e+00
3.309999999999999609e-01,3.092722742875704700e+00,4.868223817518890881e-04,4.778582213980222353e-07,4.293853460742079487e-08,5.317448822603242016e-06,3.092230082248374146e+00
3.319999999999999618e-01,2.993199802827144484e+00,4.710874798073242677e-04,4.591430453619320450e-07,4.927657266565802811e-08,1.423455280776846732e-06,2.992726783472438257e+00
3.329999999999999627e-01,2.893488250765050118e+00,4.555506592772255725e-04,4.500640550723343773e-07,5.506095649627699262e-08,1.049135403803117502e-06,2.893031145845357699e+00
3.339999999999999636e-01,2.793788754368587757e+00,4.400756069148787633e-04,4.402165603025934901e-07,6.004745998796585485e-08,4.681624334921589384e-06,2.793343496873317733e+00
3.349999999999999645e-01,2.694296108699395731e+00,4.244394045670633149e-04,4.213390031208317077e-07,6.512025237156475771e-08,8.161387619535348108e-06,2.693863021447953532e+00
3.359999999999999654e-01,2.595200728382653921e+00,4.086304928678152412e-04,3.958759744772475080e-07,7.134212665874640202e-08,7.412510492835164446e-06,2.594784218161191980e+00
3.369999999999999662e-01,2.496688883706488227e+00,3.929126224649583023e-04,3.727822622667333022e-07,7.879195982360824305e-08,3.177616764084345115e-06,2.496292341893036948e+00
3.379999999999999671e-01,2.398940784649847835e+00,3.775627456450610098e-04,3.570297264594677549e-07,8.646910054081208443e-08,2.323543538093591459e-07,2.398562546051021815e+00
3.389999999999999680e-01,2.302128248270107758e+00,3.625777411163167482e-04,3.451788945154701415e-07,9.334452544107504694e-08,1.913545737751916415e-06,2.301763318459833840e+00
3.399999999999999689e-01,2.206414155553236611e+00,3.476972619997369032e-04,3.307128685617153012e-07,9.938379209273193452e-08,6.262965945033980029e-06,2.206059765228631342e+00
3.409999999999999698e-01,2.111953740073566177e+00,3.327291472484005712e-04,3.115375151241753818e-07,1.054689371182141542e-07,8.261964863154252288e-06,2.111612331955002198e+00
3.419999999999999707e-01,2.018895623887542623e+00,3.178047135790957505e-04,2.911515198834524136e-07,1.124083156165365029e-07,5.592481246440887612e-06,2.018571823132881526e+00
3.429999999999999716e-01,1.927380948228690327e+00,3.032617717119221574e-04,2.736286664919832856e-07,1.201591111873482195e-07,1.281399511251403348e-06,1.927076011269689415e+00
3.439999999999999725e-01,1.837541323672649440e+00,2.892826737178584378e-04,2.592682922312405932e-07,1.280108449029485671e-07,2.005330558342334596e-07,1.837251453186738548e+00
3.449999999999999734e-01,1.749497749088521514e+00,2.757046010390388395e-04,2.454241595383192783e-07,1.353682148044940596e-07,3.487670165068605604e-06,1.749218176024943006e+00
3.459999999999999742e-01,1.663361468521755482e+00,2.622254387298686689e-04,2.301992283474806970e-07,1.422360775918510555e-07,7.303230337733620373e-06,1.663091567417381844e+00
3.469999999999999751e-01,1.579235452889863112e+00,2.487708226587421719e-04,2.141485589811810016e-07,1.490169874815893397e-07,7.281937591396455669e-06,1.578979036964066607e+00
3.479999999999999760e-01,1.497214557939929414e+00,2.355988256828780839e-04,1.987635925660709221e-07,1.560198487305419036e-07,3.498148564066500556e-06,1.496975106182241166e+00
3.489999999999999769e-01,1.417384107557119188e+00,2.230208166386228705e-04,1.845524346555782588e-07,1.632361612464357343e-07,2.764330177655544458e-07,1.417160462518866959e+00
3.499999999999999778e-01,1.339818577110105435e+00,2.110604180185044431e-04,1.710776047220692877e-07,1.704736972969401923e-07,1.185432198637906045e-06,1.339605989708586353e+00
3.509999999999999787e-01,1.264581916781590376e+00,1.994425989566400422e-04,1.581062342273981194e-07,1.775538984848514034e-07,5.029538313924721372e-06,1.264377108984187092e+00
3.519999999999999796e-01,1.191729104246583404e+00,1.879223199632992173e-04,1.458563589774994544e-07,1.843792487268686570e-07,7.353688538645390961e-06,1.191533498002473657e+00
3.529999999999999805e-01,1.121307130606948421e+00,1.765724256326099164e-04,1.342471978860938957e-07,1.909430587775353397e-07,5.577015229299176488e-06,1.121124655975829887e+00
3.539999999999999813e-01,1.053354414637926340e+00,1.657028589734951091e-04,1.227159655501554735e-07,1.973545258590379784e-07,1.822349164271168222e-06,1.053186569359297220e+00
3.549999999999999822e-01,9.878995802052311648e-01,1.555107238814747075e-04,1.111089525757196159e-07,2.037793699002858058e-07,3.363170005189026073e-07,9.877434182760267412e-01
3.559999999999999831e-01,9.249612828933917452e-01,1.458655928589915681e-04,1.002350242536540927e-07,2.102409402379969655e-07,2.632461442592303768e-06,9.248124743631256361e-01
3.569999999999999840e-01,8.645495032399429514e-01,1.364701908989568793e-04,9.096687762277901609e-08,2.164940850062854048e-07,5.925866835857949042e-06,8.644067997212454557e-01
3.579999999999999849e-01,8.066670205615045219e-01,1.272029537230710101e-04,8.296497279198204571e-08,2.222262750217556037e-07,6.464132033804092741e-06,8.065330482844997873e-01
3.589999999999999858e-01,7.513096652381001661e-01,1.182487179256745539e-04,7.491925274177425234e-08,2.274492957662556226e-07,3.770176774014427247e-06,7.511873439748519843e-01
3.599999999999999867e-01,6.984654782940785678e-01,1.098777516808155787e-04,6.623582578456956015e-08,2.325876383335228510e-07,9.908766777320591358e-07,6.983543108422558543e-01
3.609999999999999876e-01,6.481142086001451252e-01,1.021366125966394710e-04,5.796584551601235031e-08,2.380276120509962152e-07,1.177252137555517724e-06,6.480105987419533253e-01
3.619999999999999885e-01,6.002281370756965551e-01,9.480301116750479407e-05,5.157437639176856359e-08,2.435808420401326842e-07,3.894836676721406123e-06,6.001291440726338466e-01
3.629999999999999893e-01,5.547736401790869243e-01,8.764326589354668330e-05,4.701826317710808334e-08,2.485635021790694833e-07,5.931650558878673763e-06,5.546797696808691835e-01
3.639999999999999902e-01,5.117120953306115716e-01,8.066814215957129951e-05,4.269028979688664786e-08,2.525380575256075577e-07,5.051727799318344624e-06,5.116260802323053802e-01
3.649999999999999911e-01,4.709995916560845708e-01,7.410014356359521459e-05,3.744863633608136179e-08,2.558992115092846527e-07,2.406168227179589599e-06,4.709227919964459330e-01
3.659999999999999920e-01,4.325863427516417059e-01,6.810508661636944453e-05,3.215284195690322111e-08,2.595260590358232398e-07,1.009792413229635671e-06,4.325169361937111212e-01
3.669999999999999929e-01,3.964170016932053731e-01,6.260239116789644920e-05,2.863347080938313343e-08,2.637778574271962548e-07,2.262851204413741280e-06,3.963518440395048525e-01
3.679999999999999938e-01,3.624319668503566683e-01,5.736140059243134627e-05,2.732779370691339723e-08,2.679799462168901555e-07,4.530716335198499790e-06,3.623697794256890981e-01
3.689999999999999947e-01,3.305686190100375343e-01,5.225762064551127363e-05,2.663847764159359597e-08,2.710954690158356653e-07,5.198021286176177308e-06,3.305108656341592122e-01
3.699999999999999956e-01,3.007615804508733115e-01,4.739217700854427928e-05,2.493240549964509293e-08,2.729070901557082192e-07,3.637388157650015016e-06,3.007102530462114620e-01
3.709999999999999964e-01,2.729422759642705087e-01,4.295118468017912461e-05,2.266637529520945111e-08,2.743416356724279134e-07,1.725735692216923798e-06,2.728973020358871349e-01
3.719999999999999973e-01,2.470388573408736077e-01,3.898104531925027680e-05,2.186867308570069303e-08,2.764759120818941020e-07,1.549145756925765171e-06,2.469980288052122663e-01
3.729999999999999982e-01,2.229770512728922460e-01,3.533622625736092542e-05,2.355664123470550929e-08,2.792981398869412671e-07,3.087992339434763556e-06,2.229383241995143150e-01
3.739999999999999991e-01,2.006813776680528572e-01,3.184370569476184965e-05,2.636719024356151303e-08,2.816599469233224105e-07,4.443563588935538314e-06,2.006447823716319967e-01
3.750000000000000000e-01,1.800757907744272857e-01,2.848335138852824464e-05,2.820530189950088788e-08,2.825355350767695509e-07,4.112582118985535491e-06,1.800428841000827895e-01
3.760000000000000009e-01,1.610835194312115470e-01,2.538275734371842057e-05,2.888175706378932874e-08,2.821872622223238429e-07,2.596068823585305376e-06,1.610552295360249686e-01
3.770000000000000018e-01,1.436268035149424749e-01,2.264911375074413435e-05,3.039798770400820259e-08,2.818993414529379461e-07,1.635028860227297788e-06,1.436022070750023472e-01
3.780000000000000027e-01,1.276272660087446609e-01,2.023977328583839843e-05,3.446450794522408651e-08,2.825562870472662794e-07,2.164985418268867595e-06,1.276045442292455534e-01
3.790000000000000036e-01,1.130068491750536724e-01,1.801118103637745890e-05,4.033444022578149958e-08,2.836636596868467601e-07,3.382752731305757069e-06,1.129851312431860710e-01
3.800000000000000044e-01,9.968858448523484905e-02,1.587414187209946754e-05,4.567178643947305057e-08,2.839089734466219304e-07,3.830028429773318493e-06,9.966855073417309197e-02
3.810000000000000053e-01,8.759670212938092115e-02,1.387259905841908706e-05,4.939469649683635589e-08,2.826160292264244736e-07,3.068991285699315705e-06,8.757942852831107627e-02
3.820000000000000062e-01,7.665636421210743345e-02,1.210701565713065295e-05,5.297820966876400769e-08,2.804593518739023540e-07,2.034463226941896796e-06,7.664188929566181918e-02
3.830000000000000071e-01,6.679368273150454449e-02,1.060439033775107306e-05,5.862484095057209659e-08,2.786786764429299058e-07,1.835063518973178625e-06,6.678090597413043061e-02
3.840000000000000080e-01,5.793626639055193123e-02,9.284872183284497433e-06,6.657748084495011509e-08,2.777234495846517787e-07,2.517063345773975004e-06,5.792412015409244275e-02
3.850000000000000089e-01,5.001388691094302980e-02,8.050581604357415105e-06,7.485056395492788764e-08,2.768350015697506312e-07,3.157789275855901196e-06,5.000232685449729209e-02
3.860000000000000098e-01,4.295873891221458490e-02,6.883500520968542805e-06,8.163187947616723147e-08,2.749529048641729861e-07,3.011112359372594020e-06,4.294848771454990582e-02
3.870000000000000107e-01,3.670526427706628791e-02,5.842880004901965880e-06,8.737958350977579601e-08,2.718633311031354333e-07,2.299784746322249372e-06,3.669676236940044856e-02
3.880000000000000115e-01,3.118998596540424953e-02,4.977984265748376919e-06,9.413921490468289853e-08,2.683397156660399045e-07,1.828570158707087976e-06,3.118281693204922461e-02
3.890000000000000124e-01,2.635170670820718986e-02,4.264253841814950451e-06,1.030516857795511533e-07,2.652338753739523683e-07,2.012550349672986524e-06,2.634506161845454747e-02
3.900000000000000133e-01,2.213194284295271624e-02,3.630720483129044729e-06,1.130986254904474442e-07,2.626027581468155669e-07,2.480921562814813837e-06,2.212545549952313340e-02
3.910000000000000142e-01,1.847518700848383919e-02,3.035468497871693421e-06,1.224375668800849553e-07,2.597805288863924743e-07,2.610548029852515669e-06,1.846915877386035021e-02
3.920000000000000151e-01,1.532881841378709413e-02,2.498047090492723285e-06,1.305280540118948571e-07,2.561767319901079908e-07,2.255761321325880519e-06,1.532367790058927412e-02
3.930000000000000160e-01,1.264288452904137501e-02,2.058792747072875049e-06,1.385218383347653367e-07,2.518525188539287456e-07,1.830783200620324950e-06,1.263860457873649396e-02
3.940000000000000169e-01,1.037007268528316456e-02,1.721612482523815894e-06,1.477094883027713838e-07,2.473275111470975441e-07,1.754013049051914719e-06,1.036620202275213842e-02
3.950000000000000178e-01,8.465904818141859606e-03,1.447303590614724628e-06,1.580858396854348123e-07,2.429796548360352682e-07,1.979362778564995463e-06,8.462077086278158369e-03
3.960000000000000187e-01,6.888904901359463144e-03,1.197290578021767981e-06,1.686265084540298103e-07,2.387419632775430567e-07,2.128995600269965063e-06,6.885171246709440029e-03
3.970000000000000195e-01,5.600537364728519138e-03,9.701399391381393947e-07,1.786025139585164938e-07,2.343168662062208748e-07,1.979477155561936577e-06,5.597174828253653929e-03
3.980000000000000204e-01,4.564994345705404577e-03,7.900309762728983267e-07,1.881980567520642420e-07,2.295306310217077907e-07,1.689672849244240865e-06,4.562096913192113801e-03
3.990000000000000213e-01,3.749059504827983568e-03,6.678843400897083490e-07,1.979268065673502720e-07,2.244258486103229249e-07,1.550993527382203900e-06,3.746418274305334147e-03
4.000000000000000222e-01,3.122136006081376470e-03,5.846246805681600941e-07,2.079279252361114929e-07,2.191164576423609665e-07,1.625802673382000022e-06,3.119498534344547838e-03
4.010000000000000231e-01,2.656301962611618689e-03,5.129776915048008986e-07,2.180708203169243684e-07,2.136835848038609180e-07,1.712918705336007729e-06,2.653644311809657229e-03
4.020000000000000240e-01,2.326229068166362282e-03,4.463518620832726043e-07,2.284161555732941649e-07,2.082084537741880967e-07,1.629735463358877100e-06,2.323716356231572862e-03
4.030000000000000249e-01,2.108977960548962579e-03,3.991641688853471201e-07,2.391041900074219368e-07,2.027806814738697521e-07,1.429001475497251487e-06,2.106707910033098555e-03
4.040000000000000258e-01,1.983824700939365495e-03,3.818896940615409559e-07,2.498094324174463071e-07,1.973853263427438965e-07,1.300765653332094435e-06,1.981694850833211601e-03
4.050000000000000266e-01,1.932206957767556785e-03,3.843433161740320485e-07,2.598018987312271187e-07,1.918339467188862443e-07,1.320836920796152748e-06,1.930050141685136491e-03
4.060000000000000275e-01,1.937709755874395543e-03,3.868690046930566076e-07,2.688752442011964396e-07,1.859266808498185724e-07,1.370726978902588451e-06,1.935497357965748838e-03
4.070000000000000284e-01,1.985960496696313575e-03,3.827954565396907422e-07,2.779378855772046893e-07,1.797210784026468690e-07,1.306218071855650551e-06,1.983813824203938241e-03
4.080000000000000293e-01,2.064424405916314483e-03,3.831853951028494965e-07,2.881513384481322362e-07,1.735597326605184704e-07,1.140254259897932111e-06,2.062439255190205017e-03
4.090000000000000302e-01,2.162217404727320800e-03,3.992942860779526080e-07,2.993811901714819263e-07,1.677397268927211671e-07,1.013736566933395587e-06,2.160337252957245449e-03
4.100000000000000311e-01,2.270023053608967011e-03,4.261324112228705439e-07,3.099740453651017708e-07,1.621633111618365079e-07,1.010136548904977931e-06,2.268114647292312092e-03
4.110000000000000320e-01,2.380061165514787795e-03,4.475227874312941665e-07,3.185180433230587541e-07,1.564050100515158687e-07,1.055681117961687661e-06,2.378083038556020375e-03
4.120000000000000329e-01,2.485990417222585895e-03,4.551661582238945827e-07,3.256716307354867159e-07,1.501777956959822308e-07,1.020643140277513214e-06,2.484038758497653186e-03
4.130000000000000338e-01,2.582715712881177017e-03,4.574134425752830822e-07,3.336787455758555157e-07,1.436876978349104188e-07,8.821262678785195802e-07,2.580898806727312429e-03
4.140000000000000346e-01,2.666195313662627665e-03,4.674559088033155759e-07,3.438071570559830709e-07,1.374477344176593357e-07,7.455066523961342160e-07,2.664501096209954609e-03
4.150000000000000355e-01,2.733344657318616169e-03,4.863299870007794229e-07,3.546480376614944455e-07,1.317294111973137673e-07,7.092222311070583872e-07,2.731662727651649591e-03
4.160000000000000364e-01,2.782014656736768454e-03,5.015665604812729232e-07,3.635036050528450557e-07,1.262646641550682256e-07,7.474991977562536622e-07,2.780275822709322997e-03
4.170000000000000373e-01,2.810934445892587352e-03,5.022707065261466685e-07,3.694837213196581066e-07,1.205459609134664164e-07,7.497934596549433383e-07,2.809192352044173179e-03
4.180000000000000382e-01,2.819559955847303345e-03,4.916914489656228432e-07,3.746925031556651765e-07,1.143955381355475913e-07,6.574022953672709556e-07,2.817921774061679045e-03
4.190000000000000391e-01,2.807892320171531415e-03,4.825068786793623533e-07,3.819247216473040548e-07,1.081666526815807178e-07,5.278407126735836108e-07,2.806391881205849703e-03
4.199999999999999845e-01,2.776371121168021497e-03,4.814665128543961344e-07,3.914081059407317223e-07,1.023574879310709251e-07,4.580288171051784395e-07,2.774937860244190008e-03
4.209999999999999853e-01,2.725860030091640206e-03,4.820753905018972951e-07,4.004145638695512177e-07,9.707858666156744593e-08,4.691689355090004810e-07,2.724411292615098318e-03
4.219999999999999862e-01,2.657637630016243622e-03,4.732068462350704172e-07,4.063150363711703079e-07,9.196352988948259986e-08,4.904173134736562851e-07,2.656175727290274215e-03
4.229999999999999871e-01,2.573310861966647458e-03,4.523971743199591985e-07,4.095971572788052079e-07,8.659877212640403717e-08,4.495127958014216332e-07,2.571912756067120786e-03
4.239999999999999880e-01,2.474671363270566308e-03,4.281357956403765625e-07,4.133272945667388795e-07,8.097557980939845757e-08,3.544374733090353464e-07,2.473394487127240741e-03
4.249999999999999889e-01,2.363588091699005394e-03,4.095492271754724171e-07,4.196470332142381503e-07,7.547519754944404709e-08,2.742647098584294093e-07,2.362409155531207915e-03
4.259999999999999898e-01,2.241988279608800403e-03,3.964435999163988054e-07,4.273435000829172772e-07,7.044105776644495902e-08,2.539218637046513360e-07,2.240840129587330035e-03
4.269999999999999907e-01,2.111879198040165963e-03,3.809088148531294404e-07,4.332698667090157096e-07,6.583224787577787006e-08,2.680232794810657154e-07,2.110731163831246985e-03
4.279999999999999916e-01,1.975326283933807360e-03,3.573545313194274324e-07,4.359230236421082109e-07,6.131757994681504477e-08,2.598881128700382167e-07,1.974211800686028785e-03
4.289999999999999925e-01,1.834367071764811917e-03,3.287168478307993942e-07,4.370552599983568440e-07,5.666119627861934157e-08,2.089461397196831831e-07,1.833335692320984351e-03
4.299999999999999933e-01,1.690922336902054082e-03,3.024101690962007582e-07,4.395704459711362286e-07,5.195884504979567977e-08,1.467910173553468810e-07,1.689981606424581680e-03
4.309999999999999942e-01,1.546769318922700887e-03,2.819140826441255152e-07,4.442426952680844405e-07,4.749822184613542372e-08,1.129799742200051430e-07,1.545882683948722469e-03
4.319999999999999951e-01,1.403570312186568515e-03,2.639161637875825647e-07,4.489983005929685228e-07,4.344318030596262577e-08,1.106305150383601443e-07,1.402703324026843704e-03
4.329999999999999960e-01,1.262893219308005091e-03,2.432929242357389265e-07,4.513966847777507018e-07,3.969553662334669112e-08,1.109421878959195118e-07,1.262047891974472230e-03
4.339999999999999969e-01,1.126182247739717290e-03,2.191888486871038585e-07,4.513188647945453356e-07,3.604623462856031248e-08,9.155356700746284141e-08,1.125384140224599617e-03
4.349999999999999978e-01,9.947031473144104467e-04,1.953650371075083379e-07,4.508738786233435619e-07,3.240908768556654441e-08,5.899207824340321715e-08,9.939655072327506762e-04
4.359999999999999987e-01,8.695172921549566836e-04,1.754842283670010770e-07,4.518880655236691998e-07,2.888415517737955727e-08,3.407222622661802851e-08,8.688269634796619983e-04
4.369999999999999996e-01,7.515030782997277493e-04,1.594247557114123823e-07,4.539819046974831039e-07,2.562258765909233848e-08,2.547961201020024133e-08,7.508385694396496049e-04
4.380000000000000004e-01,6.413910644465514472e-04,1.443998880868160728e-07,4.552636554194962290e-07,2.267236387824820185e-08,2.403208109928054885e-08,6.407446964580675985e-04
4.390000000000000013e-01,5.397723423414037009e-04,1.286352608305020176e-07,4.545498713761871966e-07,1.996227957595145760e-08,1.846283940358754490e-08,5.391507320902175085e-04
4.400000000000000022e-01,4.470789468469632522e-04,1.130583404966149354e-07,4.524965194051551096e-07,1.740425375542050350e-08,8.643026885643652151e-09,4.464873447064204403e-04
4.410000000000000031e-01,3.635689876508832095e-04,9.966458534283991015e-08,4.505950576334270545e-07,1.498175209354493741e-08,1.668302588707778940e-09,3.630020779532246774e-04
4.420000000000000040e-01,2.893401956936498339e-04,8.917009938354938171e-08,4.494768764322405645e-07,1.274353934358722876e-08,6.429285890829590322e-10,2.887881622499013944e-04
4.430000000000000049e-01,2.243612751359210606e-04,8.067092851169895461e-08,4.484636545836485821e-07,1.073928539889948854e-08,2.160760760400426105e-09,2.238192405066664144e-04
4.440000000000000058e-01,1.684942376844102835e-04,7.310039291230917605e-08,4.465754744959760254e-07,8.977598317027324698e-09,3.166636890216271063e-09,1.679624175817947607e-04
4.450000000000000067e-01,1.214977480089220608e-04,6.636314280045379386e-08,4.435877762655352430e-07,7.436441336457685663e-09,5.479859909988583200e-09,1.209748807886096202e-04
4.460000000000000075e-01,8.302575734088406896e-05,6.102227212309194899e-08,4.400127427407500336e-07,6.094543786402378575e-09,1.218084306796423915e-08,8.250644693916586530e-05
4.470000000000000084e-01,5.263818327041293104e-05,5.738317044767649991e-08,4.363495597347476671e-07,4.946471788495689434e-09,2.259241296521720814e-08,5.211691165547679093e-05
4.480000000000000093e-01,2.982298647309936386e-05,5.520903592196269556e-08,4.326491475031820158e-07,3.997022317957152896e-09,3.341802848587797489e-08,2.929771323887038378e-05
4.490000000000000102e-01,1.401630138234070385e-05,5.413867838885632468e-08,4.287360042732983797e-07,3.251708028834453554e-09,4.358473113941947225e-08,1.348659026051029542e-05
4.500000000000000111e-01,4.613026734373270816e-06,5.403434099385591300e-08,4.245256226338017245e-07,2.713460154261748152e-09,5.529697207512343790e-08,4.076456338516228114e-06
4.510000000000000120e-01,9.732566296106243265e-07,5.488783683668156495e-08,4.199681604056282664e-07,2.383147527892493461e-09,7.032273008545352810e-08,4.256947547549686009e-07
4.520000000000000129e-01,2.432765327275802327e-06,5.662864671113431618e-08,4.148837028949683968e-07,2.259928865068341953e-09,8.771805003575773519e-08,1.871274998768873748e-06
4.530000000000000138e-01,8.317499970055238496e-06,5.914999379675576945e-08,4.091384961669527547e-07,2.340909722402668438e-09,1.062433525713986988e-07,7.740627217797728006e-06
4.540000000000000147e-01,1.795588009369383179e-05,6.238434050772702066e-08,4.029866163269094450e-07,2.619923754905697340e-09,1.268808974488229130e-07,1.736100831565546806e-05
4.550000000000000155e-01,3.068627147746507127e-05,6.621115124070839516e-08,3.969710663682006059e-07,3.086253412170241367e-09,1.507278070094782849e-07,3.006927519943451241e-05
4.560000000000000164e-01,4.586344430339414966e-05,7.038071363353122998e-08,3.913039944050433725e-07,3.727969097228253862e-09,1.755390231055431095e-07,4.522249260315280286e-05
4.570000000000000173e-01,6.286753247062296579e-05,7.470501780929714146e-08,3.854733474441797248e-07,4.542122563790901183e-09,1.975898848378103075e-07,6.220522209796788371e-05
4.580000000000000182e-01,8.111326839455874199e-05,7.929242453031248773e-08,3.787240201676802471e-07,5.541710752402222368e-09,2.177808675152924442e-07,8.043192937159306002e-05
4.590000000000000191e-01,1.000551399781555349e-04,8.437324238797429775e-08,3.709818760336871684e-07,6.744276860968896785e-09,2.428221289518107540e-07,9.935021845392109279e-05
4.600000000000000200e-01,1.191887479238305596e-04,8.981018422475773147e-08,3.630860010964921966e-07,8.145905976037287804e-09,2.773109889868456054e-07,1.184503948435464279e-04
4.610000000000000209e-01,1.380530380915359352e-04,9.499621317544232538e-08,3.559072181367196760e-07,9.710246082907232097e-09,3.158440996599470804e-07,1.372765803144809088e-04
4.620000000000000218e-01,1.562356469438739713e-04,9.947925118474394494e-08,3.493103629986077317e-07,1.139589984929828145e-08,3.471916351696670280e-07,1.554282697946716464e-04
4.630000000000000226e-01,1.733777423289183908e-04,1.036052425155068438e-07,3.422354031995180546e-07,1.320090546405227066e-08,3.680577006138772781e-07,1.725506430771254248e-04
4.640000000000000235e-01,1.891739535545418588e-04,1.082037198708518913e-07,3.339047326150636624e-07,1.517076779401327974e-08,3.894935467979901906e-07,1.883271807874639528e-04
4.650000000000000244e-01,2.033686224663719530e-04,1.134823924320236383e-07,3.247760023761826082e-07,1.734789372130584829e-08,4.254204203341683102e-07,2.024875957575082686e-04
4.660000000000000253e-01,2.157538129275349183e-04,1.184984138044318712e-07,3.160783509608023418e-07,1.971169551557055533e-08,4.750296581137583408e-07,2.148244948091403454e-04
4.670000000000000262e-01,2.261712133895703639e-04,1.220944474398752621e-07,3.084203394491307670e-07,2.218352499946132289e-08,5.211882584954458275e-07,2.251973268191864383e-04
4.680000000000000271e-01,2.345136459813609549e-04,1.243496195141900464e-07,3.010879048673285168e-07,2.470406574367216857e-08,5.494918907363013948e-07,2.335140125004994563e-04
4.689999999999999725e-01,2.407213394994695812e-04,1.266992449340301662e-07,2.928726554226104633e-07,2.730043200599799086e-08,5.664879374478965897e-07,2.397079792296590570e-04
4.699999999999999734e-01,2.447745221183935619e-04,1.303200762288282033e-07,2.834766357647168203e-07,3.005855623249729137e-08,5.939142958714231733e-07,2.437367525542961000e-04
4.709999999999999742e-01,2.466886005698714561e-04,1.345948651967339454e-07,2.738592151677014093e-07,3.302081510684789144e-08,6.435478401861674278e-07,2.456035778342140164e-04
4.719999999999999751e-01,2.465144999113146876e-04,1.376324707305150243e-07,2.651355606843863603e-07,3.612340356505222946e-08,7.019877381916520056e-07,2.453736207381430803e-04
4.729999999999999760e-01,2.443392753251287367e-04,1.384457475705301091e-07,2.573239546551692649e-07,3.925321119935589960e-08,7.448729834007285280e-07,2.431593794283029662e-04
4.739999999999999769e-01,2.402809875595138169e-04,1.382505120470548391e-07,2.493829446975616612e-07,4.236784319241443176e-08,7.652511324165645337e-07,2.390857351271602276e-04
4.749999999999999778e-01,2.344790088137867527e-04,1.392004318666986212e-07,2.404480706868619279e-07,4.554169826969179784e-08,7.825978270030829737e-07,2.332712207859604064e-04
4.759999999999999787e-01,2.270871179043155183e-04,1.419049425734838427e-07,2.308066518972435926e-07,4.887872451688208496e-08,8.207374795833994908e-07,2.258447901057445036e-04
4.769999999999999796e-01,2.182734947310578536e-04,1.446606520837227042e-07,2.215198181296825070e-07,5.238643060038030952e-08,8.798989918245947040e-07,2.169750288384194746e-04
4.779999999999999805e-01,2.082228394387168201e-04,1.454029881193570053e-07,2.132020791559313021e-07,5.595598002673243442e-08,9.359467280261390157e-07,2.068723316633886550e-04
4.789999999999999813e-01,1.971328416359224497e-04,1.441408875540587369e-07,2.053905276192861901e-07,5.947486605048738409e-08,9.681710894751036915e-07,1.957556642652235137e-04
4.799999999999999822e-01,1.852043512565216556e-04,1.429897556155350542e-07,1.971650828267337616e-07,6.294556801110307454e-08,9.831865926510467058e-07,1.838180642574172388e-04
4.809999999999999831e-01,1.726329506426774619e-04,1.437349165378820641e-07,1.882189479005230969e-07,6.647484495667792906e-08,1.006949861046578314e-06,1.712275720722358069e-04
4.819999999999999840e-01,1.596083912569163992e-04,1.457990838595083173e-07,1.791446069457108899e-07,7.014609334677047586e-08,1.054498895013976614e-06,1.581588025777504463e-04
4.829999999999999849e-01,1.463188457530457400e-04,1.470053090156581131e-07,1.706986861786414832e-07,7.392014924160190815e-08,1.112971764548928211e-06,1.448142498440609127e-04
4.839999999999999858e-01,1.329511244400028932e-04,1.461905898974077237e-07,1.629728663770530139e-07,7.767467737213936462e-08,1.157226318504479778e-06,1.314070599878518143e-04
4.849999999999999867e-01,1.196833324042739999e-04,1.445507597166768343e-07,1.553958697390956168e-07,8.133296167139756397e-08,1.178912032633937112e-06,1.181231407805128920e-04
4.859999999999999876e-01,1.066762264743422025e-04,1.441730998042952300e-07,1.474555961885801701e-07,8.493558218632705802e-08,1.194954726659425189e-06,1.051047074695035687e-04
4.869999999999999885e-01,9.407146619728718286e-05,1.455840813248313297e-07,1.392498223758102238e-07,8.858070374147914130e-08,1.226755418705955067e-06,9.247129617113910302e-05
4.879999999999999893e-01,8.199670907422924285e-05,1.472365706347209217e-07,1.312916264575723086e-07,9.230872929913813504e-08,1.275665783597984922e-06,8.035020636423982556e-05
4.889999999999999902e-01,7.056953371811930940e-05,1.474486210520897079e-07,1.239033771444101299e-07,9.606060921519940095e-08,1.323041911107819847e-06,6.887907919959978880e-05
4.899999999999999911e-01,5.989433833979473161e-05,1.463905436617898463e-07,1.169273426166410132e-07,9.974500599700416960e-08,1.352954118087943630e-06,5.817832132943135634e-05
4.909999999999999920e-01,5.005557409750539593e-05,1.457894534639101099e-07,1.100031910360908699e-07,1.033281570171712216e-07,1.369726879411082220e-06,4.832672641657714309e-05
4.919999999999999929e-01,4.111522032802882693e-05,1.468448886537348470e-07,1.029962231140405782e-07,1.068494855790295441e-07,1.390776379469558072e-06,3.936775335121246478e-05
4.929999999999999938e-01,3.311695858627613804e-05,1.489138683765642497e-07,9.608486066690391149e-08,1.103617546062365683e-07,1.425430696566595701e-06,3.133616740605983913e-05
4.939999999999999947e-01,2.609146993974714181e-05,1.504250968409544828e-07,8.949953164197581980e-08,1.138735422888769709e-07,1.465489480575350036e-06,2.427218228839998548e-05
4.949999999999999956e-01,2.005682474776956253e-05,1.507493700594405512e-07,8.328587748669124739e-08,1.173500640052031075e-07,1.496940473106732270e-06,1.820849896311149576e-05
4.959999999999999964e-01,1.501498424655652611e-05,1.507641113953055300e-07,7.733582790632160692e-08,1.207520494346245835e-07,1.516646166432714809e-06,1.314948609138756045e-05
4.969999999999999973e-01,1.095041627499518215e-05,1.516316645489147148e-07,7.156195228530764329e-08,1.240608752618895756e-07,1.534016781941608031e-06,9.069145000957461365e-06
4.979999999999999982e-01,7.833538698091222088e-06,1.534686414425317850e-07,6.597219792529563175e-08,1.272751003206191745e-07,1.557885895551729860e-06,5.928936862851045544e-06
4.989999999999999991e-01,5.625142021064427453e-06,1.554779853244497859e-07,6.060617814255478875e-08,1.304027498116602384e-07,1.586300464341147971e-06,3.692354643444614695e-06
5.000000000000000000e-01,4.277119963937858369e-06,1.571166744912631997e-07,5.547890572118438142e-08,1.334622420699413752e-07,1.610993475675995033e-06,2.320068665979474777e-06
5.010000000000000009e-01,3.730574999360172764e-06,1.586580165902802364e-07,5.060913283114726368e-08,1.364736804239848950e-07,1.628785013657778818e-06,1.756049155856981677e-06
5.020000000000000018e-01,3.916434007637238670e-06,1.605285975114066388e-07,4.604629078749979307e-08,1.394308851960503079e-07,1.644596919585425382e-06,1.925831314556856542e-06
5.030000000000000027e-01,4.760256449578071049e-06,1.625271760265575401e-07,4.181678126556900531e-08,1.422858220434521786e-07,1.663360210334605021e-06,2.750266459907887330e-06
5.040000000000000036e-01,6.186643778695545732e-06,1.641187662435275974e-07,3.786298663921743222e-08,1.449822074670596621e-07,1.682894286334010330e-06,4.156785532011730757e-06
5.050000000000000044e-01,8.118535580975030813e-06,1.653937019411160260e-07,3.409289433355569726e-08,1.475169471470538165e-07,1.697509140372492230e-06,6.074022897180812885e-06
5.060000000000000053e-01,1.047350624268601554e-05,1.672357370604841892e-07,3.050437803075027493e-08,1.499560304079225433e-07,1.706808591921834896e-06,8.419001505265023952e-06
5.070000000000000062e-01,1.316389559596153537e-05,1.702513495855718518e-07,2.721501068028738366e-08,1.523679262533648934e-07,1.716959461173561333e-06,1.109710184826874995e-05
5.080000000000000071e-01,1.610321873702841704e-05,1.737796827891213274e-07,2.433025573586850079e-08,1.547373113608357255e-07,1.732145411492349109e-06,1.401822607565024234e-05
5.090000000000000080e-01,1.921281479906746881e-05,1.764147675016697787e-07,2.180497066433365410e-08,1.569634845115050745e-07,1.747803486546946287e-06,1.710982808984301272e-05
5.100000000000000089e-01,2.242135178816980320e-05,1.776143581377285033e-07,1.948752794508416466e-08,1.589621070218396414e-07,1.755597138956128850e-06,2.030969065610902299e-05
5.110000000000000098e-01,2.565829970980304753e-05,1.784665525930040825e-07,1.730890503970127383e-08,1.607631148419917098e-07,1.754523041000271193e-06,2.354723809632807763e-05
5.120000000000000107e-01,2.885050025114135997e-05,1.805604218481593046e-07,1.537850238626326813e-08,1.624859631213139262e-07,1.753509330565213215e-06,2.673856603322041070e-05
5.130000000000000115e-01,3.192778113131376701e-05,1.842049290325084971e-07,1.385234822516312446e-08,1.642069870251319854e-07,1.760954403499752231e-06,2.980456246353121327e-05
5.140000000000000124e-01,3.483225249671373776e-05,1.881105383253718788e-07,1.273202639275473289e-08,1.658650818627526472e-07,1.773673355700042735e-06,3.269187149443281485e-05
5.150000000000000133e-01,3.752047148789622414e-05,1.909233687177526444e-07,1.185449412740937586e-08,1.673199940440179698e-07,1.779650903942972105e-06,3.537072272706406954e-05
5.160000000000000142e-01,3.995563320001826297e-05,1.927552158105525553e-07,1.109616238041826855e-08,1.685060905681230724e-07,1.772328064201035336e-06,3.781094766705813374e-05
5.170000000000000151e-01,4.209922494415993581e-05,1.948747772986147568e-07,1.053420364649521734e-08,1.695086435289215064e-07,1.759234431468687990e-06,3.996507288821721856e-05
5.180000000000000160e-01,4.391288623360221297e-05,1.980208856131217581e-07,1.035186064694164368e-08,1.704709047096394792e-07,1.753756525843524745e-06,4.178028605678898392e-05
5.190000000000000169e-01,4.536913642086558323e-05,2.015172089768083513e-07,1.059993944577236626e-08,1.714326862186579783e-07,1.759223044383821734e-06,4.322636354184052076e-05
5.200000000000000178e-01,4.645841713418691419e-05,2.043349338827175766e-07,1.111949571703712577e-08,1.722832566119713357e-07,1.764428891314670495e-06,4.430625055666051487e-05
5.210000000000000187e-01,4.718349661678920116e-05,2.067231141746852269e-07,1.173384066989012433e-08,1.728839084792961726e-07,1.756493907374439238e-06,4.503566184609089054e-05
5.220000000000000195e-01,4.754700203304376775e-05,2.101931099172613554e-07,1.247268766381303688e-08,1.732223246988358229e-07,1.736104211538791640e-06,4.541500969922506370e-05
5.230000000000000204e-01,4.754621733178778133e-05,2.156526175621141115e-07,1.353987017535638452e-08,1.734244571471445470e-07,1.716965775030948547e-06,4.542663461187221611e-05
5.240000000000000213e-01,4.718101664281391168e-05,2.219275993963328057e-07,1.505502304344305812e-08,1.736122416712890232e-07,1.709904740359492397e-06,4.506051703834335173e-05
5.250000000000000222e-01,4.646544426032970577e-05,2.267059099083444008e-07,1.689057567631306203e-08,1.737695582910745459e-07,1.710298495060287466e-06,4.433777972139368536e-05
5.260000000000000231e-01,4.542914837449104666e-05,2.291422126774058673e-07,1.881509671617363036e-08,1.737656851547851244e-07,1.703580902392401197e-06,4.330384447755028152e-05
5.270000000000000240e-01,4.410665941262706911e-05,2.312331697278150395e-07,2.077244585443642076e-08,1.735043958274697352e-07,1.682208914009967994e-06,4.199894048720737943e-05
5.280000000000000249e-01,4.252635362903721883e-05,2.362133430084412383e-07,2.295064438378527871e-08,1.730280326159531374e-07,1.654172054689094583e-06,4.043998955433994219e-05
5.290000000000000258e-01,4.071068862598129217e-05,2.454583377264322158e-07,2.554977809787899730e-08,1.724642032738793918e-07,1.633412054640330438e-06,3.863380425224277311e-05
5.300000000000000266e-01,3.868579618846469242e-05,2.570762913944600295e-07,2.853046094120459043e-08,1.718833018527427282e-07,1.623772744799974380e-06,3.660453338947630849e-05
5.310000000000000275e-01,3.648809796090396956e-05,2.676333161240567961e-07,3.165089811064960522e-08,1.712289011922314431e-07,1.615154522587094840e-06,3.440243032288993854e-05
5.320000000000000284e-01,3.416018996950361344e-05,2.752621359246159839e-07,3.474795920297035406e-08,1.703910594461399387e-07,1.595705261977559190e-06,3.208408355295233063e-05
5.329999999999999183e-01,3.174145110151895216e-05,2.812043724439237546e-07,3.792153968451581508e-08,1.693305004524944853e-07,1.565297756652513505e-06,2.968769693228550161e-05
5.340000000000000302e-01,2.926448521162902335e-05,2.886680288887072298e-07,4.140327754749230787e-08,1.681147527197631969e-07,1.534902905940182818e-06,2.723139624653287690e-05
5.349999999999999201e-01,2.676039853421995627e-05,3.004574532665098680e-07,4.527400927174948279e-08,1.668369933430364072e-07,1.513518810131251819e-06,2.473431126820740733e-05
5.360000000000000320e-01,2.426471136504517438e-05,3.174532274059613784e-07,4.936849023503138003e-08,1.655181820879385754e-07,1.498351582357744195e-06,2.223401988295849738e-05
5.369999999999999218e-01,2.181525947220721952e-05,3.385809682061295135e-07,5.346940810796712567e-08,1.640984579863356762e-07,1.479051117493276388e-06,1.978005952041351074e-05
5.380000000000000338e-01,1.944390924423363239e-05,3.615426475034810030e-07,5.754766216428121790e-08,1.625139163566510128e-07,1.449987945545384913e-06,1.741231707266383520e-05
5.389999999999999236e-01,1.717212413396497600e-05,3.837439909676328515e-07,6.176895166454853606e-08,1.607648292021211847e-07,1.416012766782376183e-06,1.514983359534829845e-05
5.400000000000000355e-01,1.501629739129276093e-05,4.036458189705461418e-07,6.628051204062119843e-08,1.589060594392154179e-07,1.385918962222337578e-06,1.300154603862004027e-05
5.409999999999999254e-01,1.299731053584809327e-05,4.224966862130589887e-07,7.104330042270704030e-08,1.569847453851594872e-07,1.362301670657351975e-06,1.098448413316981610e-05
5.420000000000000373e-01,1.114355177359317695e-05,4.451110552989593346e-07,7.589248421886350420e-08,1.550000983219470950e-07,1.339592086629371463e-06,9.127956049124035925e-06
5.429999999999999272e-01,9.483480339324985221e-06,4.779916168357264268e-07,8.072512582438605899e-08,1.529202375773188980e-07,1.311420418737912876e-06,7.460422940349641186e-06
5.440000000000000391e-01,8.034651950175358582e-06,5.249913182108796597e-07,8.558557471372342065e-08,1.507235670955615006e-07,1.277792666905143370e-06,5.995558823250050115e-06
5.449999999999999289e-01,6.799195882970417848e-06,5.835174698001047317e-07,9.057527822299376294e-08,1.484167185092541090e-07,1.244062606839530314e-06,4.732623809598535168e-06
5.460000000000000409e-01,5.769038171358431128e-06,6.450247437814868259e-07,9.572670814417823628e-08,1.460208654294532690e-07,1.214117268907210732e-06,3.668148585096101853e-06
5.469999999999999307e-01,4.936031163054669530e-06,7.008038430530107028e-07,1.009886398769300795e-07,1.435532864763231217e-07,1.186408019978693374e-06,2.804277373669712067e-06
5.480000000000000426e-01,4.300195750341719317e-06,7.497247361020150006e-07,1.063021583218460091e-07,1.410230910516524041e-07,1.156844643465626858e-06,2.146301121400579071e-06
5.489999999999999325e-01,3.872430031504976229e-06,8.022341252544876996e-07,1.116461240148604577e-07,1.384335347953158264e-07,1.124005912860249426e-06,1.696110334580062727e-06
5.500000000000000444e-01,3.670649485594963454e-06,8.766656444091730317e-07,1.170116177578206740e-07,1.357797650183382998e-07,1.090198993714393525e-06,1.450993464695238043e-06
5.509999999999999343e-01,3.709124814790187933e-06,9.888136100015818249e-07,1.223804621292617505e-07,1.330489468192443424e-07,1.057916149327418143e-06,1.406965646512681872e-06
5.520000000000000462e-01,3.983775200759403697e-06,1.140668469740997777e-06,1.277585169092447021e-07,1.302340653088601063e-07,1.026831908611299631e-06,1.558282240189001771e-06
5.529999999999999361e-01,4.462558206897547096e-06,1.316181444568525359e-06,1.332000177307362868e-07,1.273511537064155642e-07,9.949421628955014911e-07,1.890883427996368766e-06
5.540000000000000480e-01,5.093139872133279148e-06,1.489337165682697445e-06,1.387471813274364276e-07,1.244345700262824173e-07,9.616695749267084640e-07,2.378951380170154341e-06
5.549999999999999378e-01,5.831591606019709224e-06,1.643050484435777217e-06,1.443404462584900610e-07,1.215061765171191790e-07,9.285398581170392435e-07,2.994154640691282915e-06
5.560000000000000497e-01,6.677944281898700322e-06,1.789175996921554818e-06,1.498386495963227554e-07,1.185508346666381242e-07,8.967819938856672224e-07,3.723596806828517097e-06
5.569999999999999396e-01,7.691253742222513512e-06,1.975143878799483987e-06,1.551697122114244992e-07,1.155321340991922051e-07,8.654511688563271344e-07,4.579956848256085528e-06
5.580000000000000515e-01,8.963005335599231731e-06,2.266539062279001910e-06,1.604393168074001496e-07,1.124374642920857116e-07,8.327683743199090344e-07,5.590821117900834951e-06
5.589999999999999414e-01,1.055392613113010924e-05,2.708623163278268590e-06,1.658308635679369184e-07,1.093016165082382360e-07,7.988138002190775125e-07,6.771356687556588088e-06
5.600000000000000533e-01,1.242996243644601886e-05,3.287494170961069944e-06,1.713769518339620585e-07,1.061767357776587420e-07,7.657698426998678714e-07,8.099144735173459912e-06
5.609999999999999432e-01,1.444726301868380720e-05,3.921432384524866509e-06,1.768764756432254953e-07,1.030783808846518711e-07,7.351800667062051144e-07,9.510695710924859346e-06
5.620000000000000551e-01,1.642035404475661821e-05,4.503928912992707409e-06,1.820944906320534904e-07,9.996983637823520582e-08,7.057831305277812360e-07,1.092857767422584183e-05
5.629999999999999449e-01,1.826357231226137856e-05,4.990479268321760376e-06,1.870383485473761978e-07,9.680635898316406085e-08,6.749169157577861054e-07,1.231433142065129299e-05
5.640000000000000568e-01,2.013943122940806271e-05,5.484379672672096411e-06,1.919731529586740238e-07,9.359118215442345595e-08,6.419024085203530891e-07,1.372758481310251676e-05
5.649999999999999467e-01,2.250885625306593325e-05,6.256242369608154602e-06,1.971222217853667426e-07,9.037849862324586020e-08,6.091283980678545533e-07,1.535598476498131247e-05
5.660000000000000586e-01,2.599450061026592026e-05,7.650618472226821185e-06,2.023848133082284391e-07,8.721805326564767817e-08,5.793137223955101954e-07,1.747496554906971319e-05
5.669999999999999485e-01,3.106445421895361362e-05,9.897576863721072729e-06,2.074171366678866178e-07,8.410379828778430604e-08,5.522205082432814621e-07,2.032313591203358921e-05
5.680000000000000604e-01,3.770036899992814885e-05,1.293556996969982379e-05,2.120102350359767808e-07,8.098548646931191507e-08,5.248832167424925033e-07,2.394692009198054179e-05
5.689999999999999503e-01,4.534723980643897302e-05,1.641328108476646533e-05,2.163344722832928708e-07,7.783009543918352915e-08,4.951539948774305438e-07,2.814464015907260211e-05
5.700000000000000622e-01,5.342208014938305241e-05,2.000813826916990944e-05,2.207550493572472226e-07,7.466299333730099946e-08,4.643033054194560292e-07,3.265422053209913610e-05
5.709999999999999520e-01,6.238006113544811290e-05,2.403461235843776819e-05,2.254210679620468880e-07,7.154271866117872851e-08,4.355517302160453697e-07,3.761293326017107975e-05
5.720000000000000639e-01,7.481483509517414298e-05,3.003704994455585315e-05,2.301045159067982113e-07,6.849951012803160474e-08,4.103187458748634170e-07,4.406886237870859697e-05
5.729999999999999538e-01,9.551575871873677287e-05,4.078618579490318361e-05,2.344738707417372400e-07,6.550770149459175666e-08,3.866618748616003435e-07,5.404292947673565862e-05
5.740000000000000657e-01,1.292278717585626502e-04,5.903492236283606977e-05,2.384640620267833376e-07,6.252125398089165408e-08,3.616710810479629619e-07,6.953029299867094590e-05
5.749999999999999556e-01,1.755692909464998694e-04,8.478488250651062467e-05,2.422822729062417208e-07,5.952959548840108100e-08,3.348762707903868385e-07,9.014772030080422092e-05
5.760000000000000675e-01,2.225615385390580466e-04,1.118519294877774192e-04,2.460460495127647064e-07,5.657069185054239160e-08,3.086751796012358084e-07,1.100983171303160824e-04
5.769999999999999574e-01,2.435583516411306574e-04,1.261827556057903315e-04,2.495871241485870986e-07,5.368989240230608537e-08,2.854603046773193687e-07,1.167868587141121224e-04
5.780000000000000693e-01,2.064333947722803565e-04,1.103492262072977765e-04,2.529743964517431913e-07,5.089401844628354607e-08,2.649546454322828032e-07,9.551534550465225518e-05
5.789999999999999591e-01,1.073844744813709962e-04,6.027889722589870134e-05,2.578131441601667571e-07,4.815143914037376407e-08,2.447776102905549703e-07,4.655483506188120419e-05
5.800000000000000711e-01,4.271388485698971859e-05,2.066408976802666482e-05,2.689420371231686513e-07,4.543373591726741704e-08,2.233264221756782791e-07,2.151209289374693800e-05
5.809999999999999609e-01,3.284093665618743798e-04,1.436949826915375557e-04,2.962244659686644818e-07,4.274930109670608362e-08,2.014993472930459354e-07,1.841739107559783786e-04
5.820000000000000728e-01,1.667857522922312893e-03,7.711570288694593028e-04,3.565009584110910069e-07,4.013324286196441476e-08,1.814376895404860558e-07,8.961224221620400906e-04
5.829999999999999627e-01,5.352606432115332435e-03,2.532564229303304378e-03,4.758274884417322743e-07,3.760972136981452292e-08,1.640306704510149637e-07,2.819364734931765169e-03
5.840000000000000746e-01,1.346187947968060204e-02,6.442862343710832954e-03,6.916170434268577693e-07,3.517092818901635637e-08,1.481255409621567004e-07,7.018142222457191340e-03
5.849999999999999645e-01,2.900786626256834227e-02,1.397433480130152658e-02,1.053656988998635757e-06,3.279308488293451304e-08,1.321035808131941280e-07,1.503231290761211821e-02
5.860000000000000764e-01,5.596163973009825321e-02,2.707143683574204235e-02,1.622832399977152296e-06,3.046685208802608247e-08,1.157364984095629341e-07,2.888843385860573321e-02
5.869999999999999662e-01,9.909511325667369475e-02,4.807728860619477074e-02,2.466902497172580527e-06,2.820729072470823636e-08,1.002172742598419196e-07,5.101522932341676086e-02
5.880000000000000782e-01,1.635924060242330835e-01,7.954871403871235924e-02,3.653416541370993873e-06,2.603612030849547177e-08,8.662232494086875641e-08,8.403992591053408012e-02
5.889999999999999680e-01,2.544204443156127815e-01,1.239536841876268253e-01,5.240340565213286407e-06,2.396014362419244245e-08,7.477733567316332077e-08,1.304614210499414340e-01
5.900000000000000799e-01,3.754997783240463516e-01,1.832692280532252915e-01,7.265200205260781244e-06,2.196958663504518890e-08,6.371104543773496554e-08,1.922231993899837788e-01
5.909999999999999698e-01,5.287734568395630053e-01,2.585252881442277051e-01,9.733884450401021201e-06,2.005412297052460168e-08,5.288811984554985714e-08,2.702383618686420852e-01
5.920000000000000817e-01,7.133214872281755659e-01,3.493646486139109220e-01,1.261084322667268172e-05,1.821569655007749443e-08,4.269314984181626495e-08,3.639441668621915538e-01
5.929999999999999716e-01,9.246968383300997463e-01,4.537042013304914967e-01,1.581289039840458099e-05,1.646514072124707277e-08,3.378978769400533638e-08,4.709767738542814941e-01
5.940000000000000835e-01,1.154654492858675718e+00,5.675825863540935323e-01,1.920867578474149670e-05,1.481010064089563304e-08,2.632937645603395048e-08,5.870526566893203846e-01
5.949999999999999734e-01,1.391402188247362171e+00,6.852604602641434450e-01,2.262498827631738202e-05,1.324950802005379440e-08,1.993403399828468808e-08,7.061190698114003794e-01
5.960000000000000853e-01,1.620423319602955603e+00,7.996031506588632265e-01,2.585977741354152199e-05,1.177888524048944271e-08,1.427361109920189420e-08,8.207942831141825657e-01
5.969999999999999751e-01,1.825821353347410358e+00,9.027266044705470893e-01,2.870061695768052036e-05,1.039758446015036365e-08,9.415347436227877251e-09,9.230660284469736077e-01
5.979999999999999760e-01,1.992030683456930795e+00,9.868355216214841352e-01,3.094646450758068617e-05,9.109230882723738850e-09,5.605942471171846323e-09,1.005164200655765727e+00
5.989999999999999769e-01,2.105654027455199362e+00,1.045138581694705415e+00,3.242992478814825180e-05,7.916867601756380554e-09,2.914528963917014306e-09,1.060483005004309032e+00
5.999999999999999778e-01,2.157141832174485963e+00,1.072700320208248348e+00,3.303682115123544844e-05,6.820217272632045992e-09,1.214183173273966695e-09,1.084408467110685947e+00
6.009999999999999787e-01,2.142037733840218117e+00,1.067089756323383209e+00,3.271997321280327686e-05,5.817970814319077257e-09,4.171835027623830764e-10,1.074915251308467656e+00
6.019999999999999796e-01,2.061577447767939830e+00,1.028714123502622479e+00,3.150489220885066609e-05,4.910914481223062277e-09,5.709418978124479551e-10,1.032831813891252004e+00
6.029999999999999805e-01,1.922535596938173885e+00,9.607775113156478142e-01,2.948650864205265272e-05,4.101431862532771599e-09,1.719734483960669934e-09,9.617285932927176484e-01
6.039999999999999813e-01,1.736344586070380558e+00,8.688688358441176707e-01,2.681758431165870708e-05,3.390494929506321016e-09,3.803977607611620033e-09,8.674489254474787581e-01
6.049999999999999822e-01,1.517634831225647574e+00,7.602479421666392678e-01,2.369070773711236955e-05,2.776474260007652229e-09,6.761851259229513520e-09,7.573631888129455092e-01
6.059999999999999831e-01,1.282440474884323001e+00,6.429492835507538695e-01,2.031658757460344706e-05,2.257190952871845801e-09,1.064213025363093868e-08,6.394708618466732331e-01
6.069999999999999840e-01,1.046360243773156506e+00,5.248491273569193538e-01,1.690178130437241545e-05,1.832319202750932943e-09,1.551331122805076787e-08,5.214941972893023525e-01
6.079999999999999849e-01,8.229518940372517743e-01,4.128398360364152753e-01,1.362899039212398631e-05,1.503247908475042238e-09,2.129931408733303938e-08,4.100984062078824044e-01
6.089999999999999858e-01,6.225761543424455091e-01,3.122253375996622005e-01,1.064248481579960317e-05,1.271045323442151343e-09,2.783163185429906604e-08,3.103401451552904033e-01
6.099999999999999867e-01,4.518086345362223311e-01,2.264032593115150871e-01,8.040103342702746765e-06,1.135140869283467429e-09,3.509204706160755764e-08,2.253972988941765898e-01
6.109999999999999876e-01,3.134286912861742325e-01,1.568429456892961871e-01,5.871939781791454718e-06,1.093719848480049604e-09,4.328114017306970308e-08,1.565798292822362381e-01
6.119999999999999885e-01,2.068962137582053273e-01,1.033170576341203573e-01,4.144732691736566720e-06,1.144665916731708856e-09,5.253952252476062688e-08,1.035749577072048039e-01
6.129999999999999893e-01,1.291592391068687729e-01,6.430773396060771030e-02,2.830370314512907387e-06,1.286102337366919932e-09,6.266842872799888425e-08,6.484861082141549216e-02
6.139999999999999902e-01,7.560697799746089742e-02,3.749202486813012214e-02,1.876706286207987989e-06,1.516912444349212262e-09,7.329079162262122986e-08,3.811300161534050129e-02
6.149999999999999911e-01,4.099395060142047714e-02,2.021582343992527411e-02,1.218853765238651306e-06,1.837346701621516624e-09,8.432862058927172729e-08,2.077682214176267139e-02
6.159999999999999920e-01,2.020260310507124291e-02,9.886471348889456362e-03,7.892651637076736367e-07,2.248491416190066974e-09,9.616807006354326730e-08,1.031524407445659833e-02
6.169999999999999929e-01,8.769830315204833748e-03,4.244257427686519424e-03,5.253457720305830690e-07,2.749964719563196751e-09,1.091989844429994809e-07,4.524935592797121181e-03
6.179999999999999938e-01,3.162036857082883845e-03,1.504070458047952578e-03,3.740966090725584064e-07,3.337944134789255131e-09,1.232457842759030373e-07,1.657465718697447802e-03
6.189999999999999947e-01,8.312186128575939879e-04,3.837514859656568139e-04,2.940544151960548718e-07,4.006603163803710444e-09,1.376584644634450409e-07,4.470314074091138470e-04
6.199999999999999956e-01,1.137111631553740676e-04,5.118210864230726009e-05,2.552355252081342270e-07,4.752591038132428945e-09,1.520582692024237423e-07,6.211700812761811424e-05
6.209999999999999964e-01,4.227995259752424475e-05,2.696842056342457035e-05,2.377990080332329141e-07,5.577777898578046643e-09,1.668440365568236900e-07,1.490131121161103863e-05
6.219999999999999973e-01,1.345967167023461085e-04,7.554690272522879507e-05,2.299601961135394979e-07,6.486216457933292871e-09,1.827547237840191739e-07,5.863061284076182043e-05
6.229999999999999982e-01,2.032659657371191798e-04,1.080694302720736246e-04,2.255928568649554573e-07,7.477639339257730506e-09,1.999357984227717526e-07,9.476352917041858473e-05
6.239999999999999991e-01,2.114647045413381324e-04,1.092910336534279661e-04,2.219844956946728760e-07,8.544688438829293625e-09,2.176565445582584928e-07,1.017254851592184020e-04
6.250000000000000000e-01,1.796786222640611979e-04,9.095674842253846301e-05,2.181549487305175901e-07,9.677857962837819206e-09,2.351059535029331472e-07,8.825893508132643729e-05
6.260000000000000009e-01,1.363235545021929574e-04,6.763813448897063811e-05,2.138879191079706147e-07,1.087351375182923049e-08,2.523565135542865235e-07,6.820830206680822036e-05
6.270000000000000018e-01,9.906266795547488831e-05,4.800494926263030969e-05,2.092983470421028717e-07,1.213614360746350151e-08,2.702995940460403581e-07,5.056598460814898133e-05
6.280000000000000027e-01,7.323715732318688448e-05,3.447981013434715932e-05,2.046219503053432227e-07,1.347170917666176547e-08,2.895666077549442054e-07,3.824968692160276917e-05
6.290000000000000036e-01,5.687185074041883122e-05,2.593199872913528134e-05,2.000425461793617222e-07,1.487875957563288032e-08,3.097170329420703386e-07,3.041521367258647992e-05
6.300000000000000044e-01,4.596069315611319621e-05,2.032257097950484001e-05,1.955801450019430985e-07,1.634687457185137840e-08,3.297031326244386445e-07,2.509649202441011816e-05
6.310000000000000053e-01,3.750917684912919554e-05,1.614961785403390684e-05,1.911194979414605593e-07,1.786449013476348227e-08,3.490819673088510177e-07,2.080149303971021391e-05
6.320000000000000062e-01,3.026980637706332928e-05,1.275266115033520291e-05,1.865456567774470775e-07,1.942822448273343926e-08,3.685129823278648281e-07,1.694265836314008173e-05
6.330000000000000071e-01,2.416439395585926879e-05,1.001195900756169982e-05,1.818486858128119144e-07,2.104408770199012661e-08,3.889300304168079517e-07,1.356061214436595744e-05
6.340000000000000080e-01,1.942888634082367731e-05,7.951500408791392004e-06,1.771052151455684708e-07,2.271914443269724146e-08,4.103908885867933000e-07,1.086717068386722999e-05
6.350000000000000089e-01,1.607807898093418993e-05,6.512194044875899070e-06,1.723829366864155375e-07,2.445176007261743401e-08,4.319983786419783372e-07,8.937051860657281284e-06
6.360000000000000098e-01,1.380894754466276911e-05,5.525815720129647661e-06,1.676820910412128296e-07,2.623002008605032895e-08,4.529675858826821156e-07,7.636252127523177242e-06
6.370000000000000107e-01,1.217452804330212336e-05,4.795498014895394157e-06,1.629620813733345655e-07,2.804015666589097941e-08,4.735166877156901858e-07,6.714511102651814383e-06
6.380000000000000115e-01,1.079991446219930927e-05,4.177540817554804427e-06,1.581995254110935687e-07,2.987732436925476300e-08,4.945092627967959744e-07,5.939787532067360672e-06
6.390000000000000124e-01,9.495721932146743301e-06,3.610457859677431660e-06,1.534072322880454780e-07,3.174846069371904597e-08,5.163385322499458158e-07,5.183769847237600176e-06
6.400000000000000133e-01,8.243692407398231308e-06,3.093586581441304842e-06,1.486100526229476368e-07,3.366370737457510726e-08,5.384554506155979011e-07,4.429376615343806310e-06
6.410000000000000142e-01,7.109114173390163598e-06,2.646581267843683054e-06,1.438236350631484014e-07,3.562351409275761107e-08,5.600850667474956473e-07,3.723000689643078885e-06
6.420000000000000151e-01,6.152506301109854088e-06,2.279299494848812139e-06,1.390588770000031550e-07,3.761380386893010081e-08,5.811698112429886705e-07,3.115364314149119936e-06
6.430000000000000160e-01,5.385417432260617486e-06,1.983571062379941083e-06,1.343282871776265602e-07,3.961551602589368478e-08,6.023385797969689717e-07,2.625563986880187001e-06
6.440000000000000169e-01,4.774502064918626350e-06,1.741192557598684952e-06,1.296330497425678702e-07,4.162107641588360531e-08,6.239962333896830886e-07,2.238059147771807469e-06
6.450000000000000178e-01,4.270721293051005453e-06,1.535615426847166792e-06,1.249518002325776534e-07,4.364138645474992429e-08,6.457616555346464038e-07,1.920751023981864706e-06
6.460000000000000187e-01,3.836317462569685603e-06,1.358006959206413990e-06,1.202622014995896505e-07,4.569377951007915566e-08,6.669889911741872549e-07,1.645365531179415935e-06
6.470000000000000195e-01,3.454876206259700757e-06,1.205853596613645072e-06,1.155799341069329916e-07,4.778058145601138216e-08,6.876490217514079458e-07,1.398013072331703167e-06
6.480000000000000204e-01,3.125754731363784137e-06,1.077983779259669192e-06,1.109613280969532263e-07,4.988065309954890404e-08,7.083552647754656485e-07,1.178573706132147034e-06
6.490000000000000213e-01,2.852784312716486407e-06,9.709691301519832665e-07,1.064505454747731590e-07,5.196609914624351932e-08,7.294650505053257979e-07,9.939334874381609885e-07
6.500000000000000222e-01,2.636207758626719505e-06,8.792085071466341417e-07,1.020266892397401699e-07,5.402965358641796913e-08,7.504703954099976421e-07,8.504725132439298999e-07
6.510000000000000231e-01,2.470894706507918215e-06,7.975435571273422110e-07,9.762141728494858199e-08,5.609296851656657773e-08,7.705762396308059476e-07,7.490605239482548700e-07
6.520000000000000240e-01,2.348835857364481891e-06,7.236047743749302410e-07,9.319957378398861616e-08,5.818284344555232545e-08,7.897805786465023449e-07,6.840680871135080325e-07
6.530000000000000249e-01,2.262426318939019562e-06,6.579405024137747959e-07,8.881236784176363070e-08,6.029780359265437009e-08,8.089927060739932139e-07,6.463829390168336306e-07
6.540000000000000258e-01,2.206247957943345623e-06,6.021072819539092019e-07,8.455312505190001780e-08,6.240258678377663269e-08,8.288852913736266803e-07,6.282996727801330767e-07
6.550000000000000266e-01,2.176913701570891638e-06,5.564337499128577909e-07,8.045732667610520088e-08,6.446121020868510011e-08,8.488823773713325292e-07,6.266790374019111494e-07
6.560000000000000275e-01,2.171800015208934924e-06,5.191059907791065759e-07,7.646125916225432140e-08,6.647539434252672143e-08,8.676867443144449448e-07,6.420706266106023604e-07
6.570000000000000284e-01,2.187893061145396566e-06,4.869705411122592115e-07,7.247335926384940829e-08,6.848402726219538111e-08,8.848619816720512232e-07,6.751031518350415005e-07
6.580000000000000293e-01,2.221578306091396034e-06,4.571988311819458922e-07,6.848223300398154673e-08,7.051927745984348995e-08,9.015156525093945955e-07,7.238623119362306420e-07
6.590000000000000302e-01,2.269288661857254809e-06,4.285768637095053886e-07,6.457771640720234089e-08,7.256549591363155851e-08,9.190645156257601404e-07,7.845040702011551949e-07
6.599999999999999201e-01,2.328166182407611249e-06,4.016826940256753283e-07,6.085714396842575485e-08,7.456936852791260517e-08,9.374354241194700590e-07,8.536215517661276470e-07
6.610000000000000320e-01,2.395990264671088383e-06,3.780178806086117332e-07,5.732062045872837989e-08,7.649504522947927997e-08,9.549403735948100173e-07,9.292163447794588072e-07
6.619999999999999218e-01,2.470503360155775936e-06,3.587284624670483716e-07,5.387378035079232173e-08,7.836443536134035348e-08,9.701755143360282955e-07,1.009361167640566421e-06
6.630000000000000338e-01,2.548957682137383752e-06,3.436881576101379628e-07,5.043565414125807459e-08,8.023415112550817472e-08,9.837725022365051489e-07,1.090827217023974153e-06
6.639999999999999236e-01,2.628406180766001199e-06,3.314614111526048584e-07,4.703098983506433783e-08,8.213016473448072551e-08,9.978048832167854098e-07,1.169978731827065893e-06
6.650000000000000355e-01,2.706340820911291497e-06,3.201408026452860088e-07,4.376506394135144108e-08,8.401266916632353807e-08,1.013367860264932630e-06,1.245054424893397839e-06
6.659999999999999254e-01,2.780896457554115493e-06,3.084941872822224572e-07,4.071117379436271007e-08,8.581453463389238724e-08,1.029146357484785061e-06,1.316730204358853037e-06
6.670000000000000373e-01,2.850472617395460781e-06,2.966188363638779208e-07,3.783593065018342302e-08,8.751432461474999972e-08,1.042793624405664354e-06,1.385709901360985057e-06
6.679999999999999272e-01,2.913426077951851971e-06,2.856338859707477820e-07,3.504153267625762544e-08,8.916157392716569270e-08,1.053651935906954169e-06,1.449937149470726761e-06
6.690000000000000391e-01,2.968352356795171870e-06,2.766721456981542549e-07,3.227439165901025834e-08,9.082174871775678367e-08,1.063627957479683178e-06,1.504956113240567448e-06
6.699999999999999289e-01,3.014549958776291996e-06,2.699775233077646046e-07,2.958146816537569427e-08,9.249952826769165667e-08,1.075066010541216185e-06,1.547425428494244061e-06
6.710000000000000409e-01,3.051835972256814662e-06,2.647864853297591232e-07,2.705840064093162489e-08,9.412790479336714006e-08,1.087991845626580724e-06,1.577871335866175950e-06
6.719999999999999307e-01,3.079679918946889370e-06,2.599792163041013891e-07,2.475048489282814622e-08,9.563939826755490576e-08,1.099962571724514627e-06,1.599348247757890014e-06
6.730000000000000426e-01,3.096698812233298987e-06,2.548683875574824937e-07,2.261148206020403924e-08,9.704145777616664244e-08,1.108809413483904657e-06,1.613368071355541435e-06
6.739999999999999325e-01,3.101388642700958466e-06,2.494958489226481383e-07,2.055754262319290456e-08,9.840928312347870166e-08,1.115159952366348869e-06,1.617766015665289810e-06
6.750000000000000444e-01,3.093508105880248682e-06,2.443450548830021940e-07,1.855467438397466122e-08,9.980057873138710148e-08,1.121784480898285246e-06,1.609023316983599701e-06
6.759999999999999343e-01,3.074515252931080864e-06,2.398684215069059469e-07,1.665063701837566653e-08,1.011870502912412286e-07,1.130442187088025406e-06,1.586366957026532522e-06
6.770000000000000462e-01,3.046330995590279736e-06,2.362354303049545676e-07,1.492461959970081289e-08,1.024820579710213115e-07,1.139828990954272188e-06,1.552859896760330856e-06
6.779999999999999361e-01,3.009645508821911926e-06,2.333560575241946346e-07,1.340942892705078190e-08,1.036361519003894791e-07,1.147016747998503259e-06,1.512227122471773448e-06
6.790000000000000480e-01,2.963676783214258099e-06,2.309833242008520078e-07,1.206226156519568893e-08,1.046931539626010859e-07,1.150772866652331513e-06,1.465165176833277828e-06
6.799999999999999378e-01,2.907727488589422168e-06,2.287765932871062284e-07,1.080899449288898729e-08,1.057413046064276118e-07,1.152970166690649278e-06,1.409430429512350069e-06
6.810000000000000497e-01,2.842788028336502791e-06,2.263983031210494263e-07,9.617225957507750396e-09,1.068124647369643703e-07,1.156467795568171517e-06,1.343492238952809509e-06
6.819999999999999396e-01,2.771324446182111234e-06,2.237062225659805757e-07,8.528358424419460678e-09,1.078433333380164768e-07,1.161875002286558870e-06,1.269371529567135600e-06
6.830000000000000515e-01,2.695503826143821931e-06,2.209041107235947359e-07,7.618059688731808168e-09,1.087444306489489810e-07,1.166873790544677763e-06,1.191363434537868739e-06
6.839999999999999414e-01,2.615960677787551753e-06,2.184358677677286193e-07,6.921635202083823696e-09,1.095003545902503778e-07,1.168846560571289474e-06,1.112256259656199565e-06
6.850000000000000533e-01,2.532534575689552217e-06,2.166286641697576309e-07,6.396217535162818865e-09,1.101875662766625279e-07,1.167809639481971263e-06,1.031512488225997895e-06
6.859999999999999432e-01,2.445988735033437755e-06,2.153880509243113551e-07,5.960135767640139773e-09,1.108880707774009718e-07,1.166353712017127195e-06,9.473987655469580724e-07
6.870000000000000551e-01,2.358510942996972222e-06,2.142541094654771944e-07,5.575166983134239536e-09,1.115957141511178349e-07,1.166714529110011012e-06,8.603714232872318845e-07
6.879999999999999449e-01,2.272329080410094248e-06,2.127874756828990195e-07,5.289456903997824591e-09,1.122215509100831081e-07,1.168305521459664997e-06,7.737250754534491445e-07
6.890000000000000568e-01,2.188180353459383932e-06,2.109222903045059432e-07,5.191639859037611205e-09,1.126932726503467314e-07,1.168442694045702488e-06,6.909304565997911967e-07
6.899999999999999467e-01,2.105630787086948129e-06,2.089633796307583984e-07,5.316966245967167506e-09,1.130367288822032517e-07,1.165365315153313345e-06,6.129483971747059465e-07
6.910000000000000586e-01,2.024937136575502890e-06,2.072694867412350289e-07,5.603448608525882601e-09,1.133469749610945106e-07,1.160143782033386775e-06,5.385734442312609956e-07
6.919999999999999485e-01,1.948106505848546826e-06,2.059542835797844042e-07,5.951421203798382849e-09,1.136809675449544326e-07,1.155416266019720528e-06,4.671035675002892794e-07
6.930000000000000604e-01,1.877667264541996563e-06,2.048621041994230069e-07,6.329816703042177300e-09,1.139929692685296941e-07,1.152461166758894013e-06,4.000212076121077660e-07
6.939999999999999503e-01,1.814498792248167327e-06,2.037644168763290617e-07,6.814007364925092461e-09,1.141858205682570630e-07,1.149870503501346133e-06,3.398640439373099593e-07
6.950000000000000622e-01,1.757390713144268750e-06,2.025363997213290486e-07,7.506667078366573796e-09,1.142203871104442561e-07,1.145196147245217478e-06,2.879311119889114075e-07
6.959999999999999520e-01,1.705033420489952530e-06,2.011752068991830777e-07,8.422032790579717891e-09,1.141597304112288424e-07,1.137646090831355245e-06,2.436303595576055979e-07
6.970000000000000639e-01,1.658146820245574400e-06,1.997298777666275569e-07,9.462461652021160948e-09,1.140982546313919530e-07,1.128869098746111546e-06,2.059871274494220905e-07
6.979999999999999538e-01,1.619123221812715136e-06,1.982667309571880314e-07,1.052037303871812486e-08,1.140558182324537537e-07,1.121082061056428265e-06,1.751982385279270698e-07
6.990000000000000657e-01,1.589466852121819240e-06,1.968757735945565323e-07,1.159715411252497598e-08,1.139560356664005501e-07,1.114686321647390385e-06,1.523515671009468233e-07
6.999999999999999556e-01,1.568036563889179431e-06,1.956367665409508337e-07,1.280410190390718209e-08,1.137128388977107980e-07,1.107943415242413266e-06,1.379394413041971792e-07
7.010000000000000675e-01,1.552270489943091502e-06,1.945354093479504568e-07,1.423806012479472147e-08,1.133275867336547561e-07,1.098940013844357977e-06,1.312294198923336469e-07
7.019999999999999574e-01,1.541038145791532948e-06,1.934346456995825046e-07,1.586802746042025212e-08,1.128877081158444587e-07,1.087633080770624972e-06,1.312146837450606779e-07
7.030000000000000693e-01,1.535732084862285354e-06,1.921773845914602943e-07,1.756297799960061348e-08,1.124690044005222959e-07,1.075814122893919100e-06,1.377085949767832164e-07
7.039999999999999591e-01,1.538220376657335425e-06,1.907367844196490336e-07,1.923455194161993757e-08,1.120516858097355441e-07,1.065147844316580781e-06,1.510495101697501559e-07
7.050000000000000711e-01,1.548040218152600219e-06,1.892461762713307812e-07,2.093540062051013239e-08,1.115440008168598166e-07,1.055446656263484564e-06,1.708679841804149605e-07
7.059999999999999609e-01,1.562218082378258232e-06,1.878621281881448966e-07,2.279946342789417802e-08,1.108861994971847671e-07,1.044969598592676779e-06,1.957006926723576352e-07
7.070000000000000728e-01,1.578042140989707331e-06,1.866079330541169558e-07,2.488824021822965918e-08,1.101180287572313110e-07,1.032327834552865827e-06,2.241001044072635079e-07
7.079999999999999627e-01,1.595558777079858570e-06,1.853711981026708517e-07,2.711631859439759346e-08,1.093347292315470066e-07,1.017936298867444945e-06,2.558002322837980139e-07
7.090000000000000746e-01,1.616789419918973544e-06,1.840472972421819122e-07,2.934247314735650289e-08,1.085815876079447125e-07,1.003526679513866841e-06,2.912913824076235351e-07
7.099999999999999645e-01,1.642505523988366927e-06,1.826500106194068660e-07,3.152516179105134972e-08,1.078051022460392526e-07,9.903100395177471561e-07,3.302152098141222097e-07
7.110000000000000764e-01,1.670348381198340575e-06,1.812617035094214236e-07,3.376650764992618895e-08,1.069146165097375040e-07,9.777457863993174210e-07,3.706597671299380440e-07
7.119999999999999662e-01,1.696589249386741958e-06,1.799024074852584117e-07,3.619398732979132398e-08,1.058848227705553229e-07,9.641733676413657989e-07,4.104346641597710414e-07
7.130000000000000782e-01,1.719568815977160158e-06,1.784979380392094212e-07,3.881300342823928036e-08,1.047847994845967014e-07,9.485971087671768005e-07,4.488759662579380607e-07
7.139999999999999680e-01,1.740826367150203672e-06,1.769929696196685739e-07,4.149690445618443017e-08,1.037020080984701877e-07,9.317388157432397468e-07,4.868956692326407867e-07
7.150000000000000799e-01,1.762561823388002894e-06,1.754568941882597628e-07,4.412553074266953137e-08,1.026465906585113662e-07,9.152714067542211989e-07,5.250614010443409220e-07
7.159999999999999698e-01,1.784334849946623168e-06,1.740265416067595611e-07,4.671573898833045264e-08,1.015423042568879285e-07,9.000591799302004791e-07,5.619910851644447070e-07
7.170000000000000817e-01,1.802821972270113724e-06,1.727362006002915118e-07,4.939740410091026295e-08,1.003133450070405515e-07,8.852648781509835043e-07,5.951101444108880390e-07
7.179999999999999716e-01,1.814938101794951662e-06,1.714452635830718172e-07,5.226329218093872794e-08,9.897001458417551889e-08,8.692669461481791368e-07,6.229925852985865276e-07
7.190000000000000835e-01,1.820756074613896769e-06,1.699749775569509313e-07,5.526211212736362415e-08,9.759840494581727261e-08,8.514160148640461102e-07,6.465045651197188044e-07
7.199999999999999734e-01,1.822903121364094720e-06,1.683134132356117392e-07,5.825329088162107976e-08,9.626635745732697943e-08,8.327578375375634670e-07,6.673122222519715741e-07
7.210000000000000853e-01,1.823162519315710839e-06,1.666481155270810394e-07,6.115982164651506156e-08,9.495039949891396464e-08,8.149351875880550337e-07,6.854689950551457792e-07
7.219999999999999751e-01,1.820173412142736131e-06,1.651731815989180588e-07,6.404792120416545678e-08,9.356421430202860129e-08,7.984320745069757311e-07,6.989560205306483755e-07
7.230000000000000870e-01,1.810802451746835077e-06,1.638802329380717343e-07,6.704709339737475846e-08,9.205633616015115488e-08,7.820571681685843854e-07,7.057616210826530435e-07
7.239999999999999769e-01,1.793554177170254868e-06,1.625693656533165969e-07,7.020239435678858993e-08,9.046863757604960536e-08,7.642503768742974738e-07,7.060634027098027207e-07
7.250000000000000888e-01,1.770137466784752269e-06,1.610687782722411670e-07,7.342276891355392596e-08,8.889139456626009203e-08,7.448124071569512413e-07,7.019421178757459885e-07
7.259999999999999787e-01,1.743496949344916434e-06,1.594161280025911439e-07,7.657936407172249885e-08,8.736534892269348389e-08,7.251617060476631371e-07,6.949744023002460903e-07
7.270000000000000906e-01,1.714630850979102491e-06,1.578034413766323913e-07,7.964237698576617757e-08,8.583919328510425293e-08,7.068086266265527125e-07,6.845372127050469967e-07
7.279999999999999805e-01,1.681775786990892152e-06,1.563595220759239223e-07,8.270666229785677231e-08,8.422888294829941686e-08,6.897064174180514428e-07,6.687743022507605180e-07
7.290000000000000924e-01,1.642751893469032266e-06,1.550210191284176444e-07,8.588182119701634325e-08,8.251256502750179931e-08,6.723097440215376001e-07,6.470267440945588790e-07
7.299999999999999822e-01,1.597723375039188353e-06,1.536273129216554613e-07,8.916956959451664505e-08,8.075623540154726208e-08,6.533023366492239240e-07,6.208679204722451663e-07
7.310000000000000941e-01,1.549309451119654218e-06,1.521127843930294460e-07,9.246056253338582783e-08,7.904244151728197427e-08,6.330880546480798318e-07,5.926056080278770853e-07
7.319999999999999840e-01,1.500059082885925159e-06,1.505705368734307189e-07,9.565026376024281546e-08,7.738137786341930347e-08,6.133734910796551938e-07,5.630834133091772196e-07
7.330000000000000959e-01,1.450187689209627339e-06,1.491275285414854443e-07,9.874644773920173205e-08,7.570241977748939466e-08,5.952887464865279786e-07,5.313225466649227099e-07
7.339999999999999858e-01,1.398009420250593715e-06,1.477928690981617813e-07,1.018542210858807377e-07,7.393469523891404563e-08,5.781426322147360665e-07,4.962850026129011100e-07
7.350000000000000977e-01,1.342414653802450591e-06,1.464584917028650623e-07,1.050580652918204901e-07,7.208718675859194955e-08,5.602161160825192889e-07,4.585947939666537474e-07
7.359999999999999876e-01,1.284579930326819606e-06,1.450393646961108959e-07,1.083285875685981570e-07,7.024021868833869976e-08,5.407117858188698883e-07,4.202599735549019119e-07
7.370000000000000995e-01,1.227128684184241678e-06,1.435778241248275767e-07,1.115518373987219097e-07,6.845858370408586765e-08,5.206677347990400624e-07,3.828727041575661292e-07
7.379999999999999893e-01,1.171821246669904316e-06,1.421910190853671786e-07,1.146475056581074494e-07,6.672268433633911461e-08,5.018056410105014434e-07,3.464543965795892760e-07
7.390000000000001013e-01,1.118324834839254680e-06,1.409325133058495574e-07,1.176497829399005689e-07,6.495319487966036685e-08,4.846146765383032731e-07,3.101746671755408214e-07
7.399999999999999911e-01,1.065255003404565941e-06,1.397345364847877512e-07,1.206663446618322974e-07,6.310101381051760626e-08,4.678340563822525988e-07,2.739190520651758064e-07
7.410000000000001030e-01,1.012192694282203629e-06,1.384923235439922203e-07,1.237601009266882266e-07,6.120283450221053500e-08,4.499081987916686086e-07,2.388292365176438667e-07
7.419999999999999929e-01,9.604900865352062258e-07,1.371841016174460584e-07,1.268789070161613234e-07,5.934177364395251669e-08,4.307564795745819012e-07,2.063288246830644592e-07
7.430000000000001048e-01,9.121478895966663041e-07,1.358888317205944888e-07,1.299072305734708592e-07,5.755768337079843323e-08,4.118598904890380800e-07,1.769342534427644562e-07
7.439999999999999947e-01,8.680995119173752459e-07,1.346925069758240242e-07,1.327852727602923413e-07,5.580636014214384061e-08,3.945911140847914451e-07,1.502242579543236609e-07
7.450000000000001066e-01,8.276994656997130578e-07,1.335993045579000193e-07,1.355696864157793188e-07,5.401154432192197319e-08,3.786976797378033049e-07,1.258212506663084417e-07
7.459999999999999964e-01,7.898003701917780104e-07,1.325434448158596404e-07,1.383708667171274273e-07,5.215099032203007971e-08,3.626416175760407032e-07,1.040934507607201532e-07
7.470000000000001084e-01,7.541682267665793820e-07,1.314722888378159981e-07,1.412320761186167616e-07,5.028163300339161786e-08,3.453720847094644908e-07,8.581014409729054017e-08
7.479999999999999982e-01,7.217918902607789256e-07,1.303975743519912552e-07,1.440786937032878304e-07,4.847760014343964030e-08,3.275036405196850045e-07,7.133438154237518187e-08
7.490000000000001101e-01,6.938997324274521265e-07,1.293661453238719859e-07,1.467933187618243164e-07,4.675090328669509448e-08,3.105945224712274269e-07,6.039484258383335574e-08
7.500000000000000000e-01,6.707859051255352672e-07,1.284014728226917658e-07,1.493385180429538977e-07,4.504195538434069306e-08,2.953928865672973388e-07,5.261107230825155207e-08
7.600000000000000089e-01,6.052095576724988293e-07,1.212636946699718748e-07,1.718675872534181476e-07,2.839954057581569925e-08,1.549763752010646655e-07,1.287023599722285083e-07
7.700000000000000178e-01,6.581666842369700254e-07,1.192433445025203301e-07,1.858650618534343325e-07,1.488227090068477735e-08,5.820856810573862665e-08,2.799674388745920200e-07
7.800000000000000266e-01,5.889429779631619362e-07,1.229620022172947024e-07,1.904435722017359747e-07,5.591668567043302897e-09,9.585698491140740578e-09,2.603600364859472041e-07
7.900000000000000355e-01,4.325168727008290188e-07,1.325029115805753081e-07,1.854913104278734947e-07,1.054648938691280853e-09,1.100581217449558230e-08,1.024621895791933260e-07
8.000000000000000444e-01,3.859188554473084972e-07,1.473915906784946416e-07,1.716270635052032681e-07,1.418540578010813065e-09,5.944493924532107462e-08,6.036721440278709841e-09
8.100000000000000533e-01,5.250951333900458449e-07,1.666478765982641861e-07,1.507047012794258982e-07,6.313364296808214758e-09,1.455588072706177635e-07,5.587038394492974926e-08
8.200000000000000622e-01,7.341471605068300660e-07,1.888981789300690022e-07,1.250623770048510135e-07,1.488423455748981336e-08,2.589656636048417028e-07,1.463367064095785342e-07
8.299999999999999600e-01,8.768015821714652346e-07,2.125901134615243634e-07,9.700652623561280631e-08,2.604428327618164938e-08,3.881775616350824001e-07,1.529830975630640088e-07
8.399999999999999689e-01,9.493836646530917293e-07,2.360527114041707573e-07,6.924986525878440889e-08,3.854629735621981705e-08,5.177942404195963072e-07,8.774055021432044544e-08
8.499999999999999778e-01,1.036919609034919841e-06,2.575955860005766769e-07,4.448797339142775776e-08,5.104631174041635018e-08,6.334873591529069620e-07,5.030237874959202808e-08
8.599999999999999867e-01,1.173178585939856088e-06,2.759388385406767356e-07,2.465541369558367537e-08,6.228388335073776448e-08,7.260181537988030061e-07,8.428229655405499916e-08
8.699999999999999956e-01,1.297440195996886280e-06,2.900296975679640955e-07,1.110844348787894367e-08,7.120709576608048396e-08,7.885216788612823921e-07,1.365732803136803330e-07
8.800000000000000044e-01,1.337755935011682550e-06,2.991432079263730449e-07,4.734609800294683495e-09,7.705593617296848678e-08,8.152629298869584208e-07,1.415592512250878763e-07
8.900000000000000133e-01,1.294760117653311148e-06,3.031982239504239870e-07,5.650092924395066666e-09,7.939490285847010798e-08,8.037677309108295378e-07,1.027491670091923715e-07
9.000000000000000222e-01,1.224832522526426669e-06,3.026057024430381554e-07,1.320094233658565258e-08,7.808448585679177136e-08,7.564127623789645476e-07,7.452862951104660455e-08
9.100000000000000311e-01,1.160554331179017648e-06,2.981236714090496283e-07,2.614610331974695802e-08,7.333067780241376913e-08,6.795438735618731937e-07,8.341000508593409519e-08
9.200000000000000400e-01,1.080856091468286148e-06,2.910501719778001573e-07,4.288175007865767597e-08,6.572438347293972090e-08,5.805857877021905282e-07,1.006139982366979006e-07
9.299999999999999378e-01,9.593724443430971196e-07,2.829288719318085446e-07,6.171352851442863998e-08,5.608587459412682556e-08,4.676627955767403607e-07,9.098137372599264286e-08
9.399999999999999467e-01,8.109128296523341576e-07,2.752982141059781319e-07,8.093762966758820747e-08,4.526540132350978248e-08,3.512590513190237185e-07,5.815253323623435698e-08
9.499999999999999556e-01,6.770923301680561724e-07,2.697785996866013844e-07,9.898042854645030366e-08,3.411432987523620553e-08,2.416687863978137978e-07,3.255018566195446790e-08
9.599999999999999645e-01,5.823196019156849389e-07,2.678392643181310945e-07,1.147638928547196519e-07,2.353538322524415109e-08,1.460622434122517652e-07,3.011881810533828270e-08
9.699999999999999734e-01,5.201109392696421207e-07,2.709233953547265724e-07,1.278078597273511557e-07,1.450915530267140887e-08,7.090368349852608411e-08,3.596684538636690619e-08
9.799999999999999822e-01,4.788589178669972260e-07,2.806360453705080436e-07,1.381341793383833614e-07,8.285581267712352517e-09,2.255818368321967833e-08,2.924492820717382818e-08
9.899999999999999911e-01,4.672940090636515960e-07,2.989829558985916509e-07,1.464984128837544245e-07,6.687888597898355044e-09,3.585969449346220437e-09,1.153878223406095672e-08
1.000000000000000000e+00,5.100016132915486499e-07,3.281193975532614193e-07,1.542276632037936040e-07,1.197718408338837143e-08,1.467850019964797984e-08,9.988682514573343983e-10
1.010000000000000009e+00,6.262083012097688457e-07,3.698218504184546044e-07,1.613779817429495004e-07,2.621242601646285977e-08,6.211258164619383582e-08,6.683461385708051988e-09
1.020000000000000018e+00,8.226950064001814219e-07,4.246808776692265637e-07,1.646991807493771183e-07,5.077162924119912061e-08,1.633542848611722757e-07,1.918903387920635678e-08
1.030000000000000027e+00,1.121116546171371746e-06,4.928609272474652368e-07,1.590523943259493825e-07,8.620608478761171801e-08,3.576204539148920895e-07,2.537668589545318371e-08
1.040000000000000036e+00,1.600278398850749667e-06,5.737180412560042923e-07,1.425760563245729771e-07,1.321668482814695242e-07,7.266529266235713470e-07,2.516452636513156969e-08
1.050000000000000044e+00,2.416168704882003787e-06,6.651287175232135011e-07,1.218725465006230637e-07,1.877433904861719517e-07,1.412695647082271492e-06,2.872840328972400348e-08
1.060000000000000053e+00,3.802591385299750779e-06,7.648130484667643575e-07,1.149230288493282859e-07,2.521707050088876824e-07,2.629946366492158185e-06,4.073823648261233416e-08
1.070000000000000062e+00,6.087896091870771986e-06,8.724380030830833485e-07,1.516045634975723951e-07,3.248015980678979194e-07,4.684247495987634486e-06,5.480443123458365121e-08
1.080000000000000071e+00,9.723693982785173442e-06,9.866366021821777366e-07,2.707644672359263385e-07,4.041413782983207030e-07,7.999454622560780867e-06,6.269691250796791561e-08
1.090000000000000080e+00,1.529749387246953437e-05,1.102818559686149136e-06,5.149177324367749607e-07,4.872342420211724206e-07,1.312868116985557777e-05,6.384216846985921862e-08
1.100000000000000089e+00,2.351485071093234789e-05,1.216339389300414798e-06,9.285192409429599594e-07,5.702274887020323794e-07,2.073526996254407002e-05,6.449462944286984008e-08
1.109999999999999876e+00,3.513342862377541963e-05,1.326119962053384133e-06,1.564127059367161879e-06,6.501532619153980408e-07,3.152460004871393513e-05,6.842829172554015866e-08
1.120000000000000107e+00,5.081787128284950958e-05,1.434130740177938622e-06,2.492229829738331235e-06,7.278929194130858873e-07,4.609176234589024840e-05,7.185544762990688805e-08
1.129999999999999893e+00,7.090815851857988758e-05,1.547186782770989399e-06,3.803563203740684492e-06,8.110701900632084808e-07,6.467689919512820314e-05,6.943914687679449955e-08
1.140000000000000124e+00,9.513760617768456627e-05,1.680852791524213265e-06,5.592394667077720620e-06,9.141101572993073088e-07,8.688861315201432210e-05,6.163540976900679707e-08
1.149999999999999911e+00,1.223794704154204454e-04,1.855090457166718570e-06,7.916105394807974760e-06,1.053707650014387042e-06,1.115013890459140436e-04,5.317786751730836115e-08
1.160000000000000142e+00,1.505335579716240134e-04,2.082452152624172690e-06,1.073910750243352641e-05,1.240707452667614182e-06,1.364240500053807840e-04,4.724085851792580676e-08
1.169999999999999929e+00,1.766560531756805174e-04,2.359251543254550863e-06,1.388337307406288148e-05,1.471568756171855760e-06,1.588989166687120014e-04,4.294313347924157562e-08
1.179999999999999938e+00,1.973873631948908688e-04,2.666196721731785064e-06,1.701565621005365420e-05,1.723441341168220134e-06,1.759440056041284162e-04,3.806331780879441900e-08
1.189999999999999947e+00,2.096206747979358065e-04,2.967514158945172167e-06,1.969278557461331551e-05,1.955910819976859966e-06,1.849707247658216982e-04,3.373947857874221820e-08
1.199999999999999956e+00,2.112380337778391539e-04,3.215450517353480328e-06,2.146026001498362227e-05,2.119993294021654455e-06,1.844066785051538858e-04,3.565144632649814965e-08
1.209999999999999964e+00,2.017001539512548714e-04,3.381894445952879707e-06,2.197303939677280546e-05,2.172182189788877160e-06,1.741143071018309244e-04,5.873081690938964591e-08
1.219999999999999973e+00,1.826052209664626202e-04,3.566368447073063219e-06,2.109732617033019405e-05,2.088831635734276238e-06,1.554679737395056474e-04,3.847209738194309517e-07
1.229999999999999982e+00,1.552180311877841433e-04,3.286825583742555426e-06,1.895601001085636043e-05,1.874729395597108711e-06,1.310650859555160673e-04,3.538024207205970759e-08
1.239999999999999991e+00,1.248018649593252876e-04,3.187214666803535478e-06,1.589911162204929898e-05,1.562484600098659337e-06,1.041432613596105850e-04,9.792710763196816351e-09
1.250000000000000000e+00,9.451148785602580366e-05,3.028780069661325770e-06,1.240653661532856755e-05,1.202776484254413948e-06,7.786739874402712766e-05,5.995942754375223293e-09
1.260000000000000009e+00,6.744594136275165438e-05,2.913495311264923286e-06,8.964627543424123974e-06,8.499519636708126506e-07,5.470963679321662148e-05,8.229751175177436447e-09
1.270000000000000018e+00,4.551020858588519368e-05,2.883983688149002788e-06,5.958988144266315009e-06,5.477946389953749918e-07,3.609987314487676183e-05,1.956896959774478633e-08
1.280000000000000027e+00,2.934280235499081885e-05,2.975651508606786462e-06,3.611326307065395896e-06,3.204709093664400838e-07,2.239900492978082690e-05,3.634870017137027695e-08
1.290000000000000036e+00,1.860945881814792137e-05,3.291908816120742417e-06,1.970517265185358626e-06,1.712529400288778139e-07,1.313237277097558200e-05,4.340702583736121822e-08
1.300000000000000044e+00,1.167257454174182355e-05,2.928755346689378762e-06,9.512039987793035490e-07,8.777731631182424810e-08,7.357770696341163369e-06,3.470671836201555386e-07
1.310000000000000053e+00,8.748367707697306982e-06,4.148828357651742133e-06,3.968840324062127609e-07,5.008736781368507314e-08,4.025936424665692360e-06,1.266315251599753700e-07
1.320000000000000062e+00,7.461351707747881478e-06,4.830328244150218446e-06,1.402724446885955366e-07,3.867422142376011510e-08,2.230045559749396754e-06,2.220312377359112748e-07
1.330000000000000071e+00,7.545129871028876645e-06,5.643963316666222754e-06,4.400802216156739197e-08,3.875308818409077041e-08,1.310423017606126761e-06,5.079824264108686163e-07
1.339999999999999858e+00,8.480891495092067974e-06,6.696932828867839745e-06,1.730925848958171745e-08,4.164158956869248912e-08,8.508062992979645399e-07,8.742015188679889994e-07
1.350000000000000089e+00,9.807825735006429197e-06,8.138740520877998062e-06,1.269904068427645940e-08,4.354930392033531321e-08,6.188090004253524631e-07,9.940278690984674877e-07
1.359999999999999876e+00,1.171323239986961510e-05,9.974383954982248820e-06,1.222633559884918749e-08,4.360094036271561672e-08,4.961203769538774837e-07,1.186900791971922904e-06
1.370000000000000107e+00,1.906260994873587545e-05,1.289714560329412635e-05,2.921149950927601801e-08,4.727274279384972678e-08,4.270667087514022870e-07,5.661913394387223697e-06
1.379999999999999893e+00,1.973565084294734754e-04,5.687877285503812523e-05,5.976811843692236165e-07,2.166089599518336482e-07,4.632493261809737368e-07,1.392001961039333261e-04
1.390000000000000124e+00,1.195216026355580698e-04,4.354159633237426386e-05,1.120228947149534414e-07,6.397145113468795870e-08,3.436211710489062681e-07,7.546039078628526153e-05
1.399999999999999911e+00,3.607769371222644891e-04,6.095218133193921887e-05,3.614533681666478947e-08,3.225844713096743057e-08,2.805276593842195079e-07,2.994758243469934460e-04
1.410000000000000142e+00,4.220594975371317822e-03,1.014637687687052793e-03,1.080321835998120081e-06,2.305299913096724735e-07,3.255851512875314008e-07,3.204320850705670055e-03
1.419999999999999929e+00,1.875853816119908658e-03,3.819047188614166496e-04,4.678120770218438896e-07,9.537929033162643828e-08,2.365009767439735224e-07,1.493149404914394587e-03
1.430000000000000160e+00,5.073896809461865207e-03,1.550313310280869352e-03,7.100969258209744568e-08,7.317436068812849656e-07,2.006524787486433655e-06,3.520774221094045801e-03
1.439999999999999947e+00,5.871349433135439333e-02,2.018468220697654941e-02,1.034409657196423800e-07,2.923669634678960669e-06,7.654877388000809658e-06,3.851813013638943906e-02
1.450000000000000178e+00,2.259577384504766594e-03,2.643811483121005041e-04,8.149844263867113542e-08,7.530321217970960454e-08,1.433674489859210982e-07,1.994896067088861719e-03
1.459999999999999964e+00,4.275103936164794706e-03,2.637256140563614499e-04,1.502381619945109761e-06,3.827470829795669872e-07,4.106667841308213183e-07,4.009082526621377332e-03
1.469999999999999973e+00,5.166568171706922841e-03,1.576656801788418492e-03,5.688989109568489829e-06,1.893971558139353594e-06,9.812733093316725695e-07,3.581347135941465032e-03
1.479999999999999982e+00,9.980221618987959037e-03,2.907662273127868398e-04,3.058177270120304965e-07,4.223379899307954724e-08,2.897638005959051110e-08,9.689078363769107125e-03
1.489999999999999991e+00,5.896561369642765865e-02,1.354639134879348332e-02,9.525991186359422276e-06,2.205334165468184368e-06,1.405782563227087533e-06,4.540608523971911836e-02
1.500000000000000000e+00,4.226321518585724607e-02,2.014501250116341839e-03,3.193272907029103698e-06,3.135931741330986448e-07,2.067841880548916111e-06,4.024313922777919550e-02
1.510000000000000009e+00,1.325842551036874456e-02,6.408425879417714143e-04,9.281750990293653087e-07,2.323006374893289122e-07,7.367539504861146550e-07,1.261568569273996757e-02
1.520000000000000018e+00,7.513712912075214481e-03,6.002826259028308357e-05,6.970923038052041245e-08,6.126373393079040673e-09,8.351925507090512159e-08,7.453525294626086456e-03
1.530000000000000027e+00,5.466118930001575595e-03,2.527121578631395007e-05,4.962186815004518663e-08,7.164839263084920314e-09,1.133026036198010411e-07,5.440677624904228724e-03
1.540000000000000036e+00,4.171407417346352162e-03,1.478942502706501281e-05,4.126690507371389691e-08,1.055532548312931764e-08,1.494435829393116981e-07,4.156416726505790873e-03
1.550000000000000044e+00,3.143284349721826246e-03,1.124079623233209950e-05,3.309424555476242266e-08,1.426956245281987530e-08,1.872008722073064654e-07,3.131808988809279062e-03
1.560000000000000053e+00,2.254985017664838057e-03,9.963073989897765074e-06,2.521026098901003130e-08,1.808253633010296856e-08,2.243409209874038672e-07,2.244754309956633991e-03
1.570000000000000062e+00,1.505836040022616061e-03,7.739839938366629556e-06,1.796890589846358654e-08,2.178209267958662925e-08,2.587529195509466628e-07,1.497797696166120341e-03
1.580000000000000071e+00,9.207136375575349562e-04,5.346932881583686755e-06,1.169797268858392932e-08,2.517167187080371231e-08,2.885587689561149773e-07,9.150412762624357890e-04
1.589999999999999858e+00,5.082671168315641350e-04,4.201361042416809716e-06,6.672839537771698581e-09,2.808006381159070071e-08,3.122158499144008156e-07,5.037187870358835178e-04
1.600000000000000089e+00,2.496297781168856133e-04,3.914697488380850757e-06,3.094459286707451024e-09,3.036492958394892912e-08,3.285455420075130653e-07,2.453530756976265732e-04
1.609999999999999876e+00,1.073308564237387069e-04,3.458561041639793458e-06,1.085604719164574661e-09,3.192090339106051758e-08,3.368072394027155676e-07,1.035024816345859729e-04
1.620000000000000107e+00,4.005121721518435651e-05,2.825005486769779995e-06,6.889904691249666176e-10,3.268266369748236917e-08,3.366996681231284191e-07,3.685614040612483788e-05
1.629999999999999893e+00,1.353799393368304116e-05,2.414138475084773827e-06,1.866285837994604263e-09,3.262692269727735663e-08,3.283326360482795635e-07,1.076102961401471554e-05
1.640000000000000124e+00,5.091184333825969230e-06,2.186098900260775135e-06,4.503982154793308427e-09,3.177074477690343493e-08,3.122380897918909420e-07,2.556572616841606843e-06
1.649999999999999911e+00,3.107127621840221958e-06,2.075048103452292873e-06,8.421933920904933295e-09,3.016985070588182513e-08,2.893403817631858187e-07,7.041473519979565249e-07
1.660000000000000142e+00,2.451598377460736688e-06,1.713706912486384615e-06,1.337488839500646597e-08,2.791489222806538540e-08,2.608387664988096778e-07,4.357629178524705009e-07
1.669999999999999929e+00,2.194041348568133523e-06,1.658489453368788879e-06,1.909345809657456874e-08,2.512461997034003586e-08,2.281621609124607366e-07,2.631716562199691809e-07
1.680000000000000160e+00,1.880536641914458538e-06,1.533551020981645341e-06,2.526943287073699708e-08,2.194218883392860566e-08,1.929328203138374397e-07,1.068411789143101611e-07
1.689999999999999947e+00,1.674627727729243190e-06,1.431177178411827381e-06,3.158329758687519260e-08,1.852245414327841674e-08,1.568262672706203231e-07,3.651853031664206507e-08
1.700000000000000178e+00,1.532530142297631507e-06,1.342060119800209280e-06,3.772119387893527464e-08,1.502774312868363898e-08,1.215004737754828479e-07,1.622061171432040266e-08
1.709999999999999964e+00,1.417777449363504234e-06,1.260256991990510985e-06,4.338746396754420449e-08,1.161891591086385368e-08,8.853394695268965982e-08,1.398013054189558500e-08
1.719999999999999973e+00,1.315812233685367367e-06,1.187091621156901870e-06,4.831691089632270723e-08,8.447888064042814137e-09,5.934396866573606161e-08,1.261184490236394081e-08
1.729999999999999982e+00,1.221903078397656185e-06,1.120519983403090984e-06,5.228873129123086769e-08,5.650577854166337395e-09,3.512829905108703990e-08,8.315486798080858270e-09
1.739999999999999991e+00,1.134841781765914685e-06,1.055401194037445399e-06,5.513146431446840791e-08,3.341590618416061735e-09,1.682453131194278530e-08,4.143001483642046706e-09
1.750000000000000000e+00,1.062004483812251038e-06,9.970438008876727477e-07,5.673072222236188920e-08,1.609478064169628613e-09,5.068538826749683443e-09,1.551943811296978186e-09
1.760000000000000009e+00,9.937573374596577293e-07,9.350737985610560766e-07,5.703402536855666581e-08,5.139021723286240625e-10,1.764547875383239206e-10,9.591565701778757269e-10
1.770000000000000018e+00,9.345096745525256831e-07,8.755564845494421527e-07,5.604974285593174911e-08,8.358549652887878847e-11,2.146771914064470278e-09,6.730897365584490720e-10
1.780000000000000027e+00,8.848612473819156358e-07,8.192818702501480153e-07,5.384179462798937393e-08,3.161373596008455797e-10,1.066848761602136505e-08,7.529575281560527130e-10
1.790000000000000036e+00,8.417128804466016711e-07,7.635950485093008122e-07,5.052727715629582839e-08,1.179667001254373280e-09,2.514626976097981821e-08,1.264618018770875776e-09
1.800000000000000044e+00,8.055548960313038323e-07,7.094492489516819242e-07,4.627398329976166373e-08,2.614693724661127412e-09,4.473389470826992009e-08,2.483075346929176180e-09
1.810000000000000053e+00,7.758137083362729411e-07,6.572603947018547265e-07,4.128339940122619740e-08,4.538214644353116325e-09,6.838435644541929618e-08,4.347343143419512055e-09
1.820000000000000062e+00,7.516267547372879626e-07,6.074740598486687064e-07,3.577902844467321388e-08,6.848316112231591871e-09,9.492392237619579199e-08,6.601427955518705638e-09
1.830000000000000071e+00,7.317994549261098848e-07,5.602657194297885495e-07,3.000368870129754221e-08,9.428919671364172332e-09,1.230859523860130897e-07,9.015174737646486307e-09
1.840000000000000080e+00,7.156282303953621520e-07,5.162432912298956963e-07,2.421066695487735443e-08,1.215508844230596420e-08,1.515059960489828489e-07,1.151318771930025173e-08
1.850000000000000089e+00,7.022752938334475821e-07,4.758231591360815666e-07,1.864877358312636690e-08,1.489884692587159809e-08,1.788338602267857860e-07,1.407065396158226609e-08
1.860000000000000098e+00,6.907195463409868520e-07,4.391035223800695321e-07,1.354009406819505040e-08,1.753615985385317388e-08,2.039589328430114978e-07,1.658083719585756462e-08
1.870000000000000107e+00,6.802905353589161766e-07,4.064094895381994376e-07,9.069930046225339473e-09,1.995363684569243256e-08,2.259717094235810963e-07,1.888576950521788722e-08
1.880000000000000115e+00,6.700057471015121670e-07,3.778651055725796737e-07,5.406729899927493453e-09,2.204770958462035002e-08,2.438318088757623734e-07,2.085439316862221927e-08
1.890000000000000124e+00,6.586785314113781582e-07,3.533508574396487549e-07,2.700114519054767447e-09,2.372650290899077497e-08,2.564865697158779792e-07,2.241448682780588249e-08
1.900000000000000133e+00,6.459382088416094319e-07,3.328761992194712423e-07,1.035241999733633213e-09,2.492363709356077993e-08,2.635777457247785190e-07,2.352538480406517991e-08
1.909999999999999920e+00,6.319360194478020110e-07,3.162408654869837451e-07,4.295367877844614746e-10,2.560367589198692581e-08,2.654801114925440451e-07,2.418182978850282452e-08
1.919999999999999929e+00,6.163057938059876134e-07,3.031379539103925330e-07,8.753957722473595330e-10,2.574682783247889626e-08,2.622150385492328138e-07,2.433057774163603092e-08
1.929999999999999938e+00,5.980261575778773737e-07,2.932546834308798925e-07,2.332359278778257230e-09,2.534611344775584383e-08,2.531545765070305770e-07,2.393842491343284120e-08
1.939999999999999947e+00,5.768528653411055120e-07,2.861765125507067678e-07,4.699912980261675893e-09,2.442099624657885748e-08,2.385065682193875957e-07,2.304887534417049684e-08
1.949999999999999956e+00,5.540026186472257945e-07,2.814133601484899999e-07,7.858305384287024022e-09,2.302563273901652551e-08,2.199752913202730103e-07,2.173002905515933081e-08
1.959999999999999964e+00,5.303563067966082680e-07,2.785011564972187926e-07,1.168755852171645409e-08,2.123682611121094362e-08,1.988875691072700512e-07,2.004319655919203976e-08
1.969999999999999973e+00,5.051635752840312732e-07,2.769387015617102594e-07,1.599167200918629386e-08,1.912521376138488912e-08,1.750514391182716087e-07,1.805654883347818572e-08
1.979999999999999982e+00,4.780786409488795999e-07,2.762230965444649190e-07,2.050201886402518223e-08,1.676019379251755390e-08,1.487597683187168148e-07,1.583356342915517960e-08
1.989999999999999991e+00,4.507509581240070170e-07,2.759095500827657027e-07,2.504651723255853450e-08,1.424932427840327528e-08,1.220843230851730045e-07,1.346124344510651489e-08
2.000000000000000000e+00,4.246819837048874335e-07,2.755622489753269024e-07,2.956191319646078110e-08,1.171870957749181069e-08,9.678190187663848010e-08,1.105721007896943104e-08
2.009999999999999787e+00,3.995751300379268512e-07,2.747877219431095972e-07,3.383419072815400204e-08,9.251387427327227412e-09,7.297421272677184824e-08,8.727617212564196080e-09
2.020000000000000018e+00,3.752309163930904610e-07,2.732781194621228873e-07,3.751469690584655865e-08,6.917372396172071591e-09,5.097661257365951805e-08,6.544115055289414713e-09
2.030000000000000249e+00,3.528931093861112147e-07,2.707744076580513542e-07,4.051652656326240371e-08,4.825587888334839922e-09,3.220034326124032396e-08,4.576244015222282979e-09
2.040000000000000036e+00,3.336069196007499401e-07,2.670753987086717718e-07,4.294535779848729509e-08,3.066580994391692990e-09,1.762110136500042192e-08,2.898480734198730169e-09
2.049999999999999822e+00,3.172196405199439174e-07,2.620799257370730036e-07,4.460099885537312102e-08,1.675174519444713231e-09,7.285387269555661988e-09,1.578154138497440284e-09
2.060000000000000053e+00,3.036526529304756263e-07,2.557472463922668468e-07,4.519402510411190221e-08,6.889582261161031371e-10,1.357494782171879359e-09,6.649284258088800818e-10
2.070000000000000284e+00,2.937883559886580214e-07,2.482639015435757081e-07,4.490145862978728022e-08,1.540687049051100145e-10,1.705438000741609905e-10,2.983833103157439574e-10
2.080000000000000071e+00,7.368007803518104269e-07,4.577445241988251761e-07,4.398804639845634676e-08,7.547978986883491602e-11,3.567155393160492360e-09,2.314255745714994959e-07
2.089999999999999858e+00,2.109371538560979634e-05,1.047064358654219648e-05,4.273271950346623532e-08,4.308451469517940727e-10,1.117873665789473747e-08,1.056872949775928614e-05
2.100000000000000089e+00,6.630753466015007046e-05,3.312837001735567536e-05,4.094504845375561845e-08,1.206648927745853996e-09,2.287191029439155741e-08,3.311414103511848824e-05
2.110000000000000320e+00,2.337180690880961661e-05,1.181412574075937338e-05,3.669349750460977284e-08,2.372273715003305231e-09,3.817009381419741416e-08,1.148044530301643406e-05
2.120000000000000107e+00,8.698332007845680411e-07,4.839516459642855748e-07,3.255932647480664654e-08,3.845081553633218994e-09,5.585780111414248966e-08,2.936193456777001666e-07
2.129999999999999893e+00,2.975627172104546877e-07,1.828364865200139341e-07,2.868869948766045860e-08,5.552610819006550968e-09,7.507076773244670026e-08,5.414152651327075201e-09
2.140000000000000124e+00,3.055769678433100488e-07,1.705850916587660850e-07,2.458773328748321305e-08,7.481736147734539108e-09,9.585069377568646269e-08,7.071712973639739008e-09
2.150000000000000355e+00,3.148538121010515611e-07,1.588599453949182261e-07,2.007024951522409259e-08,9.527410037062067108e-09,1.174265080793724915e-07,8.969699074474657457e-09
2.160000000000000142e+00,3.234538852805162013e-07,1.477451077754642432e-07,1.561304691943952093e-08,1.148510216407136817e-08,1.377139361251189070e-07,1.089669229642217361e-08
2.169999999999999929e+00,3.319630539559599282e-07,1.374508092327077172e-07,1.205205694459054165e-08,1.342061536042385596e-08,1.562699290702638343e-07,1.276964334797401217e-08
2.179999999999999716e+00,3.419794457345536364e-07,1.281045980284299649e-07,9.048408123179607915e-09,1.550295676951516781e-08,1.748039602535541465e-07,1.451952255987476419e-08
2.189999999999999947e+00,3.509214893659859659e-07,1.198796438900203069e-07,5.747012603794480120e-09,1.726320487580592456e-08,1.919487609968078244e-07,1.608286699955741844e-08
2.200000000000000178e+00,3.529416154404453448e-07,1.129974353443165032e-07,2.835710555232635049e-09,1.819297763132745631e-08,2.015168819305279848e-07,1.739860997904077579e-08
2.209999999999999964e+00,3.485259127959602539e-07,1.074625815547769637e-07,1.409860530019912732e-09,1.906029985050058695e-08,2.021780273504406823e-07,1.841514351022215991e-08
2.219999999999999751e+00,3.496803672296840477e-07,1.030962772083062445e-07,8.699168022224904221e-10,2.060304760868723067e-08,2.060009125559469693e-07,1.911021305452113727e-08
2.229999999999999982e+00,3.642509945490500934e-07,9.996738218943797278e-08,4.551617452014049608e-10,2.145838977350534988e-08,2.228887991850024681e-07,1.948126165590291874e-08
2.240000000000000213e+00,3.718982330534888973e-07,9.831464370975727476e-08,7.879062374003191130e-10,2.038569655031507285e-08,2.329059888813288256e-07,1.950399767468739453e-08
2.250000000000000000e+00,3.434318817749266665e-07,9.794659125439282843e-08,2.211276505636141059e-09,1.923193635948835238e-08,2.048859814470003129e-07,1.915609620840905574e-08
2.259999999999999787e+00,3.032344635927523192e-07,9.832763922547521359e-08,4.301304497640271480e-09,1.983192860834726377e-08,1.622916038534290758e-07,1.848198740786048456e-08
2.270000000000000018e+00,3.184724622625145715e-07,9.936873713671673605e-08,7.106792029245970038e-09,2.012138162537200954e-08,1.743383587169686401e-07,1.753719275421124056e-08
2.280000000000000249e+00,3.796286797399849146e-07,1.013842623126571197e-07,1.024512675850472526e-08,1.771916336760053037e-08,2.339637851909710994e-07,1.631634211025141826e-08
2.290000000000000036e+00,3.801421812410675207e-07,1.042244389143749995e-07,1.303163773457348689e-08,1.461196811202233087e-08,2.334505106986958389e-07,1.482362578140085460e-08
2.299999999999999822e+00,2.986089553506008794e-07,1.072100895167526827e-07,1.738420883441146695e-08,1.380476260996066968e-08,1.470602591425098336e-07,1.314963524696618175e-08
2.310000000000000053e+00,2.756474787156871679e-07,1.100050152377261357e-07,2.542351147424231505e-08,1.412546869761400541e-08,1.146868116645488730e-07,1.140667164155585532e-08
2.320000000000000284e+00,3.845556620488136988e-07,1.128414883235120923e-07,3.314101108339315211e-08,1.249637279942947657e-08,2.164289328834849871e-07,9.647856958993959281e-09
2.330000000000000071e+00,4.831621877631869944e-07,1.158130082803534352e-07,3.487289955952309968e-08,9.174508799453010299e-09,3.154130915229061874e-07,7.888679600951306482e-09
2.339999999999999858e+00,4.535697220088341319e-07,1.184863135988726128e-07,3.541824047307615000e-08,7.135932096845167093e-09,2.863432044785009663e-07,6.186031361539222490e-09
2.350000000000000089e+00,4.085590455789168210e-07,1.203727847561757986e-07,4.591448401749147404e-08,7.269599280533190593e-09,2.303683785255251113e-07,4.633798999191219975e-09
2.360000000000000320e+00,4.769867835813578491e-07,1.214247228477590806e-07,6.324503041478155009e-08,7.257839845764207213e-09,2.817816029616917346e-07,3.277587511361287746e-09
2.370000000000000107e+00,5.753201897784033634e-07,1.218252440769235939e-07,6.849023634171004049e-08,5.601498589843997322e-09,3.772921303363650515e-07,2.111080433560686386e-09
2.379999999999999893e+00,5.829558196852307029e-07,1.215014277682690585e-07,5.702539899193974786e-08,3.936505228335194519e-09,3.993284490575633019e-07,1.164038639123434001e-09
2.390000000000000124e+00,5.534542241469220395e-07,1.202001263408350315e-07,5.231854782962516754e-08,3.764956073511346816e-09,3.766678696938876926e-07,5.027242090628720241e-10
2.399999999999999911e+00,5.663301839325659025e-07,1.178986593179175606e-07,6.865838912231686480e-08,3.869008229761864044e-09,3.757484442139069807e-07,1.556830486626451871e-10
