energy_au,total_recorded_SI,n1_l0_m+0,n2_l0_m+0,n2_l1_m-1,n2_l1_m+0,n2_l1_m+1
1.000000000000000021e-02,2.751592816758627908e-12,1.486268589262797292e-12,6.587265752840141660e-16,6.650671231696622935e-18,4.081095861007546649e-18,1.264654769153454107e-12
1.499999999999999944e-02,3.194373309113758996e-12,1.087769300841732124e-12,1.160448557945153436e-15,3.526815375572474515e-16,1.746781771992749997e-16,2.104916199999325198e-12
1.999999999999999695e-02,4.017465343844499108e-12,1.143201220762032337e-12,6.948550511283628924e-16,2.353697543496388728e-16,1.186665892019953944e-16,2.873215231687786574e-12
2.499999999999999792e-02,5.175495609998732451e-12,1.768406702789537417e-12,2.160255817119072860e-16,5.231784990126896485e-17,2.589348690648364616e-17,3.406794670290675525e-12
2.999999999999999889e-02,6.174280263417275415e-12,2.454429592960145146e-12,9.360836754066315142e-16,2.676398878420145572e-16,1.335850178358071687e-16,3.718513361876045302e-12
3.499999999999999639e-02,6.381746292843881018e-12,2.636079870900587942e-12,4.497403843622010444e-16,8.218463129916764488e-17,4.113733325930926456e-17,3.745093359594372266e-12
3.999999999999999389e-02,6.352151971400299077e-12,2.786194042607169585e-12,1.334888727252735361e-16,4.786523318993054053e-17,2.382453286845992687e-17,3.565752750154346127e-12
4.499999999999999833e-02,6.103286580580737156e-12,2.713909585784386473e-12,8.645359723691733136e-16,2.654491268720356222e-16,1.327498437219644909e-16,3.388114259853387795e-12
4.999999999999999584e-02,5.882362513005925781e-12,2.644347508228474773e-12,5.134982665969950418e-16,1.217169325581006843e-16,6.110110080918693789e-17,3.237318688477486592e-12
5.499999999999999334e-02,6.069872051597105056e-12,3.002291954125204684e-12,2.088566866258272496e-16,1.371802633860107937e-17,6.695994029138272624e-18,3.067350826764907293e-12
5.999999999999999084e-02,6.246595016019745200e-12,3.317750868352519088e-12,8.829414083484361233e-16,1.919350841184378472e-16,9.556054551404490827e-17,2.927673710629244921e-12
6.499999999999998834e-02,6.284016756724153883e-12,3.435513161915215596e-12,5.351925169132502538e-16,1.102139735873594325e-16,5.499049411724075127e-17,2.847803197824320181e-12
6.999999999999999278e-02,6.373372790167789477e-12,3.580787514887820730e-12,6.110548462061856837e-17,8.981057579737580226e-18,4.468658053070509978e-18,2.792510720079715043e-12
7.499999999999998335e-02,6.206817865793695854e-12,3.438150296372947933e-12,6.184567737988338274e-16,1.850984435279932661e-16,9.244098789352054987e-17,2.767771573215527596e-12
7.999999999999998779e-02,5.844497597798246567e-12,3.039672933580194834e-12,4.151385612767504111e-16,1.290813270179660279e-16,6.457419863037909503e-17,2.804215870131126039e-12
8.499999999999997835e-02,5.763049898470946246e-12,2.880558735960100371e-12,4.151907680705173784e-17,2.814327598458896097e-18,1.388896169560512435e-18,2.882445440210270901e-12
8.999999999999998279e-02,5.720928130682680793e-12,2.806168161908697630e-12,1.173759710185886216e-15,1.551977368459968393e-16,7.725189464714030039e-17,2.913353759432304219e-12
9.499999999999998723e-02,5.494156498739183367e-12,2.714502661244449808e-12,1.793133925646587567e-15,1.245974944492775165e-16,6.243174390332130938e-17,2.777673674330734466e-12
9.999999999999997780e-02,6.517098957192396382e-12,2.934633775602267604e-12,3.386765734948711406e-15,7.635084886869111993e-19,3.975909900979421916e-19,3.579077254755701418e-12
1.049999999999999822e-01,6.501143342267080454e-12,3.135154451134719507e-12,2.799477588554495541e-15,1.261288484401310984e-16,6.300626707376890653e-17,3.363000278428292726e-12
1.099999999999999728e-01,6.307863353397715107e-12,3.113963039924916647e-12,1.023684754476710729e-15,1.013592163123457012e-16,5.018689736165692025e-17,3.192725082604648462e-12
1.149999999999999772e-01,7.244927590911238450e-12,3.304349717283207421e-12,3.144918874587498359e-16,1.884298816038898547e-18,8.125985425330535577e-19,3.940260684843214222e-12
1.199999999999999817e-01,7.522995768753308252e-12,3.495595660908913335e-12,3.945832227874196030e-16,1.320044963694766368e-16,6.689241771288503298e-17,4.026806627707524062e-12
1.249999999999999722e-01,7.889793152072723824e-12,3.565221241006378971e-12,3.339301079977635547e-16,1.074454766722834071e-16,5.339603953573064424e-17,4.324077139442139554e-12
1.299999999999999767e-01,8.731968036818337824e-12,4.071671122986352795e-12,4.132098851239187174e-17,6.680841286410375633e-19,2.979381374710435427e-19,4.660254626821206850e-12
1.349999999999999811e-01,9.762171956970561062e-12,4.717698605583722359e-12,3.542630577392704400e-16,1.120604007088563752e-16,5.595213557203411578e-17,5.043951075792818634e-12
1.399999999999999856e-01,1.062120362554889946e-11,5.169396863625158263e-12,2.784496417716003368e-16,9.163024943189264989e-17,4.583470068324415971e-17,5.451390847331854965e-12
1.449999999999999900e-01,1.187113330143503721e-11,5.990632619824599288e-12,9.521691050737475487e-18,1.958155778488474125e-18,9.689171203382164854e-19,5.880488232846488174e-12
1.499999999999999944e-01,1.310750440682902962e-11,6.740236734133241318e-12,2.837374037771041028e-16,9.792159399646171041e-17,4.886202676230949931e-17,6.366837151671251715e-12
1.549999999999999989e-01,1.386452160013693120e-11,6.960518037796715491e-12,2.054528230830273738e-16,6.082995867915250262e-17,3.042003902364762879e-17,6.903706859519429631e-12
1.599999999999999756e-01,1.494043166512586116e-11,7.502526558795139599e-12,6.503864200165547956e-18,7.291842669631159420e-18,3.626707807545897535e-18,7.437887683916045927e-12
1.649999999999999800e-01,1.602850293608309201e-11,8.051218784944323923e-12,1.087096148068935959e-16,4.228528320148601609e-17,2.113849675088164459e-17,7.977112017744010927e-12
1.699999999999999845e-01,1.665454332230645450e-11,8.081133901752926327e-12,2.130309495619794446e-16,9.890356660529860175e-17,4.937550408482779862e-17,8.573048110533276946e-12
1.749999999999999889e-01,1.789689177804472330e-11,8.685418797829516520e-12,2.681879438509947688e-17,8.318620752889172307e-18,4.191648254988161677e-18,9.211433651151813608e-12
1.799999999999999933e-01,1.931928138665863942e-11,9.489404773944275872e-12,2.279030768226488767e-16,7.293132395634189546e-17,3.630661387206444578e-17,9.829539471699710751e-12
1.809999999999999942e-01,1.957221708007773655e-11,9.606163675048436146e-12,1.062929685181850686e-16,2.646788887064685194e-17,1.315688015825588087e-17,9.965907487291754509e-12
1.819999999999999951e-01,1.966424584718173100e-11,9.578430487092301628e-12,2.723448624149926605e-17,2.193213013230980617e-18,1.096522638168590128e-18,1.008578483586753587e-11
1.829999999999999960e-01,1.969974279562530733e-11,9.503955578357073031e-12,4.510409555270299754e-17,1.432261644953237707e-17,7.177570629915734475e-18,1.019572061298560394e-11
1.839999999999999969e-01,1.982670798170592867e-11,9.516097420146981369e-12,1.516648569801054076e-16,5.391179209760950461e-17,2.692016907438592946e-17,1.031037806474079596e-11
1.849999999999999978e-01,2.013513259735870804e-11,9.694239193666519218e-12,2.781837593734103266e-16,9.500179306918398700e-17,4.739025397168486757e-17,1.044047282788577371e-11
1.859999999999999987e-01,2.059342490967876251e-11,1.000825189656206630e-11,3.388922043566437175e-16,1.113075831771356639e-16,5.550769530933027384e-17,1.058466730563385448e-11
1.869999999999999996e-01,2.106775350221672789e-11,1.033563257224753382e-11,2.892635084067404398e-16,9.270442379107966035e-17,4.624004346047746471e-17,1.073169272199353638e-11
1.880000000000000004e-01,2.141203657745120490e-11,1.054176097890242918e-11,1.611435149365887470e-16,5.122537468394808299e-17,2.557663571129106281e-17,1.087003765302344152e-11
1.890000000000000013e-01,2.156701007653116609e-11,1.057058214076884895e-11,5.046917109703578295e-17,1.309911287636851069e-17,6.566103256143485039e-18,1.099635780137508937e-11
1.900000000000000022e-01,2.159998808198841161e-11,1.048443355420538544e-11,6.378475398302032123e-17,2.082607694328959314e-18,1.029638151716963150e-18,1.111548763078319748e-11
1.910000000000000031e-01,2.165767201706980867e-11,1.042458046072002714e-11,2.567974225828785376e-16,2.459241169676525047e-17,1.216650205978962895e-17,1.123279800001344089e-11
1.920000000000000040e-01,2.186451426231462807e-11,1.051714701643477394e-11,6.035299763940111650e-16,6.584162538848264281e-17,3.262761405962949327e-17,1.134666524666401355e-11
1.930000000000000049e-01,2.223698588051235885e-11,1.078691956899305842e-11,1.014656199873461877e-15,9.928809043564651789e-17,4.921045405317395771e-17,1.144890315677493881e-11
1.940000000000000058e-01,2.267342904510752850e-11,1.113777875874759523e-11,1.391996859836117610e-15,1.034491703166320522e-16,5.122846008744777284e-17,1.153410361186969116e-11
1.950000000000000067e-01,2.302732006922918265e-11,1.141472210062522056e-11,1.684197597711880222e-15,7.555116367495620689e-17,3.731686034543185514e-17,1.161080090298222792e-11
1.960000000000000075e-01,2.321426706379272872e-11,1.150737961492349537e-11,1.910376370317748396e-15,3.337830614661775328e-17,1.636530657762133790e-17,1.170492732888619060e-11
1.970000000000000084e-01,2.327910092651056081e-11,1.142581451565419633e-11,2.141416018991240491e-15,4.001629758507788663e-18,1.901403406669936383e-18,1.185113909180420868e-11
1.980000000000000093e-01,2.337522230901914356e-11,1.129664435803974228e-11,2.455833909004316329e-15,6.382153536494043030e-18,3.398995625396877343e-18,1.207611233592123580e-11
1.989999999999999825e-01,2.366663814183149488e-11,1.128040458132398207e-11,2.900225874232649111e-15,3.894599470544030247e-17,2.005110917801624986e-17,1.238327433752939448e-11
1.999999999999999833e-01,2.421508078540317217e-11,1.146441777688249835e-11,3.475809367093665327e-15,8.032920072319897008e-17,4.112016499674290227e-17,1.274706574978785937e-11
2.009999999999999842e-01,2.492597800475891510e-11,1.180304034421325563e-11,4.150850204063573939e-15,1.031450537250357082e-16,5.281618693912334471e-17,1.311863084910093252e-11
2.019999999999999851e-01,2.559043628472010207e-11,1.214644230794718560e-11,4.880703009835106040e-15,9.203745900943546091e-17,4.734848358135384924e-17,1.343897388782048913e-11
2.029999999999999860e-01,2.599961820652729838e-11,1.233999725196856824e-11,5.615732495529552649e-15,5.413127694149140529e-17,2.819686700481851696e-17,1.365392289391925365e-11
2.039999999999999869e-01,2.606205087149269978e-11,1.232841016306327008e-11,6.292244919780877087e-15,1.466495997812220740e-17,7.969227880142943235e-18,1.372732582932178994e-11
2.049999999999999878e-01,2.585263001685460578e-11,1.219446131105301561e-11,6.820156378495057543e-15,3.304122610171978237e-19,8.482115518422456408e-20,1.365134813418967743e-11
2.059999999999999887e-01,2.556514787148021720e-11,1.210522386044687249e-11,7.088283943264510898e-15,2.126360202000728175e-17,9.750356818225603808e-18,1.345280471313124471e-11
2.069999999999999896e-01,2.540036946956137637e-11,1.220054791671723955e-11,6.997404602446549969e-15,6.389279805687927528e-17,3.034612395787685190e-17,1.319272990931967676e-11
2.079999999999999905e-01,2.546068314055997929e-11,1.249806562551790006e-11,6.509591086277712425e-15,9.977787760927092092e-17,4.780750079479814436e-17,1.295596033857739573e-11
2.089999999999999913e-01,2.571556521881117453e-11,1.287908553123694469e-11,5.685349884209779097e-15,1.047320362462304095e-16,5.015695156202167140e-17,1.283063944870221019e-11
2.099999999999999922e-01,2.605428483281318364e-11,1.316641416836109063e-11,4.680919097612367821e-15,7.530814408629694953e-17,3.572557044243363673e-17,1.288307871163995485e-11
2.109999999999999931e-01,2.638461462189814787e-11,1.324349804296269061e-11,3.698221999066738900e-15,3.129434953124396518e-17,1.438264039280088607e-17,1.313737267994646789e-11
2.119999999999999940e-01,2.670660310984121765e-11,1.313552409334385744e-11,2.907814598415997054e-15,2.341608216692559382e-18,8.395493112841528586e-19,1.356816802074141531e-11
2.129999999999999949e-01,2.710866055162937581e-11,1.299706422215973115e-11,2.383296867625148903e-15,7.787867606428723424e-18,4.573927658388053035e-18,1.410920067080675499e-11
2.139999999999999958e-01,2.768787459138696033e-11,1.301239319834281542e-11,2.081982649411897368e-15,4.351968146427077340e-17,2.330388928088344601e-17,1.467333258682398616e-11
2.149999999999999967e-01,2.845133254925073063e-11,1.327328107490245689e-11,1.882214584474045365e-15,8.490371797265755368e-17,4.452044048268258517e-17,1.517603983560534436e-11
2.159999999999999976e-01,2.927248627859983275e-11,1.371559281964811250e-11,1.656462961575448274e-15,1.037192197541977134e-16,5.401651447288790044e-17,1.555507926025591875e-11
2.169999999999999984e-01,2.994242786207736004e-11,1.415852096721126684e-11,1.339687393259657234e-15,8.737013327309867898e-17,4.552092408475212496e-17,1.578243431641547265e-11
2.179999999999999993e-01,3.029119599694841291e-11,1.442263039154603172e-11,9.561549456255981175e-16,4.718604662106747337e-17,2.482756658762790859e-17,1.586753743684354473e-11
2.190000000000000002e-01,3.030211889178749229e-11,1.444961200368473077e-11,5.928804802287487521e-16,1.029838717123822392e-17,5.676195648532863939e-18,1.585189803303971250e-11
2.200000000000000011e-01,3.013986831186846853e-11,1.434365093000152244e-11,3.391590424107626224e-16,9.513120046079141295e-19,3.462946909717212150e-19,1.579587692521784272e-11
2.210000000000000020e-01,3.006534927796637036e-11,1.430483882569994585e-11,2.304973440320532559e-16,2.422106254211181285e-17,1.148002402932038020e-17,1.576024425383582020e-11
2.220000000000000029e-01,3.028513862268757172e-11,1.449666722513851668e-11,2.304269781794394202e-16,6.314360701225083275e-17,3.064251047992122695e-17,1.578814718445338387e-11
2.230000000000000038e-01,3.082995587593204481e-11,1.493494637526037794e-11,2.586003977174819789e-16,9.079270228427000973e-17,4.437682905368161709e-17,1.589461573074261490e-11
2.239999999999999769e-01,3.154196763406468074e-11,1.547341006864531827e-11,2.442382585627415973e-16,8.864697796727798320e-17,4.340207174704719568e-17,1.606818127811108468e-11
2.249999999999999778e-01,3.218151682523956387e-11,1.589826855328619010e-11,1.690008582164471013e-16,5.865120622690047019e-17,2.864692246325038498e-17,1.628299197296646714e-11
2.259999999999999787e-01,3.258490542510623710e-11,1.607090933793704000e-11,7.198002344922046034e-17,2.114104125090274703e-17,1.021027941385020642e-17,1.651389275582507978e-11
2.269999999999999796e-01,3.276953658871617500e-11,1.602370436281032739e-11,1.564941162972771275e-17,6.329152079851618646e-19,2.643047793045171362e-19,1.674581567927422898e-11
2.279999999999999805e-01,3.291647674336662991e-11,1.594275751332788702e-11,3.771018793290452146e-17,9.485532799985973950e-18,4.909383933754947459e-18,1.697366712493407462e-11
2.289999999999999813e-01,3.324219511948138000e-11,1.604591967418935630e-11,1.224278882519780688e-16,4.033652324926118793e-17,2.042264899769231397e-17,1.719609225823152689e-11
2.299999999999999822e-01,3.384627020812990935e-11,1.643559224154669269e-11,2.107332619466568006e-16,7.182482239082862326e-17,3.613566206455362910e-17,1.741035927283681539e-11
2.309999999999999831e-01,3.463890234757633889e-11,1.702539826225554303e-11,2.411576136475315968e-16,8.312887944505936462e-17,4.169301331721356995e-17,1.761313810581438493e-11
2.319999999999999840e-01,3.539857319106702344e-11,1.759275567819420578e-11,1.924368540725445182e-16,6.737753213431151980e-17,3.372498903307372340e-17,1.780552397349758123e-11
2.329999999999999849e-01,3.592174245431631222e-11,1.792549305224082656e-11,9.793149265682076378e-17,3.535786876737764266e-17,1.766676266466387605e-17,1.799609844595139432e-11
2.339999999999999858e-01,3.616310638057883089e-11,1.796573569867136788e-11,2.208059607049412797e-17,7.752621785145688154e-18,3.861608987933730507e-18,1.819733698708061818e-11
2.349999999999999867e-01,3.627020888814788049e-11,1.785316469498291343e-11,1.568703835948812665e-17,1.575881055717147379e-18,7.895817580643650596e-19,1.841702614066379027e-11
2.359999999999999876e-01,3.648713572370512784e-11,1.783524889148010485e-11,8.128863431551502876e-17,1.973784636588506058e-17,9.875915875990156519e-18,1.865177592982846486e-11
2.369999999999999885e-01,3.699085111830974936e-11,1.810164907913944805e-11,1.723163888490646269e-16,5.004237840649968813e-17,2.501132825110848441e-17,1.888895466907479589e-11
2.379999999999999893e-01,3.777021713249758864e-11,1.865333085987116967e-11,2.258714118045398337e-16,7.356424741944341581e-17,3.674418498021274782e-17,1.911655009278221890e-11
2.389999999999999902e-01,3.863009699604400654e-11,1.929648077130757139e-11,2.057740351898088106e-16,7.655346604248941024e-17,3.821953519782254958e-17,1.933329567770000108e-11
2.399999999999999911e-01,3.931944284877795005e-11,1.976883531966618000e-11,1.261653107591536790e-16,5.830625293020491415e-17,2.909755600854725073e-17,1.955039395999207616e-11
2.409999999999999920e-01,3.969885605158463862e-11,1.991600806329235478e-11,4.027837818680654998e-17,3.051270362065961890e-17,1.521952082042841391e-17,1.978276197768965606e-11
2.419999999999999929e-01,3.983576515344628125e-11,1.979909246631896809e-11,3.371479932131221644e-18,9.152346997266261458e-18,4.560738516765083433e-18,2.003665560256186666e-11
2.429999999999999938e-01,3.996263225505235720e-11,1.965850100306745437e-11,3.597949824858717011e-17,4.473355695683104909e-18,2.231975522410821647e-18,2.030408856715543524e-11
2.439999999999999947e-01,4.032431236204857629e-11,1.975499530085808785e-11,1.121189640394108053e-16,1.534185847712774789e-17,7.662749750023291469e-18,2.056918193761822191e-11
2.449999999999999956e-01,4.101479536859662265e-11,2.019301725769828435e-11,1.789005183222098162e-16,3.110772005077766296e-17,1.553434277261580645e-17,2.082155256831719586e-11
2.459999999999999964e-01,4.191185037010771781e-11,2.084605215557910548e-11,1.925608846630606756e-16,3.927555626518629290e-17,1.960892278140840582e-17,2.106554676916490337e-11
2.469999999999999973e-01,4.275459652778307907e-11,2.143719462369780214e-11,1.460163304586888426e-16,3.376406141951564032e-17,1.685233081574975771e-17,2.131720527136258019e-11
2.479999999999999982e-01,4.331496243668284172e-11,2.172379261646527784e-11,7.053612856640604997e-17,1.846624247458098154e-17,9.211368120120244834e-18,2.159107160647840234e-11
2.489999999999999991e-01,4.355096087919486609e-11,2.166315508426680660e-11,1.261387213480169024e-17,4.077528737670345461e-18,2.029361969401424611e-18,2.188778707416521755e-11
2.500000000000000000e-01,4.363959284470250905e-11,2.144642881908492520e-11,3.255054957278156587e-18,5.738941915559275079e-19,2.885030025450836566e-19,2.219315990816542765e-11
2.510000000000000009e-01,4.386472159095249499e-11,2.137474384947305006e-11,4.017260868387812871e-17,1.045959204554660407e-17,5.236406971124972007e-18,2.248992187287174732e-11
2.520000000000000018e-01,4.443078343873401998e-11,2.165812537283591506e-11,9.291614998592512367e-17,2.723826498214494487e-17,1.362320631355688579e-17,2.277252428827682078e-11
2.530000000000000027e-01,4.532427920670144246e-11,2.227170610124901081e-11,1.251154168193823841e-16,3.997850280705787954e-17,1.998500881880432290e-17,2.305238802652398512e-11
2.540000000000000036e-01,4.631678366035112267e-11,2.296780101478592747e-11,1.177526640431701261e-16,4.074151043142839554e-17,2.035728021684194623e-17,2.334880379411050292e-11
2.550000000000000044e-01,4.711197546257319131e-11,2.343901953682816956e-11,7.866568835245786489e-17,2.976255393290839379e-17,1.486326136480016744e-17,2.367283263424137178e-11
2.560000000000000053e-01,4.754321965724468090e-11,2.352538867834099848e-11,3.402995205199824140e-17,1.489514288534289694e-17,7.432338724432203854e-18,2.401777462147002168e-11
2.570000000000000062e-01,4.769105824371143124e-11,2.332649636353224217e-11,9.446883795342214916e-18,5.834163474920138356e-18,2.908956084752377984e-18,2.436454369017583720e-11
2.580000000000000071e-01,4.783864860388564370e-11,2.314085474971280456e-11,1.382333002916551910e-17,7.268428493452673007e-18,3.630215073598841733e-18,2.469776913219924366e-11
2.590000000000000080e-01,4.828880572920629425e-11,2.326958138429947694e-11,3.587910510140576853e-17,1.583461908278925916e-17,7.908401706444856021e-18,2.501916472278092614e-11
2.600000000000000089e-01,4.916054433255041874e-11,2.381376586367776812e-11,5.413369212127686976e-17,2.302089258685123943e-17,1.148873628258826229e-17,2.534668982555166122e-11
2.610000000000000098e-01,5.030192653115707035e-11,2.460198317973963784e-11,5.276600669379934320e-17,2.189353449458813760e-17,1.091355698908185041e-17,2.569985777831925470e-11
2.620000000000000107e-01,5.138323309432354083e-11,2.529982424221422020e-11,3.275767511828286500e-17,1.272195723645768363e-17,6.328379764817768757e-18,2.608335704409719670e-11
2.630000000000000115e-01,5.211485483194658057e-11,2.563197179685237149e-11,1.134285521849586198e-17,3.284046935916307920e-18,1.624915037993194330e-18,2.648286678327701799e-11
2.640000000000000124e-01,5.244688215812201737e-11,2.556997491672510443e-11,1.030961929880231412e-17,3.405018795115207543e-18,1.705682041795581812e-18,2.687689182107677610e-11
2.650000000000000133e-01,5.261340190207844865e-11,2.535840568243738598e-11,4.060162875443446981e-17,1.747832921993203237e-17,8.749962404132243542e-18,2.725492938972068643e-11
2.660000000000000142e-01,5.298452608191097483e-11,2.535764603034479928e-11,9.308149598472790945e-17,4.034336595065998464e-17,2.016582908161235134e-17,2.762672646087515811e-11
2.670000000000000151e-01,5.381923333892778016e-11,2.580435641070891130e-11,1.418765153119953866e-16,5.973070738895945295e-17,2.982375997797291835e-17,2.801464549723618784e-11
2.680000000000000160e-01,5.508426571697472426e-11,2.664872269213598333e-11,1.592167764816572290e-16,6.397228421331985386e-17,3.191079283180400822e-17,2.843528792498521789e-11
2.690000000000000169e-01,5.646611133359566992e-11,2.758022788079052913e-11,1.332626360587963756e-16,4.992522641945857741e-17,2.487848244591686330e-17,2.888567538646021774e-11
2.700000000000000178e-01,5.757569970922136964e-11,2.822992293762191242e-11,7.763306508444552033e-17,2.569557227047468826e-17,1.278733284893277362e-17,2.934566065562925645e-11
2.710000000000000187e-01,5.821276756043664276e-11,2.841799218942328884e-11,2.548417580482823902e-17,6.079226205775547717e-18,3.019973299953423973e-18,2.979474078763804867e-11
2.720000000000000195e-01,5.851040028631192038e-11,2.828104102450080358e-11,1.028688031746895859e-17,3.448501396087553624e-18,1.734026079234729484e-18,3.022934379240332622e-11
2.730000000000000204e-01,5.885581616940569042e-11,2.818959471397889709e-11,4.448750763478907773e-17,1.988704861084098843e-17,9.949916147157628857e-18,3.066614713095440199e-11
2.740000000000000213e-01,5.963373566246136750e-11,2.850498450335110591e-11,1.099014869200878376e-16,4.566795304168604240e-17,2.280593456043352368e-17,3.112857278373574549e-11
2.750000000000000222e-01,6.096260361258318055e-11,2.933470425826417109e-11,1.673196145163526287e-16,6.514442384326525159e-17,3.250278107379375701e-17,3.162763438749957824e-11
2.760000000000000231e-01,6.260479826323853272e-11,3.045147250116557092e-11,1.806281821436815086e-16,6.640140488954283093e-17,3.311187578742960193e-17,3.215304562061013603e-11
2.770000000000000240e-01,6.411824803374408730e-11,3.143606937101736466e-11,1.405023323770592715e-16,4.862869759046700118e-17,2.424078114417606138e-17,3.268196529091560287e-11
2.780000000000000249e-01,6.515296176146429162e-11,3.195476715306589721e-11,7.176951609056218255e-17,2.261057480688889377e-17,1.126921713338096343e-17,3.319808895909036855e-11
2.790000000000000258e-01,6.569340208070751548e-11,3.198813183320690554e-11,1.845590864515888705e-17,4.036160595762842225e-18,2.014284476111531104e-18,3.370524574114689549e-11
2.800000000000000266e-01,6.607895632390654204e-11,3.185462192836482546e-11,1.535760572754199335e-17,3.798589244407387757e-18,1.900859503578059446e-18,3.422431333848723836e-11
2.810000000000000275e-01,6.678221862964013889e-11,3.200596245021512681e-11,6.471566135802308634e-17,2.130428899142840913e-17,1.063173484515357470e-17,3.477615952773981651e-11
2.820000000000000284e-01,6.809013681616318255e-11,3.272510903848902442e-11,1.340262139416320356e-16,4.493781200637128914e-17,2.241876484304469349e-17,3.536482639488336003e-11
2.830000000000000293e-01,6.990328787446465046e-11,3.392824631567558802e-11,1.772133693917830493e-16,5.939381309544127683e-17,2.963274526763738691e-17,3.597477531886130773e-11
2.840000000000000302e-01,7.179326012047054542e-11,3.520880799118761575e-11,1.654201118114008145e-16,5.531928201142459863e-17,2.760680231066401778e-17,3.658420378308680738e-11
2.849999999999999756e-01,7.328551132135222313e-11,3.610216084694085528e-11,1.066358804941477298e-16,3.523342438058452612e-17,1.759060798312748105e-17,3.718319101449851298e-11
2.859999999999999765e-01,7.418080447174399343e-11,3.639903193279803293e-11,4.054782864010293399e-17,1.195641168859262567e-17,5.974377292002659599e-18,3.778171406032835493e-11
2.869999999999999774e-01,7.469780593143323932e-11,3.629653378905416695e-11,1.179525350160139949e-17,4.467502811486412526e-19,2.236678848172299042e-19,3.840125967670739985e-11
2.879999999999999782e-01,7.533586122544367209e-11,3.627843982955849194e-11,3.971580628486162289e-17,8.157685276037311758e-18,4.067044363439569793e-18,3.905736945534925797e-11
2.889999999999999791e-01,7.654426056575118004e-11,3.679647262575650849e-11,1.052552889808732402e-16,3.009757005248099164e-17,1.502243278428960810e-17,3.974763756470285090e-11
2.899999999999999800e-01,7.841711604370637685e-11,3.796216232426415580e-11,1.640165807860821183e-16,5.191100144162313961e-17,2.592518350606453087e-17,4.045471186667648223e-11
2.909999999999999809e-01,8.062060510929129868e-11,3.945910813138267424e-11,1.764821417036673188e-16,5.917012055106330763e-17,2.956364649338810841e-17,4.116123176199986885e-11
2.919999999999999818e-01,8.260735110653670313e-11,4.074310733804170044e-11,1.346992724099795397e-16,4.692146686431908920e-17,2.345283164849940898e-17,4.186403869492407712e-11
2.929999999999999827e-01,8.398060338403351079e-11,4.140430659135862363e-11,6.728606748732472878e-17,2.315618396473590706e-17,1.157846979576337052e-17,4.257619477195363727e-11
2.939999999999999836e-01,8.476681037540339896e-11,4.145090946921272013e-11,1.962254195365722258e-17,3.703460850661596517e-18,1.852598683538705144e-18,4.331587572758918696e-11
2.949999999999999845e-01,8.541074273401878292e-11,4.131877396057725937e-11,2.305171131223555398e-17,1.727498427270476590e-18,8.629933293229524598e-19,4.409194313123845019e-11
2.959999999999999853e-01,8.648881912572398268e-11,4.159064139618290779e-11,7.413702252692489641e-17,1.877753174132719998e-17,9.391151418143843107e-18,4.489807542383538569e-11
2.969999999999999862e-01,8.832526640233358119e-11,4.260555217702554316e-11,1.377356155858661599e-16,4.352557023722133156e-17,2.177341454437375705e-17,4.571951119070766668e-11
2.979999999999999871e-01,9.076613529578369454e-11,4.422006693931588163e-11,1.711687835175079501e-16,5.926618679006711405e-17,2.965001571432631528e-17,4.654580827148179544e-11
2.989999999999999880e-01,9.326790182612148676e-11,4.588905524636097241e-11,1.526109228439031823e-16,5.525475604462296440e-17,2.764127179055942571e-17,4.737861107280983497e-11
2.999999999999999889e-01,9.525134663500005634e-11,4.702262716817197778e-11,9.459977137285588162e-17,3.415946017288951257e-17,1.708216770520281542e-17,4.822857362542882612e-11
3.009999999999999898e-01,9.649197578141920121e-11,4.738655973315490974e-11,3.446442498011883305e-17,1.038682313706475525e-17,5.187250322441896717e-18,4.910536600976584872e-11
3.019999999999999907e-01,9.728605542515962743e-11,4.727558169371219562e-11,9.609101253970639435e-18,2.642309900589656282e-19,1.351905085556448034e-19,5.001046372292467399e-11
3.029999999999999916e-01,9.827272939173154692e-11,4.733330394850601056e-11,3.570817042876503343e-17,1.076989283131642312e-17,5.423434279148520423e-18,5.093937354172798960e-11
3.039999999999999925e-01,1.000191360327171125e-10,4.812793782202228607e-11,1.030987942774455991e-16,3.464549395344598624e-17,1.741849062942791203e-17,5.189104304791596443e-11
3.049999999999999933e-01,1.026384359171406548e-10,4.976282908564577913e-11,1.931731903083673635e-16,5.537779801555712507e-17,2.784856745883117161e-17,5.287533043193909303e-11
3.059999999999999942e-01,1.056985491196343339e-10,5.178765894477834209e-11,3.019530684391770153e-16,5.865028987562838545e-17,2.953561811267749503e-17,5.391050003587956224e-11
3.069999999999999951e-01,1.084934695681673414e-10,5.348218912929149888e-11,4.526111918270417484e-16,4.228396331420347002e-17,2.136992938535412902e-17,5.501076417379131317e-11
3.079999999999999960e-01,1.105073579911159266e-10,5.433451244909803737e-11,6.864663079987437630e-16,1.769808795555544671e-17,9.040335154444392322e-18,5.617213233728677987e-11
3.089999999999999969e-01,1.117648782591946106e-10,5.439721013305327401e-11,1.037739105486870495e-15,1.870703354016843881e-18,1.014675023218662388e-18,5.736662750165747573e-11
3.099999999999999978e-01,1.128263958020542061e-10,5.427561186992869771e-11,1.510174322527910939e-15,5.469910232934167279e-18,2.613311805843013809e-18,5.854926567458094024e-11
3.109999999999999987e-01,1.144184711630581530e-10,5.474232123181017923e-11,2.074148011600795551e-15,2.550421855344836589e-17,1.235110156070866502e-17,5.967403792791625399e-11
3.119999999999999996e-01,1.169385774795952202e-10,5.622503887744558115e-11,2.689787035025434465e-15,4.760141021035219914e-17,2.309315686272944252e-17,6.071077812054755057e-11
3.130000000000000004e-01,1.201695658699738043e-10,5.850961163598942206e-11,3.342969017497394142e-15,5.619779587385875349e-17,2.714999437917557234e-17,6.165652791717663727e-11
3.140000000000000013e-01,1.234107531791648960e-10,6.086685492531964564e-11,4.069316295844235294e-15,4.538097069409266720e-17,2.167401415769067540e-17,6.253976188256455090e-11
3.150000000000000022e-01,1.259555011784988856e-10,6.253181320117313853e-11,4.945254968072272769e-15,2.279240608339429723e-17,1.056643705886822265e-17,6.341870936351453391e-11
3.160000000000000031e-01,1.276022105238772894e-10,6.322207214077085980e-11,6.043920698446604763e-15,4.016803800459337749e-18,1.629104195703013879e-18,6.437408881649997980e-11
3.170000000000000040e-01,1.288453368581284593e-10,6.334344322338768684e-11,7.376398454135673502e-15,1.605496092478990024e-18,1.058768094023218996e-18,6.549451457202246403e-11
3.180000000000000049e-01,1.305937105228246964e-10,6.373095864653358829e-11,8.851281087313689920e-15,1.651647483692224997e-17,9.186854598482886731e-18,6.685387489187436388e-11
3.190000000000000058e-01,1.335800310786913889e-10,6.508443228331646427e-11,1.027909839204206390e-14,3.782907201500272293e-17,2.038533300948991940e-17,6.848526148257785307e-11
3.200000000000000067e-01,1.378467323407027128e-10,6.747339237003750933e-11,1.142540307880032486e-14,5.063734870388986432e-17,2.706768991261039097e-17,7.036183686254778262e-11
3.210000000000000075e-01,1.426628075652995991e-10,7.025492502602092684e-11,1.208998978878404733e-14,4.636206929490551028e-17,2.488167786487433674e-17,7.239572130574272600e-11
3.220000000000000084e-01,1.469518580340292478e-10,7.248049130652221635e-11,1.217520883269174122e-14,2.829433994321275790e-17,1.548981169422469349e-17,7.445914773452269601e-11
3.230000000000000093e-01,1.499692115439814652e-10,7.353622539774881276e-11,1.171208766896720062e-14,8.800090103141334043e-18,5.157118517662781625e-18,7.642126010135504453e-11
3.240000000000000102e-01,1.517859684948314872e-10,7.358908361065712577e-11,1.083537616058714174e-14,5.157538814205186522e-19,3.240015234190778396e-19,7.818604866825835329e-11
3.249999999999999556e-01,1.532501827896566263e-10,7.352332262614864659e-11,9.724353339472714845e-15,7.846297771803733640e-18,3.329573640004749903e-18,7.971712463429709059e-11
3.259999999999999565e-01,1.554358186110699949e-10,7.438467605865875439e-11,8.540636374806278380e-15,2.450336089760527895e-17,1.115642341160265081e-17,8.104256625625212060e-11
3.269999999999999574e-01,1.589359334558274608e-10,7.668625041371000423e-11,7.390348840947572704e-15,3.836960601095099147e-17,1.783811103760848132e-17,8.224223648555946896e-11
3.279999999999999583e-01,1.634724736378303671e-10,8.004105056339870027e-11,6.320284927235530953e-15,3.994551679424677494e-17,1.865945428041120840e-17,8.342504418453334310e-11
3.289999999999999591e-01,1.680938139770737871e-10,8.338520730888534628e-11,5.338319856346607223e-15,2.848884027342630284e-17,1.321346587336471612e-17,8.470322664602595497e-11
3.299999999999999600e-01,1.718387463330895910e-10,8.566622731575453672e-11,4.438808829918098345e-15,1.192935800720797419e-17,5.366764492561441693e-18,8.616806291238262350e-11
3.309999999999999609e-01,1.744231675447225280e-10,8.654916052404206047e-11,3.617784561371847412e-15,1.077131315708869166e-18,3.952385319456647125e-19,8.787038776374924940e-11
3.319999999999999618e-01,1.764759210927919435e-10,8.666261582237400019e-11,2.874882667962501457e-15,2.368205505768586058e-18,1.401324276446400180e-18,8.981042661822019617e-11
3.329999999999999627e-01,1.791437627853893299e-10,8.719984439920088604e-11,2.209271573156538774e-15,1.399725115302000234e-17,7.417724599707419106e-18,9.194168769963953956e-11
3.339999999999999636e-01,1.833130711320170761e-10,8.912164815311937055e-11,1.618616013564616493e-15,2.766327476765426272e-17,1.429316338357109961e-17,9.418976240644599081e-11
3.349999999999999645e-01,1.889700400441967432e-10,9.248918801215697500e-11,1.103813776962424222e-15,3.433155015124560169e-17,1.755778965540860780e-17,9.647969632892299862e-11
3.359999999999999654e-01,1.951483190799023240e-10,9.638748871592951197e-11,6.744616955096447798e-16,2.999096729695785242e-17,1.526960308832689828e-17,9.876011064170692073e-11
3.369999999999999662e-01,2.005296395570311111e-10,9.951573689480874416e-11,3.476457400362175081e-16,1.776920536039239728e-17,9.042381578736308167e-18,1.010135282048953936e-10
3.379999999999999671e-01,2.043184173538192005e-10,1.010677012277612128e-10,1.376157811169474914e-16,5.409741202141675572e-18,2.771346825180085485e-18,1.032505703291888403e-10
3.389999999999999680e-01,2.068065155368078209e-10,1.013112766822783927e-10,4.194447772393295747e-17,1.030882784193015300e-19,5.407514068005238165e-20,1.054951967528882808e-10
3.399999999999999689e-01,2.092287829245646561e-10,1.014568866730661143e-10,3.413061477228050820e-17,4.104683915789798942e-18,2.013030060703565787e-18,1.077718560031697998e-10
3.409999999999999698e-01,2.129744286201720332e-10,1.028735348674556364e-10,6.944557422164537346e-17,1.375740513119063110e-17,6.816691570993386567e-18,1.101008037330454600e-10
3.419999999999999707e-01,2.186598507980457619e-10,1.061603231368835900e-10,1.021518868447689261e-16,2.221849192312294419e-17,1.104371134301448179e-17,1.124993922470720478e-10
3.429999999999999716e-01,2.256850135404684982e-10,1.107024239071450147e-10,1.043010637538577709e-16,2.392458309456460896e-17,1.191028316758642221e-17,1.149824494973934848e-10
3.439999999999999725e-01,2.325949175476757501e-10,1.150368973686173330e-10,7.488373224138389798e-17,1.795005971239895470e-17,8.945666784104107602e-18,1.175579183995996634e-10
3.449999999999999734e-01,2.380359036248982528e-10,1.178145291195867697e-10,3.417921125480071338e-17,8.298120544434305892e-18,4.139983928173589456e-18,1.202213278879957290e-10
3.459999999999999742e-01,2.416838799866865829e-10,1.187272081883118837e-10,7.459346486906783751e-18,1.136559106952210164e-18,5.684736470715391419e-19,1.229566626339954304e-10
3.469999999999999751e-01,2.445130536514376021e-10,1.187660900895587921e-10,8.428973198990437278e-18,8.238755764804934000e-19,4.094564166790999367e-19,1.257469538995736220e-10
3.479999999999999760e-01,2.481932282797297618e-10,1.196046610601346363e-10,3.206741346025834744e-17,7.214653702013099319e-18,3.596416958636924077e-18,1.285885243411110282e-10
3.489999999999999769e-01,2.539861458762779801e-10,1.224889507767259393e-10,5.989072207392226324e-17,1.587003154689845445e-17,7.917911796133904717e-18,1.314971114208866381e-10
3.499999999999999778e-01,2.618690186146521007e-10,1.273702513935909578e-10,7.285249181613550543e-17,2.098246491835029630e-17,1.047438593453675468e-17,1.344986629117184880e-10
3.509999999999999787e-01,2.704929312905370378e-10,1.328827696719125818e-10,6.312231042228937759e-17,1.914564726896977794e-17,9.561403533030712017e-18,1.376100697892632330e-10
3.519999999999999796e-01,2.780442511410093322e-10,1.372190860118105054e-10,3.777752812281141846e-17,1.157222293627677161e-17,5.781042576646642631e-18,1.408251099984051969e-10
3.529999999999999805e-01,2.834651569730550767e-10,1.393464282261102034e-10,1.313544252641601842e-17,3.324670373224690619e-18,1.661185654394559275e-18,1.441187106256463353e-10
3.539999999999999813e-01,2.872178730089587000e-10,1.397495012704050821e-10,4.102402608460414368e-18,1.590739529650161554e-20,7.682444252897604345e-21,1.474683676125611611e-10
3.549999999999999822e-01,2.910481301990340136e-10,1.401718099699377139e-10,1.526936892715059776e-17,4.086701076907479729e-18,2.042104927178705595e-18,1.508762988309213516e-10
3.559999999999999831e-01,2.968594784695917444e-10,1.424863012510626746e-10,3.873722729381582762e-17,1.310239031136666332e-17,6.548179635066525816e-18,1.543731188307318372e-10
3.569999999999999840e-01,3.054232953126013885e-10,1.474256623563374833e-10,5.939390407384956554e-17,2.125408921635990903e-17,1.062170905080421974e-17,1.579975416865615816e-10
3.579999999999999849e-01,3.157986184778769753e-10,1.540317680409286089e-10,6.418964013066123019e-17,2.315767726833809824e-17,1.157099413195900146e-17,1.617667515186368085e-10
3.589999999999999858e-01,3.258950704899768083e-10,1.602332051936224642e-10,4.997077916343866922e-17,1.747587193825320318e-17,8.728788970119950429e-18,1.656617891209142554e-10
3.599999999999999867e-01,3.338518620839172581e-10,1.642097629851752624e-10,2.540879201489785159e-17,7.923597856865667088e-18,3.954278110927672775e-18,1.696420618120740093e-10
3.609999999999999876e-01,3.393299143659509019e-10,1.656502026344086958e-10,5.870264296739227090e-18,9.010036577677682447e-19,4.475764628533330175e-19,1.736797045126977868e-10
3.619999999999999885e-01,3.438269018235674145e-10,1.660401123467113734e-10,4.063102001324743361e-18,1.254780428440838727e-18,6.292154834518231190e-19,1.777867835297581282e-10
3.629999999999999893e-01,3.497488450828893712e-10,1.677369344862171079e-10,2.191293986177131368e-17,8.980693512335781204e-18,4.492866442633580812e-18,1.820118752101724832e-10
3.639999999999999902e-01,3.588111016730406837e-10,1.724048289465609881e-10,4.877932495549434653e-17,1.911993624046478466e-17,9.556978089833619461e-18,1.864061952702404359e-10
3.649999999999999911e-01,3.708315184145853120e-10,1.798465361747721434e-10,6.762546751628004694e-17,2.499375403147245434e-17,1.248465353179174301e-17,1.909848771359381254e-10
3.659999999999999920e-01,3.837642987476275133e-10,1.880492153776277037e-10,6.581407884115639913e-17,2.266210162729855881e-17,1.131196070129707112e-17,1.957149835818586462e-10
3.669999999999999929e-01,3.950149984382296558e-10,1.944729361579536955e-10,4.380780975306077868e-17,1.362028823176745214e-17,6.791830248190701876e-18,2.005419980603477528e-10
3.679999999999999938e-01,4.031992815468158666e-10,1.977635866602664600e-10,1.573864497194387067e-17,3.884775437162733727e-18,1.932455322192648312e-18,2.054356733306736895e-10
3.689999999999999947e-01,4.091603219397220343e-10,1.987412078068983077e-10,7.237147191337056586e-19,2.707434321867796823e-20,1.355696330576482051e-20,2.104191133684776663e-10
3.699999999999999956e-01,4.155084435552223496e-10,1.999517909588990222e-10,1.009541075527554272e-17,4.778666838505968363e-18,2.393032980146203699e-18,2.155566353292127715e-10
3.709999999999999964e-01,4.249242227840296880e-10,2.040159715285015044e-10,3.907913552348940343e-17,1.515072801768079418e-17,7.572887239529891046e-18,2.209081894527774169e-10
3.719999999999999973e-01,4.383278245704011686e-10,2.118422370471206353e-10,6.910523250642375432e-17,2.435774162073120643e-17,1.216415636543906733e-17,2.264854818961500597e-10
3.729999999999999982e-01,4.541648108498197540e-10,2.219197540343391572e-10,7.993093199427735054e-17,2.630083694462986842e-17,1.312602041315769809e-17,2.322449374576911991e-10
3.739999999999999991e-01,4.693547757707795192e-10,2.312304069283469996e-10,6.368992481090256580e-17,1.964573962260945976e-17,9.798305469347661000e-18,2.381242757084626364e-10
3.750000000000000000e-01,4.813349210089446892e-10,2.372400395724739979e-10,3.102817316560427750e-17,8.774133936158889541e-18,4.371775880000674159e-18,2.440948372623876884e-10
3.760000000000000009e-01,4.898509033191988958e-10,2.396622305082208386e-10,4.492994194904912074e-18,9.425788719688112211e-19,4.675574384253346102e-19,2.501886669078475080e-10
3.770000000000000018e-01,4.972537993163824618e-10,2.407750698497904424e-10,3.191698698287943951e-18,1.494806354066192774e-18,7.486936593676389420e-19,2.564787240313933034e-10
3.780000000000000027e-01,5.070252682097107464e-10,2.439978291358267704e-10,2.922050408351520396e-17,1.028186484759972840e-17,5.136873956416741125e-18,2.630273944346411255e-10
3.790000000000000036e-01,5.214541468864962822e-10,2.516105857989776239e-10,6.560392461700148974e-17,2.167884955321344616e-17,1.082357327827147397e-17,2.698434629811713121e-10
3.800000000000000044e-01,5.400148894494667867e-10,2.631338275707318422e-10,8.764768738628168382e-17,2.823570097505325629e-17,1.409232391768793660e-17,2.768809319030226629e-10
3.810000000000000053e-01,5.595938360175679666e-10,2.755136891236658964e-10,8.007369931445147378e-17,2.559572487398505272e-17,1.277152552816208092e-17,2.840800284529523739e-10
3.820000000000000062e-01,5.765002377946379063e-10,2.850822726931430050e-10,4.793396946147879991e-17,1.544075413332110105e-17,7.702249431276730789e-18,2.914178940245218204e-10
3.830000000000000071e-01,5.889739204647554312e-10,2.900441365499044729e-10,1.342945952301321251e-17,4.474396990957097713e-18,2.230200514410610987e-18,2.989297637807938950e-10
3.840000000000000080e-01,5.984977971458189552e-10,2.918122025332737408e-10,6.310995387490906304e-19,4.555273217716930906e-20,2.228633567091394083e-20,3.066855939136067033e-10
3.850000000000000089e-01,6.089570821515914379e-10,2.942149674831472930e-10,1.871884886320833747e-17,5.259042696432501754e-18,2.627306194325740545e-18,3.147420880632463915e-10
3.860000000000000098e-01,6.241119777133069239e-10,3.010039466957172479e-10,5.551311213655093329e-17,1.682443122789245525e-17,8.402374099405772109e-18,3.231079502776722810e-10
3.870000000000000107e-01,6.450271443243917505e-10,3.132793270555228011e-10,8.587557095598541297e-17,2.714209509219237512e-17,1.355360727440505913e-17,3.317476906975955988e-10
3.880000000000000115e-01,6.692137184569090790e-10,3.285956372371828380e-10,8.910562858418251555e-17,2.932471545220163604e-17,1.464245599898002018e-17,3.406179481469261859e-10
3.890000000000000124e-01,6.921584993127156405e-10,3.424524268520141599e-10,6.318007680125499892e-17,2.184587550669719243e-17,1.090690414703050831e-17,3.497059765278450714e-10
3.900000000000000133e-01,7.103183796196689762e-10,3.512770162920308780e-10,2.598575143770869624e-17,9.670157206035835009e-18,4.826545927197072038e-18,3.590413228451834835e-10
3.910000000000000142e-01,7.236094437542095995e-10,3.549339062312155947e-10,2.853664378277913448e-18,1.014157763483965155e-18,5.054846518497574205e-19,3.686755331496872111e-10
3.920000000000000151e-01,7.356626370684732481e-10,3.570127528763986625e-10,9.188630691779671438e-18,1.831678529731606058e-18,9.175174564617625171e-19,3.786498722542478775e-10
3.930000000000000160e-01,7.515526118932489177e-10,3.625753346559230106e-10,4.018591500169962709e-17,1.172501498981891417e-17,5.862978658820992439e-18,3.889772194634173022e-10
3.940000000000000169e-01,7.744168815385278749e-10,3.747680461198804024e-10,7.448524332720997016e-17,2.410929155771672344e-17,1.205065956740360131e-17,3.996487247734530841e-10
3.950000000000000178e-01,8.032166960956727941e-10,3.925624269767880952e-10,8.892800285428456894e-17,3.061327268461832156e-17,1.529739103625218276e-17,4.106541342802181280e-10
3.960000000000000187e-01,8.332332818176247137e-10,4.112370936067120753e-10,7.414280552084004654e-17,2.678409852784506184e-17,1.337959132695624486e-17,4.219960739044172497e-10
3.970000000000000195e-01,8.591113178093095799e-10,4.254225479726923513e-10,4.046413599911109360e-17,1.519306921487125935e-17,7.585190497420549169e-18,4.336887065942216267e-10
3.980000000000000204e-01,8.785099354450152275e-10,4.327616687260942499e-10,1.053781725839620016e-17,3.750375525342700572e-18,1.869698038196048349e-18,4.457482505610301807e-10
3.990000000000000213e-01,8.938972409690973988e-10,4.357076255050443312e-10,3.975176840531891945e-18,3.142609007348198191e-19,1.597962337480920056e-19,4.581896110148190553e-10
4.000000000000000222e-01,9.111542562525672731e-10,4.401204861522846331e-10,2.448224970586256886e-17,7.275269688234468963e-18,3.646040937947573061e-18,4.710337346967223631e-10
4.010000000000000231e-01,9.357606113904446090e-10,4.514454756731877917e-10,5.785379560078316610e-17,1.987321079006955534e-17,9.944012747520885919e-18,4.843150480462377665e-10
4.020000000000000240e-01,9.690342385532025648e-10,4.709595842025587092e-10,8.177488384296679302e-17,2.945370591543243083e-17,1.472600387894821985e-17,4.980745283960500919e-10
4.030000000000000249e-01,1.007004987613727899e-09,4.946671366951742810e-10,8.063856245661095151e-17,2.943682095912369709e-17,1.470676763470215561e-17,5.123377261364026557e-10
4.040000000000000258e-01,1.042850138050988537e-09,5.157538468415947644e-10,5.558379099578680308e-17,1.985741409850527662e-17,9.911237182466666378e-18,5.270962058569513801e-10
4.050000000000000266e-01,1.071433971464537124e-09,5.291187401790942190e-10,2.338704518780723267e-17,7.313866554610336206e-18,3.643551848332840411e-18,5.423151969409793522e-10
4.060000000000000275e-01,1.092963302727181739e-09,5.349922341496187903e-10,5.223448197490554880e-18,3.664417240158169211e-19,1.818332869769728667e-19,5.579710628058397073e-10
4.070000000000000284e-01,1.113196316771307675e-09,5.391031223214138070e-10,1.279535981427006461e-17,3.609066250844414192e-18,1.814495240145839484e-18,5.740931762309725597e-10
4.080000000000000293e-01,1.139851154373811273e-09,5.490786377434896194e-10,4.083754621333927283e-17,1.455118577283731566e-17,7.286960730764805604e-18,5.907724539546288855e-10
4.090000000000000302e-01,1.177448281496846900e-09,5.693289826613447878e-10,7.074323840604966920e-17,2.544831143745695057e-17,1.272420632162067012e-17,6.081191899197459809e-10
4.100000000000000311e-01,1.224034668013656123e-09,5.978402415234291938e-10,8.284076436493433605e-17,2.873721036131154155e-17,1.435137460927540988e-17,6.261943005608775809e-10
4.110000000000000320e-01,1.272158983387945761e-09,6.271916594821852820e-10,6.929520903197572909e-17,2.223571800885870761e-17,1.108943325908714149e-17,6.449672212854001252e-10
4.120000000000000329e-01,1.313692493252718980e-09,6.493504910133616466e-10,3.922918521509794229e-17,1.050456497589074258e-17,5.227164774365640066e-18,6.643419472784424064e-10
4.130000000000000338e-01,1.345419859309831815e-09,6.611770283349271894e-10,1.269813459843375365e-17,1.524391313350980482e-18,7.527677823881366168e-19,6.842428159996109966e-10
4.140000000000000346e-01,1.371600252516467653e-09,6.669002161215890498e-10,7.421452123971494690e-18,1.121934721337343519e-18,5.677805985652831965e-19,7.047000272837110106e-10
4.150000000000000355e-01,1.401543768046407164e-09,6.756785915312711796e-10,2.698158140387392173e-17,9.066986805840316796e-18,4.544097630614435690e-18,7.258651359224699961e-10
4.160000000000000364e-01,1.443555797471919153e-09,6.956224506903866301e-10,5.835618008434069210e-17,1.946752762426339769e-17,9.731560328810770909e-18,7.479332592262645258e-10
4.170000000000000373e-01,1.499189714736862000e-09,7.281687228582170010e-10,8.055527492830825609e-17,2.501727238293753957e-17,1.248540240871379659e-17,7.710208738206951775e-10
4.180000000000000382e-01,1.561788061523109254e-09,7.666977912528198674e-10,7.870842812891402020e-17,2.201364195882831322e-17,1.096931309388792352e-17,7.950901585789061694e-10
4.190000000000000391e-01,1.620593029508081003e-09,8.006077591623256073e-10,5.415007686174822226e-17,1.268127495949172631e-17,6.305887638396813149e-18,8.199851972085159635e-10
4.199999999999999845e-01,1.667951321145231456e-09,8.223863643700848303e-10,2.358743934577535084e-17,3.361739250941633848e-18,1.663450361901756232e-18,8.455649281625177004e-10
4.209999999999999853e-01,1.704845792920713762e-09,8.330051491099301955e-10,7.775285003400061523e-18,3.201132894481801205e-20,1.692227427477195010e-20,8.718406359865649742e-10
4.219999999999999862e-01,1.740831136521981995e-09,8.418181331501182585e-10,1.734807638001250996e-17,4.339991141524233095e-18,2.175836624738816206e-18,8.990129795079594907e-10
4.229999999999999871e-01,1.788054382007152426e-09,8.606835085521406839e-10,4.554310463583080468e-17,1.278611135955624562e-17,6.386198042005809531e-18,9.273708087395977728e-10
4.239999999999999880e-01,1.853098842617225869e-09,8.959827333074281227e-10,7.289072865175351660e-17,1.937840918090270011e-17,9.661281336600373517e-18,9.571160073793786087e-10
4.249999999999999889e-01,1.932135095709431945e-09,9.438951902878841801e-10,8.066365124918440068e-17,1.974090661583276403e-17,9.828711973637076912e-18,9.882397951882775863e-10
4.259999999999999898e-01,2.012941251257845027e-09,9.923942522783133146e-10,6.374321856520249320e-17,1.385161940211510827e-17,6.887498642553466929e-18,1.020546914497195127e-09
4.269999999999999907e-01,2.082851737185213145e-09,1.029030803685906841e-09,3.395493335419254249e-17,5.730437829257732999e-18,2.844436297666938380e-18,1.053820890969498713e-09
4.279999999999999916e-01,2.137543409363503269e-09,1.049524547600799974e-09,1.163357378166669440e-17,5.430505664661586176e-19,2.687441931241009719e-19,1.088018849317334642e-09
4.289999999999999925e-01,2.184653362622364761e-09,1.061297620969966247e-09,1.145431517129775398e-17,1.217332668053289656e-18,6.109092838160974109e-19,1.123355728369841190e-09
4.299999999999999933e-01,2.239387763614734203e-09,1.079177696638423687e-09,3.250774368495056962e-17,6.773283524782765962e-18,3.377877993667420917e-18,1.160210024317405260e-09
4.309999999999999942e-01,2.314614392658813308e-09,1.115705989676883804e-09,5.942321246031149635e-17,1.325384504904756921e-17,6.600386677330278878e-18,1.198908323704485475e-09
4.319999999999999951e-01,2.411902800552222446e-09,1.172366991914677639e-09,7.342227879372052205e-17,1.642156737363458892e-17,8.173709864532324499e-18,1.239535710619988578e-09
4.329999999999999960e-01,2.519758393352716523e-09,1.237850249183846013e-09,6.526739603167224176e-17,1.438857335532192128e-17,7.161768856020016132e-18,1.281908057351132567e-09
4.339999999999999969e-01,2.620759516093106736e-09,1.295024872618473029e-09,4.106567935577390905e-17,8.591750983718538035e-18,4.279094995380982081e-18,1.325734589538108246e-09
4.349999999999999978e-01,2.703283907742033130e-09,1.332416509196029869e-09,1.729410276679878615e-17,2.689520404172079442e-18,1.342905124962990172e-18,1.370867377219474924e-09
4.359999999999999987e-01,2.770050182048707939e-09,1.352580821892149005e-09,9.097430814732390374e-18,2.217390808966947192e-19,1.127070287517525721e-19,1.417469350724681837e-09
4.369999999999999996e-01,2.837359342728204375e-09,1.371378549246479228e-09,2.029760598894182092e-17,2.500439873534803520e-18,1.243463642368853805e-18,1.465980769440215711e-09
4.380000000000000004e-01,2.924909452989687796e-09,1.408013239570698576e-09,4.175070765989166177e-17,7.930349052059626715e-18,3.945883506580854373e-18,1.516896159792049131e-09
4.390000000000000013e-01,3.042548937472434078e-09,1.472055853280461103e-09,5.842857001215781921e-17,1.306132154496493859e-17,6.505441926098946849e-18,1.570493006196639456e-09
4.400000000000000022e-01,3.182894745524805877e-09,1.556201216859780774e-09,5.966390156804800181e-17,1.469403268075942074e-17,7.326956414612057852e-18,1.626693446980134560e-09
4.410000000000000031e-01,3.325331297353751752e-09,1.640170024354136696e-09,4.548994218801982722e-17,1.180351400818017609e-17,5.893546344458636611e-18,1.685161209812612585e-09
4.420000000000000040e-01,3.449450891940355560e-09,1.703865748872173687e-09,2.546209522639463693e-17,6.167708303303082675e-18,3.085274289889838203e-18,1.745585108353103976e-09
4.430000000000000049e-01,3.549342159410268793e-09,1.741369300140845014e-09,1.173782059021805206e-17,1.315182844437801187e-18,6.604238036987605348e-19,1.807972845555996552e-09
4.440000000000000058e-01,3.638921277171653175e-09,1.766162301366521334e-09,1.155564794331944882e-17,3.712110743451207854e-19,1.828331398870186739e-19,1.872758963695439698e-09
4.450000000000000067e-01,3.743961204150264091e-09,1.803322721035566074e-09,2.369716052167213430e-17,4.069486916254406108e-18,2.025815572062039805e-18,1.940638453322235224e-09
4.460000000000000075e-01,3.885333930936816573e-09,1.873121459855947045e-09,4.021293647408574468e-17,1.018161216265113487e-17,5.080977647900352922e-18,2.012212415605343725e-09
4.470000000000000084e-01,4.064385727016995701e-09,1.976719506335291133e-09,5.143738444040703993e-17,1.482251049754545137e-17,7.406300196729490236e-18,2.087666147015509708e-09
4.480000000000000093e-01,4.260717495573702130e-09,2.094015991762064169e-09,5.112205682430687856e-17,1.491818077290027872e-17,7.460381498341046866e-18,2.166701430311019016e-09
4.490000000000000102e-01,4.444856477471567287e-09,2.196058009386723321e-09,3.935760853924312499e-17,1.029121133496677124e-17,5.149692160472296778e-18,2.248798413286331994e-09
4.500000000000000111e-01,4.598207456262435525e-09,2.264539436761003609e-09,2.245578196889200964e-17,3.935702403153901802e-18,1.970352659217366142e-18,2.333667991139594950e-09
4.510000000000000120e-01,4.727049184684736774e-09,2.305441015048450786e-09,1.003074594680074818e-17,1.588311523914766626e-19,7.926399671741708602e-20,2.421608159367445006e-09
4.520000000000000129e-01,4.860421709385323349e-09,2.346915465067763835e-09,1.020671836857994320e-17,1.708623212141869624e-18,8.543856669445352695e-19,2.513506231547832249e-09
4.530000000000000138e-01,5.032088436942253474e-09,2.421649745862901382e-09,2.474647250511916682e-17,7.804561481162417947e-18,3.906056925144269715e-18,2.610438654622261603e-09
4.540000000000000147e-01,5.257789207911197203e-09,2.544695758454495996e-09,4.676604206760765384e-17,1.450292021490181399e-17,7.259073213826876901e-18,2.713093380928666107e-09
4.550000000000000155e-01,5.523162933772889273e-09,2.701766923965069378e-09,6.337935927629513351e-17,1.728606567736279891e-17,8.650657626210285779e-18,2.821395920491737181e-09
4.560000000000000164e-01,5.791581302493531378e-09,2.856949290855795359e-09,6.314138020647300158e-17,1.418289214181148759e-17,7.094751309655430141e-18,2.934631927218712665e-09
4.570000000000000173e-01,6.028103100875401161e-09,2.976052114063349776e-09,4.442064538538313973e-17,7.246626732293180416e-18,3.621816819263465983e-18,3.052050931522962994e-09
4.580000000000000182e-01,6.224276708536663277e-09,3.050684497717655085e-09,1.867312762997330909e-17,1.264670405779877566e-18,6.304318359121324022e-19,3.173592190250778862e-09
4.590000000000000191e-01,6.406656271538603100e-09,3.106422167166192607e-09,4.692029889636351909e-18,4.925419364252585968e-19,2.495877344370640535e-19,3.300234098938250767e-09
4.600000000000000200e-01,6.621746605825885954e-09,3.188082029937508741e-09,1.600929062791478419e-17,5.650344661312855846e-18,2.835225498504689516e-18,3.433664551393515726e-09
4.610000000000000209e-01,6.905821888904358318e-09,3.330410120315881661e-09,4.970376220664768754e-17,1.332246107499878000e-17,6.673224699156204343e-18,3.575411698889029318e-09
4.620000000000000218e-01,7.259281476525502031e-09,3.533299432723419307e-09,8.570655716828889010e-17,1.826035530479897101e-17,9.136343494293884819e-18,3.725981930698826278e-09
4.630000000000000226e-01,7.643755608431538345e-09,3.759129733241470455e-09,9.924588848704042661e-17,1.703159245703729095e-17,8.511853741664787042e-18,3.884625750400732968e-09
4.640000000000000235e-01,8.005964737422287199e-09,3.955974707378306502e-09,7.907672863956514806e-17,1.045822651569795810e-17,5.218421826979297845e-18,4.049989935290603657e-09
4.650000000000000244e-01,8.314105947506737734e-09,4.092792133190812884e-09,3.815636713396453509e-17,3.095719235961843348e-18,1.539374940025573313e-18,4.221313771524463901e-09
4.660000000000000253e-01,8.582575564513933724e-09,4.183188107267071733e-09,7.151588784775253836e-18,7.868367075714751997e-20,4.057029785002184313e-20,4.399387449976018853e-09
4.670000000000000262e-01,8.866782347342151424e-09,4.280230226855067795e-09,1.325912197774826673e-17,3.533113035369763432e-18,1.777096470518317909e-18,4.586552101917751553e-09
4.680000000000000271e-01,9.228956940917227455e-09,4.443347211285643963e-09,5.882234256171517419e-17,1.108069090230450078e-17,5.551510830732127340e-18,4.785609654177038209e-09
4.689999999999999725e-01,9.696118530584957810e-09,4.697842386666325315e-09,1.164245654891195648e-16,1.749358380200816092e-17,8.748059269127185988e-18,4.998276001252424030e-09
4.699999999999999734e-01,1.023875697638715519e-08,5.014530173507748913e-09,1.463844958374887600e-16,1.833745073206007527e-17,9.156105811692603659e-18,5.224226629001352231e-09
4.709999999999999742e-01,1.078701316889182181e-08,5.325509635666423307e-09,1.257600067916724206e-16,1.304554987478360689e-17,6.502365070952512844e-18,5.461503387917477077e-09
4.719999999999999751e-01,1.127660048285807878e-08,5.568419115861042880e-09,6.770500116715933247e-17,5.282240606994926133e-18,2.624720835593585158e-18,5.708181291385073184e-09
4.729999999999999760e-01,1.169526789645386930e-08,5.730989572876249083e-09,1.519098361435383444e-17,3.702526968243554976e-19,1.811360591179805057e-19,5.964278307835248199e-09
4.739999999999999769e-01,1.209745470776126041e-08,5.864876949755748016e-09,1.129700466922291556e-17,1.605039096308436791e-18,8.092302329196048277e-19,6.232577744294237697e-09
4.749999999999999778e-01,1.257385245175468243e-08,6.056225653088776512e-09,6.655979772030780087e-17,8.022599340356750500e-18,4.017988525043540322e-18,6.517626720065520801e-09
4.759999999999999787e-01,1.319273862925908603e-08,6.369363966504364220e-09,1.480269364879629694e-16,1.513197630721789386e-17,7.561109465430623450e-18,6.823374492034700243e-09
4.769999999999999796e-01,1.395127812557013098e-08,6.800328748338464888e-09,2.002152361683875048e-16,1.804678713354830908e-17,9.003539112121879863e-18,7.150949149966103938e-09
4.779999999999999805e-01,1.477180140501343358e-08,7.273618274275962008e-09,1.847555172320705052e-16,1.481730659063808694e-17,7.381282960012677676e-18,7.498182923783364096e-09
4.789999999999999813e-01,1.555017073790989602e-08,7.688691303881241707e-09,1.103661923399288830e-16,7.687617387917788006e-18,3.821603638596189985e-18,7.861479312153240941e-09
4.799999999999999822e-01,1.622770412653899950e-08,7.988670175216133955e-09,3.004165185884164071e-17,1.482114150179216198e-18,7.322807706128173021e-19,8.239033919066818592e-09
4.809999999999999831e-01,1.683878250967690268e-08,8.205466804232199718e-09,5.293038550425540547e-18,2.960915777475190814e-19,1.503652084875870231e-19,8.633315699705207716e-09
4.819999999999999840e-01,1.749834190229404023e-08,8.447406281119213692e-09,6.171377614311250912e-17,4.769582348478589932e-18,2.387247941630768339e-18,9.050935552304217064e-09
4.829999999999999849e-01,1.833174752761328621e-08,8.832137488177420276e-09,1.679141189643963693e-16,1.175185944247042065e-17,5.867406093083872192e-18,9.499609853902480542e-09
4.839999999999999858e-01,1.939008236943492533e-08,9.406132913371496362e-09,2.544679887535602659e-16,1.650077562418052048e-17,8.227984551184150830e-18,9.983949176866682138e-09
4.849999999999999867e-01,2.060863495495184863e-08,1.010573170629492401e-08,2.613193721489871094e-16,1.587026012891035715e-17,7.906130561211203949e-18,1.050290296356116075e-08
4.859999999999999876e-01,2.184233444403447223e-08,1.079138252543083908e-08,1.811601775222859979e-16,1.034452207107250257e-17,5.148432234361563192e-18,1.105095172195050180e-08
4.869999999999999885e-01,2.296168622085947670e-08,1.133888710997108514e-08,6.786877923250699888e-17,3.619705118384681867e-18,1.798658181509861952e-18,1.162279903760125138e-08
4.879999999999999893e-01,2.394861231727057041e-08,1.172983047144556682e-08,2.551382885776824346e-18,9.181652365530397153e-20,4.531098590349510051e-20,1.221878184313649455e-08
4.889999999999999902e-01,2.492497200945388447e-08,1.207771814141945302e-08,3.894173484330275869e-17,1.962911469518075215e-18,9.819551876690348962e-19,1.284725382614783164e-08
4.899999999999999911e-01,2.608619179709634232e-08,1.256444903632518999e-08,1.647403153534555462e-16,7.861849684414829268e-18,3.922896186022623350e-18,1.352174258424609303e-08
4.909999999999999920e-01,2.757583163737697735e-08,1.332177859706947182e-08,3.057558019255066016e-16,1.382615092827887317e-17,6.893696683323961935e-18,1.425405271383185782e-08
4.919999999999999929e-01,2.938243411093916158e-08,1.433484174396544016e-08,3.719450168358675383e-16,1.593714268340228088e-17,7.943354154999425639e-18,1.504759197114820737e-08
4.929999999999999938e-01,3.133378716295633045e-08,1.543800985597157202e-08,3.168853633447927751e-16,1.285837753715042162e-17,6.407466203783730974e-18,1.589577697083354932e-08
4.939999999999999947e-01,3.320415538011538273e-08,1.641657883208194406e-08,1.725180852498369232e-16,6.642579347017979965e-18,3.309439230147985592e-18,1.678757636556333470e-08
4.949999999999999956e-01,3.487254602339209021e-08,1.715506622895414545e-08,3.517336562606659965e-17,1.330284384108502981e-18,6.625678325849156249e-19,1.771747975727172391e-08
4.959999999999999964e-01,3.642679028787266223e-08,1.773328478291930814e-08,8.318547802830019702e-18,2.937231278731372963e-19,1.472383859635674057e-19,1.869350549619384888e-08
4.969999999999999973e-01,3.813353834511838712e-08,1.839642162836729237e-08,1.348220047034039522e-16,4.064704372282770547e-18,2.028617625945835173e-18,1.973711657583576543e-08
4.979999999999999982e-01,4.027876253916381731e-08,1.940512426690699745e-08,3.608025640093782520e-16,1.004043743058027147e-17,5.009371887098581896e-18,2.087363789640444528e-08
4.989999999999999991e-01,4.297507570931335092e-08,2.085668846203477335e-08,5.580303934808785696e-16,1.422791188448123195e-17,7.098428684899075202e-18,2.211838666792184232e-08
5.000000000000000000e-01,4.606769049409869656e-08,2.259986867166600019e-08,5.988613656091855902e-16,1.386786504226820589e-17,6.919155709755145968e-18,2.346782120278431445e-08
5.010000000000000009e-01,4.921818670778913236e-08,2.431504122090103055e-08,4.435878822302816156e-16,9.221843740980438215e-18,4.601348586130558957e-18,2.490314502947703239e-08
5.020000000000000018e-01,5.213014560427714352e-08,2.572396291530180472e-08,1.848152858425752819e-16,3.364774611808031869e-18,1.678836482167408439e-18,2.640618249911643739e-08
5.030000000000000027e-01,5.477592639068451360e-08,2.679754916356578573e-08,1.026578326020297499e-17,1.347046561174827147e-19,6.708771954781965907e-20,2.797837721665115095e-08
5.040000000000000036e-01,5.746437084082599875e-08,2.781467410851912148e-08,9.138610119814972956e-17,1.597800290896956697e-18,7.978070711790343163e-19,2.964969663852516945e-08
5.050000000000000044e-01,6.068002347137113733e-08,2.921104774032762207e-08,4.578005829275588218e-16,6.700542439178914292e-18,3.345373761089303589e-18,3.146897526319701648e-08
5.060000000000000053e-01,6.477648752179661152e-08,3.129738932930646543e-08,9.429290593788299119e-16,1.199324486542114447e-17,5.987475090994193094e-18,3.347909723158036887e-08
5.070000000000000062e-01,6.972114466825712686e-08,3.402894322248739624e-08,1.257998275013282490e-15,1.393590368166999239e-17,6.956495059872388029e-18,3.569220016687906015e-08
5.080000000000000071e-01,7.507979526411888090e-08,3.699661630106280016e-08,1.174245398735971628e-15,1.124793382697627999e-17,5.613307210565105986e-18,3.808317777194943661e-08
5.090000000000000080e-01,8.028670074394142076e-08,3.967656364096704467e-08,7.081583150916920258e-16,5.738226028532181081e-18,2.861952905208107520e-18,4.061013638621589021e-08
5.100000000000000089e-01,8.504982654847377968e-08,4.179731271101463024e-08,1.731341568215719606e-16,1.071273891361111219e-18,5.329632984096583607e-19,4.325251366272075890e-08
5.110000000000000098e-01,8.962323597177121456e-08,4.358057551441783116e-08,2.277771553041000808e-17,3.072968366187486408e-19,1.541571831227217420e-19,4.604266043411422055e-08
5.120000000000000107e-01,9.473308282729341186e-08,4.566673517232105062e-08,5.470792143457700910e-16,3.870177492771110382e-18,1.935702709849423003e-18,4.906634710208726841e-08
5.130000000000000115e-01,1.011575140591103619e-07,4.873228330567548655e-08,1.611011630747842528e-15,9.298011885405611829e-18,4.646471442087252612e-18,5.242522912847875630e-08
5.140000000000000124e-01,1.092068631148484685e-07,5.302606860860412082e-08,2.645354827243836552e-15,1.292319462283566347e-17,6.454467154494761100e-18,5.618079184151186226e-08
5.150000000000000133e-01,1.184597607187366978e-07,5.814250547210371048e-08,2.965456507700703677e-15,1.233332472327367789e-17,6.156429001460697238e-18,6.031725226268672571e-08
5.160000000000000142e-01,1.279847798694651953e-07,6.322946968896479101e-08,2.264463376081500596e-15,7.956177067829084569e-18,3.968463434913347959e-18,6.475530790411238173e-08
5.170000000000000151e-01,1.369681920462327732e-07,6.754984038411148977e-08,9.523763906525573422e-16,2.724713019499252251e-18,1.356847141455112015e-18,6.941835070566333930e-08
5.180000000000000160e-01,1.453659822027237242e-07,7.105154117075511470e-08,4.004595418015568271e-17,8.147751773455546807e-20,4.004178403324915838e-20,7.431444099180114249e-08
5.190000000000000169e-01,1.541178121786830663e-07,7.454058290191696125e-08,5.322541339074668584e-16,1.685772435248420137e-18,8.440555328751442665e-19,7.957722874198215265e-08
5.200000000000000178e-01,1.646957398630687243e-07,7.926966391548425015e-08,2.658772790321935222e-15,6.354371886815890979e-18,3.175457101488106366e-18,8.542607327928185069e-08
5.210000000000000187e-01,1.781972258240826025e-07,8.614120974683775808e-08,5.486164133219461296e-15,1.090823430057440351e-17,5.446298394220675190e-18,9.205601057472617201e-08
5.220000000000000195e-01,1.945545820678899586e-07,9.503175128106146366e-08,7.312725018760056711e-15,1.231554699797258957e-17,6.144750751499342245e-18,9.952282345564319291e-08
5.230000000000000204e-01,2.124511232990865368e-07,1.047429703681207280e-07,6.764448895200579621e-15,9.682030548475908918e-18,4.827367392731242514e-18,1.077081461520075013e-07
5.240000000000000213e-01,2.301343248591808013e-07,1.137230385328266818e-07,3.953612972022376890e-15,4.784380263624371773e-18,2.383002576204351216e-18,1.164112823655737554e-07
5.250000000000000222e-01,2.467078346788317333e-07,1.211757647800351989e-07,8.336308035716694653e-16,8.406892033792697272e-19,4.174971691659874234e-19,1.255320690639075779e-07
5.260000000000000231e-01,2.630622850188204417e-07,1.278299814999822516e-07,2.469263074718881777e-16,3.743297961231707532e-19,1.878986779191914696e-19,1.352323032713496419e-07
5.270000000000000240e-01,2.817046916418255154e-07,1.357546163258260433e-07,4.009654596657437729e-15,3.588848781958953341e-18,1.793344186271779221e-18,1.459500713009626376e-07
5.280000000000000249e-01,3.053954094268440862e-07,1.471773683014113868e-07,1.120977166961511833e-14,8.291745459238628424e-18,4.138928703849479820e-18,1.582180299032304007e-07
5.290000000000000258e-01,3.353430181892596385e-07,1.629727438615661868e-07,1.808446578424538212e-14,1.137013475199443957e-17,5.672521472056043756e-18,1.723702562261849845e-07
5.300000000000000266e-01,3.701782849760198315e-07,1.818492223606911274e-07,2.005805396369426903e-14,1.082375429103951074e-17,5.398029229488170537e-18,1.883290425410529478e-07
5.310000000000000275e-01,4.066178396231876232e-07,2.009613281677959504e-07,1.505828860795089104e-14,7.035313381799316226e-18,3.507595805262220016e-18,2.056564963865601859e-07
5.320000000000000284e-01,4.416986061075121618e-07,2.177891538885363355e-07,5.977055775969727098e-15,2.483456984397760447e-18,1.237630157952749935e-18,2.239094462381989526e-07
5.329999999999999183e-01,4.753020084484826697e-07,2.321826894104145866e-07,1.060861583309083904e-16,1.153081551889568672e-19,5.740737335238207756e-20,2.431193189318092293e-07
5.340000000000000302e-01,5.111965535692969464e-07,2.471239687109099347e-07,4.975235205170287496e-15,1.441503104232649657e-18,7.198150205770170623e-19,2.640725798809905442e-07
5.349999999999999201e-01,5.555063897916210110e-07,2.673847225682648016e-07,2.258287424844715107e-14,5.573048168897278381e-18,2.781420409968623084e-18,2.881216446321274501e-07
5.360000000000000320e-01,6.131349081094768921e-07,2.966048874085306493e-07,4.592683566795128704e-14,9.805938147358387681e-18,4.893697778779444976e-18,3.165299747594109369e-07
5.369999999999999218e-01,6.842863660095233450e-07,3.345762225728559814e-07,6.134933852545083731e-14,1.137252094659155977e-17,5.675937147454527146e-18,3.497100820702803940e-07
5.380000000000000338e-01,7.636730371094336000e-07,3.767645262548936546e-07,5.698654364415001677e-14,9.237428151409645039e-18,4.610987704051697805e-18,3.869084538541479329e-07
5.389999999999999236e-01,8.436723641666173986e-07,4.169421812421778869e-07,3.299458365933150501e-14,4.783206367674789268e-18,2.388018281244973811e-18,4.267301499226846574e-07
5.400000000000000355e-01,9.201302767885123044e-07,4.517453412079233935e-07,6.216210610070900430e-15,9.312697156738674333e-19,4.648882931027948743e-19,4.683849293629822074e-07
5.409999999999999254e-01,9.972342986988291446e-07,4.842875181647152979e-07,3.464020546008513043e-15,2.452583347386290883e-19,1.219791950045006280e-19,5.129467770697261167e-07
5.420000000000000373e-01,1.087619385491402234e-06,5.239508236216436186e-07,4.421160018973879155e-14,3.235220461979397618e-18,1.615029468601974071e-18,5.636685176533080796e-07
5.429999999999999272e-01,1.206336686473152270e-06,5.815488777972822741e-07,1.221231233281016020e-13,7.980991428312833434e-18,3.985841195869980438e-18,6.247876865407798689e-07
5.440000000000000391e-01,1.361459703229389278e-06,6.622353319811648861e-07,1.996556509971298197e-13,1.135865782980769394e-17,5.673898988724076927e-18,6.992241715755409145e-07
5.449999999999999289e-01,1.547385145126695382e-06,7.608102232119688399e-07,2.256273503402612588e-13,1.110134280841249373e-17,5.545918048728033223e-18,7.865746962707287994e-07
5.460000000000000409e-01,1.746682445789634073e-06,8.635774016973162241e-07,1.716745405315674764e-13,7.341468852485486997e-18,3.667378026910430726e-18,8.831048724067684662e-07
5.469999999999999307e-01,1.941788625352396107e-06,9.572496333551603499e-07,6.666854908035525005e-14,2.579454814004593706e-18,1.287820445200998954e-18,9.845389253248192599e-07
5.480000000000000426e-01,2.130943603744104563e-06,1.040358044443743493e-06,3.561771896490866791e-16,4.755963031012166672e-20,2.322164810745693616e-20,1.090585558944112989e-06
5.489999999999999325e-01,2.337818273356398841e-06,1.129449813248319040e-06,7.894777625261746121e-14,1.528636856435983610e-18,7.649940065232520397e-19,1.208368381158009884e-06
5.500000000000000444e-01,2.605530150785076484e-06,1.253885500576302048e-06,3.459854680741952898e-13,6.103613298483531924e-18,3.053165871042849095e-18,1.351644304214149723e-06
5.509999999999999343e-01,2.974285457015020142e-06,1.439570130779157458e-06,7.164564236032995932e-13,1.071826293248582993e-17,5.359884829504247407e-18,1.534714609763360756e-06
5.520000000000000462e-01,3.453946222776272068e-06,1.690282208050551331e-06,9.852753853223153482e-13,1.223485678622791497e-17,6.116115789568764347e-18,1.763663029431984455e-06
5.529999999999999361e-01,4.010787392271313758e-06,1.979942681401153551e-06,9.418192702989285152e-13,9.592103395808531040e-18,4.792342482483037343e-18,2.030843769036504956e-06
5.540000000000000480e-01,4.584269258788575355e-06,2.265612868011154204e-06,5.519137149040109626e-13,4.576433872693579479e-18,2.283780879533746968e-18,2.318655838856845852e-06
5.549999999999999378e-01,5.133101817456741506e-06,2.519032953685695554e-06,9.236235446126054223e-14,6.326036729540716059e-19,3.140858488160362826e-19,2.614068771407744293e-06
5.560000000000000497e-01,5.687370268427960113e-06,2.759867842772640647e-06,9.870774838668350227e-14,4.991431323197581440e-19,2.515882966362042176e-19,2.927502326946819883e-06
5.569999999999999396e-01,6.369247093398681028e-06,3.066178437524375220e-06,1.062747134111222434e-12,4.298342165607040462e-18,2.154438527371212324e-18,3.303067593120719401e-06
5.580000000000000515e-01,7.352737506003590812e-06,3.545132693166591115e-06,2.988371017144413452e-12,9.425854271029447506e-18,4.717511730718197775e-18,3.807601824451839589e-06
5.589999999999999414e-01,8.766557234900410988e-06,4.269999953471117953e-06,5.100018647977381784e-12,1.234251367169060785e-17,6.170894656314513642e-18,4.496552181392133411e-06
5.600000000000000533e-01,1.059006280475847460e-05,5.217518018959766627e-06,6.055324719750641143e-12,1.103205194866148884e-17,5.509563367222536661e-18,5.372538730457446400e-06
5.609999999999999432e-01,1.262180290031689021e-05,6.254523459396244209e-06,4.815620589753290040e-12,6.405012807527778334e-18,3.193333053301721151e-18,6.367274625290456671e-06
5.620000000000000551e-01,1.458425012333953896e-05,7.207928102954514369e-06,1.871203359921024794e-12,1.659316907451953602e-18,8.235657433788409728e-19,7.376320149179183186e-06
5.629999999999999449e-01,1.635644660857102164e-05,8.005414711172971902e-06,2.751911735723078450e-15,4.511053223929890162e-20,2.328378140252808202e-20,8.351031894646068489e-06
5.640000000000000568e-01,1.822428718648500180e-05,8.815053357222146877e-06,3.568103553349714482e-12,2.606461796647167784e-18,1.309118658538454307e-18,9.409230261155385682e-06
5.649999999999999467e-01,2.096692363860091094e-05,1.007789502170618168e-05,1.582750869020764682e-11,7.482709599614671371e-18,3.746015402488060798e-18,1.088901278937481120e-05
5.660000000000000586e-01,2.562841000582339300e-05,1.235657656767665037e-05,3.516944407240557019e-11,1.124211520365829403e-17,5.617999040511168496e-18,1.327179826868581187e-05
5.669999999999999485e-01,3.299212612882346208e-05,1.602773047798136750e-05,5.280920910108635511e-11,1.128613083490625208e-17,5.630879240168969979e-18,1.696434284161607440e-05
5.680000000000000604e-01,4.303639844174830353e-05,2.099165702805467649e-05,5.548828602432396944e-11,7.626413254589856019e-18,3.797141071681126142e-18,2.204468592539618157e-05
5.689999999999999503e-01,5.485955359552464395e-05,2.667436318152703671e-05,3.546806871976011820e-11,2.810454022926973321e-18,1.393521347378303208e-18,2.818515494592468753e-05
5.700000000000000622e-01,6.751877581054871035e-05,3.254801196778108954e-05,5.743533308121972688e-12,9.623066410325230043e-20,4.559478050834261963e-20,3.497075809923417113e-05
5.709999999999999520e-01,8.177084103744634944e-05,3.912558357120985840e-05,1.156752855675622874e-11,1.194959996756728268e-18,6.013369190260193905e-19,4.264524589870613731e-05
5.720000000000000639e-01,1.018607534120420676e-04,4.892980825042495430e-05,1.233138565023193484e-10,5.157792426784528449e-18,2.580212927565427893e-18,5.293082184775288013e-05
5.729999999999999538e-01,1.356088518804449898e-04,6.648688407424927329e-05,3.963798837942663165e-10,9.129375815883075147e-18,4.554938625608114831e-18,6.912157142629822440e-05
5.740000000000000657e-01,1.907555167382016248e-04,9.629323349969387200e-05,7.986550148509329896e-10,1.037001566129649306e-17,5.162786641064610537e-18,9.446148458347737825e-05
5.749999999999999556e-01,2.666690312889588143e-04,1.383508273172702214e-04,1.141019590180353383e-09,8.102609184228493267e-18,4.024037490828287609e-18,1.283170629520863045e-04
5.760000000000000675e-01,3.437835624186079539e-04,1.825587628250859582e-04,1.101792671347700433e-09,3.935630904465669874e-18,1.946752395754791228e-18,1.612236978008448009e-04
5.769999999999999574e-01,3.785785378722959305e-04,2.059649043317792426e-04,5.028445238830442542e-10,6.564383325472851158e-19,3.199460273768920407e-19,1.726131306959917985e-04
5.780000000000000693e-01,3.185764722828616840e-04,1.801061446223241260e-04,5.240741232279559726e-11,3.085460318522708891e-19,1.545755514934444787e-19,1.384702752531247845e-04
5.789999999999999591e-01,1.575509530865886083e-04,9.833199112202913831e-05,2.786751862281097499e-09,2.888610218631768270e-18,1.438508487322398760e-18,5.921617521269287559e-05
5.800000000000000711e-01,5.276538592897705619e-05,3.363434808240233528e-05,1.638600653966730305e-08,6.486499040047536724e-18,3.212524271893956349e-18,1.911465184002535670e-05
5.809999999999999609e-01,5.202806164735739296e-04,2.345713374332718769e-04,5.638282177253742712e-08,8.666826427212312092e-18,4.262543569195378607e-18,2.856528962185166175e-04
5.820000000000000728e-01,2.708866231166988207e-03,1.259350606953160701e-03,1.500222656003920673e-07,8.087059805901383033e-18,3.925154205206474942e-18,1.449365601948215216e-03
5.829999999999999627e-01,8.727882501275083249e-03,4.136102144486114920e-03,3.401962942998470615e-07,5.281552246540554006e-18,2.474044240360235733e-18,4.591440160494659681e-03
5.840000000000000746e-01,2.197312451460585805e-02,1.052244781095661511e-02,6.885328336616727487e-07,2.182159287652553729e-18,8.761829146145299556e-19,1.144998817081557818e-02
5.849999999999999645e-01,4.736411521835498517e-02,2.282293813636589869e-02,1.276465254323471649e-06,7.987469322364961885e-19,1.303862333841426503e-19,2.453990061673476386e-02
5.860000000000000764e-01,9.138643929160968071e-02,4.421327942749779527e-02,2.203051753335867546e-06,1.971629078475218856e-18,6.421175537780252994e-19,4.717095681235854848e-02
5.869999999999999662e-01,1.618336282913968027e-01,7.852028205092848046e-02,3.578547058134800576e-06,4.966255628947666243e-18,2.016879288894615284e-18,8.330976769341018329e-02
5.880000000000000782e-01,2.671724355040763221e-01,1.299197803749087554e-01,5.513291495577497291e-06,8.078848417197340580e-18,3.356718992636451439e-18,1.372471418376719487e-01
5.889999999999999680e-01,4.155148907340252551e-01,2.024424938556442788e-01,8.102337779886085667e-06,9.791569222896523043e-18,3.833838232601801172e-18,2.130642945406011068e-01
5.900000000000000799e-01,6.132640682220233952e-01,2.993173299304371371e-01,1.140725824161711227e-05,9.737633339239735097e-18,3.178459429391025023e-18,3.139353310333446445e-01
5.909999999999999698e-01,8.635933651242213571e-01,4.222264032915419296e-01,1.543756254589099500e-05,8.919981334710292779e-18,1.807065588756563617e-18,4.413515242701334662e-01
5.920000000000000817e-01,1.165000230015745153e+00,5.705863054165180026e-01,2.013486639078167543e-05,9.100510203117491267e-18,5.470170100565441688e-19,5.943937897328365194e-01
5.929999999999999716e-01,1.510221714431184470e+00,7.409948804818228263e-01,2.536315919487388781e-05,1.174351911535033452e-17,1.396989500801375197e-19,7.692014707901666526e-01
5.940000000000000835e-01,1.885791955226762795e+00,9.269823898353020120e-01,3.090807493408147830e-05,1.711703377648240493e-17,8.111580207275828449e-19,9.587786573165266724e-01
5.949999999999999734e-01,2.272451685825278567e+00,1.119175270941775047e+00,3.648695575282351192e-05,2.404782197930224127e-17,2.148085386789254835e-18,1.153239927927750763e+00
5.960000000000000853e-01,2.646492211938062056e+00,1.305921092848385534e+00,4.176984778204733577e-05,3.046852229100104670e-17,3.345761403675186856e-18,1.340529349241894597e+00
5.969999999999999751e-01,2.981951125531670854e+00,1.474343526639447344e+00,4.640966042094267366e-05,3.446904344724743225e-17,3.689861724658688998e-18,1.507561189231802823e+00
5.979999999999999760e-01,3.253406495766768991e+00,1.611711195607102187e+00,5.007792450350330871e-05,3.527844963939836709e-17,2.996924795403195689e-18,1.641645222235163626e+00
5.989999999999999769e-01,3.438977724714689543e+00,1.706932434667992826e+00,5.250128523014790884e-05,3.361561055556948565e-17,1.746043388534263531e-18,1.731992788761466784e+00
5.999999999999999778e-01,3.523068371829488399e+00,1.751946584975628385e+00,5.349337032929344651e-05,3.118187926881686576e-17,7.998216862069707695e-19,1.771068293483530676e+00
6.009999999999999787e-01,3.498400254475846349e+00,1.742783340406453219e+00,5.297713656373682494e-05,2.957267715986061042e-17,8.599030973381418451e-19,1.755563936932829305e+00
6.019999999999999796e-01,3.366991562460269982e+00,1.680107800369631477e+00,5.099417371906379902e-05,2.926915983846539243e-17,1.988426221082407288e-18,1.686832767916919273e+00
6.029999999999999805e-01,3.139906696506976402e+00,1.569152922944940798e+00,4.769949281811509782e-05,2.936950230335464589e-17,3.519077286582666387e-18,1.570706074069217584e+00
6.039999999999999813e-01,2.835817201853144010e+00,1.419046592924532391e+00,4.334265484394981009e-05,2.827719141601818190e-17,4.454051318299448104e-18,1.416727266273767771e+00
6.049999999999999822e-01,2.478617653043485358e+00,1.241645675509122748e+00,3.823825587332980986e-05,2.492504584280066000e-17,4.120530874763201423e-18,1.236933739278489375e+00
6.059999999999999831e-01,2.094495206661954878e+00,1.050072134266636592e+00,3.273036119042192500e-05,1.970252373585611849e-17,2.656584501220374795e-18,1.044390342034127839e+00
6.069999999999999840e-01,1.708925893262258633e+00,8.571895808008349604e-01,2.715619157375832399e-05,1.439255809988920134e-17,9.733469484073218142e-19,8.517091562698499985e-01
6.079999999999999849e-01,1.344052406592557869e+00,6.742547010188375545e-01,2.181411511573353302e-05,1.107619002882320708e-17,1.771818901535308471e-19,6.697758914586044998e-01
6.089999999999999858e-01,1.016796017629244320e+00,5.099299307874369802e-01,1.693989460664346587e-05,1.070861149124277029e-17,8.173708269250614752e-19,5.068491469472007349e-01
6.099999999999999867e-01,7.378960967144518879e-01,3.697643133515000069e-01,1.269345734547876108e-05,1.237119237812969755e-17,2.478317621305186026e-18,3.681190899056063781e-01
6.109999999999999876e-01,5.118919290951120527e-01,2.561575984078214852e-01,9.156560399293103630e-06,1.379658249081938576e-17,4.026847628539130540e-18,2.557251741268913303e-01
6.119999999999999885e-01,3.379014073716302691e-01,1.687384927244006683e-01,6.339996528820806662e-06,1.288588607717735389e-17,4.376556777923286550e-18,1.691565746507007750e-01
6.129999999999999893e-01,2.109400386670426675e-01,1.050280078949260565e-01,4.197726318942919221e-06,9.197395433307595914e-18,3.252157261459908702e-18,1.059078330457976502e-01
6.139999999999999902e-01,1.234774366196781936e-01,6.123227573889544750e-02,2.644701041559138442e-06,4.340407026162396357e-18,1.409373859724912115e-18,6.224251617974117107e-02
6.149999999999999911e-01,6.694663046668640483e-02,3.301657846955559361e-02,1.575176972356926212e-06,9.354615339759542166e-19,1.315065735338870914e-19,3.392847682015845412e-02
6.159999999999999920e-01,3.298957875247376936e-02,1.614655672085232863e-02,8.788986663451225092e-07,8.163014416599166326e-19,3.361582716989203141e-19,1.684214313295509177e-02
6.169999999999999929e-01,1.431709193519031809e-02,6.931624125226560837e-03,4.534397634454667002e-07,3.722140797253403161e-18,1.917649522718014451e-18,7.385014370200307550e-03
6.179999999999999938e-01,5.158065534214486755e-03,2.456316296893661186e-03,2.119984459119973201e-07,7.423210610691816857e-18,3.800550918948793348e-18,2.701537238874902880e-03
6.189999999999999947e-01,1.351073298752077058e-03,6.265961457813469439e-04,8.684001425601283622e-08,9.226637376137042782e-18,4.681753272627225622e-18,7.243903129564602207e-04
6.199999999999999956e-01,1.790024479913928344e-04,8.343788274418309676e-05,2.921733960258339612e-08,7.824484289306320248e-18,3.944661591445332958e-18,9.553534790759539148e-05
6.209999999999999964e-01,6.215726050643522501e-05,4.388946734776365093e-05,6.921900067343995797e-09,4.184765817660780523e-18,2.097732350085109633e-18,1.826087125859794308e-05
6.219999999999999973e-01,2.127957782427234638e-04,1.232256907275850464e-04,6.436153392107385046e-10,8.517405176532248917e-19,4.219975588476944602e-19,8.956944389979793733e-05
6.229999999999999982e-01,3.248621374241587845e-04,1.763388993622246720e-04,1.232027956762091288e-10,1.465580626975558413e-19,7.390449302931818431e-20,1.485231148591382197e-04
6.239999999999999991e-01,3.382157097287803033e-04,1.783310535505507098e-04,7.685080508987989080e-10,2.538490415780702112e-18,1.277653954405292280e-18,1.598838876701748736e-04
6.250000000000000000e-01,2.863125526129816798e-04,1.483843424626892231e-04,1.074663877411012989e-09,6.331156836736615263e-18,3.176205996957749691e-18,1.379271354864055514e-04
6.260000000000000009e-01,2.155607463212372353e-04,1.102970692419599351e-04,9.104324476836747549e-10,8.870038677009340256e-18,4.440179267647894074e-18,1.052627666468162982e-04
6.270000000000000018e-01,1.548070922469271891e-04,7.822865845596738707e-05,5.484277876464644821e-10,8.402801561849460335e-18,4.197935819571110497e-18,7.657788536315953136e-05
6.280000000000000027e-01,1.127727212005638386e-04,5.613584746551324200e-05,2.305655011574054581e-10,5.278880804572408502e-18,2.630824541785698946e-18,5.663664316954152868e-05
6.290000000000000036e-01,8.622745141535672741e-05,4.217216906070466028e-05,5.341613863772573857e-11,1.664363490283437955e-18,8.251895177228508623e-19,4.405522893851094148e-05
6.300000000000000044e-01,6.862301404226062358e-05,3.300770487505506385e-05,8.291778705317608613e-13,5.962687705708484401e-21,2.004402348779378349e-21,3.561530833802768753e-05
6.310000000000000053e-01,5.506389220523479349e-05,2.618935971437038094e-05,1.269166280182593705e-11,1.343450997946287548e-18,6.753222747292905242e-19,2.887451979919958869e-05
6.320000000000000062e-01,4.350929595279039782e-05,2.063818133755873638e-05,3.594139952422266352e-11,4.641156875203414857e-18,2.322856462503554373e-18,2.287107867382516711e-05
6.330000000000000071e-01,3.382837477504152838e-05,1.615856204832063177e-05,4.454185870859258323e-11,7.563602580731793815e-18,3.777353230181224575e-18,1.766976818485084671e-05
6.340000000000000080e-01,2.640163662088777444e-05,1.278990700364884527e-05,3.637952153619004979e-11,8.109183800021592768e-18,4.042957756061663624e-18,1.361169323770523919e-05
6.350000000000000089e-01,2.124649720338527792e-05,1.043594506330671316e-05,2.082215862813184173e-11,5.951812188997512515e-18,2.962014322394692500e-18,1.081053131791102383e-05
6.360000000000000098e-01,1.786131560221566395e-05,8.821903810290735834e-06,7.507084898225977848e-12,2.591990827645751624e-18,1.286292447248019859e-18,9.039404284836151209e-06
6.370000000000000107e-01,1.551136276028197204e-05,7.626002851174190407e-06,9.046882094212381357e-13,2.713520824683162615e-19,1.330700047502498720e-19,7.885359004419169364e-06
6.380000000000000115e-01,1.358142808088688786e-05,6.613371742299785559e-06,2.819496236532571784e-13,4.426381516084059551e-19,2.229480583205778676e-19,6.968056056636813009e-06
6.390000000000000124e-01,1.175905823002104208e-05,5.683695696686261810e-06,2.389203937857327291e-12,2.842187208163402693e-18,1.420637123058797964e-18,6.075360144126581180e-06
6.400000000000000133e-01,1.000952489236588152e-05,4.836148342586158213e-06,4.218275363545464432e-12,5.748775052609809058e-18,2.867042249822044091e-18,5.173372331495742967e-06
6.410000000000000142e-01,8.433618768211280855e-06,4.102933343428420441e-06,4.408331031351290899e-12,7.189660113927506710e-18,3.581024138591775669e-18,4.330681016441058160e-06
6.420000000000000151e-01,7.125664099485416499e-06,3.499996149356892945e-06,3.195185218354138042e-12,6.245014721456492191e-18,3.107499770252618955e-18,3.625664754933952625e-06
6.430000000000000160e-01,6.102461949046959031e-06,3.013784350322767022e-06,1.567131973633212615e-12,3.592645970923820719e-18,1.786102836152751584e-18,3.088676031586840251e-06
6.440000000000000169e-01,5.308784417945253627e-06,2.614555431031968853e-06,3.966720265700415341e-13,9.861747449723550648e-19,4.898372355029885529e-19,2.694228590239782030e-06
6.450000000000000178e-01,4.663074172215492162e-06,2.275462494157685946e-06,1.846349742672288960e-15,6.928242226927015560e-20,3.525404267722489423e-20,2.387611676211351894e-06
6.460000000000000187e-01,4.100971558771813617e-06,1.982222024051243489e-06,1.847300499498942715e-13,1.326808965020233808e-18,6.620667738626249203e-19,2.118749349988531400e-06
6.470000000000000195e-01,3.593150300076155343e-06,1.730674053405390826e-06,5.325722269578345195e-13,3.832166360355555686e-18,1.908783582070042306e-18,1.862475714092796856e-06
6.480000000000000204e-01,3.137825594878785392e-06,1.518752353682036041e-06,7.185883026055075537e-13,5.903584032059606125e-18,2.939248515400375571e-18,1.619072522599603978e-06
6.490000000000000213e-01,2.742348304787868415e-06,1.340813151692116017e-06,6.431178278957100664e-13,6.204310348326618618e-18,3.089038330949788109e-18,1.401534509968631067e-06
6.500000000000000222e-01,2.408677396753867022e-06,1.187814796662825278e-06,4.004343174127080091e-13,4.573813403410929211e-18,2.278161290732057447e-18,1.220862199649872289e-06
6.510000000000000231e-01,2.129347341224985273e-06,1.051430360103095154e-06,1.535297683718835149e-13,2.084881405896270467e-18,1.039645171279705756e-18,1.077916827588996891e-06
6.520000000000000240e-01,1.891762664433765701e-06,9.277480179238226638e-07,1.738653059696693279e-14,3.258984597262267125e-19,1.634217667917738351e-19,9.640146291229231395e-07
6.530000000000000249e-01,1.684571265410679251e-06,8.175569404856150933e-07,1.040395297288860199e-14,3.844581385436942145e-19,1.913309459698604494e-19,8.670143145205353741e-07
6.540000000000000258e-01,1.501120650923811679e-06,7.233980075593900899e-07,7.616543597710529394e-14,2.173159963314707306e-18,1.081247275638445225e-18,7.777225671957312084e-07
6.550000000000000266e-01,1.338845864134116794e-06,6.459304083863615971e-07,1.393182155029416458e-13,4.507468242146212328e-18,2.244531815538071913e-18,6.929153164227876441e-07
6.560000000000000275e-01,1.196558361943808314e-06,5.822680967032237073e-07,1.533975563404906869e-13,5.872159193816289890e-18,2.926424898107016344e-18,6.142901118342298416e-07
6.570000000000000284e-01,1.072293134388179492e-06,5.271661979149523870e-07,1.169826779088355052e-13,5.387870516687454388e-18,2.687361899487320224e-18,5.451268194824740564e-07
6.580000000000000293e-01,9.630281761582423403e-07,4.758503707174801396e-07,5.960595640032783185e-14,3.368805358383095326e-18,1.682074306232137082e-18,4.871777458297548761e-07
6.590000000000000302e-01,8.657875977269542122e-07,4.263441344208854361e-07,1.491430103214340450e-14,1.119272647917918807e-18,5.598625535500971232e-19,4.394434483900886726e-07
6.599999999999999201e-01,7.787522514558243961e-07,3.797898764178163273e-07,7.440426135355467870e-18,9.516032093543521375e-20,4.739897432515565450e-20,3.989623750304250063e-07
6.610000000000000320e-01,7.013780926956355605e-07,3.387965457145204694e-07,1.054289320403566550e-14,9.619905926649143936e-19,4.783824982557339411e-19,3.625815364367815603e-07
6.619999999999999218e-01,6.335499970680278044e-07,3.051329565999052707e-07,2.950932418841319256e-14,3.156060023770653966e-18,1.573075146675451111e-18,3.284170109540691972e-07
6.630000000000000338e-01,5.745738720587279237e-07,2.783264284450851529e-07,4.060472532478533110e-14,5.241544339644240979e-18,2.615190497209035321e-18,2.962474030010606690e-07
6.639999999999999236e-01,5.228236655699482202e-07,2.559286089979576706e-07,3.729346229598937075e-14,5.843942463054027893e-18,2.917628162037055056e-18,2.668950192697666246e-07
6.650000000000000355e-01,4.762526954079066375e-07,2.350419332330076892e-07,2.366989429687949518e-14,4.556611903629736199e-18,2.275987820613928933e-18,2.412107384981720561e-07
6.659999999999999254e-01,4.333021858487219646e-07,2.139596797993096734e-07,8.996644171294185705e-15,2.220421634066655509e-18,1.109412275342707623e-18,2.193424970494383312e-07
6.670000000000000373e-01,3.934938098782550167e-07,1.928644323470899393e-07,8.292208807454598804e-16,3.789510432405256580e-19,1.890566403507499841e-19,2.006293767013762122e-07
6.679999999999999272e-01,3.572910129299117960e-07,1.732726522649944171e-07,1.055383846919082732e-15,2.578722112070116190e-19,1.279368324370005805e-19,1.840183596091477466e-07
6.690000000000000391e-01,3.253725207973144861e-07,1.567447686620548189e-07,6.311807562912820723e-15,1.943824221220022760e-18,9.699466600245761079e-19,1.686277458205382805e-07
6.699999999999999289e-01,2.978584490712179812e-07,1.437670926146374499e-07,1.133702523484797587e-14,4.317076184013817105e-18,2.155722897405675227e-18,1.540913451130824792e-07
6.710000000000000409e-01,2.740116316641017731e-07,1.334770807188532484e-07,1.252907495971151729e-14,5.793233147720396932e-18,2.893348050092892729e-18,1.405345384074870095e-07
6.719999999999999307e-01,2.525659063286735755e-07,1.242832577877407810e-07,9.594070546487141663e-15,5.383031517500055468e-18,2.688336258863277323e-18,1.282826389387908833e-07
6.730000000000000426e-01,2.324001713403665593e-07,1.148668320118545353e-07,4.835271103980932893e-15,3.357965540549152718e-18,1.676471875048493331e-18,1.175333344882064626e-07
6.739999999999999325e-01,2.130777678933667868e-07,1.048864384653768462e-07,1.114008520345253852e-15,1.069960050049106958e-18,5.334947061344099851e-19,1.081913283123779600e-07
6.750000000000000444e-01,1.949097256734635065e-07,9.498679802136867980e-08,1.325748505278193605e-17,4.372258181405477510e-20,2.117277319023647726e-20,9.992292763877245429e-08
6.759999999999999343e-01,1.785473356400920927e-07,8.620035740420026009e-08,1.221087906856538456e-15,9.535223872046227067e-19,4.759315655002442947e-19,9.234697701337448707e-08
6.770000000000000462e-01,1.644142270278286408e-07,7.919617193145823136e-08,3.182182858190613652e-15,3.174604918628059609e-18,1.585114038412994224e-18,8.521805190942781832e-08
6.779999999999999361e-01,1.523580424927211966e-07,7.386316827432869795e-08,4.316452572172070611e-15,5.209184156286509532e-18,2.600400404167740676e-18,7.849486989413033861e-08
6.790000000000000480e-01,1.417190935124975162e-07,6.944099437119899161e-08,3.950749224714214523e-15,5.694972781480318669e-18,2.841880926400726906e-18,7.227809518201244572e-08
6.799999999999999378e-01,1.317247817760711967e-07,6.504270729554028202e-08,2.490196672616718600e-15,4.314072180225965618e-18,2.151667052005658073e-18,6.668207198386850660e-08
6.810000000000000497e-01,1.219211523398095204e-07,6.019108994531309953e-08,9.156099608770970776e-16,1.994216791184249690e-18,9.936196514956881840e-19,6.173006147589862605e-08
6.819999999999999396e-01,1.123620707993816527e-07,5.503247087919928513e-08,6.449120465333474852e-17,2.766905862625089106e-19,1.371223436519579111e-19,5.732959985527734961e-08
6.830000000000000515e-01,1.034623190216881159e-07,5.013700379361834006e-08,1.677397302973929581e-16,2.843501682861806770e-19,1.419034491921592505e-19,5.332531505990378522e-08
6.839999999999999414e-01,9.564480390417128242e-08,4.606353199899897029e-08,8.518185433907065667e-16,1.982540466402108896e-18,9.897713380785451891e-19,4.958127105038145628e-08
6.850000000000000533e-01,8.902771376265644779e-08,4.299036519036832261e-08,1.495635622987395720e-15,4.218361645797688643e-18,2.104999602513116567e-18,4.603734707032913768e-08
6.859999999999999432e-01,8.334424375908775610e-08,4.063325476184699482e-08,1.651410934188845468e-15,5.498627770352692332e-18,2.742869122571250300e-18,4.271098733758832650e-08
6.870000000000000551e-01,7.811867738516274818e-08,3.846465174597135380e-08,1.269140071279761293e-15,4.979823720686790649e-18,2.483274272870542470e-18,3.965402436258821579e-08
6.879999999999999449e-01,7.295812981976576751e-08,3.605896553493148596e-08,6.377774131083487774e-16,3.014649739903528842e-18,1.502719317185017196e-18,3.689916364253950101e-08
6.890000000000000568e-01,6.776236429695944641e-08,3.333230076697520469e-08,1.401446586227526139e-16,9.042015754599283768e-19,4.502411371269680976e-19,3.443006338848514456e-08
6.899999999999999467e-01,6.272824997448809346e-08,3.054006265978759983e-08,5.233309857544007415e-18,3.170389759465802068e-20,1.538850513717138049e-20,3.218818730942010347e-08
6.910000000000000586e-01,5.816889650041080242e-08,2.806386332866771774e-08,2.033467344680172391e-16,9.540784233732274210e-19,4.755622118782841730e-19,3.010503296696670553e-08
6.919999999999999485e-01,5.428204589017672302e-08,2.614671775080109233e-08,5.157320561318357610e-16,3.045028148812415381e-18,1.518357142839532857e-18,2.813532761908019007e-08
6.930000000000000604e-01,5.101914682694609229e-08,2.474826543833665781e-08,7.022234439474341066e-16,4.915486469055086147e-18,2.451214616881161131e-18,2.627088067901928918e-08
6.939999999999999503e-01,4.812616207879695613e-08,2.359588309066439241e-08,6.486291332055196330e-16,5.329383687061702735e-18,2.657814046653119465e-18,2.453027833151623613e-08
6.950000000000000622e-01,4.531108610529478033e-08,2.237601480672399179e-08,4.106778323993809348e-16,4.013988055094572616e-18,2.001987959222345666e-18,2.293507088187698001e-08
6.959999999999999520e-01,4.241837669120560998e-08,2.092910387315641090e-08,1.480598682157499747e-16,1.836825856980948215e-18,9.161050754127509277e-19,2.148927266723640227e-08
6.970000000000000639e-01,3.949943351736878719e-08,1.932553850086937073e-08,8.237525525356129736e-18,2.349237871736337591e-19,1.167981679847109510e-19,2.017389500791017150e-08
6.979999999999999538e-01,3.674596955295193266e-08,1.778895877042109476e-08,3.873804680759016154e-17,2.690196867681998661e-19,1.334637080034862861e-19,1.895701074339031230e-08
6.990000000000000657e-01,3.434314543181010585e-08,1.653276758069268327e-08,1.757318645930307584e-16,1.921475312980643896e-18,9.578410034027968067e-19,1.781037767250624521e-08
6.999999999999999556e-01,3.234370336744405348e-08,1.562239252656262921e-08,3.025743735114265767e-16,4.101361777041706733e-18,2.046006623400224535e-18,1.672131053215967646e-08
7.010000000000000675e-01,3.064013196883432678e-08,1.494672807899154386e-08,3.306825671680716994e-16,5.360241434357328647e-18,2.675060643557982728e-18,1.569340355112491838e-08
7.019999999999999574e-01,2.904179873032255854e-08,1.430419664630321161e-08,2.493778036736051544e-16,4.853231331204940478e-18,2.422752049956884277e-18,1.473760182736555977e-08
7.030000000000000693e-01,2.739706930116245777e-08,1.353636544918725313e-08,1.190788897903713147e-16,2.909780414795607405e-18,1.452883270300269085e-18,1.386070372853365216e-08
7.039999999999999591e-01,2.567846829993334125e-08,1.261977762386304407e-08,2.137954329087958891e-17,8.266656394411762611e-19,4.126051387127032736e-19,1.305869065345148174e-08
7.050000000000000711e-01,2.398095199773512593e-08,1.166288479057951094e-08,4.215490205962137493e-18,8.218848111130587240e-21,3.411607369724930615e-21,1.231806720292849376e-08
7.059999999999999609e-01,2.244346558612841345e-08,1.082047304039869595e-08,5.732451198451616789e-17,1.020469236323683028e-18,5.085370723434856666e-19,1.162299248687620073e-08
7.070000000000000728e-01,2.115132188963190676e-08,1.018846221354468886e-08,1.285245086348270401e-16,3.197039531213273116e-18,1.595568018846321544e-18,1.096285954277010167e-08
7.079999999999999627e-01,2.008305486624799810e-08,9.747431058249646410e-09,1.638088380866226620e-16,5.075098286431440631e-18,2.533820643427417977e-18,1.033562363658059335e-08
7.090000000000000746e-01,1.913071626894941488e-08,9.385162561248356695e-09,1.418377735979119659e-16,5.380423568546689751e-18,2.686495619796356782e-18,9.745553557796365055e-09
7.099999999999999645e-01,1.817319815089245126e-08,8.975516137475358134e-09,8.176579609867750924e-17,3.898446822943578880e-18,1.946208685315805151e-18,9.197681925806639050e-09
7.110000000000000764e-01,1.715074362251546602e-08,8.457891743513580280e-09,2.391204632918636428e-17,1.631898703640720745e-18,8.140148217179726174e-19,8.692851852643926070e-09
7.119999999999999662e-01,1.609333910034425385e-08,7.867083725347375365e-09,3.281548447525541061e-19,1.249173095946781326e-19,6.159785477233389299e-20,8.226255374482208365e-09
7.130000000000000782e-01,1.508964225799985304e-08,7.299867273663521287e-09,1.591137813505789105e-17,4.073162430182307134e-19,2.034355630279842650e-19,7.789774967814200551e-09
7.139999999999999680e-01,1.422206770649106491e-08,6.845978498369597552e-09,5.028805224563592321e-17,2.283661262219742457e-18,1.141432210073028632e-18,7.376089154408321401e-09
7.150000000000000799e-01,1.351250925040177473e-08,6.530747553734418192e-09,7.543762519732394889e-17,4.463041704049341547e-18,2.230062315963657304e-18,6.981761614536627430e-09
7.159999999999999698e-01,1.291202077763184850e-08,6.304434284256725564e-09,7.479370899572248186e-17,5.446536285504972165e-18,2.720347899865886440e-18,6.607586410414529841e-09
7.170000000000000817e-01,1.233664515727814559e-08,6.080253737610183891e-09,5.133506453789707822e-17,4.560563185154253137e-18,2.276426979748011156e-18,6.256391361495906095e-09
7.179999999999999716e-01,1.172213244973012145e-08,5.792121617356001783e-09,2.174196159360285140e-17,2.418488905394997990e-18,1.205777565105020589e-18,5.930010807007889995e-09
7.190000000000000835e-01,1.106098519272683331e-08,5.433599169444775856e-09,3.232450492356007001e-18,4.896071451348517199e-19,2.429968516734954699e-19,5.627386019317001927e-09
7.199999999999999734e-01,1.040002605048462496e-08,5.055246874585196352e-09,2.937586455287466848e-18,7.813617356209950508e-20,3.908496491361946575e-20,5.344779172844619996e-09
7.210000000000000853e-01,9.803822647763780266e-09,4.726161532325166792e-09,1.583876587248368271e-17,1.426115963752702635e-18,7.135368396696421675e-19,5.077661097460194413e-09
7.219999999999999751e-01,9.310447703952057965e-09,4.487569237155375059e-09,3.048577435400876257e-17,3.562613230001087895e-18,1.780114391512588212e-18,4.822878430968180199e-09
7.230000000000000870e-01,8.908386931638879567e-09,4.328656132404403263e-09,3.709458266203764121e-17,4.993903906843069452e-18,2.492737991230757333e-18,4.579730754653252935e-09
7.239999999999999769e-01,8.547251615694193221e-09,4.197810177104721423e-09,3.262881140029119540e-17,4.741161900752766171e-18,2.363991647307654757e-18,4.349441398855506140e-09
7.250000000000000888e-01,8.172300778056392488e-09,4.038742927740484272e-09,2.081571723599124835e-17,2.999112742997231697e-18,1.493040847154037760e-18,4.133557825008037789e-09
7.259999999999999787e-01,7.758599473719724079e-09,3.826195752833973068e-09,8.591515802136484851e-18,9.693352534993121006e-19,4.808053528835767913e-19,3.932403710844096012e-09
7.270000000000000906e-01,7.323127156582850184e-09,3.578598597548491846e-09,1.913085196570655549e-18,7.287399364400820167e-21,3.143430828069710680e-21,3.744528557110842467e-09
7.279999999999999805e-01,6.909169249422502413e-09,3.341803337291798855e-09,3.110395150711435832e-18,6.935606815572713515e-19,3.477275210073473643e-19,3.567365907979019957e-09
7.290000000000000924e-01,6.555459250977841421e-09,3.156921691075949157e-09,1.040218518964933957e-17,2.470422239639952792e-18,1.234312408224126160e-18,3.398537545794972117e-09
7.299999999999999822e-01,6.271088287764268670e-09,3.034179085971892881e-09,1.916659972873526118e-17,4.068958505704356354e-18,2.029511350690328973e-18,3.236909176527305754e-09
7.310000000000000941e-01,6.031618458339322079e-09,2.948852492679845087e-09,2.426718626599164572e-17,4.398528610643854942e-18,2.190882843910318528e-18,3.082765934802879016e-09
7.319999999999999840e-01,5.796956578098443576e-09,2.859855184385931763e-09,2.263117982354228710e-17,3.270140584641627681e-18,1.626487783473049336e-18,2.937101366184703688e-09
7.330000000000000959e-01,5.537655521889012908e-09,2.737085190968939086e-09,1.502026843581450278e-17,1.473371879562273289e-18,7.313193996580852234e-19,2.800570313695113728e-09
7.339999999999999858e-01,5.252141670274637835e-09,2.579338024141236493e-09,5.887201260742584859e-18,1.942517054760803357e-19,9.594472997715511591e-20,2.672803639956004120e-09
7.350000000000000977e-01,4.964696205831260246e-09,2.412222373713058446e-09,9.575532054489327678e-19,2.071383731327759487e-19,1.042222936126430135e-19,2.552473830849287715e-09
7.359999999999999876e-01,4.707165872990233923e-09,2.269185332401025089e-09,3.635727284006789082e-18,1.394172429985122793e-18,6.955894236491016820e-19,2.437980534863719406e-09
7.370000000000000995e-01,4.497476206206418949e-09,2.169229637612932128e-09,1.250142544513522888e-17,2.884821780251918256e-18,1.436186447240331074e-18,2.328246551771053492e-09
7.379999999999999893e-01,4.328917277881604368e-09,2.105814339021854467e-09,2.186548592154853986e-17,3.673919842748719465e-18,1.826896494362192972e-18,2.223102911493447136e-09
7.390000000000001013e-01,4.176101224880637073e-09,2.053037264671045462e-09,2.541247857276764979e-17,3.275973705234147603e-18,1.627873016115295566e-18,2.123063929893266651e-09
7.399999999999999911e-01,4.012361811739808140e-09,1.983655224590760127e-09,2.062207529805352134e-17,1.992282129185691577e-18,9.898379490815831773e-19,2.028706563544852010e-09
7.410000000000001030e-01,3.826521335536836069e-09,1.886423821688166694e-09,1.077932283808469110e-17,6.583730888314457929e-19,3.276895171481969401e-19,1.940097502083284130e-09
7.419999999999999929e-01,3.628378170366305097e-09,1.771748958221665419e-09,2.882740132290861196e-18,8.178149731495003357e-20,4.156251489333422468e-20,1.856629209138555317e-09
7.430000000000001048e-01,3.440357937419030042e-09,1.663037402216452037e-09,2.724839265414959192e-18,5.490327898868470465e-19,2.731129544521941211e-19,1.777320531655592797e-09
7.439999999999999947e-01,3.281810846411829598e-09,1.580479323500709598e-09,1.064800954894460202e-17,1.693826413448486584e-18,8.408517930265698090e-19,1.701331509728432327e-09
7.450000000000001066e-01,3.156591010037450505e-09,1.528257078160234382e-09,2.116352984520621327e-17,2.766780805115782766e-18,1.373732664677429315e-18,1.628333906573172440e-09
7.459999999999999964e-01,3.051580888478352001e-09,1.493065072668974197e-09,2.684872856207391179e-17,3.107075478817597334e-18,1.544159553749948133e-18,1.558515784309414050e-09
7.470000000000001084e-01,2.946207935606702968e-09,1.453945645064050318e-09,2.373300752329311520e-17,2.525147646481055123e-18,1.257185284155264794e-18,1.492262263027311998e-09
7.479999999999999982e-01,2.825976536650629987e-09,1.396217901178640262e-09,1.419973420983366545e-17,1.388632506177301076e-18,6.936570250350114050e-19,1.429758619189965691e-09
7.490000000000001101e-01,2.691037439974977389e-09,1.320256624095249603e-09,5.230747686831358674e-18,3.865675983436576207e-19,1.946498798770764286e-19,1.370780810067762414e-09
7.500000000000000000e-01,2.554709721509099784e-09,1.239926428346486942e-09,3.283606402417482998e-18,1.203759999250291015e-19,5.959949013896949573e-20,1.314783289699031014e-09
7.600000000000000089e-01,1.696281364502758407e-09,8.215342543772807405e-10,2.188303191632691621e-17,2.628562982517054285e-18,1.310945157801794219e-18,8.747470843029376325e-10
7.700000000000000178e-01,1.177880672386794458e-09,5.821180064592010464e-10,7.482867776520633515e-18,2.824580153990224435e-18,1.413403103276201387e-18,5.957626542067423299e-10
7.800000000000000266e-01,8.048120623079425904e-10,3.899500216130451239e-10,5.503711474076148642e-18,1.932933955311313600e-19,9.735453934062671376e-20,4.148620349005381176e-10
7.900000000000000355e-01,5.712689490514623853e-10,2.769473228419654862e-10,1.134441548447339664e-17,3.374713677368011127e-18,1.682489848035776144e-18,2.943216098078777999e-10
8.000000000000000444e-01,4.193946121743559070e-10,2.070996832556944702e-10,8.597272285016305832e-18,1.050436399522257167e-18,5.199536284125678228e-19,2.122949187509990940e-10
8.100000000000000533e-01,3.014396894643201201e-10,1.458333813479842423e-10,4.815611668529207548e-18,1.700353994704780168e-19,8.357938251956063566e-20,1.556063030471094460e-10
8.200000000000000622e-01,2.251680232098110914e-10,1.095383397781395246e-10,1.078674681209817795e-17,1.828798747005330392e-18,9.102739402072820289e-19,1.156296699058520564e-10
8.299999999999999600e-01,1.723491839139022843e-10,8.537137483817869274e-11,5.553181237099441907e-18,1.413539218894103179e-18,7.071466673484427390e-19,8.697780140185647483e-11
8.399999999999999689e-01,1.283364858893047197e-10,6.208576218517703192e-11,2.958510008167534382e-18,2.154442563838018349e-19,1.075959714287294033e-19,6.625072042257743567e-11
8.499999999999999778e-01,9.902940296418674100e-11,4.807778868050109449e-11,9.762613732516185894e-18,2.198351206612937661e-18,1.094275207704617220e-18,5.095160122844550311e-11
8.599999999999999867e-01,7.789020304214252209e-11,3.828249640840629007e-11,2.564435712182306994e-18,7.156183504632822045e-19,3.553745320632855141e-19,3.960770299830763195e-11
8.699999999999999956e-01,5.986450058725694094e-11,2.882443343336962645e-11,2.411771532594540254e-18,2.801861807958519346e-19,1.386805256105815422e-19,3.104006432324907936e-11
8.800000000000000044e-01,4.802291330981862507e-11,2.345790434872468392e-11,4.873174966268958151e-18,1.582232792157421402e-18,7.869125711445413308e-19,2.456500171877360940e-11
8.900000000000000133e-01,3.885391286019279942e-11,1.929641855806640952e-11,1.875539401317374699e-18,4.371981394654179374e-19,2.173377355687702813e-19,1.955749177205111598e-11
9.000000000000000222e-01,3.047680948649268766e-11,1.475495551968069007e-11,1.262157068830832154e-18,2.636401687434225479e-19,1.302973679897886951e-19,1.572185231071738965e-11
9.100000000000000311e-01,2.476023338979520137e-11,1.206688568478842362e-11,7.562546928861996311e-18,1.196477999841345263e-18,5.939785943615296344e-19,1.269333835200325370e-11
9.200000000000000400e-01,2.026691368928506771e-11,9.926002692029304840e-12,1.635347549814325533e-18,4.698674759264434361e-19,2.351657660391288053e-19,1.034090865687496892e-11
9.299999999999999378e-01,1.624339991646054682e-11,7.790681352115136825e-12,3.510094182906205601e-18,4.867582823344011935e-19,2.433216435646458106e-19,8.452714324171303472e-12
9.399999999999999467e-01,1.363177939683457726e-11,6.664813531664969180e-12,5.895120794621239764e-18,1.479266253592700985e-18,7.365706253587509498e-19,6.966957754211934558e-12
9.499999999999999556e-01,1.138954962807027134e-11,5.633681708726616577e-12,2.888542623744595536e-18,1.097755545509689395e-19,5.368383737776841506e-20,5.755864867341638428e-12
9.599999999999999645e-01,9.267397308164790370e-12,4.475462268176275012e-12,4.112934997402957951e-18,4.236220748775725547e-19,2.094330307602521190e-19,4.791930293998412806e-12
9.699999999999999734e-01,7.840984155954941034e-12,3.844156736732214616e-12,7.686406928763213871e-18,6.627183105728206686e-19,3.278781948473622273e-19,3.996818742219292391e-12
9.799999999999999822e-01,6.608094921375110362e-12,3.252784224771592951e-12,3.569097634492781918e-18,2.044576984633602057e-19,1.030734973463413339e-19,3.355306819974686284e-12
9.899999999999999911e-01,5.451730216597677823e-12,2.628661937337138454e-12,5.125658085410964082e-18,6.075868906433347737e-19,3.045681094244504597e-19,2.823062241447453273e-12
1.000000000000000000e+00,4.677662588823301937e-12,2.290528411809766476e-12,7.384269951235511661e-18,1.212933515769222154e-18,6.042926057339348333e-19,2.387124975517463345e-12
1.010000000000000009e+00,3.950912382052224371e-12,1.926101860727996876e-12,3.251804401625180954e-18,5.622700606952233386e-20,2.783607933213179993e-20,2.024807185456740824e-12
1.020000000000000018e+00,3.292027193431454538e-12,1.568680523509909692e-12,5.002959931036937412e-18,6.076613753071589898e-19,3.012457718492532382e-19,1.723340758054466676e-12
1.030000000000000027e+00,2.892569676327203090e-12,1.418946101798177053e-12,5.235410738010759879e-18,5.015605961151976060e-19,2.480477625704612503e-19,1.473617589509929291e-12
1.040000000000000036e+00,2.512258670569638494e-12,1.250483338713244997e-12,2.286334974909039164e-18,2.901815139847086381e-20,1.483886552245583642e-20,1.261773001664401594e-12
1.050000000000000044e+00,2.135710568593844739e-12,1.047811031815677181e-12,2.956558296399287064e-18,6.101139707698509044e-19,3.051335670050927658e-19,1.087895664972333152e-12
1.060000000000000053e+00,1.855112522593708982e-12,9.181504152543352563e-13,4.909266215100185397e-18,8.247224758662175348e-19,4.103385030059536383e-19,9.369559630121796632e-13
1.070000000000000062e+00,1.567126566734692220e-12,7.526567002273999064e-13,8.792457062369393333e-19,1.339874904256756133e-20,6.839726792845474093e-21,8.144689670231101939e-13
1.080000000000000071e+00,1.324639480669318000e-12,6.192311743158193967e-13,3.014977263115431999e-18,7.088212164548180827e-19,3.524808926267414466e-19,7.054042300741264310e-13
1.090000000000000080e+00,1.202142725936108670e-12,5.841606429489743042e-13,1.999994314712954300e-18,5.593757614360756929e-19,2.779017228558104200e-19,6.179792457153354202e-13
1.100000000000000089e+00,1.073943425828571758e-12,5.360633687246043493e-13,2.109709069300524824e-19,6.623238068673389857e-21,3.470379295539634046e-21,5.378798360394429245e-13
1.109999999999999876e+00,9.443071334826895204e-13,4.699006413902100357e-13,1.119550159596757140e-18,6.470808820513084128e-19,3.223468862198271926e-19,4.744044031145517913e-13
1.120000000000000107e+00,8.339456761580199634e-13,4.193710681739841878e-13,2.832467773791652491e-18,4.945694220100601977e-19,2.454668289847125990e-19,4.145710354800109215e-13
1.129999999999999893e+00,7.082387515281435860e-13,3.407216151056776037e-13,2.600309268128573700e-19,7.588340158028397048e-21,3.859125838162923189e-21,3.675168649440731301e-13
1.140000000000000124e+00,6.048241662732837444e-13,2.826926927546360803e-13,2.693772671001164462e-18,6.833590857606911467e-19,3.411390827261775262e-19,3.221277552478080626e-13
1.149999999999999911e+00,5.540854537732418322e-13,2.675820135632633386e-13,2.075259373001875455e-18,6.927164474824933257e-19,3.454911164680038226e-19,2.865003267430415368e-13
1.160000000000000142e+00,4.952169853716738381e-13,2.435467401114019157e-13,1.027170083177249466e-18,4.609553168382122550e-20,2.355357914801430425e-20,2.516691484410779602e-13
1.169999999999999929e+00,4.414057922901377747e-13,2.171582766970073934e-13,2.495798862311416366e-18,7.545880900344861294e-19,3.756549408772775254e-19,2.242438895512371558e-13
1.179999999999999938e+00,3.964370941518464151e-13,1.990043566524758248e-13,3.238988880224067739e-18,3.053096565786919921e-19,1.512548939623429229e-19,1.974290419459398607e-13
1.189999999999999947e+00,3.440548655602253712e-13,1.679444699231670226e-13,1.886336485208663147e-18,5.569021771896237571e-20,2.787984527979151606e-20,1.761084257305101827e-13
1.199999999999999956e+00,3.020360162433360019e-13,1.464416711486108815e-13,3.703867069389334511e-18,5.655230914015779731e-19,2.828006114442514546e-19,1.555897929039529179e-13
1.209999999999999964e+00,2.760097004248794039e-13,1.370144721771521246e-13,3.404094924292553225e-18,7.263537101966894066e-19,3.632720028389912016e-19,1.389907345270899251e-13
1.219999999999999973e+00,2.400133903783102375e-13,1.164944825373295181e-13,2.354444907637133372e-18,5.050523875975769261e-20,2.573969769680203486e-20,1.235164771511366210e-13
1.229999999999999982e+00,2.097262913422017755e-13,9.904670805866926825e-14,3.762600543043520505e-18,7.879446980421484995e-19,3.927658504360329318e-19,1.106746399724409685e-13
1.239999999999999991e+00,1.905530691012956244e-13,9.126402699805210185e-14,3.059845468071458657e-18,2.327185242014298085e-19,1.150961771258880774e-19,9.928563444307413026e-14
1.250000000000000000e+00,1.738482231461104788e-13,8.433483734229791596e-14,2.166290788281568595e-18,8.331784825420335690e-20,4.159282373726129388e-20,8.951109460235228260e-14
1.260000000000000009e+00,1.659529831404358093e-13,8.441003473398877285e-14,2.881736955889417573e-18,4.249318638596557298e-19,2.120790641399760771e-19,8.153942965856314096e-14
1.270000000000000018e+00,1.596539555122724206e-13,8.512122875319765313e-14,2.538123715155026930e-18,5.476685380995867811e-19,2.740766210724993087e-19,7.452936689020043788e-14
1.280000000000000027e+00,1.428580772661400567e-13,7.287849999746386233e-14,1.507132769965792228e-18,2.371158045137380072e-20,1.175641317285775695e-20,6.997803466791263384e-14
1.290000000000000036e+00,1.288707136252433550e-13,6.131451344327142613e-14,2.487727498960087116e-18,6.026164318096626406e-19,3.004760234732527731e-19,6.755280936201770326e-14
1.300000000000000044e+00,1.404582340072106599e-13,4.773352472247991223e-14,1.346248655277269631e-17,2.274426083702490531e-19,1.128725150094634979e-19,9.271090648305458720e-14
1.310000000000000053e+00,1.278097221507876442e-13,1.064697964622677054e-13,3.558747666852095271e-17,5.612530189282225558e-20,2.646178622486201847e-20,2.130425562476330819e-14
1.320000000000000062e+00,7.380986398493251920e-14,4.250268079095864949e-14,1.047153816571917046e-18,3.370537522303862159e-19,1.676211830029675781e-19,3.130563136522204974e-14
1.330000000000000071e+00,7.042239524141382403e-14,3.887527987266092892e-14,7.802890965843176051e-19,2.654764165501881976e-19,1.325974290010977126e-19,3.154593700581075075e-14
1.339999999999999858e+00,6.032685959400592319e-14,2.901732011340923311e-14,2.475054963118049100e-19,2.092120120922751788e-20,1.002440209643370299e-20,3.130926102949706969e-14
1.350000000000000089e+00,5.101311612902420512e-14,2.192636519347144615e-14,1.514620973054473777e-18,3.059849671678285398e-19,1.520297195058734555e-19,2.908477829989303240e-14
1.359999999999999876e+00,4.841091105812308119e-14,2.057171709790523139e-14,2.429916415656461791e-19,2.479417300795785726e-19,1.236826380578407952e-19,2.783857934420815144e-14
1.370000000000000107e+00,5.573652344588748872e-14,2.646825707435091462e-14,8.171862505771723088e-20,2.148958180259659528e-19,9.750362243076916469e-20,2.926787225347105822e-14
1.379999999999999893e+00,6.129799730484228601e-14,3.228995117846309051e-14,2.661885255246367931e-18,1.608853041463918634e-19,7.542932907580649799e-20,2.900514792649073211e-14
1.390000000000000124e+00,5.013883240420770541e-14,2.819669900992178465e-14,8.534312381110884463e-19,9.990303653392047079e-20,4.585079346784370459e-20,2.194113420921781134e-14
1.399999999999999911e+00,4.288275202326479487e-14,2.221383052670006605e-14,7.948744199533502865e-19,3.492493248894660703e-20,1.720674119602672054e-20,2.066807449047109174e-14
1.410000000000000142e+00,3.547928944748934368e-14,1.703587956846161821e-14,2.235994135747599923e-18,1.151394584486857813e-19,5.657393434240028998e-20,1.844100217149918527e-14
1.419999999999999929e+00,3.187418835552696703e-14,1.420172027145177692e-14,1.104441420058966939e-18,1.894272232868761011e-19,9.471900780098844315e-20,1.767107949642404311e-14
1.430000000000000160e+00,2.985083049852174315e-14,1.367597555034828389e-14,1.521213750444018981e-18,1.963586022895876612e-20,9.757262522672009906e-21,1.617330434130026084e-14
1.439999999999999947e+00,4.110701976595907538e-14,2.141768127500534881e-14,3.292639440824770242e-18,2.813951120321557642e-19,1.418688286001042587e-19,1.968562258757226805e-14
1.450000000000000178e+00,4.761808136219355853e-14,1.835170954974662601e-14,4.860464661471883280e-18,1.968742275053531459e-20,9.969242213109507633e-21,2.926148169112049452e-14
1.459999999999999964e+00,9.677692892655410523e-14,5.792023129982025353e-14,5.413831733877561978e-18,1.103895104530749227e-20,8.812771684621127484e-21,3.885126394327724633e-14
1.469999999999999973e+00,2.299306489264984102e-14,1.093170750218112857e-14,2.560545907009964203e-18,4.895210390350696506e-20,2.501406123613657587e-20,1.205872287839656203e-14
1.479999999999999982e+00,1.999139383556867496e-14,9.865188409021231839e-15,1.766744610532314092e-18,9.674886945288568699e-20,4.900370227748950792e-20,1.012429292936517893e-14
1.489999999999999991e+00,1.829086922801214614e-14,9.148658935811987188e-15,2.576474896830446985e-18,3.338802718890841860e-20,1.701801672398066560e-20,9.139583411259418288e-15
1.500000000000000000e+00,1.763587658242639292e-14,8.228602670448578605e-15,2.488509247553336347e-18,1.848944395479309323e-19,8.873441547900264681e-20,9.404511773875234948e-15
1.510000000000000009e+00,1.435637822323178673e-14,6.538366133926483852e-15,1.574367171134391819e-18,3.978874582817947183e-20,1.934536415620647879e-20,7.816378588024183157e-15
1.520000000000000018e+00,1.217475912319130998e-14,5.519785609595758984e-15,1.877629232020032552e-18,4.326722185182630824e-20,2.091336381452749405e-20,6.653031703777865570e-15
1.530000000000000027e+00,1.271142757420944895e-14,6.407119103907430045e-15,1.689022132228050721e-18,1.454730521919771425e-20,6.496682812137036385e-21,6.302598404181759342e-15
1.540000000000000036e+00,1.327806627006102855e-14,7.439763222222427294e-15,1.163673120270694558e-18,1.347283378280861359e-20,6.948630529441617427e-21,5.837118953254017972e-15
1.550000000000000044e+00,1.262840005539007658e-14,6.999046551851181859e-15,1.127206323721547686e-18,3.391152169549143776e-20,1.646817935707837738e-20,5.628175917514120041e-15
1.560000000000000053e+00,1.057843908645398596e-14,5.417089622116938909e-15,1.511491172917999358e-18,6.934712418363254040e-20,3.445391053485067980e-20,5.159734172129410863e-15
1.570000000000000062e+00,8.202859967814502024e-15,3.198317824855952292e-15,5.480235043320028696e-19,2.317251284651556173e-20,1.154599398655490855e-20,5.003959400947385140e-15
1.580000000000000071e+00,6.991848351825599763e-15,2.463855158967496100e-15,9.084708702587379450e-19,4.926180589993461477e-20,2.399125017188772565e-20,4.527011468931773378e-15
1.589999999999999858e+00,8.278514543668286498e-15,3.873068709927315813e-15,4.482769295589638093e-19,1.510653703994138590e-20,7.151877386429871211e-21,4.404975298396985040e-15
1.600000000000000089e+00,9.553120271836915533e-15,5.619987196399108465e-15,1.932478593730266174e-19,7.440284216399043581e-21,3.650943923089198978e-21,3.932928736350294812e-15
1.609999999999999876e+00,9.669992460287056550e-15,5.838323550770345480e-15,1.966667060057462458e-19,4.729928278882155966e-20,2.308064975558967192e-20,3.831401862878160154e-15
1.620000000000000107e+00,7.903098959690803171e-15,4.524638065601572359e-15,6.814716612559409691e-19,1.565444496870968901e-20,7.544942569584338928e-21,3.377756223040435763e-15
1.629999999999999893e+00,5.584112739051028171e-15,2.291359040811095342e-15,3.950040254009117455e-20,8.180893682065450852e-21,3.992361073458074755e-21,3.292702024582637035e-15
1.640000000000000124e+00,4.127849470852810219e-15,1.249076924664670747e-15,5.918129626375197280e-19,7.561929411199686308e-20,3.723621760240855427e-20,2.878067877713787057e-15
1.649999999999999911e+00,4.786693257779600201e-15,1.973823978823861113e-15,3.217596240449961121e-19,3.600838226306213871e-20,1.789964362997682245e-20,2.812493611305800878e-15
1.660000000000000142e+00,5.769733984497295285e-15,3.284414165767612243e-15,3.002282815003507298e-19,4.674745702330897038e-20,2.344349055653588168e-20,2.484949399500602915e-15
1.669999999999999929e+00,6.337878095766152657e-15,3.714829339539826450e-15,5.228728049891563380e-19,1.025571567135672040e-19,5.058994255639673544e-20,2.622372736322066538e-15
1.680000000000000160e+00,5.313336822127566001e-15,3.171388473735896080e-15,9.531919426107916139e-19,5.340186171561479270e-21,2.486960469712167589e-21,2.140987329302418382e-15
1.689999999999999947e+00,3.934621775894440966e-15,1.858150736959066141e-15,7.025576562889206738e-19,1.948177206466898696e-20,9.521365239354876281e-21,2.075739478141782303e-15
1.700000000000000178e+00,2.906812966772762003e-15,1.081457380003705776e-15,1.426164715426452936e-18,9.508200397341650170e-20,4.709240667787346632e-20,1.823787247642978379e-15
1.709999999999999964e+00,2.960226579459922363e-15,1.176946376347295724e-15,1.414921269111272184e-18,7.251036283823138201e-20,3.632735692862082470e-20,1.781756444123748526e-15
1.719999999999999973e+00,3.138518681325062095e-15,1.550366091714459311e-15,1.158851950618486567e-18,7.181833440621490473e-20,3.620887172830145655e-20,1.586885710453849447e-15
1.729999999999999982e+00,3.263788927771068310e-15,1.720215840328497985e-15,1.407660450524931504e-18,1.795686199555001668e-19,8.913287232547512642e-20,1.541896725499764354e-15
1.739999999999999991e+00,3.050776514611853694e-15,1.646523637617805644e-15,1.503639836551652315e-18,3.055282667022161716e-21,1.361325519733051132e-21,1.402744820549309596e-15
1.750000000000000000e+00,2.762178343344144822e-15,1.396064073667032250e-15,1.379625670634438921e-18,4.841077732508815875e-20,2.393563553691478770e-20,1.364662297593616049e-15
1.760000000000000009e+00,2.730634857602565597e-15,1.366603424110670297e-15,1.632586344226233707e-18,8.715665687529939556e-20,4.294969343830155479e-20,1.362268740797355731e-15
1.770000000000000018e+00,2.512341522212318440e-15,1.318245474032594726e-15,1.554480669153764280e-18,9.112594013866691933e-20,4.574916207802972470e-20,1.192404692408352854e-15
1.780000000000000027e+00,2.129366124083861944e-15,1.032293551445867466e-15,1.349514613808635843e-18,5.669800578199909136e-20,2.859920782885285216e-20,1.095637760810575288e-15
1.790000000000000036e+00,1.710982145327772944e-15,6.854762394394425744e-16,1.542874542555241565e-18,2.109336673393410198e-19,1.049094402120813858e-19,1.023647188238223817e-15
1.800000000000000044e+00,1.570112759350933218e-15,5.909416561321445669e-16,1.256508638136873349e-18,4.541537708425411222e-21,2.026301423535599586e-21,9.779080267415200106e-16
1.810000000000000053e+00,1.779448503548467956e-15,8.850738890603738649e-16,1.193054565065957455e-18,5.844159181024165155e-20,2.901564147849821538e-20,8.930941026897393236e-16
1.820000000000000062e+00,2.251320653996332218e-15,1.379754505804838459e-15,1.369584938694472491e-18,7.797454868572906566e-20,3.832540978330956197e-20,8.700802632943303559e-16
1.830000000000000071e+00,2.351943179003101814e-15,1.575381014311620437e-15,1.106422179980841313e-18,7.286657222609359116e-20,3.653839126021797391e-20,7.753463375480141527e-16
1.840000000000000080e+00,1.860228845962910508e-15,1.093469510337759362e-15,6.850762473426391861e-19,2.896733263573358370e-20,1.447855619580238184e-20,7.660308134889767700e-16
1.850000000000000089e+00,1.126640628198970587e-15,4.362514083187237100e-16,8.216267711882869588e-19,1.702204658312632473e-19,8.466807531369248641e-20,6.893127045679137248e-16
1.860000000000000098e+00,8.339687481706408783e-16,1.364584497121752839e-16,4.302504767419322999e-19,1.967665228581694993e-20,9.574196919560928197e-21,6.970507971325182300e-16
1.870000000000000107e+00,1.090190731657680099e-15,4.944227745679944742e-16,3.647379976158423147e-19,3.848745349777219734e-20,1.908725091287931367e-20,5.953456443876591427e-16
1.880000000000000115e+00,1.783684317395311686e-15,1.172031468477228236e-15,2.016183268267455344e-19,9.074592132915567577e-20,4.480290323070088070e-20,6.113156817666968231e-16
1.890000000000000124e+00,2.047542055794897823e-15,1.536355574227406185e-15,1.748445287858061958e-19,3.914221599255837925e-20,1.951827201296103193e-20,5.109529765507001756e-16
1.900000000000000133e+00,1.697009260117505638e-15,1.160742114398204657e-15,5.993478289606809971e-20,1.748063737048052036e-20,8.608919410535056107e-21,5.361811213796240096e-16
1.909999999999999920e+00,9.363467390362688616e-16,4.895995153085866055e-16,2.825616513784041471e-19,9.528727796715296764e-20,4.716129456086261809e-20,4.463222135037759209e-16
1.919999999999999929e+00,5.258187256326456059e-16,4.844547060153062301e-17,4.322899350950599624e-20,4.410980583286840664e-20,2.200035995560721264e-20,4.772639158718169992e-16
1.929999999999999938e+00,6.067148282514933238e-16,2.097621728187883395e-16,1.550707528907332415e-19,1.361533917136045887e-20,6.656930546631326817e-21,3.967773124100962848e-16
1.939999999999999947e+00,1.163290692721221929e-15,7.322629958584751624e-16,1.024997599761743142e-19,1.111924387899417916e-19,5.537124108763571592e-20,4.307586334228930294e-16
1.949999999999999956e+00,1.460384463188251028e-15,1.099265134687607434e-15,1.798204647579044579e-19,1.967128420163195915e-20,9.630591962035806734e-21,3.609102061597219136e-16
1.959999999999999964e+00,1.331736308993884923e-15,9.340881390279424181e-16,2.571345240057159695e-19,1.969565573701003430e-20,9.765786293393674218e-21,3.973615739999062287e-16
1.969999999999999973e+00,8.512191463785862119e-16,5.045014472348552209e-16,5.368065474216301111e-19,3.494778752260941273e-20,1.695747419794847259e-20,3.461289873345888357e-16
1.979999999999999982e+00,5.575085169100118478e-16,1.554061258745435279e-16,4.593301288690545544e-19,5.581286485992529856e-20,2.811630067960309947e-20,4.015591317410597208e-16
1.989999999999999991e+00,6.095796504391669528e-16,1.924179544998046754e-16,6.815549404955489137e-19,8.549121481221257945e-21,4.117533470860730421e-21,4.164674743439146915e-16
2.000000000000000000e+00,1.230682823657573306e-15,6.104975969659520130e-16,7.145543540621717837e-19,1.110914423612227002e-19,5.563363682029418241e-20,6.193039472583777271e-16
2.009999999999999787e+00,2.576584891444403191e-15,1.401068155452403883e-15,7.752694993820816422e-19,2.404354106494349826e-20,1.182418897758870959e-20,1.174705598762574754e-15
2.020000000000000018e+00,6.430479747228001514e-15,3.233761720570726269e-15,9.227419071281086090e-19,2.006507078508386024e-20,1.004499042714249753e-20,3.195765174688934732e-15
2.030000000000000249e+00,2.346921201500671541e-14,1.163997223599152803e-14,1.088714802818841881e-18,8.600561172009416654e-21,3.824472191367573530e-21,1.182813863917900642e-14
2.040000000000000036e+00,1.107961762401453894e-13,5.441974938362277837e-14,1.030174003106206159e-18,4.306360844721968272e-20,2.191041986669495000e-20,5.637533170849119764e-14
2.049999999999999822e+00,6.461552671898424898e-13,3.103567487654250035e-13,2.219551502470972651e-18,1.634345987641026694e-20,8.042568185123964811e-21,3.357962744868869649e-13
2.060000000000000053e+00,7.818487145164366066e-12,3.658059644726219194e-12,6.096352908328755889e-17,8.107216757747461738e-20,4.077113322988115547e-20,4.160366415065763527e-12
2.070000000000000284e+00,5.016714910160694818e-10,2.869983128185697648e-10,3.803245292690888742e-16,3.386831799805040039e-20,1.682156662987486759e-20,2.146727978222805490e-10
2.080000000000000071e+00,7.347673564765228412e-07,3.569218288225160645e-07,2.336850896634990937e-11,1.377672907329101105e-20,6.946613786120806594e-21,3.778221591450197443e-07
2.089999999999999858e+00,3.398747452121604726e-05,1.672638414894401414e-05,8.184963586469593041e-10,3.255271256828637528e-21,1.229843506911094519e-21,1.726027187591338134e-05
2.100000000000000089e+00,1.078317533653061109e-04,5.374899267432716582e-05,2.271645410347955730e-09,1.086354303741303961e-20,8.844273803770165935e-21,5.408048904556857168e-05
2.110000000000000320e+00,3.770429503689598657e-05,1.895720836126711491e-05,7.701335583536517195e-10,2.254049729110560743e-20,9.428678749165780540e-21,1.874631654207048210e-05
2.120000000000000107e+00,9.458430603439686852e-07,4.722298104689982647e-07,2.179402105593106540e-11,3.603238493920206151e-20,1.784144617847393870e-20,4.735914558538606465e-07
2.129999999999999893e+00,5.355914870916071454e-10,3.039261245724121013e-10,1.091053349940135207e-16,2.763071142273067761e-20,1.379028824426303470e-20,2.316652533724389557e-10
2.140000000000000124e+00,8.669470100493896570e-12,3.959057988898614130e-12,2.914713169894338054e-17,7.644362043053561247e-21,3.788016956090063665e-21,4.710382953031204622e-12
2.150000000000000355e+00,6.391107431693315442e-13,3.148836244916843260e-13,1.302326356207687747e-18,1.177144524446586064e-21,4.555678306986621987e-22,3.242258147185786559e-13
2.160000000000000142e+00,9.625232775552957325e-14,4.696276006277942942e-14,4.603219196752506094e-19,1.526180906129687994e-21,8.382064617941558953e-22,4.928910500644309486e-14
2.169999999999999929e+00,1.971506901797652571e-14,9.694525400166602903e-15,3.743300186568439485e-19,1.269064419896605016e-20,6.328089584960195666e-21,1.002015026905748248e-14
2.179999999999999716e+00,5.264237125420205151e-15,2.794692328269582362e-15,3.797546111378425143e-19,7.518249176134013703e-21,3.721929801544018956e-21,2.469153802360507308e-15
2.189999999999999947e+00,1.745997992295868178e-15,9.193013581885405972e-16,2.019486601956012483e-19,8.744520683202070924e-21,4.350643695154248317e-21,8.264815902827536636e-16
2.200000000000000178e+00,6.033524388125113963e-16,2.691995163763755214e-16,3.223311367608298066e-19,1.014493524749906678e-20,5.002594926934823424e-21,3.338154437692006288e-16
2.209999999999999964e+00,3.569942883051251226e-16,1.510451707154525080e-16,7.938064541145362757e-20,1.057748964185219067e-21,4.716903309673304181e-22,2.058682075049659857e-16
2.219999999999999751e+00,4.580837180522545623e-16,3.311025647790331853e-16,5.480203946031225844e-20,3.204138443065930820e-21,1.566319464714183958e-21,1.269215807758532407e-16
2.229999999999999982e+00,6.477057137677015556e-16,5.198255481260324424e-16,2.513472078138975300e-20,8.536003331682200610e-21,4.208232505905649022e-21,1.278422866850500644e-16
2.240000000000000213e+00,6.155715363105400271e-16,5.237586428500365191e-16,1.249148972650932185e-19,3.688677797716276843e-21,1.786277191279270099e-21,9.168250360824939721e-17
2.250000000000000000e+00,4.107655057095641019e-16,3.029695519094754919e-16,5.488192947737703825e-20,1.645642802195350876e-21,7.614644272932122975e-22,1.077386647633817707e-16
2.259999999999999787e+00,1.612498703051221102e-16,8.178195375318082316e-17,2.744749625753442826e-19,1.513766390867044846e-20,7.506685228450921703e-21,7.917079724022883560e-17
2.270000000000000018e+00,1.180028735750540901e-16,2.174472990337838917e-17,1.469274657867572914e-19,1.034218379334681992e-20,5.158485055821875915e-21,9.609571553703977153e-17
2.280000000000000249e+00,2.191381535611561994e-16,1.482040336543190467e-16,2.114362582619065985e-19,1.024357001483334189e-20,5.073950066866268532e-21,7.070736612849354213e-17
2.290000000000000036e+00,3.846088501696163476e-16,2.985492767451214690e-16,2.787162692168622225e-19,1.869399550036592948e-20,9.304485600850064524e-21,8.575285867417678875e-17
2.299999999999999822e+00,3.993583993039451163e-16,3.356031688726172276e-16,4.078289473020863556e-19,6.849584395909434999e-21,3.456273778825565474e-21,6.333709562585101088e-17
2.310000000000000053e+00,2.908210428784903545e-16,2.146097404409792344e-16,4.295824273259571110e-19,1.548717216467548800e-20,7.663063280967103011e-21,7.575856977473951968e-17
2.320000000000000284e+00,1.272660484700311858e-16,6.982816210360144121e-17,6.494730697533137575e-19,1.328073692326038829e-20,6.585178636555364426e-21,5.676854738111661420e-17
2.330000000000000071e+00,6.827536804187399696e-17,1.375785262197261301e-18,6.159985491782955482e-19,2.552214147725273424e-20,1.281622365430182098e-20,6.624524586536688890e-17
2.339999999999999858e+00,8.430035043316101621e-17,3.268256788573614096e-17,6.823506042285716408e-19,1.219115917419387308e-20,6.022528610797850897e-21,5.091721825541130971e-17
2.350000000000000089e+00,1.482276807250708201e-16,8.991613998913697320e-17,7.778258866945099897e-19,3.833472614763558374e-20,1.920394612939218291e-20,5.747617617696231208e-17
2.360000000000000320e+00,1.561449568997910672e-16,1.094053170415767730e-16,8.250471354704311471e-19,6.598618942211053306e-21,3.406903393325237217e-21,4.590458720040833199e-17
2.370000000000000107e+00,1.291920007845438341e-16,7.849567740075439096e-17,8.453414445617130853e-19,3.983773175543117568e-20,1.987357036895798690e-20,4.979127063710334815e-17
2.379999999999999893e+00,9.405298265179039698e-17,5.115523748948149791e-17,9.429692419552435760e-19,4.497621409173267951e-21,2.135803512090944881e-21,4.194814249543239471e-17
2.390000000000000124e+00,9.164999781016097385e-17,4.738431831237601504e-17,9.192061443452922001e-19,3.308389548356652336e-20,1.665206775813500053e-20,4.329673739019796172e-17
2.399999999999999911e+00,8.638977543459263154e-17,4.664343635366940908e-17,9.052573030872915054e-19,6.393547575259868811e-21,3.047008428488844925e-21,3.883164122183218158e-17
