energy_au,total_recorded_SI,n1_l0_m+0,n2_l0_m+0,n2_l1_m-1,n2_l1_m+0,n2_l1_m+1,n3_l0_m+0,n3_l1_m-1,n3_l1_m+0,n3_l1_m+1,n3_l2_m-2,n3_l2_m-1,n3_l2_m+0,n3_l2_m+1,n3_l2_m+2,n5_l2_m-2,n5_l2_m+2,n5_l4_m-4,n5_l4_m-2,n5_l4_m+2,n5_l4_m+4
1.000000000000000021e-02,7.390531505337639973e-02,5.992360992248842513e-03,1.886976851847493170e-02,7.583906933688201908e-03,4.090008750458595799e-02,5.499652732863037673e-04,2.140888378197486852e-13,1.333933364569616589e-07,3.389799564107267976e-13,8.327321853789127948e-14,4.118605851398634871e-06,2.320229145755958192e-11,1.552583262023717743e-12,5.501731617452532019e-13,9.851768543516693923e-14,5.671538413493680066e-08,9.913529058851059005e-18,2.676564769619510496e-06,2.240525710642642906e-06,6.342189662767484569e-22,1.031143216467859338e-31
1.499999999999999944e-02,5.179009174379198277e-02,4.854302921038176725e-03,8.088492360859053654e-03,5.246007705188730774e-03,3.355942302571315178e-02,3.808051605837125571e-05,1.691608879314166094e-13,9.236970691298533949e-09,3.479357409367982645e-13,3.808102490674031352e-14,1.765433909000883606e-06,1.913236058756505062e-11,1.638508253554402213e-12,5.538105577233470641e-13,1.221723831944257433e-13,3.927094578555667443e-09,6.859118808478775301e-19,1.851457210241804164e-06,1.551377479455640859e-07,3.172427588534824667e-22,1.304694838071609078e-31
1.999999999999999695e-02,3.065711719913828334e-02,2.736938115040195643e-03,4.740913133760151638e-03,2.815161966885198694e-03,2.030562361882765413e-02,5.620363062367990050e-05,1.489454772469720906e-13,1.363238618536703262e-08,3.189773785441116470e-13,4.730634136389496445e-14,1.034774775175965064e-06,1.169724702476706178e-11,1.403216939937119454e-12,4.766200212257007363e-13,9.924374661871527936e-14,5.796037459068284057e-09,1.012640948093760097e-18,9.935463741088396856e-07,2.289702369172013161e-07,2.773476676560211090e-22,1.051816576724257330e-31
2.499999999999999792e-02,1.741266664916648818e-02,1.521593245791807384e-03,3.075622015698574463e-03,1.421157590152914967e-03,1.136964773992438227e-02,2.336989818652290525e-05,1.128966992783615216e-13,5.668556686014818815e-09,2.974596587180688812e-13,5.403576805689033319e-14,6.713000457591401370e-07,6.611557528377465215e-12,9.750940576571222282e-13,3.431712392044759790e-13,5.526169039950211634e-14,2.410047244394271764e-09,4.202931498642040107e-19,5.015647408940430523e-07,9.520757222293013535e-08,1.480392154496815988e-22,5.869069040250178746e-32
2.999999999999999889e-02,9.606360302795170433e-03,7.838565062200525142e-04,2.094674163575476443e-03,6.965423363661474732e-04,6.020996037179935159e-03,9.546042687779558416e-06,7.517635458667638668e-14,2.315557110254474633e-09,2.654047007629828314e-13,5.549012619990410111e-14,4.571935275070147207e-07,3.522352421164072711e-12,5.391900173240412532e-13,2.104890371942123650e-13,1.926186336032636789e-14,9.844549953230494606e-10,1.715264735040400502e-19,2.458285302510450406e-07,3.889000855173827182e-08,5.227286053817223116e-23,2.056256612822945122e-32
3.499999999999999639e-02,5.195322152804503907e-03,3.769144858213968954e-04,1.444550484392632299e-03,3.359526826301565414e-04,3.033528921191272747e-03,3.924370859837054397e-06,4.275628903936493364e-14,9.519863412580548259e-10,2.055842774121540742e-13,5.242836905782258984e-14,3.152943801886554326e-07,1.781626917250607903e-12,2.289572124312319502e-13,1.158827861794744365e-13,3.726482691495000346e-15,4.047168931441971833e-10,7.051136150295207192e-20,1.185667428304785976e-07,1.598765199264728306e-08,1.195153454453126625e-23,4.124986355934718654e-33
3.999999999999999389e-02,2.766939424783347763e-03,1.632568242265837097e-04,9.694838392353945450e-04,1.602285060088688099e-04,1.472027545895358749e-03,1.667186741087375444e-06,1.981388410349540882e-14,4.044665513083793749e-10,1.325832773118989270e-13,4.150934941998042207e-14,2.116040706966608384e-07,8.765607249790022821e-13,7.997017615362694307e-14,6.883260455645855085e-14,6.371613239275381185e-15,1.719411495490003805e-10,3.007984889919332849e-20,5.654895350425274305e-08,6.792018510862968233e-09,1.597282539884610923e-23,6.771846435196380319e-33
4.499999999999999833e-02,1.458031995141889723e-03,6.201085373042086865e-05,6.113112083144432935e-04,7.490156627741660720e-05,7.085662509401556911e-04,1.077490619256682976e-06,1.026912206648721061e-14,2.614030257333831697e-10,8.604963626956648071e-14,2.448776421743086954e-14,1.334276278944805754e-07,4.484801445116676512e-13,4.567706319958510902e-14,6.019112093273110469e-14,2.002584023687238303e-14,1.111221803655911267e-10,1.972956676634252943e-20,2.643478019042201370e-08,4.389631724761481230e-09,4.673661776070893739e-23,2.100681583859447113e-32
4.999999999999999584e-02,7.599204528305514598e-04,1.994833816527053166e-05,3.529104117487109264e-04,3.401982832098214506e-05,3.504212443570590670e-04,2.520455826352811144e-06,1.297894894560143012e-14,6.113660719205846498e-10,8.332474404001148861e-14,1.406580151120020181e-14,7.702786472378947105e-08,2.710136417006936129e-13,5.738135701820617072e-14,8.142054922413116420e-14,3.677166241988844047e-14,2.599248453140109351e-10,4.575738287157149431e-20,1.200651417883611773e-08,1.026818539940363676e-08,8.681974790861018864e-23,3.858511923165812195e-32
5.499999999999999334e-02,3.892004703748337289e-04,5.173732894686030840e-06,1.821574081980416229e-04,1.540121503305400918e-05,1.814034691784409013e-04,4.997364021087619243e-06,1.678149429778732531e-14,1.212116622859375386e-09,9.308526613513283662e-14,1.924540109786641337e-14,3.975852147163805157e-08,2.168160266525480886e-13,6.640897850538065819e-14,1.253177703497324076e-13,4.798695366395415131e-14,5.153590919954382384e-10,9.026759127521487298e-20,5.435503969776167615e-09,2.035896272539165246e-08,1.144022134455217504e-22,5.035386616136731070e-32
5.999999999999999084e-02,1.979643179917666980e-04,1.040276435944420329e-06,8.141752222068959397e-05,7.590445534211125076e-06,1.016457621904490541e-04,6.222361160388564989e-06,9.879225766678035900e-15,1.509230333744811439e-09,7.115082688048180576e-14,3.047807172346354739e-14,1.777056766775691359e-08,1.872731913425076844e-13,5.957234076343850610e-14,1.425286163441825083e-13,5.832528196039137583e-14,6.416900442847418644e-10,1.124978501638162772e-19,2.678872804816534089e-09,2.534953002571246043e-08,1.383566736391522139e-22,6.114379196343855536e-32
6.499999999999998834e-02,1.093557714807527614e-04,2.426679496951180247e-07,3.022635934954667910e-05,4.462053635240306284e-06,6.932547689477526129e-05,5.068639534562094135e-06,8.382012613032769659e-15,1.229397042116273108e-09,3.232025028311975604e-14,3.015729484503839989e-14,6.597347706035378854e-09,1.791792658750074188e-13,8.825707263673827247e-14,1.531662236076258525e-13,5.885653684614285342e-14,5.227104448057636866e-10,9.158330138795599851e-20,1.574778860893548315e-09,2.064933256068324385e-08,1.398394007039808498e-22,6.177559638843235239e-32
6.999999999999999278e-02,7.767923977702295680e-05,1.831378925363953537e-07,9.751469100990167830e-06,3.004866743289613248e-06,6.176164831637418482e-05,2.961838185615819301e-06,8.065458164527986900e-15,7.183979091198007460e-10,1.996965961558685693e-14,2.771926511661557271e-14,2.128403019448936435e-09,1.507513814955754830e-13,6.300518656034892578e-14,1.280529683561570575e-13,4.377050478751736471e-14,3.054460432911460037e-10,5.334625168306714176e-20,1.060498314813361221e-09,1.206635159561162973e-08,1.032893253345303454e-22,4.593752864047191055e-32
7.499999999999998335e-02,7.165752184146440397e-05,1.788401682414000019e-07,5.684049676729908105e-06,2.023175246515939364e-06,6.143915170701654319e-05,2.320096039727707347e-06,3.789214254249602295e-15,5.627484941772035083e-10,3.007770701821056285e-14,7.274339005194504829e-14,1.240628613786344701e-09,1.208180887537558125e-13,3.706787996602336002e-14,9.596015765936444526e-14,3.075560522256273663e-14,2.392683015109415153e-10,4.185900329909875235e-20,7.140329764185695466e-10,9.451933634922962821e-09,7.221721454926671515e-23,3.223613309346419944e-32
7.999999999999998779e-02,7.107969624477089078e-05,1.429239313034283025e-07,9.281453148490388742e-06,1.213412970838933338e-06,5.683368300714241000e-05,3.589901902349931805e-06,1.689925776841627095e-13,8.707433602406633497e-10,5.043675287315357882e-14,8.013298239796808725e-13,2.025813744075898316e-09,8.078692677726032083e-14,4.035575561678042045e-14,5.508221751050795421e-14,2.072486543053660399e-14,3.702184655771224413e-10,6.465445183348521824e-20,4.282461175111806051e-10,1.462504524943087555e-08,5.069695451480036026e-23,2.176175208196548105e-32
8.499999999999997835e-02,6.653607756009476831e-05,1.014358198940034002e-07,1.638550340219026681e-05,5.885902601048106875e-07,4.492777031629394569e-05,4.509006969883060353e-06,3.185371526599227556e-12,1.094231417819619085e-09,1.634322862107793134e-13,5.400270960736541125e-11,3.576375764737046381e-09,4.408633127651183615e-14,4.140333500015673407e-13,2.187738711904700951e-14,9.870407619159939479e-15,4.651907186443960690e-10,8.211467390845665198e-20,2.077294260421695459e-10,1.836942302045573624e-08,2.648060006018190455e-23,1.038533917333352187e-32
8.999999999999998279e-02,5.764973891195369459e-05,7.104064022064016976e-08,2.503327578871134880e-05,1.999938080352430316e-07,2.930189878875445058e-05,3.024116684411308550e-06,1.576871667778631021e-11,7.385240878389568081e-10,1.016505662552105510e-12,4.877537672563480337e-10,5.463878029461547265e-09,2.888390062412309878e-14,1.991197563157952347e-12,1.465302634109315025e-14,6.968032071877202764e-15,3.135662759036055720e-10,6.345823742823420611e-20,7.058334216592558762e-11,1.232006939315245935e-08,1.907772059693859160e-23,7.317855698907098928e-33
9.499999999999998723e-02,4.923153751335498257e-05,5.167109684223829485e-08,3.336995617435047036e-05,4.692337473819712416e-08,1.523341955521982497e-05,5.183159799287361808e-07,3.211889704866262616e-11,1.415756938284755693e-10,3.110527582146071360e-12,1.599647940873327651e-09,7.283480379016073000e-09,2.777503688839207898e-14,3.401981751551622617e-12,1.317302333734078647e-13,8.730166691403671959e-13,5.881516652479748707e-11,4.371389301490258750e-20,1.656072188571354273e-11,2.111588445025735807e-09,2.010512298474996747e-21,9.156129757035094737e-31
9.999999999999997780e-02,4.587615992926405857e-05,3.890248289554130785e-08,3.922551996748477055e-05,7.563885040680238776e-08,5.824272382506326073e-06,6.976501173505139906e-07,2.975875529659371994e-11,1.921594868343573471e-10,4.481383266141402840e-12,2.418013466714158562e-09,8.561543743862472206e-09,2.070067165848672978e-14,1.389441093825522852e-12,2.406121915338226060e-12,1.777310793708080200e-11,7.970241171924284439e-11,1.567456304806881250e-19,2.669522239385215821e-11,2.842184778215567514e-09,4.087575826091512354e-20,1.863318983017317188e-29
1.049999999999999822e-01,4.713999245727750343e-05,3.101573355329164434e-08,4.104646197208134360e-05,2.092969875039382059e-07,1.244235057867747236e-06,4.577786449213536902e-06,1.143106693052577240e-11,1.126517290781477931e-09,3.168166059480578687e-12,1.787723641824787302e-09,8.958989802448502005e-09,1.864213966877978176e-14,5.725475564944240170e-13,1.330092399296327684e-11,9.347970808322265050e-11,4.775588607563456642e-10,6.396848881822365843e-19,7.386678290792305910e-11,1.864962962331495506e-08,2.149826513668290417e-19,9.802195056273304202e-29
1.099999999999999728e-01,4.735222818141710362e-05,2.923389124746576163e-08,3.872536492410308102e-05,3.792374645498844310e-07,1.893371405227174006e-07,7.984312872524587033e-06,9.784660104238494551e-13,1.941876187969362280e-09,1.056253014406205198e-12,6.148532137779154559e-10,8.452376694803708786e-09,2.871908910877866463e-14,6.495730959539776638e-12,3.091774537279760230e-11,2.066653346981897869e-10,8.251816231556359456e-10,1.313892438822818752e-18,1.338433308843623899e-10,3.252761516784432142e-08,4.752813238703393520e-19,2.166784912066389764e-28
1.149999999999999772e-01,4.173796116008151479e-05,3.494267754180315917e-08,3.339193586779296957e-05,5.410877403167485967e-07,1.441486491102891106e-06,6.292872328639353090e-06,1.673690182582385124e-13,1.526964841729486927e-09,1.415985271458247792e-13,7.905161890037921236e-11,7.288278179145477906e-09,4.162673584107592028e-14,1.012734458019873903e-11,3.445322901077967964e-11,2.199042255390409193e-10,6.491759056059421450e-10,1.347865954968028727e-18,1.909646130425120939e-10,2.563678413405657649e-08,5.057147981072683410e-19,2.305851664021706551e-28
1.199999999999999817e-01,3.324573639541540784e-05,4.756823029795476464e-08,2.653554834982660445e-05,6.719350020533933524e-07,4.310194918381288735e-06,1.666953701195488176e-06,3.135279724368039857e-13,4.043285304107514797e-10,1.039609487853386216e-14,1.509579750425320047e-12,5.791771754066199745e-09,4.840928545381149171e-14,5.940960260647405337e-12,1.854922432167276340e-11,1.135990945641959410e-10,1.719089904891531286e-10,6.670211909550470156e-19,2.371440888715573039e-10,6.791069103664080816e-09,2.612524347722285469e-19,1.191031161699895510e-28
1.249999999999999722e-01,3.071274696465987804e-05,6.440188227770174230e-08,1.935281772069320110e-05,7.587132739479712267e-07,8.227482623429079538e-06,2.294666641907580382e-06,8.043927116272599507e-14,5.565670086922158611e-10,9.586276247197328593e-15,6.367699281818557735e-14,4.224036086704655934e-09,5.166045586522352853e-14,1.426356762319205644e-12,4.341209774567582559e-12,2.550033927466184343e-11,2.366392904508634398e-10,1.843250476216224744e-19,2.677704311042213384e-10,9.348336318340337939e-09,5.864276398520480733e-20,2.673929633825312610e-29
1.299999999999999767e-01,3.748459894743934995e-05,8.147187810801040953e-08,1.266674922506124762e-05,7.916982298486920829e-07,1.238767724539719867e-05,1.150311667517744881e-05,1.568015642104746472e-14,2.790035922562026962e-09,1.749003688515439455e-14,4.366517073501032873e-15,2.764704014934587358e-09,5.339156914100094942e-14,1.407732018911203642e-13,3.382340779191353192e-13,1.698301285983926046e-12,1.186264512612075515e-09,2.166528655023393477e-19,2.794116693256473798e-10,4.686300949025313451e-08,3.915343394368043551e-21,1.780669466953749185e-30
1.349999999999999811e-01,4.399012016612407138e-05,9.464721977815855500e-08,7.102938732080802391e-06,7.673323299824020545e-07,1.588353024890869534e-05,2.005123165372250547e-05,9.560189170119147774e-15,4.863345222477773171e-09,1.912143764603036651e-14,6.256000391444615555e-15,1.550321047507316869e-09,5.181274096462057379e-14,3.741157897551767161e-14,4.527551868796557937e-14,2.392292555787215895e-14,2.067790578489045475e-09,3.612077311325726257e-19,2.708122532761622041e-10,8.168751918900053825e-08,7.092142059806510187e-23,2.521468867454920677e-32
1.399999999999999856e-01,3.797076740062993016e-05,1.012790776173111446e-07,3.148112678303840053e-06,6.930225639894077251e-07,1.809471460386311671e-05,1.586260006660968118e-05,6.809223397249025102e-15,3.847411492292902754e-09,1.555271050163585312e-14,7.404914975966078261e-15,6.871223966181295971e-10,4.661256124080368758e-14,3.059385365856636449e-14,3.880824798361078423e-14,2.155996840302654163e-14,1.635836291451802296e-09,2.857443785991503900e-19,2.445863133594630351e-10,6.462328641107235613e-08,6.224262251016926003e-23,2.269882079679752693e-32
1.449999999999999900e-01,2.405104594966383700e-05,1.019670536000163514e-07,1.053655447160021915e-06,5.854843322244243078e-07,1.887990002838200250e-05,3.414511507814090573e-06,7.802321213823784645e-15,8.281799568112132128e-10,1.523570730928699725e-14,1.040475748277391611e-14,2.299763908678119961e-10,4.044842150541608308e-14,2.811372503969885816e-14,3.175373536143148592e-14,1.542191921730644438e-14,3.521248609948005522e-10,6.150957191411894742e-20,2.066331682066019109e-10,1.391051692575793227e-08,3.823101022621972772e-23,1.619240110830497224e-32
1.499999999999999944e-01,2.457040468049425419e-05,9.939634453305852242e-08,7.499838356166870335e-07,4.666008489425955897e-07,1.841088262279049609e-05,4.821901578388910895e-06,8.718167893009221752e-15,1.169538585287690191e-09,2.095837312778824942e-14,1.369997095484460610e-14,1.636954492665317239e-10,3.419112946931233179e-14,2.296109514741727965e-14,2.577964482145353545e-14,1.053977519379415386e-14,4.972636704274588254e-10,8.683080918738929781e-20,1.646759896741056945e-10,1.964413967960926694e-08,2.804103562060043905e-23,1.108054415133842481e-32
1.549999999999999989e-01,5.061166028888233412e-05,9.474032324590736970e-08,1.924249903713611713e-06,3.465764907357689724e-07,1.698082491600727122e-05,3.112715627202652366e-05,6.087072544366664660e-15,7.549771746881519802e-09,2.872165048036568034e-14,1.587942877413746617e-14,4.199959518264692300e-10,2.666783108386939814e-14,1.523724000164053552e-14,1.889397397111956846e-14,6.390488704552441807e-15,3.210001603673899088e-09,5.605350992755927558e-19,1.223161728267971992e-10,1.268101797998031274e-07,3.945813992254525834e-23,6.902901161905710449e-33
1.599999999999999756e-01,7.661257682959235591e-05,8.938281196220754059e-08,4.209865133423248564e-06,2.283142297343491358e-07,1.459085721858404865e-05,5.724017853179110395e-05,2.302633068939768129e-15,1.388337511607856281e-08,3.277079965515782662e-14,1.693453995692828929e-14,9.188646567331162892e-10,1.825701852427008798e-14,8.963959384618218076e-15,1.134070443571033991e-14,3.212541122227760680e-15,5.902915777111270173e-09,1.030766109747053258e-18,8.057825482087546204e-11,2.331930765094650922e-07,5.299921433195436577e-23,3.745313442172816295e-33
1.649999999999999800e-01,6.557703956324994630e-05,7.424213237382052095e-08,7.041835583000280449e-06,1.389138035413642163e-07,1.187699750711998255e-05,4.623910555943035324e-05,1.311495397207708252e-15,1.121510761337612863e-08,3.098052386710919048e-14,1.775683653476161951e-14,1.536983462947603837e-09,1.235217763375197857e-14,4.630629076468610749e-15,6.586660160088397776e-15,1.023154615480097224e-15,4.768426274765583523e-09,8.326466862952563194e-19,4.902645881200157200e-11,1.883753593319610228e-07,3.918590654673902625e-23,1.376344899006861979e-33
1.699999999999999845e-01,2.786695029630051657e-05,5.314132866682593121e-08,1.000969715173634226e-05,7.205981199115086583e-08,8.893916115160478648e-06,8.797046090141044452e-06,3.377521196278914993e-15,2.133696011569232753e-09,2.582003728442719811e-14,1.808834068788623682e-14,2.184762532047372634e-09,1.065739284667480267e-14,2.723143643539599599e-15,6.612384457025369966e-15,2.116030935755188694e-16,9.072004180561739916e-10,1.583910718620777872e-19,2.543190656204933970e-11,3.583864024586156194e-08,7.477492177778804862e-24,2.785687419010840221e-34
1.749999999999999889e-01,3.267449190094078948e-05,3.945159875844619083e-08,1.274489603146174079e-05,3.101617455821444593e-08,5.995701367050264229e-06,1.379964485660666200e-05,6.511833150945837297e-15,3.347060056988651542e-09,2.120556895993739102e-14,1.941929010676497691e-14,2.781759654154142819e-09,1.124275844412934761e-14,7.993858281584937134e-15,9.024930585136848824e-15,1.073239188424787763e-15,1.423096192088573105e-09,2.485004334410961856e-19,1.094651953588220539e-11,5.621893361096535174e-08,1.345670896996980478e-23,1.215763661529643060e-33
1.799999999999999933e-01,1.208781289712297364e-04,4.085791344324534306e-08,1.492229176123355443e-05,1.579226626464444831e-08,3.516072808322562991e-06,1.019293632727567714e-04,4.487492233003663891e-15,2.472254888427658950e-08,1.915856996797287442e-14,8.461806936603538284e-14,3.257008142093275347e-09,1.173817083316290806e-14,1.972094986635162356e-14,1.090131850425118767e-14,3.275869278776103064e-15,1.051150588772368821e-08,1.835598199631454001e-18,5.573605903257435407e-12,4.152541587867078543e-07,8.870914348058737110e-23,4.104654477890382175e-33
1.804999999999999938e-01,1.323242815286451929e-04,4.074463983920806943e-08,1.508310528369572688e-05,1.544359354938193842e-08,3.321259175375674889e-06,1.133594264556226565e-04,6.451868818092953879e-15,2.749486401106322838e-08,1.597504961289790104e-14,9.801972538197882030e-14,3.292108053628262235e-09,1.180124270910439788e-14,2.126452244834349368e-14,1.107803581599465856e-14,3.587216960120193703e-15,1.169023415671351712e-08,2.041438249656555831e-18,5.450550955026323589e-12,4.618195556105048888e-07,9.852736256069319241e-23,4.504525096304475436e-33
1.809999999999999942e-01,1.437525920923199180e-04,4.119207553491840231e-08,1.523493573694603295e-05,1.536318826621744959e-08,3.143854655844525759e-06,1.247625137066477453e-04,1.527868333147767630e-14,3.026063537937255243e-08,1.640356181344379351e-14,1.057601355828885937e-13,3.325247273734557416e-09,1.224198837511291070e-14,2.431483353730391962e-14,1.164916135714315197e-14,3.879856600948420369e-15,1.286618064906535841e-08,2.246792288241402666e-18,5.422174741846801420e-12,5.082750540730743802e-07,1.082798800813462241e-22,4.884797422547030837e-33
1.814999999999999947e-01,1.550014790145673937e-04,4.232452716065202244e-08,1.538417380798522339e-05,1.559298428444965897e-08,2.972294473605466001e-06,1.359827387716585267e-04,3.662666798906743348e-14,3.298205327672701795e-08,2.041203986972143614e-14,1.044424370810136082e-13,3.357820662914453362e-09,1.295330101088544735e-14,2.927959622699818331e-14,1.249812938940841696e-14,4.130803778979274830e-15,1.402326963897299091e-08,2.448852995596671595e-18,5.503276876225025574e-12,5.539855826721836557e-07,1.177900875383060719e-22,5.220766950262347863e-33
1.819999999999999951e-01,1.659024361145328857e-04,4.401667305773038549e-08,1.553553505024916876e-05,1.615358736153257219e-08,2.795846871540783808e-06,1.468584298748400793e-04,7.870657051200180122e-14,3.561990495027439828e-08,2.662851038072173437e-14,9.167325741457055385e-14,3.390857461435698791e-09,1.373305308474081858e-14,3.667386021607788994e-14,1.340972759913949782e-14,4.339727731173007402e-15,1.514482870240270916e-08,2.644708948355868559e-18,5.701129701227813699e-12,5.982925000723747918e-07,1.269290030584328280e-22,5.511370528995974986e-33
1.824999999999999956e-01,1.762841047797891422e-04,4.592387173561970936e-08,1.569013091347821928e-05,1.702879741949350516e-08,2.608490498978971603e-06,1.572242297143115080e-04,1.529479527657941426e-13,3.813408394632905053e-08,3.280166568745395890e-14,6.779901874313196281e-14,3.424600262813785406e-09,1.435291824958170497e-14,4.735014479954046075e-14,1.414498002278749655e-14,4.537091013736576493e-15,1.621380528300677996e-08,2.831382464709515734e-18,6.010015776806947631e-12,6.405221504208226289e-07,1.356355625926261997e-22,5.787632171381693516e-33
1.829999999999999960e-01,1.859765752051168776e-04,4.759809855142052514e-08,1.584484931594380960e-05,1.816128748853838389e-08,2.410783952296324823e-06,1.669140221697292361e-04,2.747291226094163051e-13,4.048429993628132790e-08,3.661463720926192696e-14,3.847068779659608566e-14,3.458369813408013181e-09,1.463804696273708173e-14,6.275783617218997144e-14,1.452641985518819136e-14,4.781958976481249932e-15,1.721306852966309416e-08,3.005882340943996364e-18,6.409702859790950049e-12,6.799977866036326995e-07,1.439138242261487034e-22,6.110302391534404492e-33
1.834999999999999964e-01,1.948154414125244632e-04,4.864585485306466631e-08,1.599331769697621020e-05,1.946375782919850981e-08,2.209164551348539031e-06,1.757645402646625360e-04,4.641436096506246609e-13,4.263095376349144552e-08,3.655158190200970389e-14,1.820278485936020013e-14,3.490775211296267892e-09,1.452885815486822899e-14,8.516833111340386283e-14,1.450261777134097063e-14,5.148737633642772457e-15,1.812578140131435636e-08,3.165268862265226585e-18,6.869380497783769724e-12,7.160542688486290023e-07,1.518052783502603723e-22,6.555936684718083158e-33
1.839999999999999969e-01,2.026453045448325984e-04,4.886729746991731780e-08,1.612811592287424786e-05,2.084400265577176812e-08,2.013138008659493566e-06,1.836192848717112811e-04,7.467649334121230552e-13,4.453608786301514260e-08,3.248943504485740447e-14,3.507353792173865845e-14,3.520196904302574319e-09,1.410250281960596889e-14,1.178167107836554541e-13,1.416806459210311982e-14,5.705783854004460982e-15,1.893580482507278299e-08,3.306724418295787359e-18,7.356506759858615477e-12,7.480540292384726853e-07,1.593427419476245797e-22,7.194517612618989579e-33
1.844999999999999973e-01,2.093226113327068276e-04,4.832284169504950881e-08,1.624342337860074635e-05,2.223614892305553625e-08,1.831589793235692101e-06,1.903322896472588210e-04,1.154361333700159968e-12,4.616429940635782447e-08,2.578794676573421757e-14,1.366758885013013521e-13,3.545364456228217151e-09,1.354634592706161743e-14,1.649426594723142825e-13,1.373086079554425790e-14,6.491530327033996528e-15,1.962808600007595148e-08,3.427621362284658378e-18,7.847833256059324524e-12,7.754024097576338857e-07,1.664984377690950008e-22,8.064544198036632641e-33
1.849999999999999978e-01,2.147178737523066565e-04,4.730182753244835511e-08,1.633711305842789772e-05,2.362656233834964980e-08,1.669680019318499763e-06,1.957713424267244198e-04,1.725505082029931730e-12,4.748352164916931953e-08,1.884215467482261935e-14,3.973720418052705317e-13,3.565813613441625835e-09,1.309346046127455575e-14,2.317501974924194026e-13,1.343991072824390034e-14,7.494578216581356802e-15,2.018899064849844963e-08,3.525580101533476373e-18,8.338548074258442220e-12,7.975607860049255448e-07,1.731407796148626886e-22,9.152347713017763410e-33
1.854999999999999982e-01,2.187174210923003518e-04,4.620611981426302114e-08,1.641151225386448500e-05,2.506351975613247907e-08,1.527429055637840399e-06,1.998204864898307548e-04,2.506017605874314084e-12,4.846563065984638171e-08,1.426847615511459248e-14,9.268272817382848020e-13,3.582052337497634028e-09,1.294386754678903860e-14,3.243330081176157592e-13,1.349809101662970283e-14,8.643043336181316360e-15,2.060656099999969843e-08,3.598514248515585000e-18,8.845689430334480618e-12,8.140567571751193108e-07,1.790118746565775766e-22,1.038115256752616304e-32
1.859999999999999987e-01,2.212248929303719310e-04,4.539440386756625223e-08,1.647255329239377802e-05,2.664496678049638880e-08,1.400349521900467305e-06,2.023818906641465878e-04,3.549191719257795726e-12,4.908689900994916858e-08,1.403722830390289863e-14,1.879703311422974544e-12,3.595375442944164930e-09,1.319988320336778806e-14,4.496191061421663702e-13,1.399259089571854055e-14,9.806056388465561109e-15,2.087070868204783833e-08,3.644664447440083703e-18,9.403824991363257650e-12,8.244917647695787586e-07,1.837324885659830057e-22,1.161288404745792343e-32
1.864999999999999991e-01,2.221627032448595133e-04,4.504741228946232487e-08,1.652764247322136546e-05,2.848678851261131407e-08,1.281662516141208358e-06,2.033773884399795644e-04,4.915735016576973475e-12,4.932836922608839834e-08,1.888462757524173676e-14,3.466280502589534482e-12,3.607399462425976234e-09,1.383785032697604348e-14,6.153728798912832226e-13,1.486673741033276631e-14,1.080800396129646428e-14,2.097337346924314864e-08,3.662626297230734773e-18,1.005385375829087183e-11,8.285473629144818141e-07,1.868360755470335705e-22,1.266328712912968522e-32
1.869999999999999996e-01,2.214736938412512437e-04,4.510490714464728637e-08,1.658304774720345220e-05,3.068190531089851582e-08,1.165079716467240503e-06,2.027500591226575298e-04,6.673383201538268581e-12,4.917623746515975911e-08,2.822816989771057867e-14,5.963656736701913881e-12,3.619492469792163758e-09,1.472434983828383819e-14,8.302607166177005916e-13,1.594212637618621570e-14,1.145513171909759530e-14,2.090868635816456440e-08,3.651379106487753434e-18,1.082856984777122938e-11,8.259916599503720614e-07,1.878313178433692998e-22,1.332990548125847318e-32
1.875000000000000000e-01,2.191231379366922560e-04,4.529614291859821472e-08,1.664176737831772512e-05,3.326489444645055213e-08,1.047031953892556802e-06,2.004661311523874543e-04,8.896138532564073194e-12,4.862231533671050039e-08,4.061399316942332583e-14,9.727044009540973823e-12,3.632308883514585181e-09,1.566839640852780353e-14,1.103951301135178466e-12,1.698208016897438301e-14,1.157523708584839590e-14,2.067316585548987529e-08,3.610320545927664451e-18,1.174017651465155753e-11,8.166870725000743380e-07,1.862950832301379858e-22,1.343363758524658985e-32
1.880000000000000004e-01,2.151011399305985340e-04,4.524874657594853157e-08,1.670263770271039779e-05,3.619568852369609440e-08,9.275720690091601598e-07,1.965172687641292813e-04,1.166309713393537159e-11,4.766458468508336131e-08,5.452055875092593299e-14,1.520055996302506217e-11,3.645594720643266885e-09,1.648858703035447122e-14,1.447197052711929860e-12,1.777434390366793510e-14,1.107420650891222587e-14,2.026595378894171963e-08,3.539308324000243848e-18,1.277453288477361567e-11,8.005996412071019680e-07,1.820044815534725899e-22,1.287778232770426671e-32
1.885000000000000009e-01,2.094253113674516599e-04,4.463126036999620840e-08,1.676095527010172852e-05,3.936933173918060900e-08,8.097894053898088631e-07,1.909230479254713322e-04,1.505684067844082283e-11,4.630779823799636807e-08,6.920990406787342271e-14,2.292679846633910833e-11,3.658323386800507828e-09,1.707030252717301682e-14,1.871838295025897674e-12,1.820738195508185309e-14,1.001711853541805528e-14,1.968907063159550468e-08,3.438705418614581327e-18,1.389459720692037979e-11,7.778091175404664461e-07,1.751255948929709032e-22,1.173267661736871737e-32
1.890000000000000013e-01,2.021434226956756949e-04,4.327353588161460414e-08,1.681031912704480068e-05,4.264913721756509197e-08,6.981728491251855627e-07,1.837332387141600359e-04,1.916138400082675003e-11,4.456403324582906027e-08,8.530688215868401383e-14,3.355437066227726436e-11,3.669097780514885719e-09,1.739385824635309299e-14,2.390687828876004511e-12,1.832149603098641844e-14,8.745092552254727573e-15,1.894765086390478437e-08,3.309422001557096195e-18,1.505212897909278084e-11,7.485182620141468038e-07,1.664842337584747650e-22,1.035769217050117710e-32
1.895000000000000018e-01,1.933355977428217022e-04,4.122044989578398350e-08,1.684496225574749181e-05,4.591159832405140502e-08,5.967098348607160574e-07,1.750294628686804171e-04,2.405969111815296147e-11,4.245309349831117320e-08,1.049000706211331227e-13,4.784254539917575543e-11,3.676659163817814873e-09,1.752707527045576920e-14,3.017283565102688133e-12,1.832988659071632274e-14,8.040654407501179155e-15,1.805011390347063585e-08,3.152946321639727248e-18,1.620353936966408878e-11,7.130595968873906501e-07,1.579476745526690951e-22,9.574065123907887837e-33
1.900000000000000022e-01,1.831155967007455881e-04,3.870264715853666446e-08,1.686169809083748637e-05,4.908666655177159604e-08,5.074989926791234434e-07,1.649259030182817433e-04,2.983079744693411506e-11,4.000268125602003462e-08,1.311479255870704021e-13,6.666209546784351231e-11,3.680312018871929115e-09,1.758966892134507757e-14,3.765528714069393938e-12,1.861967882752552308e-14,9.353336620547120461e-15,1.700823724450773532e-08,2.971358751768650753e-18,1.732410637422562092e-11,6.718982954759600259e-07,1.529439939296600554e-22,1.090095709522947560e-32
1.905000000000000027e-01,1.716308574784710219e-04,3.604120866188843111e-08,1.686080038821283791e-05,5.217852356436204885e-08,4.303331799255414734e-07,1.535689570311962119e-04,3.654660407303532743e-11,3.724831326072825645e-08,1.675632679492979908e-13,9.099148246226730350e-11,3.680116093611856496e-09,1.770649176320875641e-14,4.649260745708311879e-12,1.975270783325063808e-14,1.509357930375378628e-14,1.583712081623579213e-08,2.767327105188029487e-18,1.841530582837538140e-11,6.256307739677299768e-07,1.571374088563023220e-22,1.686333084056410579e-32
1.910000000000000031e-01,1.590612137630593103e-04,3.352780850145852558e-08,1.684557337502823478e-05,5.525928403617728331e-08,3.632492410425441090e-07,1.411359680286192826e-04,4.426843819682126376e-11,3.423301250598851490e-08,2.172632650261400350e-13,1.219075954989685125e-10,3.676792582014700945e-09,1.796851357718936819e-14,5.681794908249230484e-12,2.248682731216495844e-14,2.899751950362596245e-14,1.455505601674508362e-08,2.544085583353611239e-18,1.950258896410885843e-11,5.749795175906129122e-07,1.792656597104117196e-22,3.137447034227022779e-32
1.915000000000000036e-01,1.456165037618723282e-04,3.132862438618694556e-08,1.682087389437643047e-05,5.843836810115726219e-08,3.036499552476125507e-07,1.278333245013534892e-04,5.304349947225235482e-11,3.100684720244767234e-08,2.824678350414051246e-13,1.605704018608604730e-10,3.671401561259485342e-09,1.841443439282479940e-14,6.875476041698197918e-12,2.783084620986745924e-14,5.655906429259237727e-14,1.318332977630660802e-08,2.305402649559012361e-18,2.062457311259426003e-11,5.207853406424259220e-07,2.321314165566171299e-22,6.018944816195130951e-32
1.920000000000000040e-01,1.315335174455514158e-04,2.944731105034073188e-08,1.679122105816070439e-05,6.181953067429605859e-08,2.494361268694921497e-07,1.138942560023429315e-04,6.290133237112779456e-11,2.762639589664694479e-08,3.644128000525152757e-13,2.082010717450426570e-10,3.664929395613940453e-09,1.903527079899045963e-14,8.241251121930471375e-12,3.713365224780697203e-14,1.055197044621551751e-13,1.174599720335943576e-08,2.055543654708579542e-18,2.181787618554839593e-11,4.639984063230989845e-07,3.337261135302580851e-22,1.114195587357075091e-31
1.925000000000000044e-01,1.170728051718820690e-04,2.775612550966171026e-08,1.675923544102496599e-05,6.546206368155259146e-08,1.996820859305686516e-07,9.957654524615783135e-05,7.385047828063253895e-11,2.415419231324848784e-08,4.636663558500512058e-13,2.660534014392903105e-10,3.657948066691731727e-09,1.979411467604266432e-14,9.788255126412534639e-12,5.219617211448768208e-14,1.864012921469746953e-13,1.026964557695261881e-08,1.799232124609411720e-18,2.310342389273759853e-11,4.056689060021105489e-07,5.084525452656369922e-22,1.960921743023010294e-31
1.930000000000000049e-01,1.025157458026944128e-04,2.607628221728662094e-08,1.672496411956590179e-05,6.936070554908505498e-08,1.546672266624391799e-07,8.516018990952837456e-05,8.587546714423924985e-11,2.065815799387790013e-08,5.806729912909022019e-13,3.353786717873991686e-10,3.650467852072970705e-09,2.064798574042169867e-14,1.152339367081227813e-11,7.538835740540891655e-14,3.130623166948085843e-13,8.783153114414357503e-09,1.541610204390115838e-18,2.447935926142353792e-11,3.469375335459101466e-07,7.884016536233977888e-22,3.287354826333761469e-31
1.935000000000000053e-01,8.816198664102273253e-05,2.427037942121213041e-08,1.668626057428458458e-05,7.345112626888246390e-08,1.153907239800245895e-07,7.094486122919843412e-05,9.893430723209581575e-11,1.721098563520401586e-08,7.162645166402545449e-13,4.173844297593681407e-10,3.642020243420583363e-09,2.156025802810935380e-14,1.345091128195905072e-11,1.097543993193528778e-13,5.032535142124360385e-13,7.317426747960521502e-09,1.288195365033607354e-18,2.592297847131209339e-11,2.890251317823053441e-07,1.214627976495876632e-21,5.279625647624553038e-31
1.940000000000000058e-01,7.432703009757853140e-05,2.230812375845394721e-08,1.663996431853834564e-05,7.763762303714568266e-08,8.290117198593054210e-08,5.724690103378709237e-05,1.129566235505863041e-10,1.388941044568709234e-08,8.719049405227755166e-13,5.131880544282170713e-10,3.631915417462240770e-09,2.249925364292817659e-14,1.557195117641007513e-11,1.590963364856904784e-13,7.791434128552706410e-13,5.905092275123463145e-09,1.044828543099654151e-18,2.740050540182646781e-11,2.332204585537541291e-07,1.838356077259148183e-21,8.170237306836370237e-31
1.945000000000000062e-01,6.133949160370684266e-05,2.028110790160530056e-08,1.658333370770014863e-05,8.183100097608960025e-08,5.779098662941617395e-08,4.439561589096662853e-05,1.278425808069928152e-10,1.077331097670788746e-08,1.049558972712841201e-12,6.237663455595367724e-10,3.619554968144707494e-09,2.342742785400689446e-14,1.788413281312179391e-11,2.280349042283797146e-13,1.167778583504509322e-12,4.580112010610377687e-09,8.176091636740959293e-19,2.888046076871747273e-11,1.808650892568510719e-07,2.722036811523800776e-21,1.224289896658509328e-30
1.950000000000000067e-01,4.953750045329592737e-05,1.836585164333770240e-08,1.651513350455560624e-05,8.598099711801157810e-08,4.005604508333406855e-08,3.272875507033882992e-05,1.434627056958334228e-10,7.944611942982321001e-09,1.251237880327193610e-12,7.499027319636583531e-10,3.604669284908272434e-09,2.429157047171702471e-14,2.038118770864537410e-11,3.220520251025871412e-13,1.701437562055077678e-12,3.377318271254942615e-09,6.128147845050383523e-19,3.034510542646732623e-11,1.333349943072066215e-07,3.940158960881741503e-21,1.783623726999811611e-30
1.955000000000000071e-01,3.926389322628449555e-05,1.675616880365200125e-08,1.643597108681587674e-05,9.009041771868674178e-08,2.929957019842825720e-08,2.258724063697525674e-05,1.596586952683111768e-10,5.486005610157809773e-09,1.478410832270006423e-12,8.921340152512643801e-10,3.587390936170346917e-09,2.502450953803071538e-14,2.305269540986194683e-11,4.475186092941126014e-13,2.417832873395144860e-12,2.331869753608992379e-09,4.368063656356652571e-19,3.179542980570014143e-11,9.201906984967093588e-08,5.579711385243654884e-21,2.534590577704149994e-30
1.960000000000000075e-01,3.086019554275998240e-05,1.559698618774259900e-08,1.634781780022687161e-05,9.420613800252576055e-08,2.508442238656222311e-08,1.430937649409730653e-05,1.762452631413854047e-10,3.479546785960022193e-09,1.731518871303722263e-12,1.050698820377892724e-09,3.568150198360031707e-09,2.556273256182357571e-14,2.588394931158795441e-11,6.117044139036138536e-13,3.360113791349951484e-12,1.478654205739110975e-09,2.959230335657516225e-19,3.324797747362811249e-11,5.829554575849699908e-08,7.740186755848876442e-21,3.522459509798748305e-30
1.965000000000000080e-01,2.465976539932837535e-05,1.494803953704999562e-08,1.625299562059416043e-05,9.839188791343024425e-08,2.719240504365255395e-08,8.224836118479686989e-06,1.930130338337647122e-10,2.005194150284983842e-09,2.009774261251125160e-12,1.225490096648952894e-09,3.547453879857263061e-09,2.587500064552319392e-14,2.885596143450514714e-11,8.227569803712817481e-13,4.576624607066591221e-12,8.516683103366559287e-10,1.963715468621636485e-19,3.472524048190669865e-11,3.350749205645851940e-08,1.053302283809079960e-20,4.797947026926038909e-30
1.970000000000000084e-01,2.098072454936527421e-05,1.479006520407701577e-08,1.615311281660252195e-05,1.026952406128527734e-07,3.564219784213153392e-08,4.648693825696682061e-06,2.097324491916341160e-10,1.139362198925244190e-09,2.311296861181689646e-12,1.416014084000883955e-09,3.525653012685986648e-09,2.598905759456621007e-14,3.194559515133470958e-11,1.089629291308829533e-12,6.120379729793863102e-12,4.834020919489538557e-10,1.441150789319241287e-19,3.624400870802112479e-11,1.893850267130217667e-08,1.408039229196742625e-20,6.416663218755322533e-30
1.975000000000000089e-01,2.011932452983049055e-05,1.506597444567319028e-08,1.604841979162511948e-05,1.071233438537766920e-07,5.048599125363601558e-08,3.875647127046027095e-06,2.261586024152871429e-10,9.535196298600266034e-10,2.633490470331566896e-12,1.621358116036512989e-09,3.502802253937194670e-09,2.600119585108773556e-14,3.512580349068912904e-11,1.421935324300055381e-12,8.048227507103350602e-12,4.042430639782138748e-10,1.447638698817541265e-19,3.780680479661482833e-11,1.578915767708581220e-08,1.851327615253056996e-20,8.438231215001692429e-30
1.980000000000000093e-01,2.234416777032889788e-05,1.573425641825444292e-08,1.593784497870969291e-05,1.116378654856197615e-07,7.154997725526105298e-08,6.174437771534452828e-06,2.420368681160478048e-10,1.512836044983131699e-09,2.973461321325222756e-12,1.840169465677263081e-09,3.478667718952701374e-09,2.605858346160603647e-14,3.836595213297927593e-11,1.829720890819737634e-12,1.041968811732786239e-11,6.419008955981189796e-10,2.034678359891597332e-19,3.940010029063617721e-11,2.515429495072087335e-08,2.396878704469123869e-20,1.092506508648358308e-29
1.984999999999999820e-01,2.789132353458941647e-05,1.680801595932278705e-08,1.581965949363241920e-05,1.161711383710581212e-07,9.832376824365023796e-08,1.178238245717542163e-05,2.571091547420347447e-10,2.874855396679101780e-09,3.328271710582219810e-12,2.070647150037272759e-09,3.452872051004550595e-09,2.631529432446388313e-14,4.163221855360369520e-11,2.323151975280502056e-12,1.329546587864102867e-11,1.220843416345747074e-09,3.248095510633179552e-19,4.100001361141166292e-11,4.800072860135567325e-08,3.058674266324177154e-20,1.394080710347337347e-29
1.989999999999999825e-01,3.696000470172078204e-05,1.836165418613678201e-08,1.569244428325331929e-05,1.206562084376799551e-07,1.301161108927093848e-07,2.089991391462563280e-05,2.711205716510240127e-10,5.088172102397164519e-09,3.694907185665302947e-12,2.310548203807534583e-09,3.425105516162466643e-09,2.687539950647881653e-14,4.488807484435164057e-11,2.912139030365879024e-12,1.673565170353620263e-11,2.161733717299128086e-09,5.126959029193937251e-19,4.258291483312969414e-11,8.514500965042719547e-08,3.850552553439903875e-20,1.754844137274271831e-29
1.994999999999999829e-01,4.970826899395500533e-05,2.050360882992205813e-08,1.555590996532034876e-05,1.250573599040618869e-07,1.664269471335230494e-07,3.368511092734968986e-05,2.838262790321191853e-10,8.191104623861934514e-09,4.069977173331434509e-12,2.557209417718788903e-09,3.395304946910580890e-09,2.774468474352350341e-14,4.809487253535729613e-11,3.605927121979459238e-12,2.079764666792692847e-11,3.480866138745756341e-09,7.702482135230526672e-19,4.413619886590627952e-11,1.372311416433330395e-07,4.785730032860075396e-20,2.180811675358685288e-29
1.999999999999999833e-01,6.624827395050055618e-05,2.332982257301356090e-08,1.541119472160203433e-05,1.293873316336763878e-07,2.073323481383304181e-07,5.024832343504253976e-05,2.949982755246880895e-10,1.221039224343158204e-08,4.449303172211712136e-12,2.807584939909075087e-09,3.363718763663031927e-09,2.881235312716744968e-14,5.121254641597303197e-11,4.412683909582803350e-12,2.553385285438632303e-11,5.189612092281686146e-09,1.099693000713909836e-18,4.566436157759132625e-11,2.047086836347294579e-07,5.876269518702453435e-20,2.677472770288244293e-29
2.004999999999999838e-01,8.664093355602897378e-05,2.688116793218203071e-08,1.526050155647322627e-05,1.337030352475827913e-07,2.536292613263377547e-07,7.064711638238405263e-05,3.044318755367191703e-10,1.715996926722264855e-08,4.827615323284635931e-12,3.058299478620378374e-09,3.330827802725821390e-09,2.987460270139813708e-14,5.420043939187048760e-11,5.339109424173576217e-12,3.098919318043001882e-11,7.293898784354229273e-09,1.502257773218461662e-18,4.718748860372590431e-11,2.878121517350118359e-07,7.132508953613238720e-20,3.249531776841738647e-29
2.009999999999999842e-01,1.108902707804140455e-04,3.112525595442319329e-08,1.510622846013543189e-05,1.380808090812887985e-07,3.065802917901320596e-07,9.488181008724862620e-05,3.119516352633081194e-10,2.303988400594725582e-08,5.198546258138216208e-12,3.305716154772747399e-09,3.297155462217867116e-09,3.069635590163340992e-14,5.701822638619751993e-11,6.390077011101150809e-12,3.719853804038470961e-11,9.793749488074976613e-09,1.978077322203071078e-18,4.873252180197547963e-11,3.865428508499473040e-07,8.562468810288450116e-20,3.900638708163898969e-29
2.014999999999999847e-01,1.389381481457755308e-04,3.597064176855515246e-08,1.494996801890115056e-05,1.425812104682659841e-07,3.672993030648610976e-07,1.228918627321539997e-04,3.174165026415484985e-10,2.983542207980985072e-08,5.554992571909487849e-12,3.546017366221018539e-09,3.263049351604857378e-09,3.109167474090336066e-14,5.962689096285659233e-11,7.568300192298538629e-12,4.418413276585400761e-11,1.268291069139090417e-08,2.526115480348122586e-18,5.032083349750913962e-11,5.006541371827106166e-07,1.017125981000103923e-19,4.633120189921526685e-29
2.019999999999999851e-01,1.706602172877192531e-04,4.130560074793249883e-08,1.479181319181236778e-05,1.472182460346646190e-07,4.360301015682798735e-07,1.545532391536267073e-04,3.207239916587485859e-10,3.751646899158029780e-08,5.889759230416734176e-12,3.775296377101472678e-09,3.228529765509554739e-09,3.099405220832046150e-14,6.198969297143130886e-11,8.874012463038361977e-12,5.195313468389639843e-11,1.594858098804525642e-08,3.144105558329834130e-18,5.195736702094937598e-11,6.296406988516928026e-07,1.196051604585865159e-19,5.447721951352466758e-29
2.024999999999999856e-01,2.058637764890255614e-04,4.704200597891363812e-08,1.463027979344502200e-05,1.519466139261173196e-07,5.116809942600947997e-07,1.896767873099030948e-04,3.218132154863353605e-10,4.603711712826931418e-08,6.196277671329422583e-12,3.989656770667514010e-09,3.193272762383750444e-09,3.048915343959620952e-14,6.407306491638514256e-11,1.030465044650396030e-11,6.049537966274586900e-11,1.957124391219783727e-08,3.828510489789415429e-18,5.362613414271945937e-11,7.727319417233914006e-07,1.392788113686644481e-19,6.343375335986508151e-29
2.029999999999999860e-01,2.442878074416190331e-04,5.314284130604050843e-08,1.446289841188925363e-05,1.566734111468519795e-07,5.919160425854310150e-07,2.280075554292777806e-04,3.206666555725947157e-10,5.533550091640908758e-08,6.469149266191240305e-12,4.185316435116887361e-09,3.156739357768175347e-09,2.979488876914811887e-14,6.584738895011871737e-11,1.185454505719095711e-11,6.978150296277365297e-11,2.352459780053702358e-08,4.574502115438769830e-18,5.529434690579022146e-11,9.288892075154978297e-07,1.606657614947042020e-19,7.317000827786000698e-29
2.034999999999999865e-01,2.856049373965394178e-04,5.962029112934217982e-08,1.428724771788705310e-05,1.612907007794152155e-07,6.738777006892902309e-07,2.692249664423626977e-04,3.173105940967394265e-10,6.533383987980625957e-08,6.704331223254309906e-12,4.358712417622064356e-09,3.118401058827287922e-09,2.919271247217458557e-14,6.728762969681437837e-11,1.351464529544686195e-11,7.976153591155203193e-11,2.777557407104776032e-08,5.375958688115256596e-18,5.692391147352985365e-11,1.096806484418393450e-06,1.836507724003674190e-19,8.363361250710899091e-29
2.039999999999999869e-01,3.294246504839200740e-04,6.650593847519237896e-08,1.410201408079201824e-05,1.657164656443265999e-07,7.553164829555440750e-07,3.129438240734721557e-04,3.118141929467001688e-10,7.593868336342520758e-08,6.898926350112125666e-12,4.506602804392890907e-09,3.077971142067635117e-09,2.893262991590727854e-14,6.837382168479387229e-11,1.527231701376415209e-11,9.036408749307447828e-11,3.228444126185842716e-08,6.225480625927871584e-18,5.848588177896980274e-11,1.274914505842816267e-06,2.080692808947750267e-19,9.474976016380467658e-29
2.044999999999999873e-01,3.752969289576435085e-04,7.380824544892111946e-08,1.390764568864382400e-05,1.699275022491833600e-07,8.356685293773932819e-07,3.587162233341356079e-04,3.042872603557544438e-10,8.704137454873349826e-08,7.050701494010210998e-12,4.626161778664950495e-09,3.035547426559356567e-09,2.914529116184253582e-14,6.909142577309564661e-11,1.711126665285898715e-11,1.014961989535507017e-10,3.700500231519243446e-08,7.114426184387379709e-18,5.997206868539290420e-11,1.461388533644812630e-06,2.337070735219120632e-19,1.064210562367970393e-28
2.049999999999999878e-01,4.227157104010014193e-04,8.147856983707063160e-08,1.370632884253852891e-05,1.739704819123623352e-07,9.165725849222496956e-07,4.060345241540418886e-04,2.948768024724278403e-10,9.851877224550603160e-08,7.157572904807521842e-12,4.715064179584597816e-09,2.991607101880274257e-09,2.979323891404136354e-14,6.943157236128169435e-11,1.901163307641439565e-11,1.130439319009403650e-10,4.188490145871649515e-08,8.032970119245212393e-18,6.139894375474208614e-11,1.654160472505641349e-06,2.603016496757662341e-19,1.185281275404098374e-28
2.054999999999999882e-01,4.711220294738851177e-04,8.940255909196440356e-08,1.350128382648890085e-05,1.779457784412103693e-07,1.001500000506029832e-06,4.543355734668429614e-04,2.837625073301418871e-10,1.102342753937719567e-07,7.217311306153633274e-12,4.771556229029517760e-09,2.946853042688207444e-09,3.067998051847648746e-14,6.939120160925832354e-11,2.095027002691444749e-11,1.248737188403215318e-10,4.686605977979867461e-08,8.970188735890570152e-18,6.280193159976329314e-11,1.850936070438831796e-06,2.875453391163638102e-19,1.309310303840118772e-28
2.059999999999999887e-01,5.199072854941657511e-04,9.742102791970252561e-08,1.329564811253007518e-05,1.819694474236730556e-07,1.094527367272573851e-06,5.030063095316644750e-04,2.711513495354672128e-10,1.220391827092902727e-07,7.227627315561610759e-12,4.794509596857497940e-09,2.901970051850565648e-09,3.151487457324590470e-14,6.897309814866772420e-11,2.290121329651222425e-11,1.368344724246792866e-10,5.188525327816070541e-08,9.914173642469161385e-18,6.422199135280473665e-11,2.049217750442030939e-06,3.150901644084721888e-19,1.434714518332950206e-28
2.064999999999999891e-01,5.684175087488073938e-04,1.053696149131257363e-07,1.309137743822279193e-05,1.861276276976112873e-07,1.198667740760783745e-06,5.513907711291502443e-04,2.572715334154075253e-10,1.337743929475635918e-07,7.186636072173605350e-12,4.783456615409420756e-09,2.857385003159338029e-09,3.201155781741236057e-14,6.818580730600310082e-11,2.483629934228325744e-11,1.487604180629168898e-10,5.687483572758274150e-08,1.085217438204298397e-17,6.568952371830051913e-11,2.246333165528509931e-06,3.425543659948916986e-19,1.559756685536236268e-28
2.069999999999999896e-01,6.159596051765202406e-04,1.131169599086869831e-07,1.288858714285353635e-05,1.904410180885827753e-07,1.314421870935170743e-06,5.987984104272144536e-04,2.423660097661928725e-10,1.452724212227691595e-07,7.093535192345563982e-12,4.738605201133403038e-09,2.813123076175297142e-09,3.198540768347679207e-14,6.704341741771921403e-11,2.672588428751134351e-11,1.604745850832276238e-10,6.176359591317153928e-08,1.177076776005219157e-17,6.721183386019678807e-11,2.439469064843517455e-06,3.695304399833295628e-19,1.682581965264965989e-28
2.074999999999999900e-01,6.618102796792547796e-04,1.205817096583971918e-07,1.268558289815491612e-05,1.948535279936042800e-07,1.439191834066750373e-06,6.445135245945849897e-04,2.266858073859959077e-10,1.563596865142955135e-07,6.949230983787025368e-12,4.660832858920938594e-09,2.768814461623079416e-09,3.141593370239603898e-14,6.556519998028250317e-11,2.853960896466534156e-11,1.717928646575216629e-10,6.647773018334350551e-08,1.265605005596106207e-17,6.876912589137286959e-11,2.625709717511042615e-06,3.955944768885180995e-19,1.801260366572906061e-28
2.079999999999999905e-01,7.052277617321701811e-04,1.277193093540466061e-07,1.247956261573732051e-05,1.992500324686977911e-07,1.567899226958253246e-06,6.878056108662300959e-04,2.104834166195338131e-10,1.668590229829317331e-07,6.756655859404751585e-12,4.551659993298699641e-09,2.723847561874063028e-09,3.045281297619846093e-14,6.377511318281185400e-11,3.024716639824835922e-11,1.825285179617139707e-10,7.094191018904654917e-08,1.349384800694731566e-17,7.032076912567265269e-11,2.802079098588510887e-06,4.203165330846080364e-19,1.913833952361138735e-28
2.084999999999999909e-01,7.454657908994168731e-04,1.344852265802269148e-07,1.226771616255259694e-05,2.034969452422589648e-07,1.694674358303691805e-06,7.279405099001330214e-04,1.940064496493243176e-10,1.765923823143031225e-07,6.520632441981734885e-12,4.413203588639502223e-09,2.677609020243899165e-09,2.936463751660766962e-14,6.170118903044077542e-11,3.181904732415103954e-11,1.924969955510895003e-10,7.508043188397445924e-08,1.426994542420460793e-17,7.181961738834287583e-11,2.965586286487121497e-06,4.432717154728794668e-19,2.018367343549319252e-28
2.089999999999999913e-01,7.817888119123252979e-04,1.407942467434392054e-07,1.204830522080446721e-05,2.074904476270214537e-07,1.815022241577384759e-06,7.641922947473353891e-04,1.774917823614068745e-10,1.853837167516611035e-07,6.247311096485336833e-12,4.248113107414048659e-09,2.629719417769706616e-09,2.844967052464075253e-14,5.937483409128308639e-11,3.322725859994101040e-11,2.015209093188099295e-10,7.881844139364707076e-08,1.497032386438998038e-17,7.322903029601638986e-11,3.113273897976332930e-06,4.640516152586919126e-19,2.112999864318935096e-28
2.094999999999999918e-01,8.134871706786220595e-04,1.464990527954248681e-07,1.182132465707699676e-05,2.111941552746907845e-07,1.927623795773768410e-06,7.958559320111773710e-04,1.611603559957718803e-10,1.930620492914628503e-07,5.943367739947246411e-12,4.059491153499342463e-09,2.580177628825358104e-09,2.794057250880565659e-14,5.683007597784866323e-11,3.444602078453506190e-11,2.094349831716735894e-10,8.208324049854414238e-08,1.558141693711552340e-17,7.453616686353075959e-11,3.242269669024243193e-06,4.822756920879768457e-19,2.195997505578325155e-28
2.099999999999999922e-01,8.398913542456749480e-04,1.514031006752541507e-07,1.158851642619809492e-05,2.146519613207992228e-07,2.035016852795881193e-06,8.222607417785241348e-04,1.452127839897731394e-10,1.994647375284591362e-07,5.615233074847150365e-12,3.850802023862698833e-09,2.529363857639546103e-09,2.793575757517778382e-14,5.410278304964919945e-11,3.545245041954539605e-11,2.160907997867426244e-10,8.480567447333051482e-08,1.609037776769475560e-17,7.575651818802237805e-11,3.349841289756615411e-06,4.976021898281903089e-19,2.265802787035247512e-28
2.104999999999999927e-01,8.603848834096717571e-04,1.553062052341025196e-07,1.135275683735778501e-05,2.179712141105029080e-07,2.142807359309159995e-06,8.427846004668180461e-04,1.298258712124791314e-10,2.044409176481315993e-07,5.268600083837220051e-12,3.625771700271590802e-09,2.477905900882163425e-09,2.837900444865077869e-14,5.122987764996578759e-11,3.622722043220637270e-11,2.213611606039522461e-10,8.692159652120918336e-08,1.648535762888361559e-17,7.692797040750213158e-11,3.433454265975254508e-06,5.097381647742292754e-19,2.321080591695564600e-28
2.109999999999999931e-01,8.744161296732285739e-04,1.580640209493953948e-07,1.111706940084003709e-05,2.212826058617046763e-07,2.257636404615933259e-06,8.568686936703158452e-04,1.151501105716288718e-10,2.078550818205079849e-07,4.908335978337382728e-12,3.388283094643220915e-09,2.426463686404141665e-09,2.909078263553396503e-14,4.824855833271876035e-11,3.675517407129844866e-11,2.251438859833624688e-10,8.837338890973401645e-08,1.675579131935729162e-17,7.809664832427570996e-11,3.490832021312947444e-06,5.184482292943123482e-19,2.360758145683059210e-28
2.114999999999999936e-01,8.815098334826025357e-04,1.596333279569699945e-07,1.088364130236397638e-05,2.246918393527054022e-07,2.384643578064610303e-06,8.640324917632563476e-04,1.013081779163685297e-10,2.095907096627071599e-07,4.538759299053769941e-12,3.142270447604270174e-09,2.375514602753725636e-09,2.983651311972913551e-14,4.519554687956190615e-11,3.702585173188921491e-11,2.273649024172067947e-10,8.911150706637224029e-08,1.689268254006816161e-17,7.929985727606756318e-11,3.520016906878950304e-06,5.235616594383493278e-19,2.384057523596088123e-28
2.119999999999999940e-01,8.812792519600060308e-04,1.600789870048525652e-07,1.065319930571482830e-05,2.282410097941817094e-07,2.525405367694697548e-06,8.638885498357103208e-04,8.839440299015437288e-11,2.095538571621837632e-07,4.164101101317130662e-12,2.891616689392380345e-09,2.325217278953930690e-09,3.040536038325988786e-14,4.210638074100836922e-11,3.703388300711852191e-11,2.279804926555232101e-10,8.909600555675476696e-08,1.688888138989899326e-17,8.055245376242646806e-11,3.519430495262608065e-06,5.249775811821567628e-19,2.390519363065666247e-28
2.124999999999999944e-01,8.734395993855051474e-04,1.595347727132971641e-07,1.042494693553811540e-05,2.318936915282623042e-07,2.677177859372967887e-06,8.561567595004158536e-04,7.647515474979513714e-11,2.076766127385987104e-07,3.788907920890331923e-12,2.640057314151389426e-09,2.275397872539596314e-09,3.067195044507190791e-14,3.901477687101854232e-11,3.677920191519915550e-11,2.269786202473497563e-10,8.829800755013721854e-08,1.673934677296889616e-17,8.184158214736541274e-11,3.487931641528301221e-06,5.226680314931364035e-19,2.380016847351255405e-28
2.129999999999999949e-01,8.578228577163953591e-04,1.581320860512567665e-07,1.019704499454878111e-05,2.355485970667112108e-07,2.833781337333186591e-06,8.406777924837696486e-04,6.559004607340304196e-11,2.039203573694819260e-07,3.418185206123942459e-12,2.391093910318142873e-09,2.225654949498958079e-09,3.062224958845746163e-14,3.595209364131636236e-11,3.626706032430950103e-11,2.243792793929424651e-10,8.670109096658684234e-08,1.644138877291327688e-17,8.313149531217703753e-11,3.424871251630782922e-06,5.166787806081242578e-19,2.352759430875222513e-28
2.134999999999999953e-01,8.343933437741159502e-04,1.559276553326823123e-07,9.967418999055326976e-06,2.390759691834675841e-07,2.987819642515487630e-06,8.174256214737707620e-04,5.575383730723492544e-11,1.982788010050054528e-07,3.057201703436497733e-12,2.147919956028102441e-09,2.175535720131757130e-09,3.033957309881004229e-14,3.294691027201534572e-11,3.550783787101016729e-11,2.202338612826220997e-10,8.430257950897981370e-08,1.599488892620001803e-17,8.437639841468270034e-11,3.330143291664912936e-06,5.071278942496527018e-19,2.309286209163754389e-28
2.139999999999999958e-01,8.032628794354428796e-04,1.528650963505148234e-07,9.734573592264926352e-06,2.423626773415242442e-07,3.133388378070246475e-06,7.865191096814948529e-04,4.695890085247910781e-11,1.907807932023531367e-07,2.711023724278836662e-12,1.913360860098413610e-09,2.124713798527464828e-09,2.996126861936867903e-14,3.002472860696520916e-11,3.451666898246254681e-11,2.146235669768358429e-10,8.111473770717321714e-08,1.540249848600951434e-17,8.553636463904696821e-11,3.204232003121687195e-06,4.942021037101075473e-19,2.250449247228051287e-28
2.144999999999999962e-01,7.647042185580299120e-04,1.487926732019415015e-07,9.498117910867660444e-06,2.453493348166935269e-07,3.268216599769476146e-06,7.482326686461778561e-04,3.917809985894680566e-11,1.814929078698545323e-07,2.383960295689766647e-12,1.689829541070728603e-09,2.073103873064744577e-09,2.962556937024087713e-14,2.720778491039439339e-11,3.331292274119838606e-11,2.076569328614801701e-10,7.716586992759744595e-08,1.466981514123837053e-17,8.659043482940786109e-11,3.048255322208425616e-06,4.781511343514967731e-19,2.177387562677542403e-28
2.149999999999999967e-01,7.191616052112702676e-04,1.435353780659114346e-07,9.258838723811031661e-06,2.480464347271938615e-07,3.394399987428265060e-06,7.030058794262813993e-04,3.236793239252453855e-11,1.705217766934407322e-07,2.079130996490069116e-12,1.479298125797161268e-09,2.020877670448002174e-09,2.942865776911116916e-14,2.451494671357687767e-11,3.191957624589309091e-11,1.994665669597584122e-10,7.250131253047014799e-08,1.380553696548092116e-17,8.754231232482610318e-11,2.864004076027588696e-06,4.592802171916286938e-19,2.091492802472054213e-28
2.154999999999999971e-01,6.672578829712484021e-04,1.369940300474542718e-07,9.018341014745407237e-06,2.505248741701312207e-07,3.517440761497083334e-06,6.514517951739969004e-04,2.647179737112620459e-11,1.580161028509283489e-07,1.798309339897514201e-12,1.283285651644675230e-09,1.968385506541302383e-09,2.940490150576121916e-14,2.196166750182522313e-11,3.036251784192387715e-11,1.902052223799889143e-10,6.718429008496719287e-08,1.282158932462983837e-17,8.841701866317177815e-11,2.653975806745967973e-06,4.379410727090679403e-19,1.994367949237682116e-28
2.159999999999999976e-01,6.097982361205614085e-04,1.292293397167828753e-07,8.778434865781506734e-06,2.528859223950202872e-07,3.643987960280498474e-06,5.943634724188398208e-04,2.142324935969091085e-11,1.441682452192372330e-07,1.542075936974453046e-12,1.102861006615785124e-09,1.916022462656497119e-09,2.953224499832764754e-14,1.955998178039298317e-11,2.866980735750613079e-11,1.800413573485411921e-10,6.129658895126144718e-08,1.173321749249049564e-17,8.925029453025046103e-11,2.421401379597216928e-06,4.145217094958443894e-19,1.887780638015777660e-28
2.164999999999999980e-01,5.477711730176662314e-04,1.204925175346840031e-07,8.540524236798841055e-06,2.552229603913523254e-07,3.779193900381478718e-06,5.327181982984049904e-04,1.714912522048824849e-11,1.292152438474663013e-07,1.310191334611232319e-12,9.386597692478911485e-10,1.864094975410217328e-09,2.975475314007967377e-14,1.731854069082019416e-11,2.687091167575205946e-11,1.691543487513253148e-10,5.493899328078393857e-08,1.055903632737879943e-17,9.007509662027837858e-11,2.170262204302159847e-06,3.894354209370942572e-19,1.773612847873984080e-28
2.169999999999999984e-01,4.823475671233141255e-04,1.111856715769970419e-07,8.305225360570434549e-06,2.575895416239750213e-07,3.924751635608113848e-06,4.676789409298437146e-04,1.357244565432133481e-11,1.134391720029147755e-07,1.102021799058906977e-12,7.909131388612279363e-10,1.812737544544890822e-09,3.000925737690251016e-14,1.524270542687154215e-11,2.499592978162008918e-11,1.577295367754456332e-10,4.823143467146675036e-08,9.321029444040161220e-18,9.091032540295859220e-11,1.905296143749344934e-06,3.631093881201121931e-19,1.653808843326459263e-28
2.174999999999999989e-01,4.148783868359147355e-04,1.017661145022118723e-07,8.072330244068284203e-06,2.599849295428408261e-07,4.078389094631276109e-06,4.005927388562020939e-04,1.061501743892606531e-11,9.716674586954091612e-08,9.168520125698717469e-13,6.594867934190472868e-10,1.761904766968864305e-09,3.024438222384607142e-14,1.333472309450708950e-11,2.307482315560775608e-11,1.459532810399775078e-10,4.131282618061423646e-08,8.044493677805511659e-18,9.175572091955844975e-11,1.631990952687206727e-06,3.359733041473185920e-19,1.530323267019660249e-28
2.179999999999999993e-01,3.468912563688183147e-04,9.263501847734132233e-08,7.841085541241158904e-06,2.623608792516540052e-07,4.234985650972917650e-06,3.329859917502782526e-04,8.199685810437543663e-12,8.076818270280075681e-08,7.539905432985984037e-13,5.439272862452877441e-10,1.711432207051374990e-09,3.042647326009731721e-14,1.159400195317876825e-11,2.113667317728243088e-11,1.340082029157705903e-10,3.434057679299243060e-08,6.757929005046231287e-18,9.259425621954000448e-11,1.356565092363685945e-06,3.084484224198910897e-19,1.405071221566033997e-28
2.184999999999999998e-01,2.800853975319251427e-04,8.406003027933802195e-08,7.610638599084309816e-06,2.646451239589987067e-07,4.388799692731304913e-06,2.665568161090215490e-04,6.252208863230538839e-12,6.465534713196568875e-08,6.126796435309200908e-13,4.435134958672077886e-10,1.661133755992167895e-09,3.053463230507626876e-14,1.001748152089942086e-11,1.920899311052984874e-11,1.220687747263917324e-10,2.748980322569383799e-08,5.492877622204195107e-18,9.340042636850188884e-11,1.085936588135461115e-06,2.809373995398799706e-19,1.279882027022337981e-28
2.190000000000000002e-01,2.163240456553264409e-04,7.616806086106386616e-08,7.380454660213624422e-06,2.667710598000048601e-07,4.535836442220515394e-06,2.031646992525079284e-04,4.702745238172650518e-12,4.927924218235310933e-08,4.919100971788669251e-13,3.573106699434349250e-10,1.610892695400446115e-09,3.055240359964679480e-14,8.600066071388261140e-12,1.731712420599306453e-11,1.102973952576071247e-10,2.095226312530635745e-08,4.283717030000727624e-18,9.415072502991130753e-11,8.276808805274275373e-07,2.538152546120720260e-19,1.156458113024968905e-28
2.195000000000000007e-01,1.576232972329155723e-04,6.901329007794950773e-08,7.150543985934745936e-06,2.687016543567815354e-07,4.675340263229476462e-06,1.448175925564144646e-04,3.486961676311733640e-12,3.512687918757316840e-08,3.902747474194438026e-13,2.842247429849083286e-10,1.560711271590249301e-09,3.046427455871998550e-14,7.335069556603883166e-12,1.548374119939735601e-11,9.884106426730765262e-11,1.493502418466527466e-08,3.167410185520108319e-18,9.483208243444700333e-11,5.899782438537800134e-07,2.274217050152522479e-19,1.036340220306720707e-28
2.200000000000000011e-01,1.061365924310745361e-04,6.268998105470374165e-08,6.921433019095835795e-06,2.704389070869384400e-07,4.809787415520015415e-06,9.365637637937878040e-05,2.546778272044122580e-12,2.271751020257659288e-08,3.059597430145433820e-13,2.230548416500852930e-10,1.510704400344822564e-09,3.026110442483458316e-14,6.214616331164585656e-12,1.372848254705098998e-11,8.782873860809321027e-11,9.658862208634296272e-09,2.183211903580151571e-18,9.544520422671438724e-11,3.815504972418403753e-07,2.020550691245257508e-19,9.208797680030458991e-29
2.205000000000000016e-01,6.413457480655823315e-05,5.743647657661533474e-08,6.693925347924296033e-06,2.720166448531346803e-07,4.943418960595221199e-06,5.193641066517234463e-05,1.830777529245578998e-12,1.259815353728294497e-08,2.368917814352868736e-13,1.725422003270590293e-10,1.461047490346878005e-09,2.995220493613442237e-14,5.229958952976722386e-12,1.206770819738386062e-11,7.736942117051553683e-11,5.356358629324224662e-09,1.372326623222483865e-18,9.600202881722526031e-11,2.115858428391443529e-07,1.779678537857206767e-19,8.112189123109415777e-29
2.210000000000000020e-01,3.398070191160588820e-05,5.367769022730603585e-08,6.468779334322996962e-06,2.734812758192827224e-07,5.080004030818116164e-06,2.200577759794215582e-05,1.294310203425353381e-12,5.338316930543354266e-09,1.809752902047009530e-13,1.314140707113867511e-10,1.411906076220199276e-09,2.957650532572225493e-14,4.371706392594911641e-12,1.051437673931564651e-11,6.755100270434165372e-11,2.269656877245869018e-09,7.775105836433090664e-19,9.651893491410221026e-11,8.965022763761891545e-08,1.553640723500953962e-19,7.082784953642085257e-29
2.215000000000000024e-01,1.810346663314520597e-05,5.197989125471603675e-08,6.246449636713045976e-06,2.748695966209976418e-07,5.220875268415100277e-06,6.279905565983901158e-06,8.993377823894405005e-13,1.523842983373884039e-09,1.363082268993280948e-13,9.842159849291536257e-11,1.363379398037579464e-09,2.920392268812895147e-14,3.629990294763091003e-12,9.078027795048906995e-12,5.843984671706279667e-11,6.478455634366087734e-10,4.426128099893250442e-19,9.700890907251708244e-11,2.558396298970906332e-08,1.343982702687067679e-19,6.127537714487167098e-29
2.220000000000000029e-01,1.896624968180133118e-05,5.293293164087584427e-08,6.026996815353268693e-06,2.761932083013120959e-07,5.364168634611821815e-06,7.212533911275486307e-06,6.140587612534682036e-13,1.749867010893646844e-09,1.012807961966109277e-13,7.237103493147947383e-11,1.315480669496225890e-09,2.892167634824360523e-14,2.994618356640686205e-12,7.764855625938066429e-12,5.008107972921358568e-11,7.439642942688746892e-10,4.120540367326232653e-19,9.747604565272488072e-11,2.938343674784406149e-08,1.151761711272819432e-19,5.251175074078547166e-29
2.225000000000000033e-01,3.903560686263582864e-05,5.701257124894021838e-08,5.810186427771756149e-06,2.774356128308810801e-07,5.505664531654846942e-06,2.726334357520306399e-05,4.123727560387256967e-13,6.612966157947696266e-09,7.452824820221024194e-14,5.214802966967614573e-11,1.268158708191440041e-09,2.880736349087899195e-14,2.455261875602886685e-12,6.577864412091469033e-12,4.249952373961586538e-11,2.811665644638110145e-09,7.302491407891962990e-19,9.791452209635334589e-11,1.110692425045706093e-07,9.775679777727333356e-20,4.456297906946246062e-29
2.230000000000000038e-01,8.074830048518737114e-05,6.449066246970025325e-08,5.595714651981340557e-06,2.785622936619662876e-07,5.640891009315997880e-06,6.886289430594507289e-05,2.732410416267870599e-13,1.670265516629763107e-08,5.479088376299295515e-14,3.673509514076468485e-11,1.221347185266061712e-09,2.889790238896745920e-14,2.001698478728094308e-12,5.517100894146220623e-12,3.570118557084867165e-11,7.101599353893673314e-09,1.440984202708355786e-18,9.831215661773851853e-11,2.805433359398042015e-07,8.215587247803519790e-20,3.743536494076416150e-29
2.235000000000000042e-01,1.464768280864299510e-04,7.544407085131436753e-08,5.383447238364556662e-06,2.795385311487527948e-07,5.767535580215924946e-06,1.343756392679399888e-04,1.800020318297209310e-13,3.259241576305270919e-08,4.078697362192388141e-14,2.522262771336090178e-11,1.175016785669748693e-09,2.916738189568807831e-14,1.624091547511594023e-12,4.579962107130402909e-12,2.967519989171260604e-11,1.385759823103330365e-08,2.586761534039917265e-18,9.865669573916108311e-11,5.474383585936020227e-07,6.835025902211464390e-20,3.111754045066036151e-29
2.239999999999999769e-01,2.384928324215756048e-04,8.986913116174052536e-08,5.173561145950033725e-06,2.803466523203743541e-07,5.887003295518073635e-06,2.260616726312573901e-04,1.196939827885657783e-13,5.483041869123080827e-08,3.119748542849984733e-14,1.681410602967631924e-11,1.129206127270198512e-09,2.952519389245381864e-14,1.313252775370467933e-12,3.761572452731267075e-12,2.439611040332066302e-11,2.331273336974808206e-08,4.208123832715401942e-18,9.894190219643593962e-11,9.209617998149434982e-07,5.628318147723916203e-20,2.558285479877740161e-29
2.244999999999999774e-01,3.589277781196313784e-04,1.078555225604093026e-07,4.966528646205211257e-06,2.809950143123952341e-07,6.004272827411380241e-06,3.460375563105125155e-04,8.242483793063536322e-14,8.393002236182993427e-08,2.479595139931048733e-14,1.082625732046733300e-11,1.084018293735648747e-09,2.983875294308749057e-14,1.060821198121465764e-12,3.055215761156915926e-12,1.982636803094242082e-11,3.568527437024856301e-08,6.342962992861783741e-18,9.917072543333001859e-11,1.409736407149926379e-06,4.586994100030442048e-20,2.079198833880005909e-29
2.249999999999999778e-01,5.097306942002172896e-04,1.297363238469075846e-07,4.762957204615583891e-06,2.815148666943499184e-07,6.125930793662804421e-06,4.962362186277611284e-04,6.081264379100359571e-14,1.203600463912931518e-07,2.066506290860513225e-14,6.685086958782510181e-12,1.039585885385667477e-09,2.997527089957480229e-14,8.593099199483533296e-13,2.452797408915386492e-12,1.591892652138795583e-11,5.117455382776997520e-08,9.025812716234716099e-18,9.935419423560055701e-11,2.021636815754899139e-06,3.700385550842889557e-20,1.669566820678969580e-29
2.254999999999999782e-01,6.926234832295976793e-04,1.561296349950883556e-07,4.563362166227355061e-06,2.819466001941738940e-07,6.257107777155725664e-06,6.783657092395844893e-04,4.950290794352275694e-14,1.645347677277419215e-07,1.837308023311435730e-14,3.918708523961511422e-12,9.960214004381634343e-10,2.984851286195542823e-14,7.020159849061229332e-13,1.945303550413529147e-12,1.261982426597129967e-11,6.995671386014430278e-08,1.228712035757064269e-17,9.950656354180194469e-11,2.763621518299805638e-06,2.956216620781485911e-20,1.323736967547510462e-29
2.259999999999999787e-01,9.090550367005878572e-04,1.878268883882165566e-07,4.367976444700509839e-06,2.823214738565192920e-07,6.398626821832855117e-06,8.938666742921760194e-04,4.475567400964374198e-14,2.168036063737718041e-07,1.797945697800670255e-14,2.147898061095041665e-12,9.533756912497568932e-10,2.945298060483601070e-14,5.828418667505220363e-13,1.523223141874998892e-12,9.870655178363495610e-12,9.218032066255098948e-08,1.615249495949388328e-17,9.963886547354905061e-11,3.641559621218209194e-06,2.341168728404561705e-20,1.035590195939896933e-29
2.264999999999999791e-01,1.160155888289971264e-03,2.255504122848107691e-07,4.176682312093960059e-06,2.826468222896059306e-07,6.545722951567768510e-06,1.143868808095218487e-03,4.408806643683826362e-14,2.774405628640559292e-07,1.981124375278155960e-14,1.075236447412221536e-12,9.116230713688036172e-10,2.887138486444447477e-14,4.961151618382278883e-13,1.176905406627544997e-12,7.610849089840372951e-12,1.179618735354907852e-07,2.064193562560185855e-17,9.975368858288600271e-11,4.660053431460125046e-06,1.841401596348888408e-20,7.987795510095972067e-30
2.269999999999999796e-01,1.446695176244806522e-03,2.696698271187483677e-07,3.989095335820001768e-06,2.829012437108500419e-07,6.689133474461684757e-06,1.429147122946307835e-03,4.595863105096134309e-14,3.466336116253195825e-07,2.407139284857056386e-14,4.736087057998006900e-13,8.706796333235064860e-10,2.825061714450857875e-14,4.364967053645946621e-13,8.968392092347949980e-13,5.779701193202247887e-12,1.473812951884712094e-07,2.576905506782084481e-17,9.984347959055197531e-11,5.822260302508275171e-06,1.443016454331151128e-20,6.069427627247909114e-30
2.274999999999999800e-01,1.769041233918555158e-03,3.200019134517524868e-07,3.804764427426162819e-06,2.830420490982122990e-07,6.818387405306229265e-06,1.750079430757218828e-03,4.948643217934377596e-14,4.244743882389455304e-07,3.044940455523528536e-14,1.747100871476100223e-13,8.304469127566444789e-10,2.775325036555419631e-14,3.990305418976327974e-13,6.738571873945254958e-13,4.318108691813025650e-12,1.804775470378038028e-07,3.154032324754297854e-17,9.989317239527193853e-11,7.129719417265161259e-06,1.132451934890556455e-20,4.538842531307877754e-30
2.279999999999999805e-01,2.127126338902761774e-03,3.758008633332161678e-07,3.623403157649549569e-06,2.830221067273639394e-07,6.926127663320627098e-06,2.106606706707286891e-03,5.420695287140381079e-14,5.109485757151401484e-07,3.794330792518533856e-14,5.807672663871924286e-14,7.908623796553996075e-10,2.750126788223009250e-14,3.793238899835579549e-13,4.992809838798246961e-13,3.169989814228533435e-12,2.172445417271884394e-07,3.795436112958384304e-17,9.988613296350117319e-11,8.582190312128679739e-06,8.968070992976155854e-21,3.337239688459977321e-30
2.284999999999999809e-01,2.520415329945296153e-03,4.359760355564583281e-07,3.445055688332328759e-06,2.828092794167535055e-07,7.011712944342367835e-06,2.498197856844168278e-03,5.987399207802439144e-14,6.059273589245401925e-07,4.503701516766554205e-14,4.102355338095994824e-14,7.519356599715683472e-10,2.753233043809403688e-14,3.737778119835787319e-13,3.650300526026377060e-13,2.283375383769440149e-12,2.576275097987597205e-07,4.500131198135160381e-17,9.981101925157006727e-11,1.017750934238240125e-05,7.240894823109420532e-21,2.410119800292763838e-30
2.289999999999999813e-01,2.947877289712958274e-03,4.994770283657522565e-07,3.270129322732279143e-06,2.824005223814226173e-07,7.082458188414368416e-06,2.923819860612004648e-03,6.631844757302453247e-14,7.091601827095943380e-07,5.022404235917776466e-14,6.974230164680437041e-14,7.137556440201251154e-10,2.778483969587439525e-14,3.797501973961942508e-13,2.637135791599822661e-13,1.611176464136950431e-12,3.015199206273834772e-07,5.266230777735919790e-17,9.966675671002925011e-11,1.191146804455997255e-05,6.033890690893352289e-21,1.708091772557567208e-30
2.294999999999999818e-01,3.407959538865347644e-03,5.657012247652998096e-07,3.099281383745675327e-06,2.818248153127010735e-07,7.151699075912341513e-06,3.381913510326082888e-03,7.336985612120675654e-14,8.202688675395056104e-07,5.268991302418895923e-14,1.116946171175033407e-13,6.764657975931481741e-10,2.811774150908097285e-14,3.955431538945212685e-13,1.887148232868608565e-13,1.111643739866586789e-12,3.487609805037201860e-07,6.090903480654244006e-17,9.946357308471391818e-11,1.377771430028023918e-05,5.249818466713856080e-21,1.187356690470711451e-30
2.299999999999999822e-01,3.898563839527134731e-03,6.347465918081667988e-07,2.933207046390512335e-06,2.811335554573067438e-07,7.234120044362104239e-06,3.870374339946667380e-03,8.083637515778050078e-14,9.387429838420583973e-07,5.284633950390615171e-14,1.493342368462083673e-13,6.402178523083422373e-10,2.835830684684328363e-14,4.201684506297696274e-13,1.342642090753567836e-13,7.485455135757289094e-13,3.991336658321743564e-07,6.970339125745001164e-17,9.921960786809624229e-11,1.576767464089227059e-05,4.803690962693533034e-21,8.098966388815352978e-31
2.304999999999999827e-01,4.417025771984621832e-03,7.073738119926766307e-07,2.772412882434046635e-06,2.803820242515104029e-07,7.339975734500668776e-06,4.386538127322881994e-03,8.852734150329329062e-14,1.063936335640596489e-06,5.241963241253775975e-14,1.751110863441174765e-13,6.051223757517990304e-10,2.836086931160990873e-14,4.529360885354433750e-13,9.548729252311110994e-14,4.911012664860570727e-13,4.523632279560746899e-07,7.899722583174726275e-17,9.895437137094073285e-11,1.787049518419457929e-05,4.622608811987613133e-21,5.434068440779544235e-31
2.309999999999999831e-01,4.960099350454653076e-03,7.846483197014899413e-07,2.617063839987047612e-06,2.796090649030906397e-07,7.470458279565148691e-06,4.927170718994858256e-03,9.629425514420312646e-14,1.195064492622759532e-06,5.395106452399344491e-14,1.876501523021182383e-13,5.712153699565191176e-10,2.805558155504932938e-14,4.929954371704860712e-13,6.841065162095732525e-14,3.137158420385658612e-13,5.081161437632788169e-07,8.873215304802432947e-17,9.868157239338771701e-11,2.007300018114742740e-05,4.645140711561999056e-21,3.610182298334630016e-31
2.314999999999999836e-01,5.523949652073637494e-03,8.673664446561779834e-07,2.466959678652970823e-06,2.788227981278211792e-07,7.616210033092642851e-06,5.488462781373003134e-03,1.040646186302813365e-13,1.331203517073375084e-06,5.981805143064084214e-14,1.889587809238821127e-13,5.384531272745966548e-10,2.747011500830439562e-14,5.389975664778456619e-13,4.991419183930095081e-14,1.955643936315696261e-13,5.659995743676381361e-07,9.883945634248718064e-17,9.840407692747107073e-11,2.235967063257284136e-05,4.820364739801664501e-21,2.408629196236198516e-31
2.319999999999999840e-01,6.104156228921054327e-03,9.554762279631694776e-07,2.321644814705527698e-06,2.779978321881761497e-07,7.759884995437815145e-06,6.066031117624033284e-03,1.118496171685109484e-13,1.471290283265445523e-06,7.112890171764158147e-14,1.824958116321904365e-13,5.067362076079741191e-10,2.671731107635137638e-14,5.890187616322670810e-13,3.763032081758078007e-14,1.200793557054323396e-13,6.255615009359678991e-07,1.092401087714593154e-16,9.811292351146924243e-11,2.471264965436574740e-05,5.106689835444155004e-21,1.655364856465616383e-31
2.324999999999999845e-01,6.695729283505165615e-03,1.047733623745991908e-06,2.180604638149348023e-06,2.770849722621188721e-07,7.882104670526437427e-06,6.654928979453612024e-03,1.197191947453616508e-13,1.614124978491143276e-06,8.696553408511520462e-14,1.719317588778721373e-13,4.759522914710562037e-10,2.595419752925371158e-14,6.407931000961012934e-13,2.980429738868522213e-14,7.438750611942589859e-14,6.862917881647974206e-07,1.198449553736489831e-16,9.779074993573470880e-11,2.711178448749620241e-05,5.470569830283716607e-21,1.215074675592631884e-31
2.329999999999999849e-01,7.293139238479106820e-03,1.141766937071669197e-06,2.043471378443956798e-06,2.760296715528953979e-07,7.968735395081766846e-06,7.249667973868326697e-03,1.277522959122711463e-13,1.758376416379170880e-06,1.043729802508276975e-13,1.604374757745773251e-13,4.460211173505437051e-10,2.532782459448131350e-14,6.921787139560990468e-13,2.514042478650089220e-14,4.873817575243312260e-14,7.476244435153529410e-07,1.305551043177723709e-16,9.741830514365019686e-11,2.953471574523378463e-05,5.885206473846411144e-21,9.851736678553294007e-32
2.334999999999999853e-01,7.890358882310223240e-03,1.234574077793751494e-06,1.910163755237921671e-06,2.747922343788972049e-07,8.016720897514603578e-06,7.844253562248269460e-03,1.359807373886516535e-13,1.902590646963607504e-06,1.192266539964436353e-13,1.503555203946262681e-13,4.169249643463420631e-10,2.492740231163856183e-14,7.416771537917071684e-13,2.266161901202249915e-14,3.595411057126337404e-14,8.089412781457939776e-07,1.412625630510582765e-16,9.698157945114886634e-11,3.195702203445042848e-05,6.329315475137596556e-21,8.900431192531709593e-32
2.339999999999999858e-01,8.480916261963029196e-03,1.323302102390033790e-06,1.780914337282546249e-06,2.733622766464489857e-07,8.036068470742355129e-06,8.432234925101044637e-03,1.443483839413111963e-13,2.045203051109451135e-06,1.277413547418142910e-13,1.431301775874762567e-13,3.887146212077171942e-10,2.475898907907357969e-14,7.887847279683451999e-13,2.160412076633157153e-14,3.092615259024366391e-14,8.695770492617264814e-07,1.518511335297764476e-16,9.647690803861183253e-11,3.435242310157672250e-05,6.786004842183496960e-21,8.757272996061094942e-32
2.344999999999999862e-01,9.057956333131318358e-03,1.406027005780408922e-06,1.656183271517347718e-06,2.717622823042145952e-07,8.046936178526336675e-06,9.006768547006223369e-03,1.527018453628846097e-13,2.184553762757322839e-06,1.280700624598540878e-13,1.393957321790855142e-13,3.614905493516334289e-10,2.475003400250466694e-14,8.340026410338192656e-13,2.135687743561597229e-14,3.016350823465256481e-14,9.288260173024307222e-07,1.621975549535891922e-16,9.591222611745482654e-11,3.669303887353107178e-05,7.241792033679635588e-21,9.052146959003991971e-32
2.349999999999999867e-01,9.614310182325083026e-03,1.482223002458261108e-06,1.536498635591654048e-06,2.700392872587410988e-07,8.072626515692398773e-06,9.560693809670398752e-03,1.608169143589256061e-13,2.318906003739797527e-06,1.213227681841375670e-13,1.391458894707659042e-13,3.353680273844311874e-10,2.478002992652556201e-14,8.784578929769683861e-13,2.144089612056015523e-14,3.140414981655038516e-14,9.859497414127795612e-07,1.721728631244496930e-16,9.530413395508961646e-11,3.894969741882869777e-05,7.685768932694918127e-21,9.543521107455222793e-32
2.354999999999999871e-01,1.014257215024941781e-02,1.552706574410350933e-06,1.422286674792739476e-06,2.682481256727909224e-07,8.130949091895167962e-06,1.008661861670715962e-02,1.684511111797563964e-13,2.446466851797223944e-06,1.114935460556814809e-13,1.419287294636289298e-13,3.104400880809179760e-10,2.472459499822255792e-14,9.232442967679844862e-13,2.151271298082987094e-14,3.328530059230588915e-14,1.040185909417366202e-06,1.816439307381694299e-16,9.467198403585207827e-11,4.109228377737897473e-05,8.108912831824010452e-21,1.008391432203574010e-31
2.359999999999999876e-01,1.063518686013078911e-02,1.619033472808207665e-06,1.313752684114851226e-06,2.664326263520223210e-07,8.227199293807521886e-06,1.057701376716149375e-02,1.754024439617673365e-13,2.565410130586841515e-06,1.041834920073796928e-13,1.470304382528068374e-13,2.867515135991616652e-10,2.449662094525673783e-14,9.687199889659600656e-13,2.137170948893264085e-14,3.507165054022221122e-14,1.090758070032807222e-06,1.904751654045559001e-16,9.403124475271423831e-11,4.309012443236926387e-05,8.503536860808756095e-21,1.059144444539062540e-31
2.364999999999999880e-01,1.108454932685218330e-02,1.682546071281972110e-06,1.210848756120789817e-06,2.646116092087715442e-07,8.351549889664027692e-06,1.102431621558775526e-02,1.815519345329394193e-13,2.673901455077136556e-06,1.045039505422187769e-13,1.536268811094613775e-13,2.642917975195086603e-10,2.407066458115146132e-14,1.014038909818965834e-12,2.095430162356573356e-14,3.643807241191227973e-14,1.136886281568250019e-06,1.985303678261234320e-16,9.338855817671151970e-11,4.491240798576961850e-05,8.862872434146535371e-21,1.102711637540471548e-31
2.369999999999999885e-01,1.148312147141558603e-02,1.743426403764444128e-06,1.113329524003564683e-06,2.627744503235642686e-07,8.482079115993105699e-06,1.142104295077084157e-02,1.868737112378990021e-13,2.770125852408558432e-06,1.149356587224839521e-13,1.608946789211159603e-13,2.430073208793166952e-10,2.348405962810359189e-14,1.057124391857330943e-12,2.030708857699984943e-14,3.730316561105941404e-14,1.177798855753193715e-06,2.056747813469275605e-16,9.274017484450400219e-11,4.652864909387094346e-05,9.180776630096043604e-21,1.137746189849424948e-31
2.374999999999999889e-01,1.182356732196814322e-02,1.800137217649018813e-06,1.020865626000804335e-06,2.608872624134625329e-07,8.592526133532525520e-06,1.175991831785738219e-02,1.914091757938832028e-13,2.852318643339646409e-06,1.340253295089498694e-13,1.680827286207557725e-13,2.228261323883325896e-10,2.281715299821699041e-14,1.095132558986639473e-12,1.954193896562295239e-14,3.770922640776107693e-14,1.212745487984150844e-06,2.117773838212395282e-16,9.207413501173797808e-11,4.790920717064428531e-05,9.451556714506023559e-21,1.164206556277398198e-31
2.379999999999999893e-01,1.209890722441166709e-02,1.849507982721906045e-06,9.331681060798211516e-07,2.589068433681285820e-07,8.661987882330342124e-06,1.203401767282152521e-02,1.952159645609479530e-13,2.918800284977927578e-06,1.565457765955950095e-13,1.745510600882244209e-13,2.036851169288982318e-10,2.216214683637925663e-14,1.125260385556080137e-12,1.878442978480405313e-14,3.774300250635834285e-14,1.241012071870868999e-06,2.167134739276348515e-16,9.137519146950301907e-11,4.902587162800649181e-05,9.669901322890549685e-21,1.182538021112003994e-31
2.384999999999999898e-01,1.230268916002728689e-02,1.887484426385435327e-06,8.500795610845624705e-07,2.567969263259358324e-07,8.682902915494354688e-06,1.223692914437031834e-02,1.983125359897111212e-13,2.968015605360087221e-06,1.752001768615272067e-13,1.797867004720902597e-13,1.855499020575558506e-10,2.159281117608788228e-14,1.145604685909654967e-12,1.813006830464641389e-14,3.749011026225134163e-14,1.261937381087347849e-06,2.203675839619496301e-16,9.063054463846224321e-11,4.985252088445024708e-05,9.830903581687821534e-21,1.193208049099821990e-31
2.389999999999999902e-01,1.242917356747434525e-02,1.910297453226401026e-06,7.716060106315434682e-07,2.545408050940942002e-07,8.664194573648394080e-06,1.236293330526141293e-02,2.006411711708464096e-13,2.998577381880120996e-06,1.833178978610569142e-13,1.834062345668343066e-13,1.684218182388919850e-10,2.114526871250525656e-14,1.155738205307431585e-12,1.761970697206176278e-14,3.701483487840253015e-14,1.274931598061431827e-06,2.226367155295839253e-16,8.983429842547875392e-11,5.036585433516711460e-05,9.930157202734706164e-21,1.196508167327312789e-31
2.394999999999999907e-01,1.247352753155437505e-02,1.915625231522025208e-06,6.978882796304007390e-07,2.521461342510170987e-07,8.628217907584769189e-06,1.240719841298975300e-02,2.020651109925023320e-13,3.009313696025160960e-06,1.775278563743255654e-13,1.851527188355832323e-13,1.523316470491692762e-10,2.081451727360221435e-14,1.156761536398200361e-12,1.723828827398520048e-14,3.635673980825601237e-14,1.279496448168159779e-06,2.234338558865148447e-16,8.898915431485421297e-11,5.054618775049543513e-05,9.963904116902997896e-21,1.192532134747790964e-31
2.399999999999999911e-01,1.243202505839753440e-02,1.903300086633383654e-06,6.291329994130304134e-07,2.496408281703928434e-07,8.602521549790595500e-06,1.236598737462100278e-02,2.024021901279461180e-13,2.999318131791991095e-06,1.593161950739264717e-13,1.848914737567052069e-13,1.373245474166413281e-10,2.056491394042113339e-14,1.150786054714799769e-12,1.693280034307137086e-14,3.553633500413184164e-14,1.275246542906744261e-06,2.226917054981459543e-16,8.810496402811189561e-11,5.037829643766182983e-05,9.929212771166417760e-21,1.181248950498766602e-31
2.404999999999999916e-01,1.230225210510408479e-02,1.875268874498272241e-06,5.655338659247014748e-07,2.470622599444085221e-07,8.609484566613178616e-06,1.223687232044089190e-02,2.014829296107003551e-13,2.968001819627423703e-06,1.347455033450169017e-13,1.826060567321648733e-13,1.234428516222757353e-10,2.034810957458376238e-14,1.140030015319092463e-12,1.663941795060559400e-14,3.456383909012428164e-14,1.261931507717570935e-06,2.203665425028217562e-16,8.719491753557986540e-11,4.985228940046260203e-05,9.824169959113711761e-21,1.162608155941194261e-31
2.409999999999999920e-01,1.208331732662446326e-02,1.834798986606978430e-06,5.072114917524620983e-07,2.444441792644827580e-07,8.657797898505847369e-06,1.201895376802123751e-02,1.992113569021275983e-13,2.915146593778295142e-06,1.123155076624763913e-13,1.783932604307822778e-13,1.107129216756209854e-10,2.012049457685670765e-14,1.125876583482569652e-12,1.630831139733049773e-14,3.344732126707142953e-14,1.239458583230044147e-06,2.164421695728233164e-16,8.627092602396358505e-11,4.896450220034966592e-05,9.648074998336300306e-21,1.136638645139011305e-31
2.414999999999999925e-01,1.177607121987042996e-02,1.785224353429043796e-06,4.541881959915345806e-07,2.418062021433080283e-07,8.739132156815358226e-06,1.171308340365668187e-02,1.956057589950948492e-13,2.840959027023324019e-06,9.971206516376531439e-14,1.724547911188303861e-13,9.913963833376707089e-11,1.985414736799563526e-14,1.108277103648484606e-12,1.591761394779807346e-14,3.219860028411410899e-14,1.207915599647579402e-06,2.109339256076414028e-16,8.533991253334760287e-11,4.771840455491753295e-05,9.401631475793094640e-21,1.103524222631008585e-31
2.419999999999999929e-01,1.138333673407617916e-02,1.728724884125311450e-06,4.063986379810836057e-07,2.391493656975541249e-07,8.831368749791095615e-06,1.132209167012369899e-02,1.908046471083149770e-13,2.746125631147041287e-06,1.007050060583884650e-13,1.650834173441935676e-13,8.870872297019146357e-11,1.953922754119249720e-14,1.085763447502200491e-12,1.547381112835839887e-14,3.083671473394812344e-14,1.167594446898329285e-06,2.038927837554576726e-16,8.440224311544249895e-11,4.612552751746291506e-05,9.087136863737226687e-21,1.063654216029924868e-31
2.424999999999999933e-01,1.091015320616414534e-02,1.665641907391343688e-06,3.637246867132723451e-07,2.364587396531085850e-07,8.907210730289073490e-06,1.085102269995473490e-02,1.850372586003061484e-13,2.631869839022944131e-06,1.134800512723954217e-13,1.566425104783497200e-13,7.939435776581997794e-11,1.917972558161987436e-14,1.056099973332125498e-12,1.500168365803648633e-14,2.938938091315102693e-14,1.119015302380215331e-06,1.954095816716463566e-16,8.345264849835055721e-11,4.420642058192744938e-05,8.708672891629623265e-21,1.017653677922629428e-31
2.429999999999999938e-01,1.036403301426876492e-02,1.594637491279376766e-06,3.260373077086310973e-07,2.337114570162263563e-07,8.944837704775970139e-06,1.030737902328757172e-02,1.785723322100622486e-13,2.500011357473263781e-06,1.311783107026796474e-13,1.475394797009352205e-13,7.116834232315830517e-11,1.878674649955346693e-14,1.017347858124335203e-12,1.453049552433335629e-14,2.789279448546291558e-14,1.062951866734832546e-06,1.856194279671011094e-16,8.248305832132860042e-11,4.199164860877097251e-05,8.272299482968946069e-21,9.663969448960501649e-32
2.434999999999999942e-01,9.755227480060702991e-03,1.513676102870499923e-06,2.932300460321088426e-07,2.308867384453061288e-07,8.936398807953133263e-06,9.701376823900421248e-03,1.716678360810803107e-13,2.353028078557082727e-06,1.445449839190507233e-13,1.381951029501022240e-13,6.400741558401981547e-11,1.837334223937932668e-14,9.689369183902428217e-13,1.408321179164577605e-14,2.638981896993988360e-14,1.000457687352466000e-06,1.747062989300098335e-16,8.148613900182917603e-11,3.952283172314899015e-05,7.786253151863731482e-21,9.110048996304442321e-32
2.439999999999999947e-01,9.096996352979959052e-03,1.421471269030047151e-06,2.652354478348622610e-07,2.279741077107373172e-07,8.890934721637213495e-06,9.046209863674105692e-03,1.645441094428528400e-13,2.194120093371932831e-06,1.456992318833896592e-13,1.290118387424076329e-13,5.789684876894615845e-11,1.795280617229330053e-14,9.123198950896509435e-13,1.367261590347492681e-14,2.492646932365773568e-14,9.328933756974182337e-07,1.629077916988343651e-16,8.045819319128909337e-11,3.685372052724039183e-05,7.261148389883745545e-21,8.528247800494857411e-32
2.444999999999999951e-01,8.405874530794780336e-03,1.318835667209062000e-06,2.420237450793077200e-07,2.249770270592067118e-07,8.830508958600177984e-06,8.358317534766103452e-03,1.573934727466025275e-13,2.027274707037845746e-06,1.315053871961340611e-13,1.203448062225992564e-13,5.283015954992507238e-11,1.753964991026580368e-14,8.509380515357200713e-13,1.330399597753423140e-14,2.354688863215417221e-14,8.619542501726420673e-07,1.505199520027421073e-16,7.940044279458963344e-11,3.405128812819201698e-05,6.710179096593181456e-21,7.933944020319779889e-32
2.449999999999999956e-01,7.701930804773001772e-03,1.209391364182022963e-06,2.235890959593918992e-07,2.219111049854386745e-07,8.781062337064715590e-06,7.657650879917854946e-03,1.504244859458156479e-13,1.857330960868328266e-06,1.051030039643468857e-13,1.124793739419526893e-13,4.880610323091634396e-11,1.715068670765519855e-14,7.895000963199906611e-13,1.298069786190154850e-14,2.228767974000037565e-14,7.896977693487237729e-07,1.379020653292796191e-16,7.831839644825206796e-11,3.119681388817476875e-05,6.149317250189839165e-21,7.343996701407210850e-32
2.454999999999999960e-01,7.009015948939431757e-03,1.099341255451539337e-06,2.099310909744408749e-07,2.187980573652564290e-07,8.761685870044515071e-06,6.967930521977029092e-03,1.439247087989256518e-13,1.690042192135570451e-06,7.484987711931285903e-14,1.056193610428453617e-13,4.582462687919283576e-11,1.680364681851526102e-14,7.328616034862404221e-13,1.270782735136942638e-14,2.117317826197566916e-14,7.185701308043344962e-07,1.254813021725191685e-16,7.721971824682916777e-11,2.838693421321604208e-05,5.597507634255216998e-21,6.776419174614223111e-32
2.459999999999999964e-01,6.355000405361059361e-03,9.963827789658181987e-07,2.010384152295665486e-07,2.156579955304234066e-07,8.776727878453411530e-06,6.316892266946505866e-03,1.383179486350549161e-13,1.532135604053271697e-06,5.099430956406203354e-14,9.988973671129389216e-14,4.388329457903309429e-11,1.651245540167238211e-14,6.849710706952968322e-13,1.249101766701810303e-14,2.021362137442731088e-14,6.514315988601316538e-07,1.137571409266145780e-16,7.611150600206708517e-11,2.573464312515593168e-05,5.076859622850333736e-21,6.250355097034731312e-32
2.464999999999999969e-01,5.772003944425624887e-03,9.082087252485832439e-07,1.968789507234417640e-07,2.125029439145183241e-07,8.814069383942521119e-06,5.736518979648667221e-03,1.341939487485988863e-13,1.391368506176732185e-06,4.139121530984044634e-14,9.535717558092038365e-14,4.297512225948187123e-11,1.628072009902025763e-14,6.483411354403704512e-13,1.233046462151128824e-14,1.940786564796521568e-14,5.915804168040461122e-07,1.033055431890752371e-16,7.499800344961305606e-11,2.337023690961624806e-05,4.612838533669421261e-21,5.786529532082192044e-32
2.469999999999999973e-01,5.296620061009843158e-03,8.412338220646425537e-07,1.973977582113324712e-07,2.093337601704490917e-07,8.850404698979624833e-06,5.263260008050506950e-03,1.322996792144996258e-13,1.276581534727883701e-06,4.807669097158064028e-14,9.207048532803895982e-14,4.308813761262264775e-11,1.609673651624089750e-14,6.243024578401721103e-13,1.221361783311740105e-14,1.875129317890202204e-14,5.427754352182984473e-07,9.478290460866417817e-17,7.387951327748883013e-11,2.144220803840687399e-05,4.234458872627879025e-21,5.408239978736575037e-32
2.474999999999999978e-01,4.970136230179823984e-03,8.001187225464388646e-07,2.025221879513823592e-07,2.061412252677022897e-07,8.861437344550247345e-06,4.938240786490031946e-03,1.334974142777072713e-13,1.197749490832197739e-06,6.626417175739099697e-14,9.012040204180679012e-14,4.420649999933152568e-11,1.593338085309472344e-14,6.139773503555755417e-13,1.211134573036615516e-14,1.824808737628971417e-14,5.092577276108913935e-07,8.892982890808484481e-17,7.275278185023923208e-11,2.011809908150989952e-05,3.974479592484314086e-21,5.142797838389368008e-32
2.479999999999999982e-01,4.838748033058593544e-03,7.883486677879445347e-07,2.121719185741118337e-07,2.029105645824729426e-07,8.832748282943426738e-06,4.807464608323702183e-03,1.387090709188531917e-13,1.166030279508651516e-06,8.637341446360652952e-14,8.971449576926452315e-14,4.631269694259661781e-11,1.575442855640090116e-14,6.195989370199439321e-13,1.198128352654041329e-14,1.792564367152971732e-14,4.957713985374166638e-07,8.657476119512831479e-17,7.161259482064828667e-11,1.958532471752075850e-05,3.869597821366705603e-21,5.023181094444761622e-32
2.484999999999999987e-01,4.953761763433651467e-03,8.096813827015186876e-07,2.262706995798437842e-07,1.996275868509365776e-07,8.766647032495321562e-06,4.922006060724674892e-03,1.488728083299499973e-13,1.193811826423822703e-06,9.840958509362569725e-14,9.125841727342177256e-14,4.939011015016637069e-11,1.552589341165920534e-14,6.456318852712658687e-13,1.177887556622038145e-14,1.784801430408106648e-14,5.075835318012952793e-07,8.863747158427987849e-17,7.045394372749088066e-11,2.005195977565560681e-05,3.960633619082265722e-21,5.089568005995939842e-32
2.489999999999999991e-01,5.371777824821477067e-03,8.698885425275993208e-07,2.447558408943046649e-07,1.962842932662228689e-07,8.681840395575274002e-06,5.338192195739312196e-03,1.649336294622996088e-13,1.294756020227637348e-06,9.690977383774198057e-14,9.543048425600070374e-14,5.342508570700327947e-11,1.522831449004515511e-14,6.992033845760243004e-13,1.147279995010737638e-14,1.812529288365467839e-14,5.505028738017084314e-07,9.613231839977952896e-17,6.927400559237618232e-11,2.174747731538022433e-05,4.292695645279110338e-21,5.390423645479940222e-32
2.494999999999999996e-01,6.154847051986958757e-03,9.780478067085576536e-07,2.675814099921084561e-07,1.928822197658411003e-07,8.605701053873593301e-06,6.117764568488229943e-03,1.878760304492969262e-13,1.483838014387730735e-06,8.426571920786705527e-14,1.032340450792913534e-13,5.840762748976927404e-11,1.486487670207246546e-14,7.896198833302129835e-13,1.105881617407862782e-14,1.891672940329266927e-14,6.308965436362222470e-07,1.101711670378729659e-16,6.807332249921068149e-11,2.492340875946810535e-05,4.915317288517153477e-21,5.982906592112999699e-32
2.500000000000000000e-01,7.370594257929512227e-03,1.146785099676092193e-06,2.947123219210979568e-07,1.894326825963131114e-07,8.562117333010078662e-06,7.328014101725848981e-03,2.187889328907266882e-13,1.777378938219121663e-06,7.075478261211485114e-14,1.160125106101300328e-13,6.433010253724839871e-11,1.446148485161274563e-14,9.271265965361215746e-13,1.056592063584033823e-14,2.042681992788144550e-14,7.557039408027064649e-07,1.319658193527506870e-16,6.685588825840733974e-11,2.985389332317708259e-05,5.882555144161763682e-21,6.932518754223459630e-32
2.505000000000000004e-01,9.092307080947078027e-03,1.391280706984510439e-06,3.261094118964958406e-07,1.859541279696911625e-07,8.560014494909580032e-06,9.041881977203042320e-03,2.589384702788146859e-13,2.193070367837730823e-06,7.092298761822058616e-14,1.354162045480290111e-13,7.118398200467201114e-11,1.405803179009156768e-14,1.121407900750144333e-12,1.005125396030990268e-14,2.289514406404248219e-14,9.324471493952643211e-07,1.628298308021295518e-16,6.562821302917360646e-11,3.683608903899297316e-05,7.253046152483796392e-21,8.312084222506771147e-32
2.510000000000000009e-01,1.139899213346786365e-02,1.727380453378977895e-06,3.617096550681859870e-07,1.824675973762054587e-07,8.587695847082346670e-06,1.133802307615731225e-02,3.098189798998947310e-13,2.749989713473884640e-06,9.756448729098547775e-14,1.633180999588360198e-13,7.895552968584442500e-11,1.369381448470746191e-14,1.380478507895250663e-12,9.584494006628203915e-15,2.658185553005162386e-14,1.169237480266855160e-06,2.041796525650527835e-16,6.439772290805883865e-11,4.619043120940813602e-05,9.090024904312186991e-21,1.020026259181596260e-31
2.515000000000000013e-01,1.437540291525965519e-02,2.169576675642126927e-06,4.014094006244924970e-07,1.789917082246008893e-07,8.616001523319368570e-06,1.430083265666134973e-02,3.731594746644530002e-13,3.468606689908801278e-06,1.557579247047425135e-13,2.016858478976688747e-13,8.762215533066049997e-11,1.339271863345319431e-14,1.710498309861233127e-12,9.226715397832066870e-15,3.175120360962949397e-14,1.474778222152765393e-06,2.575351110944022968e-16,6.317098846500987108e-11,5.826074108955880764e-05,1.146130702479483829e-20,1.267985009073359403e-31
2.520000000000000018e-01,1.811204382211047473e-02,2.729751954866246715e-06,4.450597572337345677e-07,1.755384902570649412e-07,8.609685648564286944e-06,1.802044027704462897e-02,4.508797618493438474e-13,4.370781842452235686e-06,2.396794013894698126e-13,2.524281327162339767e-13,9.715142348526389981e-11,1.315416625721054249e-14,2.116686703080233652e-12,9.011102578448048265e-15,3.865531142839397655e-14,1.858364015208316615e-06,3.245192976087166921e-16,6.195225530589779426e-11,7.341420113277005157e-05,1.443924689482090085e-20,1.583610204989081077e-31
2.525000000000000022e-01,2.270515173081816274e-02,3.417330829820290216e-06,4.924805598602773029e-07,1.721110284395850533e-07,8.542790257849654825e-06,2.259267599303018889e-02,5.450108440714014708e-13,5.479758347941469736e-06,3.339992560342357284e-13,3.172417822116774716e-13,1.075041148755418308e-10,1.295362860110441244e-14,2.605047898102561262e-12,8.932422945634876406e-15,4.751994860787323460e-14,2.329877365364941895e-06,4.068579584886307506e-16,6.074261218849773437e-11,9.204121728085398941e-05,1.810067774036450589e-20,1.975525401623696108e-31
2.530000000000000027e-01,2.825665207941832624e-02,4.240933428636790952e-06,5.434926893141517270e-07,1.687033223033176300e-07,8.411679275040022906e-06,2.811901197618183607e-02,6.576100666077012704e-13,6.820147854277704291e-06,4.198560526397285501e-13,3.974899577117758985e-13,1.186412833425360224e-10,1.275260745614899250e-14,3.184236249027690011e-12,8.948956320063441026e-15,5.853359122888423790e-14,2.899782623979709993e-06,5.063784436395320019e-16,5.953994138251671748e-11,1.145551811217757434e-04,2.252683967451378420e-20,2.452336777783708527e-31
2.535000000000000031e-01,3.487408190467457259e-02,5.210977945524556171e-06,5.979599653125929243e-07,1.653022433828632215e-07,8.239800988749147341e-06,3.470647851381973570e-02,7.907058769366208693e-13,8.417910106377854976e-06,4.833745803017937441e-13,4.941397694100083605e-13,1.305333872820729680e-10,1.251402503168225026e-14,3.866760102595080487e-12,8.995930188152327019e-15,7.184093301587125258e-14,3.579117325422829763e-06,6.250081942628264475e-16,5.833960950279232886e-11,1.413921276781119024e-04,2.780329767521405712e-20,3.022561293666976719e-31
2.540000000000000036e-01,4.267046988950982944e-02,6.342203185923737749e-06,6.558249712312556501e-07,1.618910575922265888e-07,8.071208245862324495e-06,4.246754848492206857e-02,9.462975056587119626e-13,1.030032492625676478e-05,5.233094735808595965e-13,6.077796892767337540e-13,1.431680813736125434e-10,1.221665602174605203e-14,4.668922223714726859e-12,9.005307558037686446e-15,8.754221107995622576e-14,4.379480273529695517e-06,7.647726635559542335e-16,5.713571064930640246e-11,1.730102647677315823e-04,3.401984803390028005e-20,3.694611688071163297e-31
2.545000000000000040e-01,5.176416438737991427e-02,7.654997051879398049e-06,7.171216654725279274e-07,1.584537142030584330e-07,7.954354150120954121e-06,5.151998093474907670e-02,1.126414337752865360e-12,1.249595427284406877e-05,5.543243313364189483e-13,7.387243510011094662e-13,1.565529319593011154e-10,1.186262284517395463e-14,5.609370424976832279e-12,8.924692572820840976e-15,1.056999624922872855e-13,5.313015409902562827e-06,9.277925010683456252e-16,5.592258010028669468e-11,2.098893357346581150e-04,4.127040954466711820e-20,4.476854717367856270e-31
2.550000000000000044e-01,6.227860465321317929e-02,9.174796792647180635e-06,7.819534693241162785e-07,1.549789865500581698e-07,7.921952284393346690e-06,6.198661397837715303e-02,1.333215799516922733e-12,1.503459201187704665e-05,6.038425181854298649e-13,8.871989158365455611e-13,1.707105976243881605e-10,1.147493614069662586e-14,6.706708913292921263e-12,8.728935626502408665e-15,1.263546844695770159e-13,6.392390456652389105e-06,1.116279824244498937e-15,5.469625567503484514e-11,2.525297757490805673e-04,4.965289496285106951e-20,5.377758203259873240e-31
2.555000000000000049e-01,7.434203677217365858e-02,1.092955878958859710e-05,8.504376742389755398e-07,1.514635766063821612e-07,7.974947452739454946e-06,7.399510050951048357e-02,1.569094632906580011e-12,1.794719981351739562e-05,7.028973577134993481e-13,1.053579808726978338e-12,1.856666708202487814e-10,1.108634749957870216e-14,7.977066414955413356e-12,8.421306322948484620e-15,1.495499192609046495e-13,7.630769660985036969e-06,1.332533459228705596e-15,5.345557341870011021e-11,3.014516351002258796e-04,5.926905858917134163e-20,6.406133136315052113e-31
2.560000000000000053e-01,8.808718174459449768e-02,1.294610827903013202e-05,9.226313603582662506e-07,1.479134718977795087e-07,8.077771806813291796e-06,8.767758617554295697e-02,1.836742015157690977e-12,2.126582904686405098e-05,8.740331752666882779e-13,1.238655883450013602e-12,2.014335060469805409e-10,1.072453750609911061e-14,9.432632484292522950e-12,8.025428870777817777e-15,1.753653782941801666e-13,9.041780586188623298e-06,1.578933141059581823e-15,5.220264649136392816e-11,3.571932672864638566e-04,7.022431621121661039e-20,7.571457509401552956e-31
2.565000000000000058e-01,1.036508664703793825e-01,1.524674178017441891e-05,9.984646826739043350e-07,1.443431736768790661e-07,8.168140813703237579e-06,1.031703356826587092e-01,2.139144706306076021e-12,2.502353014203209457e-05,1.120970760184602573e-12,1.443866058864279417e-12,2.179956821070275540e-10,1.040023784437007322e-14,1.108187869465764199e-11,7.572725549079436700e-15,2.039541211830732987e-13,1.063947557442162088e-05,1.857932782665085405e-15,5.094259276922506008e-11,4.203098066060613524e-04,8.262753298091005210e-20,8.884241320786355179e-31
2.570000000000000062e-01,1.211736274616474207e-01,1.784750792178998194e-05,1.077709099248588865e-06,1.407728750209230464e-07,8.179006892101409296e-06,1.206133181412272631e-01,2.479508618628129006e-12,2.925425201748377727e-05,1.424637898729377348e-12,1.671467584104137996e-12,2.353031133389893021e-10,1.010356172122245842e-14,1.293155900791023541e-11,7.091453445608152455e-15,2.355771779441365134e-13,1.243828898575691642e-05,2.172053006066474187e-15,4.968253892054185945e-11,4.913714788809961593e-04,9.659077257658380377e-20,1.035636422833021638e-30
2.575000000000000067e-01,1.407992920455609365e-01,2.075906180945876476e-05,1.159998692240446427e-06,1.372241780470118330e-07,8.065079925052929394e-06,1.401497628400052153e-01,2.861131105702407626e-12,3.399273433484910909e-05,1.748114304051323611e-12,1.924594035798228855e-12,2.532757608285672888e-10,9.810138650558475598e-15,1.498985821781639792e-11,6.602076471966867714e-15,2.706272432324682229e-13,1.445299138777462829e-05,2.523873141540177115e-15,4.843010889853288137e-11,5.709617917091465216e-04,1.122289976008982615e-19,1.200129817547814606e-30
2.580000000000000071e-01,1.626745343356760798e-01,2.399003241960116875e-05,1.244904449875109630e-06,1.337153701387811293e-07,7.823694392234145460e-06,1.619256929741124673e-01,3.287265120617149193e-12,3.927439440642256424e-05,2.049674583727559929e-12,2.207173988954946533e-12,2.718198999702649429e-10,9.494214051735872021e-15,1.726951630676739481e-11,6.120352408672421748e-15,3.096330260184165951e-13,1.669864147151005684e-05,2.916022830766357744e-15,4.719175679853958054e-11,6.596756349003696663e-04,1.296597080375960672e-19,1.383412606343841053e-30
2.585000000000000075e-01,1.869483962291567380e-01,2.755180903261141627e-05,1.332040603231962857e-06,1.302574823990810830e-07,7.501043456014267353e-06,1.860894376759262003e-01,3.761023619606606040e-12,4.513520884007319228e-05,2.299670083631037658e-12,2.523699484501462148e-12,2.908513666432792429e-10,9.142644255438559942e-15,1.978963808698076017e-11,5.665626985237320397e-15,3.532380051401626012e-13,1.919053572957605167e-05,3.351173240385473913e-15,4.597137578377889443e-11,7.581172925184588834e-04,1.490025038234745407e-19,1.587128971118690462e-30
2.590000000000000080e-01,2.137717601004839041e-01,3.146295351069745990e-05,1.421167065689421828e-06,1.268522230887237018e-07,7.179755332832337374e-06,2.127911149051609219e-01,4.285359262893766857e-12,5.161158811617176081e-05,2.494876558555644586e-12,2.878856654630595639e-12,3.103179248588083137e-10,8.763164527419161246e-15,2.257528984271981010e-11,5.269097570464731382e-15,4.021516575503631678e-13,2.194415512873772479e-05,3.832027751561605856e-15,4.476956874306535954e-11,8.668983362038340393e-04,1.703785611936642208e-19,1.813004547358522213e-30
2.595000000000000084e-01,2.432967615956193042e-01,3.575139612667808053e-05,1.512249492586140515e-06,1.234924050926845074e-07,6.950803461214533294e-06,2.421820725466669599e-01,4.863126751355258129e-12,5.874024102800526326e-05,2.664166026050108690e-12,3.277056905468732965e-12,3.302123541269733013e-10,8.382749389441519709e-15,2.565477763561551991e-11,4.976412656602082875e-15,4.570770137900842919e-13,2.497510747231531221e-05,4.361311896973516516e-15,4.358379915605475252e-11,9.866353482363707586e-04,1.939100214645013298e-19,2.062766693207848586e-30
2.600000000000000089e-01,2.756761379353750430e-01,4.045325728687991192e-05,1.605450807813067438e-06,1.201647818804891248e-07,6.879210798818335179e-06,2.744142749048887331e-01,5.497203036175197728e-12,6.655802587842064464e-05,2.862109404960266764e-12,3.721932463351280207e-12,3.505705541707082688e-10,8.036315473586952532e-15,2.905541446522857464e-11,4.841105876878754527e-15,5.186244864931624943e-13,2.829906413147262177e-05,4.941762313653824283e-15,4.240939197868578840e-11,1.117947422147956126e-03,2.197193046761205704e-19,2.338049867842174162e-30
2.605000000000000093e-01,3.110625172775868252e-01,4.560835314316424161e-05,1.701051722368830440e-06,1.168544822154906049e-07,6.976327582391101282e-06,3.096396273425873202e-01,6.190616403011771549e-12,7.510178667365866728e-05,3.151551560508693062e-12,4.215880300862811758e-12,3.714541392587347404e-10,7.750516212311550457e-15,3.279926217250007013e-11,4.909185184436061170e-15,5.872269210506797372e-13,3.193169039776173608e-05,5.576114580427568690e-15,4.124109876817656424e-11,1.261453411339940461e-03,2.479283764264091609e-19,2.640301854096793184e-30
2.610000000000000098e-01,3.496076644002689138e-01,5.125375666858909233e-05,1.799324367500203297e-06,1.135497318745152601e-07,7.190063350856976505e-06,3.480092415398620687e-01,6.946628933273177802e-12,8.440817491493341721e-05,3.580723950305932398e-12,4.759748252314938442e-12,3.929228024887434137e-10,7.529927950022847818e-15,3.690048812810144236e-11,5.199196243159549290e-15,6.630734449184726773e-13,3.588856971251597942e-05,6.267089984428127754e-15,4.007476410055544282e-11,1.417768935793264299e-03,2.786580101264025700e-19,2.970709385125784359e-30
2.615000000000000102e-01,3.914617035348180174e-01,5.741768634105043605e-05,1.900402402433545001e-06,1.102454542421497240e-07,7.418499348286972182e-06,3.896726544047161012e-01,7.768731624373938868e-12,9.451346014844721273e-05,4.163271702628046573e-12,5.352751615460202651e-12,4.150059275115711209e-10,7.352301232677489120e-15,4.136549903687620408e-11,5.684683982211626750e-15,7.460790571553215620e-13,4.018512311706479709e-05,7.017381451907820839e-15,3.890859631287278373e-11,1.587503199959562454e-03,3.120270940712815344e-19,3.330161098239509970e-30
2.620000000000000107e-01,4.367723381684111561e-01,6.411608929041957524e-05,2.004194772210714164e-06,1.069447011679816515e-07,7.543751219552232299e-06,4.347770210810317781e-01,8.660543018341601481e-12,1.054533342329307149e-04,4.869370271932928226e-12,5.992684515067943485e-12,4.376837525911602657e-10,7.175877890729200683e-15,4.619603784900327795e-11,6.286169895591772060e-15,8.359027162945449033e-13,4.483652603219230831e-05,7.829639012613534182e-15,3.774367248797447480e-11,1.771255705127580682e-03,3.481520292553255486e-19,3.719261331424450965e-30
2.625000000000000111e-01,4.856840799590845248e-01,7.135346486644510806e-05,2.110376266396210920e-06,1.036575704770408853e-07,7.474908732833692300e-06,4.834663036962902893e-01,9.625639323210288704e-12,1.172627145739927267e-04,5.632657529129675113e-12,6.676447671514097888e-12,4.608853234903558392e-10,6.956531980325767108e-15,5.139429499102923350e-11,6.877440665854494790e-15,9.320193320324043310e-13,4.985762459846529535e-05,8.706455188711181885e-15,3.658355641357813342e-11,1.969612944433103696e-03,3.871462480786924780e-19,4.138400506338705833e-30
2.630000000000000115e-01,5.383374870420234437e-01,7.912797790234529891e-05,2.218460703554284262e-06,1.003980792869840191e-07,7.184494508395174303e-06,5.358804715605738345e-01,1.066737270742804228e-11,1.299755501360514614e-04,6.372038802842743189e-12,7.400856989389294159e-12,4.845045004143879351e-10,6.667913843380108852e-15,5.696822142928289058e-11,7.306901942665852990e-15,1.033841530994501600e-12,5.526285319733735232e-05,9.650350592131811605e-15,3.543319509289751072e-11,2.183145144518923355e-03,4.291198574471422478e-19,4.587877764244764573e-30
2.635000000000000120e-01,5.948684002447546249e-01,8.743926219760011251e-05,2.327931973365991950e-06,9.718010224340452601e-08,6.724116812462984104e-06,5.921547172629899602e-01,1.178874311554231202e-11,1.436246313102015090e-04,7.021538763889426423e-12,8.163633894738922743e-12,5.084286021212230375e-10,6.315908612421641229e-15,6.293499597513735279e-11,7.430332978345433317e-15,1.140876794097560905e-12,6.106615361120768513e-05,1.066375981062143502e-14,3.429748524178139312e-11,2.412403071957372816e-03,4.741793769621071940e-19,5.068060683677433113e-30
2.640000000000000124e-01,6.554071586698945184e-01,9.629613964276499010e-05,2.438386060159299012e-06,9.401373103669448728e-08,6.211778375273384525e-06,6.524186805183342930e-01,1.299237296629012662e-11,1.582414016618673321e-04,7.557554917093485253e-12,8.964420387666019457e-12,5.325694434747532532e-10,5.940530635378138304e-15,6.932113351131050368e-11,7.147950652320912009e-15,1.252896259007989499e-12,6.728089498207000100e-05,1.174901743509136097e-14,3.317998846869856010e-11,2.657914871244408152e-03,5.224275110924154393e-19,5.579557124320677140e-30
2.645000000000000129e-01,7.200777769079925728e-01,1.057212712903369422e-04,2.549632377151792686e-06,9.090318903855238776e-08,5.793446449216535208e-06,7.167956625317331021e-01,1.428059791562654921e-11,1.738557673785193116e-04,8.012798614508140429e-12,9.805622626274396412e-12,5.568854781954472329e-10,5.603289267370146509e-15,7.615887802736134820e-11,6.437174749623679001e-15,1.370084896187411421e-12,7.391979279171393162e-05,1.290834391650475012e-14,3.208219529842050313e-11,2.920182864163088209e-03,5.739628714062908070e-19,6.123367355532344634e-30
2.650000000000000133e-01,7.889970752122569264e-01,1.157506715594930412e-04,2.661717530521068968e-06,8.784683642028929769e-08,5.591362299309557597e-06,7.854018119238095341e-01,1.565564285803240615e-11,1.904958998192987684e-04,8.470270090251406751e-12,1.069287862096613822e-11,5.813869910804634478e-10,5.364144871731157171e-15,8.347990711561651748e-11,5.373110496416713097e-15,1.493140469862692528e-12,8.099482490876184018e-05,1.414383090916565964e-14,3.100352698199383221e-11,3.199680233286586115e-03,6.288795579634414341e-19,6.700982276388989494e-30
2.655000000000000138e-01,8.622737685964910748e-01,1.264277934599702816e-04,2.774863617987966470e-06,8.483905414184320450e-08,5.657411249004600102e-06,8.583452702098683940e-01,1.711981654332966449e-11,2.081880282543745544e-04,9.037614171830866182e-12,1.163497634178372290e-11,6.061226160015981979e-10,5.256899246710991208e-15,9.130847044954570340e-11,4.131122644853143564e-15,1.623291839129340519e-12,8.851714346478834123e-05,1.545742588276488249e-14,2.994200040892959573e-11,3.496847540708667487e-03,6.872665216754906266e-19,7.314396902470709501e-30
2.660000000000000142e-01,9.400075359834846322e-01,1.377939191763018721e-04,2.889345264996919974e-06,8.187317296994639773e-08,5.949219147936261767e-06,9.357252785292494712e-01,1.867564454139307100e-11,2.269562232054582668e-04,9.809711505805180467e-12,1.264311981968135291e-11,6.311524670928475555e-10,5.273157643797561715e-15,9.965645550943395032e-11,2.969202634134946696e-15,1.762216237429962669e-12,9.649698273486033201e-05,1.685091603317086074e-14,2.889526183614703348e-11,3.812089088912738993e-03,7.492066615289673366e-19,7.966017875967259205e-30
2.665000000000000147e-01,1.022288100643094610e+00,1.498781146000303021e-04,3.005352350471943256e-06,7.894433173105550700e-08,6.339326467372636049e-06,1.017631263131056674e+00,2.032587535511682412e-11,2.468221746336586651e-04,1.083253996075425651e-11,1.372954646211696062e-11,6.565181394981674204e-10,5.362131238440275259e-15,1.085223283252291706e-10,2.191351256565190135e-15,1.911849811927387119e-12,1.049435648280974351e-04,1.832591180782483132e-14,2.786159564000188718e-11,4.145769195098790091e-03,8.147756574201229862e-19,8.658459130192305277e-30
2.670000000000000151e-01,1.109194354125451421e+00,1.626904144256458213e-04,3.122889892379103531e-06,7.605128661453204059e-08,6.656158329399672325e-06,1.104141929255275656e+00,2.207333466621274513e-11,2.678049721636729268e-04,1.208201220718022195e-11,1.490562491029021210e-11,6.822208237886748518e-10,5.447495785297163349e-15,1.178945802510859965e-10,2.096381008232239796e-15,2.074104495175505014e-12,1.138650062447847270e-04,1.988383058113103188e-14,2.684056286440093145e-11,4.498208499714667283e-03,8.840405929564893661e-19,9.394239519120822503e-30
2.675000000000000155e-01,1.200793546759066244e+00,1.762209636017206770e-04,3.241751146578334246e-06,7.319666996568575325e-08,6.743658083484374948e-06,1.195324396702930558e+00,2.392065507471409355e-11,2.899208954197289665e-04,1.346702584666624266e-11,1.617968930896130084e-11,7.082154125152524313e-10,5.455626687777253122e-15,1.277586706687036653e-10,2.919152018563397266e-15,2.250524747671056327e-12,1.232682287331732978e-04,2.152588108157757433e-14,2.583309255173420637e-11,4.869680444826096459e-03,9.570584731841123261e-19,1.017541762679387215e-29
2.680000000000000160e-01,1.297140551292450539e+00,1.904458135164154974e-04,3.361570831587482459e-06,7.038581101534258080e-08,6.518794610607226792e-06,1.291233403640990485e+00,2.586995527664890161e-11,3.131832209119424660e-04,1.485763140671734995e-11,1.755496947343604740e-11,7.344221141661308518e-10,5.344583996383993975e-15,1.381050874664915723e-10,4.773230885367794069e-15,2.441936487212750612e-12,1.331588771830229969e-04,2.325304905059589964e-14,2.484106554298817528e-11,5.260408030469004327e-03,1.033874780283226095e-18,1.100321859885475373e-29
2.684999999999999609e-01,1.398277188065228493e+00,2.053376467306150142e-04,3.481934191132511641e-06,6.762474323534865283e-08,6.005769727975176472e-06,1.391910589901742101e+00,2.792256663294053635e-11,3.376020482040729465e-04,1.612988043980728075e-11,1.902803400970363672e-11,7.607502754257355604e-10,5.122330849469697325e-15,1.489355826710830754e-10,7.605198787064893144e-15,2.648153749297736508e-12,1.435412457165338306e-04,2.506608433697437967e-14,2.386661121747367275e-11,5.670560894854022316e-03,1.114522228283054328e-18,1.187772167068282428e-29
2.690000000000000169e-01,1.504231586822274425e+00,2.208777649268867170e-04,3.602496768490537480e-06,6.491825053806648930e-08,5.333168579076785738e-06,1.497383852389545078e+00,3.007889697807619591e-11,3.631841435708348109e-04,1.721201178731739797e-11,2.058815596529468613e-11,7.871245592680629412e-10,4.846374025792464388e-15,1.602651389802227558e-10,1.117103422662324109e-14,2.867812553517510766e-12,1.544182112145095031e-04,2.696548929351739866e-14,2.291141794327325190e-11,6.100252688328357438e-03,1.199019871273965408e-18,1.279768119267022819e-29
2.694999999999999618e-01,1.615017557121315672e+00,2.370649756622277590e-04,3.723067445876187763e-06,6.226868713525357524e-08,4.693162331092539260e-06,1.607666749947348039e+00,3.233848263462348433e-11,3.899327956514404099e-04,1.811495340498833774e-11,2.221792676329918266e-11,8.135031148352600052e-10,4.604013373289826695e-15,1.721186593118650601e-10,1.504367405698969675e-14,3.098393192046571489e-12,1.657911719421395751e-04,2.895150806655779648e-14,2.197631657459806964e-11,6.549538648830998191e-03,1.287372687341904579e-18,1.376054534171118985e-29
2.700000000000000178e-01,1.730633947978746034e+00,2.539178898964587565e-04,3.843624083289986961e-06,5.967592066899020719e-08,4.275700930929901757e-06,1.722757929034924196e+00,3.470022199061326355e-11,4.178476761506661093e-04,1.893467488899669500e-11,2.389528335817397491e-11,8.398810340961754769e-10,4.480004241004033220e-15,1.845232630200146717e-10,1.865754619226551812e-14,3.336470428178071193e-12,1.776599883203267970e-04,3.102411626014098878e-14,2.106126038351301417e-11,7.018413262133042091e-03,1.379571704575984961e-18,1.476271399779463380e-29
2.704999999999999627e-01,1.851063995403551488e+00,2.714693605485991542e-04,3.964259782027589034e-06,5.713826950963657148e-08,4.200371004193397852e-06,1.842640547565606468e+00,3.716272645880593164e-11,4.469247000928247690e-04,1.982345998487168694e-11,2.559688770157818698e-11,8.662786513486795400e-10,4.523664279461120287e-15,1.974987406372971794e-10,2.139041774541212678e-14,3.578196842506721120e-12,1.900229235069589252e-04,3.318301056475343392e-14,2.016565586088953666e-11,7.506807914577733748e-03,1.475594660744117109e-18,1.580004141595007508e-29
2.710000000000000187e-01,1.976274677679804359e+00,2.897546059508811374e-04,4.085086414866835012e-06,5.465392857612803204e-08,4.470473980625465929e-06,1.967281690664447691e+00,3.972468628064966086e-11,4.771558841158527343e-04,2.093846132894860197e-11,2.730253189261979751e-11,8.927204900231934264e-10,4.728143593331738744e-15,2.110495336343778328e-10,2.267574337377399156e-14,3.819981288950795209e-12,2.028765831455223764e-04,3.542759823701532619e-14,1.928886593031815666e-11,8.014588512912710142e-03,1.575407101700466903e-18,1.686854397096964491e-29
2.714999999999999636e-01,2.106216115042129466e+00,3.087969627605469201e-04,4.206138792535638603e-06,5.222224189720367827e-08,4.966873521497366543e-06,2.096631793389332810e+00,4.238514225276876149e-11,5.085292064539274903e-04,2.238485962585319902e-11,2.899997418809417424e-11,9.192143182170712140e-10,5.030313418610638120e-15,2.251612223273215420e-10,2.213092939197630580e-14,4.059278088616980344e-12,2.162158558326866906e-04,3.775698670136249967e-14,1.843065907236296236e-11,8.541553132493419354e-03,1.678963734712099700e-18,1.796522463287888516e-29
2.720000000000000195e-01,2.240821056354895813e+00,3.285962927589493624e-04,4.327320915357234250e-06,4.984431493005095117e-08,5.485470165605591626e-06,2.230624103954239601e+00,4.514358204291599631e-11,5.410284767436959914e-04,2.417409005530475417e-11,3.068938696581389295e-11,9.457393636636554417e-10,5.332042284114758578e-15,2.398030069326464817e-10,1.968016133940583987e-14,4.295361090557698386e-12,2.300338577637575221e-04,4.016997387921684958e-14,1.759142543040563710e-11,9.087429830493445881e-03,1.786209773622351633e-18,1.908888222818832134e-29
2.724999999999999645e-01,2.380004487770641219e+00,3.491243620072785646e-04,4.448416275593961849e-06,4.752278490749090200e-08,5.806528364915579290e-06,2.369174229678118415e+00,4.799983186006723448e-11,5.746332258955651239e-04,2.621338281479059068e-11,3.238646839576155978e-11,9.722484952138533239e-10,5.535427114542971685e-15,2.549355532918012079e-10,1.564643374322857717e-14,4.529928897663068999e-12,2.443218859100891377e-04,4.266504000828377745e-14,1.677209576060581938e-11,9.651874796135426204e-03,1.897081957455680234e-18,2.024074424736353233e-29
2.730000000000000204e-01,2.523663379158521458e+00,3.703291908334179405e-04,4.569155584288721393e-06,4.526093337884597357e-08,5.772139453254853623e-06,2.512179803009529699e+00,5.095377329035965543e-11,6.093186250894028428e-04,2.833239775027436894e-11,3.412328224678141486e-11,9.986829438015555994e-10,5.578999462049244714e-15,2.705215947203670282e-10,1.078761942268984062e-14,4.767381813652105542e-12,2.590693835796678210e-04,4.524034162663494807e-14,1.597382822260541531e-11,1.023447099010187447e-02,2.011508908570882305e-18,2.142475584642963985e-29
2.734999999999999654e-01,2.671676559676383178e+00,3.921472137907809478e-04,4.689309863684619495e-06,4.306157895427565293e-08,5.344334875115765900e-06,2.659520287590575016e+00,5.400496169063941649e-11,6.450554387367729960e-04,3.033950730054470358e-11,3.594607973144269703e-11,1.024992586107781815e-09,5.461231713602499265e-15,2.865355663967003246e-10,6.256573449909131890e-15,5.014633853138111815e-12,2.742639204189477775e-04,4.789370808194647931e-14,1.519761759653529367e-11,1.083472735445384881e-02,2.129410535890484021e-18,2.264738155438598195e-29
2.740000000000000213e-01,2.823904692701696639e+00,4.145192085205434088e-04,4.808765493239477068e-06,4.092623690951684173e-08,4.622412655720262449e-06,2.811056920115174496e+00,5.715224223819283496e-11,6.818100103799243838e-04,3.208901443488901989e-11,3.790973611128066364e-11,1.051152330836531965e-09,5.242182038177478819e-15,3.029687423985322580e-10,3.475238320745649423e-15,5.280377349323632678e-12,2.898911864176092882e-04,5.062264048856388745e-14,1.444399868111893559e-11,1.145207857576253929e-02,2.250696293840661111e-18,2.391683307733083471e-29
2.744999999999999662e-01,2.980190310086074934e+00,4.374044159946865757e-04,4.927545479300482562e-06,3.885487512972007438e-08,3.812022403731570650e-06,2.966632761132744989e+00,6.039344818884619754e-11,7.195442750150826683e-04,3.353554112004607846e-11,4.006898447391893930e-11,1.077166812838946697e-09,5.022196845854438928e-15,3.198278291332518975e-10,3.926483555703353123e-15,5.573801256459424579e-12,3.059349971471758667e-04,5.342431264638322981e-14,1.371296015553171850e-11,1.208588529207358167e-02,2.375262280368120298e-18,2.524172433893663027e-29
2.750000000000000222e-01,3.140357870352226577e+00,4.607876985841303130e-04,5.045764792301416898e-06,3.684631705078089871e-08,3.155639250047583120e-06,3.126072815126718751e+00,6.372523008158244110e-11,7.582157882176943650e-04,3.475518438111457830e-11,4.246729449546621848e-11,1.103060731053612888e-09,4.905206374448731918e-15,3.371272510306677725e-10,8.883276296029342129e-15,5.902869366735922755e-12,3.223773061425975941e-04,5.629557320387062415e-14,1.300408678465398770e-11,1.273543458209073359e-02,2.502987386583432744e-18,2.662926528415591584e-29
2.754999999999999671e-01,3.304213823777696124e+00,4.846768910074330562e-04,5.163537097844590935e-06,3.489906861928097696e-08,2.848149063105736485e-06,3.289184182084766483e+00,6.714302005483187581e-11,7.977777629051695414e-04,3.592402466638198780e-11,4.512493286011615160e-11,1.128858587990282080e-09,4.960040052563257594e-15,3.548776445694644571e-10,1.911061100258748640e-14,6.272377655321297949e-12,3.391982205309227610e-04,5.923294838210338688e-14,1.231685127335575063e-11,1.339994058265586360e-02,2.633728969252343349e-18,2.808322458575800598e-29
2.760000000000000231e-01,3.471546693088896518e+00,5.090909255496435656e-04,5.280872932381389482e-06,3.301219094053117607e-08,2.967195517954372653e-06,3.455756219107346539e+00,7.064110012792004656e-11,8.381791085335997364e-04,3.725955421707704389e-11,4.802833151753729289e-11,1.154562541434838797e-09,5.194103268243105726e-15,3.730745284505057878e-10,3.458907246285808778e-14,6.682112131216609759e-12,3.563760176953818261e-04,6.223264487273868739e-14,1.165092224741588684e-11,1.407854514712835597e-02,2.767318763077790393e-18,2.960199856598172633e-29
2.764999999999999680e-01,3.642127202601722402e+00,5.340426544724098407e-04,5.397615324227621364e-06,3.118585665201319905e-08,3.443366171695869895e-06,3.625560715828482827e+00,7.421273078633588851e-11,8.793644736439973873e-04,3.894429469134400497e-11,5.112324102815102131e-11,1.180138380467155877e-09,5.549317379333714366e-15,3.916911896371236157e-10,5.431751181825919128e-14,7.125498146430111855e-12,3.738871633647254406e-04,6.529055297995601641e-14,1.100636061485989774e-11,1.477031856004016458e-02,2.903559928778200056e-18,3.117719653289893990e-29
2.770000000000000240e-01,3.815708502279687497e+00,5.595223355557283999e-04,5.513444960464919499e-06,2.942139286789537711e-08,4.081630831124232362e-06,3.798352112580625661e+00,7.785031013658457257e-11,9.212742987757968844e-04,4.105823384718828206e-11,5.431412488012622727e-11,1.205516616891790295e-09,5.922067498943532294e-15,4.106784501771501834e-10,7.625362095114633774e-14,7.589147303356566736e-12,3.917063341117931570e-04,6.840225053228817728e-14,1.038363472626542574e-11,1.547426042589297723e-02,3.042226188596278711e-18,3.279316848770006676e-29
2.774999999999999689e-01,3.992026530976047205e+00,5.854877089984955336e-04,5.627958547818071013e-06,2.772084350685034119e-08,4.627419575864759137e-06,3.973867806053046792e+00,8.154556625005291705e-11,9.638448906019478173e-04,4.354475696730834738e-11,5.747175427455207705e-11,1.230609493006827744e-09,6.200059861539525204e-15,4.299716136081180445e-10,9.744292269369828253e-14,8.053650920544284041e-12,4.098064488760533785e-04,7.156300837683874202e-14,9.783465913476618562e-12,1.618930091440188429e-02,3.183063884389669365e-18,3.442784098395481411e-29
2.780000000000000249e-01,4.170800545263642967e+00,6.118644235414761375e-04,5.740792623653708876e-06,2.608627631660483671e-08,4.854735182599891828e-06,4.151828587523105796e+00,8.528981905813089546e-11,1.007008528219855434e-03,4.622377543013051076e-11,6.044994793945464853e-11,1.255337875806066904e-09,6.302744908582768234e-15,4.495023578631551972e-10,1.143671624151629187e-13,8.495829572264754756e-12,4.281587141584652098e-04,7.476779827412966802e-14,9.206583924727588966e-12,1.691430254583287801e-02,3.325797476746821555e-18,3.605508051091868898e-29
2.784999999999999698e-01,4.351733812479204211e+00,6.385569859423488983e-04,5.851743929814927672e-06,2.451913831228162913e-08,4.645509873393924909e-06,4.331939242822859804e+00,8.907436347755401234e-11,1.050693608671584818e-03,4.884935912972748793e-11,6.311090788766320835e-11,1.279657407390210990e-09,6.210617509535426783e-15,4.692115486152491488e-10,1.235118208568294852e-13,8.892428726228376111e-12,4.467326858953217994e-04,7.801130372273275210e-14,8.653499444926403216e-12,1.764806263523703220e-02,3.470138490227414894e-18,3.764857353003123827e-29
2.790000000000000258e-01,4.534514438370744749e+00,6.654666619174251421e-04,5.960835847523284118e-06,2.301990720073692581e-08,4.032092260633408050e-06,4.513889316156548759e+00,9.289100748292370140e-11,1.094824832206258867e-03,5.119308076060332720e-11,6.535676877488011789e-11,1.303572931192378682e-09,5.972737916172161004e-15,4.890585503012703643e-10,1.221109946235192006e-13,9.224968343250948036e-12,4.654963482285134381e-04,8.128793375142387621e-14,8.124381075133453936e-12,1.838931640419771626e-02,3.615797242726025919e-18,3.918691647984041799e-29
2.794999999999999707e-01,4.718816280853380896e+00,6.925101915406333113e-04,6.068299721721364740e-06,2.158813470469708496e-08,3.187474709487672472e-06,4.697354010950771652e+00,9.673274424362144640e-11,1.139323420779511089e-03,5.312431706204937426e-11,6.716304674461047887e-11,1.327134420357986801e-09,5.689717489151327016e-15,5.090237785185162673e-10,1.089804067350220155e-13,9.485143255298917762e-12,4.844162064061037888e-04,8.459183919032939137e-14,7.619070621488076396e-12,1.913674065083498937e-02,3.762495960041305714e-18,4.065928309439218021e-29
2.800000000000000266e-01,4.904299898592825890e+00,7.196327486427005638e-04,6.174472959062335464e-06,2.022280625372738216e-08,2.366209844202494688e-06,4.881995180286241798e+00,1.005944573043836658e-10,1.184107358280236206e-03,5.465875935106978168e-11,6.860797249742395152e-11,1.350414825373130401e-09,5.478270994898228652e-15,5.291035740394556061e-10,8.530295197816565410e-14,9.679880147126926511e-12,5.034573889197629460e-04,8.791693055628099695e-14,7.137210036297695060e-12,1.988895778475602283e-02,3.909981189932959344e-18,4.207073151357149533e-29
2.804999999999999716e-01,5.090613497564534740e+00,7.468104768824515918e-04,6.279649493349921010e-06,1.892282597545820062e-08,1.816420918921766615e-06,5.067462354517890510e+00,1.044734758567484404e-10,1.229091639776263949e-03,5.595672389035705691e-11,6.989060748918866758e-11,1.373477586988561417e-09,5.430029134924558629e-15,5.492991652955072319e-10,5.519561494834195624e-14,9.834945933871461464e-12,5.225837534763909473e-04,9.125689659585520261e-14,6.678412579635127855e-12,2.064454001350785398e-02,4.058032936816497380e-18,4.344599261922106805e-29
2.810000000000000275e-01,5.277393865472205015e+00,7.740415432467763913e-04,6.383938886484811812e-06,1.768741866053701056e-08,1.693647454826609452e-06,5.253393766404162335e+00,1.083697435951149075e-10,1.274188520154594627e-03,5.727015575796125228e-11,7.133056158524580101e-11,1.396346049511113949e-09,5.579278389079455832e-15,5.696035660492685121e-10,2.587279105341191049e-14,9.995934865653693717e-12,5.417579927127107783e-04,9.460522275874192039e-14,6.242404678595954062e-12,2.140201351888562642e-02,4.206467787318042594e-18,4.483051041838222584e-29
2.814999999999999725e-01,5.464267313549842520e+00,8.013287053855592309e-04,6.487189238151265306e-06,1.651631504812123705e-08,2.006755981545919812e-06,5.439417360048920180e+00,1.122853672567232855e-10,1.319307758834233329e-03,5.885549127225096863e-11,7.334338545250010489e-11,1.418986761204387089e-09,5.891006183553555834e-15,5.899909787467803942e-10,7.239309986439869641e-15,1.022559519428456650e-11,5.609417382411371888e-04,9.795520934545172400e-14,5.829091315589683676e-12,2.215986256729987613e-02,4.355133618067934862e-18,4.628764523988307103e-29
2.820000000000000284e-01,5.650850667290997720e+00,8.286594507551375702e-04,6.589006071357825296e-06,1.540970636016919819e-08,2.614921547476317615e-06,5.625151800031387594e+00,1.162233863366185428e-10,1.364356864523913991e-03,6.088224569311898311e-11,7.638849870502837597e-11,1.441313636461837647e-09,6.273337457935987209e-15,6.104123733511567898e-10,1.080408358244606713e-14,1.059683014697692777e-11,5.800956647161927687e-04,1.012999896211227510e-13,5.438539980229975392e-12,2.291653362091619281e-02,4.503894355553353622e-18,4.789134237453466040e-29
2.824999999999999734e-01,5.836752354032952894e+00,8.559907231844779548e-04,6.688863087975623623e-06,1.436805666868203862e-08,3.276716821042570855e-06,5.810207520427947969e+00,1.201857530117779127e-10,1.409241349655469822e-03,6.336959598308724166e-11,8.089082639432059417e-11,1.463212063728109464e-09,6.609817790252397815e-15,6.307987013359272252e-10,4.790412873781989877e-14,1.118133158099960972e-11,5.991795980160852502e-04,1.046325486150661642e-13,5.070914448897063294e-12,2.367043961131675214e-02,4.652604708162559849e-18,4.971422240883105345e-29
2.830000000000000293e-01,6.021573623515999785e+00,8.832437328203266921e-04,6.786265227870955596e-06,1.339190125768857848e-08,3.734016801709230444e-06,5.994187861470388512e+00,1.241707113970997623e-10,1.453865006073888719e-03,6.617417590448591629e-11,8.714287472946205794e-11,1.484574338940420586e-09,6.800106242392018607e-15,6.510704753757923430e-10,1.273632928378872474e-13,1.203464639349567342e-11,6.181526324627989975e-04,1.079457434782921726e-13,4.726403623490972356e-12,2.441996457018925926e-02,4.801076734409869813e-18,5.181193180560913514e-29
2.834999999999999742e-01,6.204909911335312778e+00,9.103108564105445895e-04,6.880903759117120334e-06,1.248172572321929640e-08,3.801250247836821512e-06,6.176690331115478827e+00,1.281699823459178181e-10,1.498130211025448712e-03,6.903472459089165571e-11,9.520019804901350421e-11,1.505333317703202247e-09,6.794873205305050268e-15,6.711501814472545134e-10,2.528665812591035381e-13,1.317945546722624049e-11,6.369732609240246705e-04,1.112323260890417918e-13,4.405178866129344770e-12,2.516346876889516415e-02,4.949042362303945798e-18,5.420561943287654050e-29
2.840000000000000302e-01,6.386352323535424702e+00,9.370723948863575025e-04,6.972745427030530349e-06,1.163794208097083520e-08,3.428807337109275229e-06,6.357308003205750069e+00,1.321663493487471528e-10,1.541938266276919860e-03,7.165920068095257206e-11,1.047891998528346278e-10,1.525481699705138353e-09,6.612925324924786066e-15,6.909730153506172870e-10,4.204876936835905236e-13,1.458983217870914157e-11,6.555995190006365034e-04,1.144849681391324425e-13,4.107385570876268569e-12,2.589929441449714473e-02,5.096118234588654016e-18,5.686543999864903670e-29
2.844999999999999751e-01,6.565489194367483350e+00,9.634174640309557452e-04,7.062022255274360163e-06,1.086090346875051220e-08,2.718705491469525211e-06,6.535631031986797623e+00,1.361323571563103651e-10,1.585189765457620335e-03,7.382459219225694790e-11,1.152508133091431541e-10,1.545069716668587277e-09,6.334901342380783205e-15,7.104921138394284872e-10,6.169357018835869237e-13,1.618006677732355670e-11,6.739891412124128034e-04,1.176962883596996511e-13,3.833148356098629320e-12,2.662577181980976468e-02,5.241781124355286743e-18,5.969884467597309712e-29
2.849999999999999756e-01,6.741907657517288044e+00,9.892617983471400922e-04,7.149125962889292086e-06,1.015087152209632989e-08,1.887552418445440142e-06,6.711248235675260965e+00,1.400308392096409191e-10,1.627784978149761450e-03,7.545451547643955123e-11,1.255454986059518761e-10,1.564182125345514092e-09,6.076006106401561095e-15,7.296765494750009178e-10,8.191542513166443715e-13,1.780208780718950418e-11,6.920997243033559553e-04,1.208588810546519506e-13,3.582559552718654470e-12,2.734122585475286249e-02,5.385363176402787828e-18,6.254788601795677511e-29
2.854999999999999760e-01,6.915195177944119642e+00,1.014556293156890698e-03,7.234446694634461464e-06,9.507885588838532472e-09,1.190360718488224798e-06,6.883748689063545534e+00,1.438178574391570869e-10,1.669624236170154808e-03,7.664685479559450901e-11,1.343428468441273975e-10,1.582903165306634115e-09,5.947336047708874238e-15,7.485031280694786701e-10,9.958805528369325439e-13,1.925536812181160719e-11,7.098888914779218550e-04,1.239653448755964329e-13,3.355633047263442231e-12,2.804398243451745182e-02,5.526075893896825792e-18,6.519961394845497378e-29
2.859999999999999765e-01,7.084941014417351468e+00,1.039283339225615917e-03,7.318216129554987039e-06,8.931560448745697913e-09,8.322903738237699020e-07,7.052723271295728402e+00,1.474483592318938629e-10,1.710608308977843491e-03,7.764083974297949645e-11,1.402117694176903108e-10,1.601282544567255645e-09,6.019012983965969226e-15,7.669454651471548989e-10,1.111623599475256412e-12,2.031228128659069535e-11,7.273144520139091136e-04,1.270083108744499354e-13,3.152232890950900822e-12,2.873237482510278967e-02,5.663069672474223907e-18,6.741267315540021155e-29
2.864999999999999769e-01,7.250737613834061790e+00,1.063442282675539172e-03,7.400412392695806616e-06,8.420914053347404391e-09,8.992026059187465996e-07,7.217766137761215006e+00,1.508844391298960331e-10,1.750638760675631098e-03,7.873416985034401409e-11,1.419141130324463860e-10,1.619314911485155246e-09,6.297450484954778268e-15,7.849650240687917015e-10,1.133233373245540165e-12,2.076004786794805320e-11,7.443345530504176695e-04,1.299804692702274738e-13,2.972012502554438951e-12,2.940474963971815084e-02,5.795531491797700608e-18,6.896129697468040816e-29
2.869999999999999774e-01,7.412181966604920014e+00,1.087029158931399715e-03,7.480759914036733786e-06,7.974352665055034450e-09,1.330795719285504168e-06,7.378476116439351529e+00,1.541055620107260594e-10,1.789618288686674590e-03,8.017859740991121286e-11,1.387856389948286891e-10,1.636939968109585836e-09,6.724076854574044270e-15,8.025082990677373906e-10,1.038803148176394489e-12,2.045765940389094688e-11,7.609078235859174661e-04,1.328745949190226634e-13,2.814409421070680440e-12,3.005947252740866910e-02,5.922817054691330555e-18,6.969500698741153414e-29
2.874999999999999778e-01,7.568876967976926551e+00,1.110017853052499117e-03,7.558821166413476876e-06,7.589894790837829917e-09,1.944754875299034284e-06,7.534458057853369084e+00,1.571195027606893076e-10,1.827451051179067396e-03,8.209038966924813879e-11,1.311646964072978004e-10,1.654062500289113836e-09,7.195540192189082834e-15,8.195122426204179627e-10,8.280951118115394354e-13,1.940261653431958182e-11,7.769935136936812533e-04,1.356835719805000617e-13,2.678724335312530361e-12,3.069493367269427592e-02,6.044605500408228388e-18,6.960860314007039418e-29
2.879999999999999782e-01,7.720432827741332105e+00,1.132349323303661996e-03,7.634143186180704371e-06,7.265611615188780354e-09,2.502354806053780796e-06,7.685324183843475154e+00,1.599721471371953975e-10,1.864042994204608179e-03,8.440732402762738225e-11,1.208028572808557615e-10,1.670584217491232356e-09,7.598325662208681700e-15,8.359170447951398428e-10,5.330523250181956155e-13,1.779827348815763751e-11,7.925516336166468431e-04,1.384004185468002708e-13,2.564276522315065101e-12,3.130955329040155388e-02,6.161055513535899085e-18,6.891278805287418629e-29
2.884999999999999787e-01,7.866468551290848765e+00,1.153932677871813027e-03,7.706402862297534755e-06,7.000146691396226700e-09,2.791716919430710703e-06,7.830695477998833809e+00,1.627537646710630497e-10,1.899302188942760157e-03,8.690784764918762156e-11,1.111668397638457776e-10,1.686435217025943686e-09,7.846154525231177147e-15,8.516824694598311467e-10,2.263351375361099810e-13,1.610855226455170251e-11,8.075430971588829117e-04,1.410183119400833913e-13,2.470587258884737978e-12,3.190178729021124482e-02,6.272932373734950740e-18,6.809154468020791251e-29
2.889999999999999791e-01,8.006613485304388433e+00,1.174657729549546600e-03,7.775497898901510005e-06,6.793109016444858484e-09,2.699383056784684854e-06,7.970203140691575427e+00,1.655990173465776616e-10,1.933139184614421791e-03,8.928630067104231611e-11,1.075220990591591923e-10,1.701593563945833762e-09,7.907911168391820401e-15,8.668021122731512967e-10,2.530670606994892885e-14,1.508348776005903636e-11,8.219298717387456396e-04,1.435306150115336431e-13,2.397518547797674874e-12,3.247013320438701944e-02,6.381667884967808152e-18,6.792892473104568900e-29
2.894999999999999796e-01,8.140508891813503567e+00,1.194414645461031824e-03,7.841553191856949742e-06,6.645152032660571120e-09,2.245769421708807430e-06,8.103490101349631658e+00,1.686779427079934445e-10,1.965467375278752774e-03,9.125829371314543535e-11,1.166815097945450964e-10,1.716086475433275477e-09,7.817219923630900009e-15,8.813097903115020790e-10,8.862780956696725112e-14,1.573738010217115382e-11,8.356751343434711595e-04,1.459309032195823086e-13,2.345301000128016989e-12,3.301313634868587032e-02,6.489311240995950208e-18,6.948613980493964954e-29
2.899999999999999800e-01,8.267809495235663775e+00,1.213113869308658950e-03,7.904845557500613502e-06,6.557659071891759652e-09,1.573397956920686317e-06,8.230212550641075708e+00,1.721756019577100304e-10,1.996203371458151778e-03,9.265946965590069510e-11,1.463143399239108425e-10,1.729973825712701662e-09,7.660935011039421578e-15,8.952738767537961368e-10,6.027639961522064439e-13,1.926227868211768342e-11,8.487434295352050406e-04,1.482129917274269721e-13,2.314422821486823546e-12,3.352939606438060105e-02,6.598331070080476944e-18,7.401084325998779047e-29
2.904999999999999805e-01,8.388184944645864505e+00,1.230699467646180706e-03,7.965680117159226528e-06,6.532113284237127045e-09,8.936202459562261543e-07,8.350041436190725364e+00,1.762591749846038579e-10,2.025267362915413732e-03,9.350287656111964190e-11,2.037481375721229843e-10,1.743321269529673174e-09,7.550646514275146847e-15,9.087782844499559638e-10,1.756424325743898686e-12,2.686416197628591773e-11,8.611008236942351663e-04,1.503709614365431212e-13,2.305407445029970623e-12,3.401757181171079225e-02,6.711239591899318104e-18,8.276535740334426138e-29
2.909999999999999809e-01,8.501321148679933160e+00,1.247151424029278432e-03,8.024267635553662236e-06,6.569370382026303058e-09,4.118072774216661849e-07,8.462663863931616959e+00,1.810331654837725024e-10,2.052583458539287455e-03,9.397441851247650825e-11,2.942655428919129568e-10,1.756173715412396531e-09,7.586638280691390897e-15,9.218921583497336436e-10,3.702396805245290222e-12,3.951849557160109987e-11,8.727150495291630334e-04,1.523991828900526957e-13,2.318556865605151983e-12,3.447638887889480086e-02,6.830031280602303838e-18,9.677037231007164486e-29
2.914999999999999813e-01,8.606921467595578079e+00,1.262476313330782116e-03,8.080648314792588109e-06,6.669111250208083823e-09,2.577284731287620694e-07,8.567784363599116659e+00,1.864861631092154048e-10,2.078079993274634454e-03,9.436738996380222605e-11,4.190042232955152520e-10,1.768539001057205342e-09,7.825920624745480198e-15,9.346333020841166309e-10,6.508545773040052240e-12,5.765662797757843234e-11,8.835556365759885972e-04,1.542923373509811995e-13,2.353758453342424177e-12,3.490464353766969952e-02,6.955462443854795969e-18,1.164761367550375106e-28
2.919999999999999818e-01,8.704707776688277221e+00,1.276689839180639163e-03,8.134686531270110093e-06,6.829696518617284379e-09,4.449664093380653450e-07,8.665126005268263043e+00,1.924363419909387839e-10,2.101689798921238528e-03,9.497840242727426430e-11,5.727134435520354569e-10,1.780387011813658436e-09,8.264414125260069068e-15,9.469323601985470499e-10,1.010296031452969138e-11,8.081514158961195428e-11,8.935940263363474330e-04,1.560454349833340037e-13,2.410433629652829484e-12,3.530120759199537050e-02,7.086245655284597759e-18,1.413948201935235454e-28
2.924999999999999822e-01,8.794421437343499903e+00,1.289797485700839219e-03,8.186131967970221909e-06,7.048493203808326009e-09,8.720862425962437985e-07,8.754431384173376074e+00,1.984875068498477128e-10,2.123350442985299895e-03,9.600062182915992117e-11,7.418040578059255050e-10,1.791663156559553596e-09,8.838680570975845571e-15,9.586057027242723386e-10,1.422238018702893835e-11,1.073067250126595391e-10,9.028036738338667249e-04,1.576538307592135882e-13,2.487653148141698776e-12,3.566503239015444970e-02,7.218293798718996325e-18,1.697554535251422556e-28
2.929999999999999827e-01,8.875824219205405541e+00,1.301780069977599014e-03,8.234717409139055764e-06,7.322555031849857484e-09,1.363160235873894047e-06,8.835463512760060922e+00,2.040128613066070234e-10,2.143004445034890453e-03,9.745141240783701733e-11,9.033443879891835070e-10,1.802309661594518315e-09,9.446335696718878576e-15,9.693451980067431755e-10,1.837796546643072037e-11,1.340026327952304739e-10,9.111601396065119492e-04,1.591132392896263502e-13,2.584377197768520293e-12,3.599515245892727366e-02,7.344220888781917129e-18,1.982758800324144769e-28
2.934999999999999831e-01,8.948699207276261447e+00,1.312589136758347775e-03,8.280251816283982900e-06,7.649392510071060195e-09,1.731650318820068567e-06,8.908006664682481812e+00,2.081894656037305673e-10,2.160599481409476545e-03,9.915988697959933760e-11,1.025891890235949137e-09,1.812285663083697742e-09,9.978427433764907680e-15,9.787333058533899638e-10,2.185798910021159196e-11,1.563518511402466091e-10,9.186411767470171845e-04,1.604197500900987389e-13,2.699727179718499771e-12,3.629068894199633660e-02,7.453387381677449248e-18,2.221828963650050764e-28
2.939999999999999836e-01,9.012851705092481680e+00,1.322153605674243355e-03,8.322672930595169196e-06,8.027530126481550299e-09,1.844317943980555664e-06,8.971867203701201277e+00,2.101121329636130702e-10,2.176088586282536909e-03,1.008196599820977741e-10,1.073293632162650023e-09,1.821578366434681789e-09,1.035343003333782579e-14,9.862928748601913798e-10,2.379276167088293614e-11,1.687983786580915138e-10,9.252268163910620877e-04,1.615698448022123596e-13,2.833182355282344689e-12,3.655085297683517004e-02,7.532861073446859108e-18,2.356498110593730015e-28
2.944999999999999840e-01,9.068110117681762006e+00,1.330395137660416328e-03,8.362043129109294999e-06,8.456635692532333105e-09,1.663064184958687878e-06,9.026874405794618639e+00,2.090207176802117490e-10,2.189430351099765169e-03,1.020904716455584269e-10,1.012815991605519464e-09,1.830201829703256019e-09,1.054216669417529373e-14,9.915830761744506279e-10,2.331256273551965019e-11,1.657924370598504802e-10,9.308994525118637064e-04,1.625604176619224423e-13,2.984625491697368677e-12,3.677494904394518899e-02,7.569743741782117479e-18,2.328567220450022127e-28
2.949999999999999845e-01,9.114326775434046013e+00,1.337246722398849124e-03,8.398496770820073655e-06,8.937185781158667502e-09,1.251545435548363165e-06,9.072881254348512670e+00,2.046787029897069445e-10,2.200589117515390405e-03,1.027169399113560164e-10,8.291495058760989813e-10,1.838185277082405252e-09,1.057597232530034709e-14,9.943559228944010085e-10,1.983395767010388757e-11,1.436201059437710155e-10,9.356439239465081693e-04,1.633888001730301267e-13,3.154224784375077850e-12,3.696237820640896343e-02,7.555379610823735040e-18,2.099088876085695227e-28
2.954999999999999849e-01,9.151378649987028879e+00,1.342668016788932210e-03,8.432166441140092526e-06,9.469825720904340147e-09,7.464900478585875036e-07,9.109765166225978206e+00,1.979429669285182347e-10,2.209535153598012665e-03,1.026288908608428739e-10,5.459488080247394689e-10,1.845556994896014647e-09,1.053575860013647303e-14,9.947911302220619118e-10,1.351294058404920636e-11,1.032944448346484437e-10,9.394475893046538417e-04,1.640527906637512590e-13,3.342207981188690891e-12,3.711264106784939454e-02,7.492004444108962968e-18,1.678680413510998016e-28
2.959999999999999853e-01,9.179167918888570199e+00,1.346652273421993645e-03,8.463121763933908649e-06,1.005470857148468823e-08,3.059871547256207286e-07,9.137428598555661807e+00,1.915638396526611244e-10,2.216244801145511936e-03,1.019967608068394017e-10,2.565787458121625800e-10,1.852331165376055613e-09,1.052565192610513083e-14,9.938295932399724745e-10,5.904133258213712100e-12,5.475496689312059685e-11,9.423003895892836587e-04,1.645506892842469926e-13,3.548629090433243718e-12,3.722534024443996392e-02,7.402402894491678236e-18,1.171554967110101135e-28
2.964999999999999858e-01,9.197622354837040604e+00,1.349222765769918578e-03,8.491346012457471441e-06,1.069109931724759569e-08,5.427857559626425670e-08,9.155799494757648205e+00,1.912503628974149166e-10,2.220700584053899793e-03,1.012341364995185573e-10,1.656154224424680081e-10,1.858503084367529571e-09,1.063966546121748179e-14,9.936263231266833197e-10,8.630642279731680069e-13,2.260678246395707555e-11,9.441948942545521153e-04,1.648813390601993189e-13,3.773228692819017835e-12,3.730018218197931473e-02,7.343106118726591493e-18,8.356959708686686542e-29
2.969999999999999862e-01,9.206695540936724598e+00,1.350420317642043707e-03,8.516757081891794388e-06,1.137740633913918430e-08,4.247124069232764098e-08,9.164831550297041218e+00,2.070274338252351542e-10,2.222891273013160099e-03,1.009609332370705534e-10,6.423678424642747729e-10,1.864054086661796223e-09,1.093195709992761568e-14,9.981413419790064561e-10,5.722698774942491096e-12,5.359175420179629108e-11,9.451263286911730380e-04,1.650441737677171825e-13,4.015445052444353637e-12,3.733697823855061659e-02,7.421572182026121387e-18,1.161192103087651923e-28
2.974999999999999867e-01,9.206366936881535068e+00,1.350286563902252171e-03,8.539259060183207998e-06,1.211160604930451036e-08,2.375981841080217811e-07,9.164504306001653333e+00,2.548988616644803915e-10,2.222811908434395300e-03,1.019573619194842861e-10,2.287221492564614870e-09,1.868963055303541565e-09,1.139998358848597600e-14,1.013881324097366274e-09,3.276537984455832832e-11,2.259184753244620981e-10,9.450925839490764008e-04,1.650392734800519460e-13,4.274563985461971761e-12,3.733564506469244648e-02,7.817641211635514984e-18,2.968062632614636687e-28
2.979999999999999871e-01,9.196641834638230151e+00,1.348848874000144974e-03,8.558797540749962210e-06,1.289184550065958153e-08,5.415388064127774463e-07,9.154823099962435151e+00,3.588131452795088519e-10,2.220463789132880346e-03,1.051447929457708073e-10,6.010948683785913560e-09,1.873218563927546674e-09,1.198569807183312129e-14,1.050795800694310834e-09,1.009968785448369935e-10,6.604841055023487130e-10,9.440942118964540820e-04,1.648674284807523504e-13,4.549931539987759687e-12,3.729620440744862986e-02,8.809341672775771921e-18,7.523919860527646122e-28
2.984999999999999876e-01,9.177551242050114411e+00,1.346112063177344869e-03,8.575391380019222305e-06,1.371692400080856435e-08,8.306502178915016308e-07,9.135818920302567037e+00,5.529071749455139599e-10,2.215854437020799497e-03,1.116227634353841342e-10,1.312628368707460874e-08,1.876825667047974752e-09,1.259418359939760926e-14,1.123320136316992392e-09,2.382103346620451148e-10,1.533899253266969698e-09,9.421344101746279487e-04,1.645302117103177991e-13,4.841123971715356813e-12,3.721878251056601888e-02,1.080284391182461868e-17,1.668053770515034789e-27
2.989999999999999880e-01,9.149151719702233621e+00,1.342059457715189582e-03,8.589125564976719243e-06,1.458640862667056307e-08,1.000384894986519613e-06,9.107548197162735448e+00,8.839776274397821926e-10,2.208997547103387204e-03,1.227740541864836368e-10,2.545004064408687968e-08,1.879804036649999032e-09,1.312360062093764992e-14,1.251544163605402073e-09,4.833048328277712956e-10,3.093079595970006776e-09,9.392190009001740673e-04,1.640300589775700511e-13,5.147988511168178335e-12,3.710360926706254836e-02,1.436601778286465161e-17,3.302684878473391675e-27
2.994999999999999885e-01,9.111525175591712156e+00,1.336662532206610342e-03,8.600108573333346970e-06,1.550030925848728334e-08,9.987584529523912735e-07,9.070092555270180767e+00,1.414101519563918504e-09,2.199912927948058719e-03,1.404279326865068866e-10,4.541289282186981165e-08,1.882178286637386155e-09,1.349680864261816106e-14,1.462471307208440030e-09,8.887969370067989648e-10,5.670999681106466754e-09,9.353564053127939957e-04,1.633703548978064726e-13,5.470528671458667494e-12,3.695101721121382687e-02,2.026466403103930268e-17,6.005412803558923520e-27
2.999999999999999889e-01,9.064778601195518704e+00,1.329895401150456595e-03,8.608414598227971551e-06,1.645845174149153265e-08,8.379702964188060114e-07,9.023558525092170157e+00,2.223297579275259853e-09,2.188626432122318770e-03,1.670527138735942497e-10,7.617268436359116413e-08,1.883965057685128000e-09,1.368461846581280182e-14,1.791319070302010431e-09,1.523434828606530910e-09,9.703022834999508835e-09,9.305576141558596741e-04,1.625555210846485701e-13,5.808683015602291578e-12,3.676144034181066944e-02,2.950007138607848580e-17,1.023272174156364015e-26
3.004999999999999893e-01,9.009043718640798559e+00,1.321748933435551703e-03,8.614038671478695816e-06,1.745984627794000079e-08,5.823276188797395783e-07,8.968077189440384345e+00,3.412090534734654063e-09,2.175169870964153464e-03,2.059389636102052613e-10,1.217258784158463736e-07,1.885163086796371720e-09,1.371345476953125287e-14,2.282798503192804620e-09,2.474795288330771116e-09,1.574303626822793385e-08,9.248361513954275054e-04,1.615911017331635827e-13,6.162102239674549834e-12,3.653541268244345219e-02,4.334612596642763337e-17,1.656537079801131688e-26
3.009999999999999898e-01,8.944476506294218865e+00,1.312239633578350141e-03,8.616887615547831370e-06,1.850237587222821319e-08,3.193573051741216382e-07,8.903803730951809214e+00,5.103813177611688115e-09,2.159580905268180216e-03,2.613368842596654717e-10,1.870105411978887428e-07,1.885751314474211528e-09,1.365532378680235360e-14,2.992298157478026576e-09,3.851715502698926376e-09,2.447844441977128285e-08,9.182080277021918875e-04,1.604838405854923408e-13,6.530039211365072113e-12,3.627356643796009195e-02,6.338379452121178305e-17,2.572411495871610475e-26
3.014999999999999902e-01,8.871256579506043849e+00,1.301410480314349732e-03,8.616814057751800911e-06,1.958300596909552579e-08,1.263937597011860889e-07,8.830916847849161755e+00,7.446458416505431926e-09,2.141902903946234053e-03,3.385243588010417372e-10,2.779932140759081565e-07,1.885696581795241951e-09,1.360370421486980934e-14,3.986887473577861970e-09,5.786386703925391071e-09,3.674292005005107214e-08,9.106916803235449347e-04,1.592417425003359636e-13,6.911422952490756475e-12,3.597662961430184853e-02,9.153044987275181610e-17,3.858307486690964593e-26
3.019999999999999907e-01,8.789586420784189613e+00,1.289323835682094259e-03,8.613681272175866953e-06,2.069848821080261606e-08,4.527690713297352775e-08,8.749618019612327657e+00,1.061387787703106455e-08,2.122184766169422660e-03,4.438008129783707577e-10,4.017312348652947271e-07,1.884968154451206719e-09,1.364343353241683263e-14,5.346046147162710294e-09,8.435917261924815534e-09,5.352569617339906737e-08,9.023078974393014540e-04,1.578741125006983516e-13,7.305107010969831434e-12,3.564542302688707143e-02,1.300612392760064721e-16,5.617947939690938449e-26
3.024999999999999911e-01,8.699690473147263958e+00,1.276049269857491191e-03,8.607431899791503739e-06,2.184629528093556381e-08,7.339437619094366214e-08,8.660130625256531545e+00,1.480611723423995992e-08,2.100480707606910621e-03,5.844197080733911823e-10,5.664016349597905962e-07,1.883553064618595373e-09,1.382439953739486067e-14,7.162020654716460445e-09,1.198316134762420144e-08,7.597611715071444414e-08,8.930797272663939905e-04,1.563915652191640052e-13,7.710199391537235171e-12,3.528085670852676436e-02,1.816195477248596621e-16,7.971843713269681027e-26
3.029999999999999916e-01,8.601814125372452935e+00,1.261650741850536307e-03,8.598130202985499934e-06,2.302538635907171885e-08,1.722413161809978334e-07,8.562698937259202836e+00,2.024868343856447689e-08,2.076850016312727955e-03,7.684829695698433475e-10,7.812877525209206848e-07,1.881465529945125106e-09,1.414733754842128866e-14,9.539707958409075198e-09,1.663660783468905254e-08,1.054021675593211636e-07,8.830323742760849085e-04,1.548059980238177679e-13,8.126332706778581655e-12,3.488392581074391263e-02,2.492136093325022897e-16,1.105713932142222350e-25
3.034999999999999920e-01,8.496222623812343500e+00,1.246177535762745588e-03,8.585957223682703454e-06,2.423643301486296834e-08,2.878876799599258330e-07,8.457587026893012450e+00,2.719055694108550628e-08,2.051356786899212296e-03,1.004820655378864201e-09,1.056715240686567419e-06,1.878745878939964943e-09,1.456583990359735962e-14,1.259597075930540523e-08,2.262913453261410882e-08,1.432617739841635578e-07,8.721930861993063217e-04,1.531305217233492515e-13,8.553743905063645989e-12,3.445570614417015759e-02,3.361964964041822820e-16,1.502670083049802135e-25
3.039999999999999925e-01,8.383199941217725382e+00,1.229661781329472858e-03,8.571157239068319758e-06,2.548133313159026612e-08,3.738316749219557020e-07,8.345077617941800696e+00,3.590079394524286576e-08,2.024069641936729336e-03,1.302869237537317876e-09,1.403930267530293038e-06,1.875448638010779015e-09,1.500326400246200809e-14,1.645829970847703835e-08,3.021545647467665088e-08,1.911458354256276438e-07,8.605910356230579575e-04,1.513793435947526858e-13,8.993102727121200958e-12,3.399734950865813954e-02,4.462270855343955656e-16,2.004733648237860383e-25
3.044999999999999929e-01,8.263047620860282549e+00,1.212122924842972110e-03,8.553954422453254757e-06,2.676213207099206544e-08,4.069484269122756954e-07,8.225470915886017309e+00,4.666360984481268655e-08,1.995061447128173692e-03,1.672546172866125069e-09,1.834914425368304029e-06,1.871623984357392813e-09,1.537842382138830332e-14,2.126275649019363489e-08,3.966813447837002085e-08,2.507521859941484655e-07,8.482571989634821305e-04,1.495675985910826252e-13,9.445130963960579943e-12,3.351007892345789912e-02,5.832101707121435250e-16,2.629706656263753813e-25
3.049999999999999933e-01,8.136083598929559457e+00,1.193577079839426656e-03,8.534472019662996849e-06,2.807973665050787590e-08,3.911518784837575512e-07,8.099083422910020147e+00,5.977189469233717614e-08,1.964409022757703134e-03,2.124103154774919015e-09,2.362133179307193420e-06,1.867299739164635297e-09,1.563136041251938032e-14,2.715115778520946478e-08,5.127206140661809392e-08,3.238500271315504339e-07,8.352242338790163848e-04,1.477111260586195550e-13,9.910148594003508978e-12,3.299518379962970704e-02,7.512146607079114328e-16,3.396139400916363452e-25
3.054999999999999938e-01,8.002640995075543273e+00,1.174047630866407836e-03,8.512686858142859108e-06,2.943293266605551493e-08,3.490818346350112124e-07,7.966246731914594648e+00,7.551918315320367460e-08,1.932192849761120955e-03,2.667931537588379061e-09,2.998217537308153050e-06,1.862471188799132902e-09,1.574090236847156407e-14,3.426749316602144880e-08,6.531740743469733090e-08,4.122347781445137210e-07,8.215263544209038069e-04,1.458261912220879536e-13,1.038772705008386888e-11,3.245401502692253637e-02,9.543697443589351549e-16,4.322857040674704120e-25
3.059999999999999942e-01,7.863066854274985751e+00,1.153573279703281988e-03,8.488439079717331769e-06,3.081813756833144577e-08,3.071329910547091386e-07,7.827306281263348708e+00,9.419018233816414997e-08,1.898496766001141374e-03,3.314294556209461577e-09,3.755581923845733444e-06,1.857103159979713956e-09,1.572888254816322301e-14,4.275360859488932533e-08,8.209108017072445629e-08,5.176737697308765296e-07,8.071992020421457983e-04,1.439291531437323688e-13,1.087660194136571452e-11,3.188797990068208132e-02,1.196740001412588371e-15,5.428390190734039143e-25
3.064999999999999947e-01,7.717720824616150388e+00,1.132210886288785665e-03,8.461495611186582372e-06,3.223005574492813395e-08,2.814392628388229552e-07,7.682620049975207088e+00,1.160500476541837105e-07,1.863407647857492563e-03,4.072972234737536395e-09,4.645984853547189290e-06,1.851144039810344944e-09,1.565057112506188970e-14,5.274422943226961537e-08,1.018668377541071853e-07,6.418437259733844765e-07,7.922797103835541813e-04,1.420360838046444577e-13,1.137490432742585740e-11,3.129853680613815803e-02,1.482181633636676047e-15,6.730319421493155366e-25
3.069999999999999951e-01,7.566973763982580259e+00,1.110032464814933884e-03,8.431644561877731171e-06,3.366305233318998370e-08,2.712459947038589918e-07,7.532557180617287074e+00,1.413326850658470786e-07,1.827015074087700360e-03,4.952822906115279638e-09,5.680042760861305385e-06,1.844546702968420540e-09,1.557543324492521219e-14,6.436144040209708599e-08,1.248942792852796770e-07,7.862615213090278603e-07,7.768059625389342861e-04,1.401623462662811974e-13,1.188064557825426155e-11,3.068718960814804594e-02,1.814183234342827626e-15,8.244549249353412299e-25
3.074999999999999956e-01,7.411206280641454036e+00,1.087117780344559227e-03,8.398785039348216513e-06,3.511276166338302704e-08,2.621755103636217157e-07,7.377496530967182942e+00,1.702284430207080758e-07,1.789410972281502664e-03,5.961284449983746818e-09,6.866711048396737626e-06,1.837288483574794837e-09,1.556517120392127160e-14,7.770878234891826993e-08,1.513870226423808186e-07,9.522102314224992057e-07,7.608170409314514828e-04,1.383221433181435484e-13,1.239228503763773836e-11,3.005548175075202499e-02,2.195695738120317362e-15,9.984532787486002775e-25
3.079999999999999960e-01,7.250807224202524104e+00,1.063545409469733236e-03,8.362977976132923144e-06,3.657732305750393285e-08,2.370726912189343649e-07,7.217825170304214666e+00,2.028716335303341150e-07,1.750689251834311368e-03,7.103852872145101214e-09,8.212749852093988626e-06,1.829382555524114925e-09,1.565629628718944863e-14,9.286516444200054976e-08,1.815104599565692490e-07,1.140662989295452544e-06,7.443528714633279239e-04,1.365280513082663729e-13,1.290916616562430017e-11,2.940499013115291729e-02,2.628957324006132797e-15,1.196047338507934178e-24
3.084999999999999964e-01,7.086172150715751350e+00,1.039385426598232309e-03,8.324438139151719529e-06,3.805774830648403049e-08,1.885622331146835919e-07,7.053936846683598105e+00,2.393283842482887833e-07,1.710945429923047423e-03,8.383581637895563993e-09,9.722194960311220438e-06,1.820876296449725800e-09,1.585228570945275482e-14,1.098788234417993561e-07,2.153695505759916795e-07,1.352207577232776944e-06,7.274540646872255109e-04,1.347905566725112929e-13,1.343164622197903004e-11,2.873731885548389681e-02,3.115320009842350391e-15,1.417853398248742619e-24
3.089999999999999969e-01,6.917701786956939713e+00,1.014696035266377753e-03,8.283469865667129745e-06,3.955723756415493325e-08,1.266950738969205515e-07,6.886230454387232136e+00,2.795853668790148494e-07,1.670276257665324459e-03,9.800641231278409787e-09,1.139585654682543461e-05,1.811837155925881110e-09,1.612668300941454435e-14,1.287615866134164749e-07,2.529971651773281361e-07,1.586975001079420838e-06,7.101617570433706519e-04,1.331176147453162176e-13,1.396085481299040156e-11,2.805409299529725356e-02,3.655085400851307960e-15,1.664008821646516492e-24
3.094999999999999973e-01,6.745800514492973576e+00,9.895248713874032955e-04,8.240370479191838643e-06,4.107965746635206245e-08,7.739285929317222628e-08,6.715108525547680784e+00,3.235399675568346785e-07,1.628779352386840098e-03,1.135196696352794159e-08,1.323086968599899814e-05,1.802331294873885148e-09,1.643473275279315829e-14,1.494837098930002543e-07,2.943435281417148724e-07,1.844575475667732551e-06,6.925174546720163152e-04,1.315142515384013143e-13,1.449815676127055782e-11,2.735695244253355529e-02,4.247357476297943728e-15,1.934104922691356887e-24
3.099999999999999978e-01,6.570874886006882853e+00,9.639139924102251228e-04,8.195337455865016451e-06,4.262772321669946042e-08,7.175264518483347150e-08,6.540975759224977537e+00,3.709924585868690917e-07,1.586552839321807122e-03,1.303100857371020211e-08,1.522032084843136679e-05,1.792402966917343870e-09,1.672864668836953888e-14,1.719695662489776169e-07,3.392673145197505774e-07,2.124045277647920632e-06,6.745628812055945748e-04,1.299822291944991101e-13,1.504451049517300366e-11,2.664754591707050452e-02,4.889920361242677125e-15,2.227131240155111881e-24
3.104999999999999982e-01,6.393332177573435082e+00,9.379063570364952734e-04,8.148413625748954545e-06,4.420155452186046415e-08,1.307087208251537151e-07,6.364237589256522831e+00,4.216406960320960297e-07,1.543695003164629242e-03,1.482758268314095051e-08,1.735297361232324568e-05,1.782062247127464197e-09,1.697113362653871053e-14,1.960944494207088734e-07,3.875289400618755942e-07,2.423807777236033492e-06,6.563398297098414465e-04,1.285197947271354711e-13,1.559995837937019144e-11,2.592752513222968541e-02,5.579148698874742955e-15,2.541434677965205087e-24
3.109999999999999987e-01,6.213578973892321500e+00,9.115512864206301883e-04,8.099489881194740657e-06,4.579814886108877584e-08,2.520807617936713265e-07,6.185298783355016816e+00,4.750778034449560033e-07,1.500303947734416693e-03,1.672782246203707912e-08,1.961311461429382150e-05,1.771285462738223459e-09,1.714331401478281768e-14,2.216827344516441367e-07,4.387865364138844993e-07,2.741651636750874215e-06,6.378900180274572462e-04,1.271215294819404853e-13,1.616344079916458120e-11,2.519853908758422356e-02,6.309957495764695869e-15,2.874696644360921099e-24
3.114999999999999991e-01,6.032019780621182825e+00,8.849070145094290211e-04,8.048362956540753221e-06,4.741197903071418020e-08,4.064875695848951544e-07,6.004562063036822828e+00,5.307932096061421744e-07,1.456477261296253807e-03,1.871421920884909390e-08,2.198053731619611028e-05,1.760027845346896581e-09,1.724577370153574446e-14,2.485075984547385466e-07,4.925950287343982319e-07,3.074728663634134470e-06,6.192549464742597154e-04,1.257783135863625220e-13,1.673300703568030071e-11,2.446222844662734527e-02,7.075797163199858106e-15,3.223930798392673687e-24
3.119999999999999996e-01,5.849055659156423559e+00,8.580396752331908693e-04,7.994825399657322563e-06,4.903650262344335857e-08,5.451062185477150958e-07,5.822426737439412747e+00,5.881772901814761006e-07,1.412311685905687361e-03,2.076575638464898092e-08,2.443067656652253425e-05,1.748243392168543889e-09,1.729412759756478608e-14,2.762924535305387677e-07,5.484086313881397015e-07,3.419573141893315383e-06,6.004757571893141240e-04,1.244774156129938028e-13,1.730634799348508159e-11,2.372021997102373436e-02,7.868697952114584078e-15,3.585503316475955251e-24
3.125000000000000000e-01,5.665082883418586235e+00,8.310194285484130174e-04,7.938753657131513767e-06,5.066603005577842470e-08,6.172141298919681529e-07,5.639287351966736139e+00,6.465297241318283014e-07,1.367902791029927158e-03,2.285814435093318294e-08,2.693490134342963176e-05,1.735904417724091142e-09,1.731204408009965091e-14,3.047141803602689495e-07,6.055869523691971701e-07,3.772143661832122355e-06,5.815930952448005852e-04,1.232027129146011295e-13,1.788145547730368007e-11,2.297412101526932759e-02,8.679366130320491674e-15,3.955176748696676813e-24
3.130000000000000004e-01,5.480491623593921169e+00,8.039153889493248859e-04,7.880162226078527092e-06,5.229726626024242965e-08,5.909756838592783162e-07,5.455532361577194678e+00,7.050715214077508197e-07,1.323344653824831685e-03,2.496416933726582375e-08,2.946096670590408348e-05,1.723013687781918627e-09,1.732475415555754380e-14,3.334081783361196412e-07,6.634047536446327910e-07,4.127887556402737136e-06,5.626469725272712592e-04,1.219350427757458263e-13,1.845716630516950006e-11,2.222551412174442881e-02,9.497332154270886289e-15,4.328177578829700629e-24
3.135000000000000009e-01,5.295664666497702733e+00,7.767912720126610767e-04,7.819205835953358156e-06,5.392996916158892588e-08,4.689669077123873194e-07,5.271542844924646865e+00,7.629605160585701741e-07,1.278729549968975025e-03,2.705416966943830490e-08,3.197361913295376789e-05,1.709605092085602428e-09,1.735486153733352577e-14,3.619751695944343962e-07,7.210652589764897981e-07,4.481827074538216354e-06,5.436766360514750426e-04,1.206526788845646831e-13,1.903339472002547983e-11,2.147595178220070011e-02,1.031114883777492053e-14,4.699286576572187819e-24
3.140000000000000013e-01,5.110976184945651646e+00,7.497031920772768282e-04,7.756131787718360549e-06,5.556650462863375831e-08,2.914308717174735333e-07,5.087691277247659016e+00,8.193099563955415644e-07,1.234147659335092491e-03,2.909664481199211878e-08,3.443534242534585508e-05,1.695733256569156886e-09,1.742054561810803016e-14,3.899896139688722699e-07,7.777167403506643725e-07,4.828665424615073792e-06,5.247204425315164268e-04,1.193319219193635241e-13,1.961097534622035314e-11,2.072695143858578615e-02,1.110863522559420303e-14,5.062949984816632021e-24
3.145000000000000018e-01,4.926790568775887280e+00,7.227000796068082898e-04,7.691202931530637224e-06,5.721049141706355341e-08,1.247756521045420107e-07,4.904340376607565943e+00,8.732096697138696128e-07,1.189686789951320198e-03,3.105898963271950339e-08,3.680722453514883756e-05,1.681456565430089668e-09,1.753492771176553693e-14,4.170095139128302881e-07,8.324719569687639603e-07,5.162909855599496895e-06,5.058157406846385765e-04,1.179477875633254392e-13,2.019118498574242987e-11,1.997999078268706055e-02,1.187715965782203942e-14,5.413408572218650694e-24
3.150000000000000022e-01,4.743461328283919975e+00,6.958261510987230267e-04,7.624621392914442700e-06,5.886506113657831974e-08,3.865607315368308935e-08,4.721842031429273945e+00,9.237491416995005641e-07,1.145432122066172322e-03,3.290833078768694559e-08,3.904991943765503129e-05,1.666820226903301136e-09,1.770508976664669110e-14,4.425873170380593638e-07,8.844298751457071460e-07,5.479008061118327001e-06,4.869987620487038044e-04,1.164747703171559552e-13,2.077512854959486782e-11,1.923650338699784898e-02,1.260395348043639252e-14,5.744840656050538697e-24
3.155000000000000027e-01,4.561330077645254555e+00,6.691241579498841824e-04,7.556480846246261876e-06,6.053138253671351717e-08,7.980754973056255619e-08,4.540536310030926614e+00,9.700417378674980282e-07,1.101465972346062864e-03,3.461242835903751653e-08,4.112467281713705445e-05,1.651845550972301661e-09,1.793005984794124909e-14,4.662815629574261874e-07,9.326989714608779920e-07,5.771493442083135714e-06,4.683045203376105716e-04,1.148876573694970102e-13,2.136321827394544987e-11,1.849787466960113938e-02,1.327644513232212163e-14,6.051514414209083975e-24
3.160000000000000031e-01,4.380725602357381732e+00,6.426380013055733344e-04,7.486762453658231108e-06,6.220797443668896943e-08,2.526292229699457822e-07,4.360750547636890850e+00,1.011249213006445772e-06,1.057867576958119830e-03,3.614059734994051813e-08,4.299437621657272861e-05,1.636528842688851638e-09,1.819848621368925032e-14,4.876688739891078614e-07,9.764213224708282754e-07,6.035134190761830508e-06,4.497667188179890079e-04,1.131623637578550915e-13,2.195493126536819905e-11,1.776543817471524719e-02,1.388260302118848823e-14,6.327944204609561041e-24
3.165000000000000036e-01,4.201963011601055342e+00,6.164137251427266899e-04,7.415372044600298176e-06,6.389101323382829601e-08,5.144764331253480281e-07,4.182798504876309664e+00,1.046605609962696758e-06,1.014712891918942211e-03,3.746460212106663471e-08,4.462461166155003470e-05,1.620849453360753426e-09,1.848786083967032445e-14,5.063558587340009523e-07,1.014796618354100663e-06,6.265080799440219826e-06,4.314176650333191240e-04,1.112767582859685374e-13,2.254891805097079954e-11,1.704047214446697406e-02,1.441127477332676637e-14,6.569045232919915182e-24
3.170000000000000040e-01,4.025342974141568497e+00,5.904986678238613798e-04,7.342200788760471773e-06,6.557545851129362144e-08,7.883586705240117905e-07,4.006979593993088784e+00,1.075439644678519269e-06,9.720744096266795446e-04,3.855948193381547544e-08,4.598464779779228137e-05,1.604783131758582259e-09,1.876726956245646340e-14,5.219904856088381140e-07,1.047105209583151528e-06,6.457006475714513854e-06,4.132881924300340834e-04,1.092114492495273889e-13,2.314339984584012812e-11,1.632419636651695483e-02,1.485251016412380864e-14,6.770280782594225053e-24
3.175000000000000044e-01,3.851151035104478648e+00,5.649393263507852423e-04,7.267184298983142740e-06,6.725652395390158028e-08,9.891832163611425426e-07,3.833578173475736595e+00,1.097194711590302167e-06,9.300209915862620372e-04,3.940427519137755040e-08,4.704834938268954878e-05,1.588315161515748605e-09,1.900447318413753795e-14,5.342724913120196894e-07,1.072729307749345298e-06,6.607235077347215857e-06,3.954075889040748284e-04,1.069504999701283235e-13,2.373668767506280290e-11,1.561776930042315520e-02,1.519785533827903254e-14,6.927796358444051334e-24
3.180000000000000049e-01,3.679657010627654046e+00,5.397789574327479731e-04,7.190338069667430973e-06,6.893092157677328303e-08,1.054339473819192825e-06,3.662862916332219498e+00,1.111445721474080958e-06,8.886177184461308953e-04,3.998262057143540493e-08,4.779496455292644563e-05,1.571448376747973964e-09,1.917605778031354997e-14,5.429624172106501777e-07,1.091171514542013454e-06,6.712851562547456004e-06,3.778035327563610685e-04,1.044820463875602544e-13,2.432762147748172534e-11,1.492228550402985472e-02,1.544060681069377283e-14,7.038535496579199566e-24
3.185000000000000053e-01,3.511114457899108476e+00,5.150559425415297907e-04,7.111758479530855114e-06,7.059743435906845595e-08,9.673905198821529042e-07,3.495086259740280532e+00,1.117912099536823727e-06,8.479257590925083849e-04,4.028322211283390287e-08,4.820975856529850540e-05,1.554203608085983909e-09,1.927735748888535393e-14,5.478889140369296794e-07,1.102069944924484611e-06,6.771790572752873596e-06,3.605020368105970631e-04,1.017987924021880939e-13,2.491577217274652031e-11,1.423877339137536238e-02,1.557601516915726729e-14,7.100332645024137289e-24
3.190000000000000058e-01,3.345760219300509597e+00,4.908035189408236319e-04,7.031593148258873457e-06,7.225666431618475512e-08,7.658083480333204126e-07,3.330483943249923584e+00,1.116466419858273363e-06,8.080022604391154167e-04,4.030017077118893372e-08,4.828446849529579460e-05,1.536613311560583957e-09,1.932790491900731939e-14,5.489540202690812178e-07,1.105209337939936697e-06,6.782899597676935195e-06,3.435274013984757568e-04,9.889836314841765213e-14,2.550135270875468384e-11,1.356819335135598346e-02,1.560143031631325453e-14,7.111979392535642373e-24
3.195000000000000062e-01,3.183814041077591916e+00,4.670508352458064335e-04,6.949996170782333851e-06,7.391013559049768161e-08,5.293486691387783028e-07,3.169274639394286996e+00,1.107138326217967480e-06,7.689002587758100122e-04,4.003311698611200754e-08,4.801756041249803501e-05,1.518711740684037749e-09,1.936899556164693152e-14,5.461361992700839410e-07,1.100527705516790585e-06,6.745974177820426908e-06,3.269021765853917169e-04,9.578350174755785602e-14,2.608490147251985574e-11,1.291143624285630634e-02,1.551638240166982710e-14,7.073261377488472427e-24
3.200000000000000067e-01,3.025478268813457383e+00,4.438247132145025915e-04,6.867088156722281609e-06,7.555917049354672555e-08,3.527530000333197439e-07,3.011659675911157130e+00,1.090113580487094001e-06,7.306686124450595832e-04,3.948728886836024488e-08,4.741427849735887899e-05,1.500526037538807350e-09,1.945252069037860026e-14,5.394910108368785904e-07,1.088118248671282851e-06,6.661763729474032180e-06,3.106471335415245680e-04,9.246210113976874542e-14,2.666688556931659665e-11,1.226932226309588973e-02,1.532259519324228716e-14,6.984964393439898746e-24
3.205000000000000071e-01,2.870937623486974566e+00,4.211512260742133118e-04,6.782936860279089077e-06,7.720401009082262226e-08,3.123491682688996226e-07,2.857822844683651553e+00,1.065728278724384802e-06,6.933519546581537810e-04,3.867335092993866999e-08,4.648648403264222975e-05,1.482071757468991535e-09,1.962367930579698808e-14,5.291493897010247469e-07,1.068226462901798347e-06,6.531947775991723397e-06,2.947812445533002810e-04,8.894706910337809461e-14,2.724739041241123330e-11,1.164260016926494008e-02,1.502393139515523373e-14,6.848849464956991328e-24
3.210000000000000075e-01,2.720359062489940083e+00,3.990563354862609055e-04,6.697563869172840626e-06,7.884350875480736778e-08,4.385679341719436241e-07,2.707930290530500717e+00,1.034458472043469866e-06,6.569906648192416331e-04,3.760710086122676369e-08,4.525229077673829930e-05,1.463354107531675914e-09,1.990315374523038693e-14,5.153136017269730809e-07,1.041242550852796858e-06,6.359083577490937605e-06,2.793216709785684604e-04,8.525603127051934580e-14,2.782601189103254223e-11,1.103194682546281349e-02,1.462627219582979936e-14,6.667597934307830407e-24
3.215000000000000080e-01,2.573891729193158007e+00,3.775652881489694824e-04,6.610971098366469523e-06,8.047546384530841100e-08,7.044364081791041836e-07,2.562130473689912868e+00,9.969056144816373029e-07,6.216208569326752385e-04,3.630900772686983249e-08,4.373551148122166893e-05,1.444373607170676898e-09,2.027547932940875308e-14,4.982510430283592220e-07,1.007689450787515922e-06,6.146527309326619506e-06,2.642837585341061089e-04,8.141088353685198333e-14,2.840197270457061388e-11,1.043796704986016226e-02,1.413733599382440261e-14,6.444728813970262710e-24
3.220000000000000084e-01,2.431666992367652380e+00,3.567010489183135855e-04,6.523172756139335574e-06,8.209736608866300310e-08,1.034420010870106288e-06,2.420554202656954423e+00,9.537784244348647650e-07,5.872743843832829496e-04,3.480360374899630938e-08,4.196493784534011790e-05,1.425133078946043779e-09,2.068892004174978512e-14,4.782861332251179894e-07,9.682069646730171856e-07,5.898331990843646644e-06,2.496810396049728084e-04,7.743721140947222491e-14,2.897438718724161197e-11,9.861193748477319054e-03,1.356644366444304186e-14,6.184491762000758980e-24
3.225000000000000089e-01,2.293798573327183732e+00,3.364824888989256108e-04,6.434217226384490035e-06,8.370719004939890597e-08,1.330633655992674990e-06,2.283314737482247558e+00,9.058718818467891526e-07,5.539788612419255416e-04,3.311875198636968543e-08,3.997348264067360712e-05,1.405642562180950345e-09,2.106843333492657367e-14,4.557906274608699170e-07,9.235326212288850216e-07,5.619126259278343265e-06,2.355252426296390285e-04,7.336359920658119332e-14,2.954254029710003889e-11,9.302088336017909700e-03,1.292423978337337788e-14,5.891739973924508452e-24
3.230000000000000093e-01,2.160382754879019984e+00,3.169231676503384237e-04,6.344189057792194950e-06,8.530385323956160712e-08,1.507129606634677099e-06,2.150507966030740015e+00,8.540441840039281947e-07,5.217577008491250173e-04,3.128482147590434082e-08,3.779721778673258813e-05,1.385919955314640907e-09,2.133850362511937129e-14,4.311727292894821541e-07,8.744800299575047101e-07,5.313978777560590815e-06,2.218263088681595645e-04,6.922085630971236190e-14,3.010604967151600084e-11,8.761041453937102111e-03,1.222238081820476505e-14,5.571788012254598757e-24
3.235000000000000098e-01,2.031498663126735771e+00,2.980313020043194269e-04,6.253191090243813546e-06,8.688714577267161940e-08,1.520018601075874123e-06,2.022212655838835360e+00,7.991925442091255147e-07,4.906301724770013601e-04,2.933380769729156226e-08,3.547434558769303097e-05,1.365987319335423253e-09,2.144854483203276948e-14,4.048654257650630005e-07,8.219155665259558442e-07,4.988253528680542840e-06,2.085924168795072714e-04,6.504119063037164972e-14,3.066484083388121781e-11,8.238373996492562301e-03,1.147320236477752615e-14,5.230260081076551635e-24
3.240000000000000102e-01,1.907208611836052503e+00,2.798110090395542426e-04,6.161316165069210079e-06,8.845718866732805475e-08,1.382676951106505759e-06,1.898490781882951950e+00,7.422287376663048302e-07,4.606114763118086103e-04,2.729843829893305918e-08,3.304414201644457463e-05,1.345864835317468480e-09,2.139189356422188648e-14,3.773144856598098655e-07,7.667342744928429737e-07,4.647461465508017592e-06,1.958300147963581495e-04,6.085736093185226981e-14,3.121895605449115758e-11,7.734338446053394198e-03,1.068937800228113934e-14,4.872934479777263003e-24
3.245000000000000107e-01,1.787558499971064307e+00,2.622643631849506008e-04,6.068622696833355027e-06,9.001370259172324639e-08,1.160680551423951877e-06,1.779387926640681128e+00,6.840552777584862593e-07,4.317128360440051875e-04,2.521130180674481763e-08,3.054591081535761054e-05,1.325565492091815665e-09,2.121100229224460560e-14,3.489665612997006911e-07,7.098358720410400862e-07,4.297113949386045007e-06,1.835438600795907327e-04,5.670183959123353161e-14,3.176829631291765244e-11,7.249120502924383952e-03,9.883582259431906502e-15,4.505589932661060757e-24
3.249999999999999556e-01,1.672578255925124768e+00,2.453934482363492420e-04,5.975126593778751066e-06,9.155546074715754807e-08,9.484054442333493686e-07,1.664933744824794726e+00,6.255430458592092142e-07,4.039416073732107542e-04,2.310403154108426248e-08,2.801798533024773514e-05,1.305093229922182368e-09,2.098594511942368213e-14,3.202578145996774048e-07,6.521017160556743643e-07,3.942583132742905033e-06,1.717370660191676031e-04,5.260601584605875506e-14,3.231242824556010208e-11,6.782840978643410283e-03,9.068169545194138741e-15,4.133859199613331008e-24
3.255000000000000115e-01,1.562282325981135367e+00,2.292015651561555472e-04,5.880814503574946773e-06,9.308021905286905431e-08,8.357760011776241683e-07,1.555142482682086325e+00,5.675111031966974700e-07,3.773014001159747744e-04,2.100656985016215400e-08,2.549681155192052879e-05,1.284445664898503769e-09,2.080925508521095337e-14,2.916034499542795026e-07,5.943735026353864055e-07,3.588973942246973620e-06,1.604111539862332759e-04,4.859946668565676126e-14,3.285055953929898723e-11,6.335557911573040483e-03,8.254879751515778666e-15,3.763094850069802650e-24
3.259999999999999565e-01,1.456670208268087352e+00,2.136930857882183687e-04,5.785673512123681197e-06,9.458519891307793241e-08,8.770600941350839842e-07,1.450013541749443968e+00,5.107092900849727212e-07,3.517922115828150389e-04,1.894653071797164211e-08,2.301614103501860555e-05,1.263620391760929081e-09,2.075526905972686272e-14,2.633884830104806373e-07,5.374343778690916021e-07,3.241011632518062952e-06,1.495661104341423106e-04,4.470931853017331668e-14,3.338170933685960101e-11,5.907268863608871289e-03,7.454579657806876553e-15,3.398251362767008948e-24
3.265000000000000124e-01,1.355727035557748428e+00,1.988719875688661353e-04,5.689724596255082059e-06,9.606793820527795546e-08,1.072707245962499036e-06,1.349532079399399898e+00,4.558040733062034657e-07,3.274105694569107009e-04,1.694867298628397572e-08,2.060635648703915325e-05,1.242622154918487741e-09,2.085457548533140340e-14,2.359600080978686013e-07,4.819930018824910406e-07,2.902948047573576083e-06,1.392004478890677076e-04,4.095971795005229681e-14,3.390500858608988842e-11,5.497913366766801063e-03,6.677047352575906546e-15,3.043786840555345950e-24
3.269999999999999574e-01,1.259424209813459372e+00,1.847396437828642112e-04,5.593044782571218363e-06,9.752713976067981602e-08,1.370392560711254360e-06,1.253669642362700287e+00,4.033679446619801749e-07,3.041496833133336820e-04,1.503449219697359981e-08,1.829394620729432605e-05,1.221467644180823679e-09,2.108279536706672188e-14,2.096211519436909606e-07,4.286709603060419255e-07,2.578488795618747482e-06,1.293112695587290799e-04,3.737142420256147413e-14,3.441999949236662106e-11,5.107375504117400537e-03,5.930804746046667735e-15,2.703586652841479999e-24
3.275000000000000133e-01,1.167720088446822846e+00,1.712927593250962617e-04,5.495767180542791337e-06,9.896311858341849517e-08,1.684479722048855223e-06,1.162384833081344215e+00,3.538725111122873277e-07,2.819996047770862747e-04,1.322193599784835466e-08,1.610113656637642967e-05,1.200185558650582464e-09,2.136812043732531871e-14,1.846268214133291706e-07,3.779937586068672755e-07,2.270742563081940746e-06,1.198943375556633267e-04,3.396153059876734188e-14,3.492679334412433050e-11,4.735486624469956336e-03,5.223000994956083016e-15,2.380910291032462023e-24
3.279999999999999583e-01,1.080560717650217661e+00,1.585223052598671591e-04,5.398057113137432579e-06,1.003775975693242168e-07,1.926597274768548533e-06,1.075624010704021805e+00,3.076852577373217173e-07,2.609473967638087453e-04,1.152524530555105961e-08,1.404568471465166001e-05,1.178811525025067560e-09,2.161543991241118103e-14,1.611812727158266701e-07,3.303854744751566072e-07,1.982192816655129627e-06,1.109441449233434542e-04,3.074331596252983858e-14,3.542599839726733553e-11,4.382028198187419218e-03,4.559347413653155584e-15,2.078361697841307685e-24
3.285000000000000142e-01,9.978806034624041477e-01,1.464139297633283081e-04,5.300072674248187493e-06,1.017728690124255585e-07,2.036269905680538333e-06,9.933220279536034703e-01,2.650698166153876455e-07,2.409773120780833939e-04,9.954920138593975757e-09,1.214082703873463158e-05,1.157379639894355840e-09,2.173889205259529533e-14,1.394374529801298332e-07,2.861669896336013015e-07,1.714691215407701386e-06,1.024539915839148480e-04,2.772622198877894346e-14,3.591842392263076508e-11,4.046734819141326565e-03,3.944102314221668723e-15,1.797882359684546090e-24
3.289999999999999591e-01,9.196035080082226587e-01,1.349497560284076687e-04,5.201924950540269158e-06,1.031506155465290317e-07,2.000839872480736276e-06,9.154030021666765826e-01,2.261894442213945441e-07,2.220709809088756569e-04,8.517804786873702028e-09,1.039537285671375002e-05,1.135913909148364108e-09,2.169150663196243541e-14,1.194979960737233798e-07,2.455575822455091117e-07,1.469471221308578521e-06,9.441606401574903983e-05,2.491594741329289966e-14,3.640466405565759956e-11,3.729297345880748862e-03,3.380102300476476148e-15,1.540765577229120482e-24
3.295000000000000151e-01,8.456432577642651882e-01,1.241109420951080097e-04,5.103653924244524949e-06,1.045108520191626061e-07,1.858036453790788932e-06,8.417811146524225574e-01,1.911133023858133786e-07,2.042076057334988736e-04,7.217281936727325334e-09,8.813927712597845334e-06,1.114423041622679237e-09,2.148148497052021870e-14,1.014176960275910504e-07,2.086795405833688082e-07,1.247179690697618362e-06,8.682151803371033040e-05,2.231464579245194042e-14,3.688472432624399447e-11,3.429366158171757908e-03,2.868834916896341566e-15,1.307689589108850146e-24
3.299999999999999600e-01,7.759045529902435234e-01,1.138800824587840100e-04,5.005230318274865608e-06,1.058514337241799719e-07,1.680909806261715465e-06,7.723614287697780911e-01,1.598250569307762705e-07,1.873641612160007039e-04,6.053560222662091458e-09,7.397226590959811344e-06,1.092900824177338559e-09,2.116933623095265136e-14,8.520723560854447687e-08,1.755653624153113585e-07,1.047923677360138266e-06,7.966056365304975077e-05,1.992121052643663328e-14,3.735784807450179180e-11,3.146554489793625987e-03,2.410546283700651003e-15,1.098766645160670871e-24
3.305000000000000160e-01,7.102837718678898238e-01,1.042425903528826364e-04,4.906583632151473717e-06,1.071683752808130421e-07,1.551088328098584336e-06,7.070407152440538745e-01,1.322332558525942369e-07,1.715155962191553321e-04,5.024035384402621711e-09,6.142554545732301519e-06,1.071332148444646218e-09,2.084688256214851669e-14,7.083791566697864888e-08,1.461670356918056454e-07,8.713292958360703205e-07,7.292255082051051808e-05,1.773162864157096680e-14,3.782262897042790919e-11,2.880441790828210287e-03,2.004376470165196433e-15,9.136047249641251418e-25
3.309999999999999609e-01,6.486697679063017086e-01,9.518658777877146205e-05,4.807646355630754148e-06,1.084569134158616831e-07,1.530212901548989030e-06,6.457082739879747013e-01,1.081829257022839659e-07,1.566350352236484003e-04,4.123702620149918447e-09,5.044230671024971276e-06,1.049702540556891848e-09,2.060559151939777268e-14,5.824711322272958823e-08,1.203668559196738958e-07,7.166092872046716054e-07,6.659605487101648703e-05,1.573938380001073944e-14,3.827738608351132024e-11,2.630577075709103745e-03,1.648514883247817999e-15,7.513783810539260489e-25
3.315000000000000169e-01,5.909446630869805706e-01,8.670139563209577818e-05,4.708397935637059748e-06,1.097129481997847324e-07,1.639639266327489481e-06,5.882467447966495122e-01,8.746782938790910231e-08,1.426939772002341401e-04,3.345597283296089735e-09,4.094131013768554560e-06,1.028007652351534817e-09,2.050544057921689113e-14,4.734419239114618835e-08,9.798922380358572211e-08,5.826358947355811092e-07,6.066896088825538647e-05,1.393588897656116630e-14,3.872067252618431855e-11,2.396482225944689733e-03,1.340367868288016938e-15,6.109051496270393907e-25
3.319999999999999618e-01,5.369846407175684622e-01,7.877524048219703952e-05,4.608892044837686338e-06,1.109343312925144793e-07,1.855139403906797612e-06,5.345329035980268539e-01,6.984285834463618616e-08,1.296624910305550901e-04,2.681242667663018563e-09,3.282226850294625467e-06,1.006259157744565686e-09,2.055521073943564935e-14,3.801660112080071294e-08,7.881288152308453235e-08,4.680157805193558920e-07,5.512854659349814929e-05,1.231093011947465318e-14,3.915173011020275797e-11,2.177655233995946446e-03,1.076731003128176114e-15,4.907241012860156561e-25
3.325000000000000178e-01,4.866607405886860249e-01,7.139307873125976477e-05,4.509257030465466997e-06,1.121215063688881270e-07,2.117726214497586622e-06,4.844384448623063610e-01,5.503608310644430174e-08,1.175094075318550396e-04,2.121086694319156762e-09,2.597116578890080729e-06,9.844848596589906921e-10,2.071088919914770691e-14,3.013590674715970518e-08,6.258308431087894446e-08,3.711639760422888807e-07,4.996156379416461841e-05,1.085310373736509148e-14,3.957071537646445440e-11,1.973573390767189607e-03,8.539591694214016148e-16,3.891733789136007680e-25
3.329999999999999627e-01,4.398396553677879628e-01,6.453537939686828317e-05,4.409669574932709757e-06,1.132772367718285165e-07,2.355977931928251194e-06,4.378307528976324026e-01,4.276005415931471905e-08,1.062025086676856065e-04,1.654913043898232693e-09,2.026532132898451321e-06,9.627230056359085450e-10,2.089231672783326814e-14,2.356355263063421189e-08,4.902326171471936866e-08,2.903742335434817779e-07,4.515431864652425485e-05,9.550233549753381502e-15,3.997860348842965499e-11,1.783696427820250776e-03,6.681283450349073654e-16,3.044639617841039972e-25
3.335000000000000187e-01,3.963845226018055667e-01,5.817833304531152801e-05,4.310311586524275639e-06,1.144054928494904503e-07,2.511413735869715388e-06,3.945736643833602786e-01,3.272202446015722749e-08,9.570871444973660784e-05,1.272215917191285895e-09,1.557804080653213720e-06,9.410129717390583531e-10,2.101175928462639370e-14,1.815615443843561900e-08,3.784579527590208749e-08,2.238836010530649764e-07,4.069275095285255074e-05,8.389753925005015959e-15,4.037679555926568991e-11,1.607469623890593960e-03,5.151841106431333198e-16,2.347473732018796390e-25
3.339999999999999636e-01,3.561557029341737568e-01,5.229541454985652573e-05,4.211326322510699249e-06,1.155098875045475567e-07,2.557846955004935730e-06,3.545282218917445438e-01,2.463285092697963725e-08,8.599426742091356918e-05,9.625306817861254243e-10,1.178273222696871651e-06,9.193857731187195209e-10,2.100405599949979345e-14,1.377019556233355627e-08,2.876162120735150292e-08,1.699295507984371276e-07,3.656251245045618762e-05,7.359050641186579548e-15,4.076656653285239289e-11,1.444326874690031893e-03,3.910730294114384804e-16,1.781755803283745493e-25
3.345000000000000195e-01,3.190115335547610287e-01,4.685972862519600555e-05,4.112789547377661625e-06,1.165922217175781726e-07,2.508280029855591855e-06,3.175534144346298659e-01,1.821441947398602990e-08,7.702491372511065617e-05,7.157150764958343016e-10,8.756402975049678930e-07,8.978578211964595227e-10,2.084779389349663107e-14,1.026602426540005097e-08,2.148845284234442342e-08,1.267985170314672385e-07,3.274904367243927574e-05,6.445752397025102018e-15,4.114855187754001949e-11,1.293693709849258640e-03,2.918542694139110767e-16,1.329518867558883940e-25
3.349999999999999645e-01,2.848090470799226614e-01,4.184629543180250818e-05,4.014705421703387112e-06,1.176516654935656114e-07,2.407689399605099187e-06,2.835068977544123459e-01,1.320552216561056408e-08,6.876607898030810489e-05,5.221776105813543768e-10,6.382491525956901960e-07,8.764300292514488719e-10,2.057053993327746146e-14,7.511097980117362393e-09,1.575750327199528094e-08,9.286521624996534612e-08,2.923764862339229241e-05,5.637969345520700760e-15,4.152245853582860758e-11,1.154990227339168594e-03,2.137900273340942824e-16,9.737216037700034881e-26
3.355000000000000204e-01,2.534046495931936982e-01,3.723348357103460214e-05,3.917027343607766171e-06,1.186848676841926111e-07,2.315145590187348513e-06,2.522456854772588963e-01,9.366191857210573173e-09,6.118303679782439064e-05,3.730516556842109216e-10,4.553022418626458129e-07,8.550923188527091618e-10,2.023709248653139950e-14,5.382460473387092712e-09,1.131866935402437922e-08,6.662260483399212717e-08,2.601356635308567535e-05,4.924477610448304464e-15,4.188710369569058492e-11,1.027633909186613168e-03,1.534144205876584850e-16,6.985624452367264127e-26
3.359999999999999654e-01,2.246547562372748497e-01,3.300313983880092121e-05,3.819694855066031839e-06,1.196869489387183626e-07,2.282276380976708209e-06,2.236268030044447352e-01,6.480566176677201862e-09,5.424106798716595051e-05,2.603157565133915520e-10,3.170104193164048055e-07,8.338316065660201131e-10,1.992575243327948052e-14,3.768473417180024090e-09,7.944210557681076726e-09,4.670275560350160068e-08,2.306203859382188807e-05,4.294851175627095263e-15,4.224076523698743603e-11,9.110422853878025109e-04,1.075814957235554909e-16,4.896984751896818913e-26
3.365000000000000213e-01,1.984163869400516755e-01,2.913946067827077202e-05,3.722672401613146077e-06,1.206530138469187924e-07,2.335918831131537616e-06,1.975078988662107016e-01,4.358406707995183518e-09,4.790560918740467976e-05,1.768629350125308993e-10,2.146816004005405936e-07,8.126401955019682869e-10,1.970156260652021319e-14,2.569853789331189631e-09,5.431017186610154935e-09,3.188929048389541899e-08,2.036837292448230916e-05,3.739544618309560986e-15,4.258171540950593194e-11,8.046354245272030470e-04,7.349381878012986660e-17,3.343757871461995756e-26
3.369999999999999662e-01,1.745477272169643213e-01,2.562710836654422364e-05,3.625975998328578542e-06,1.215796393315353873e-07,2.470783277178730227e-06,1.737478121669327746e-01,2.835439547806317578e-09,4.214239062114640846e-05,1.165240358543200836e-10,1.407548827015179685e-07,7.915215512136600229e-10,1.959598990969798378e-14,1.700091568328710351e-09,3.601610615686332314e-09,2.112228186058492422e-08,1.791800132968791301e-05,3.249931816294768453e-15,4.290874612379716578e-11,7.078382455158028054e-04,4.871374643267776862e-17,2.214808784089448705e-26
3.375000000000000222e-01,1.529086588591887785e-01,2.244932627562832910e-05,3.529679274854540464e-06,1.224658197434373352e-07,2.653977615160926231e-06,1.522070983181339210e-01,1.772709720659732545e-09,3.691756353810397081e-05,7.405209860279329389e-11,8.878812761732743041e-08,7.704916136843114899e-10,1.959961871200333811e-14,1.085338051357039318e-09,2.304052457693164000e-09,1.349672649878655800e-08,1.569653439225166853e-05,2.818306941349238500e-15,4.322150249365709363e-11,6.200826593970779456e-04,3.115991653377142400e-17,1.415246507297294983e-26
3.379999999999999671e-01,1.333612629520466719e-01,1.958676754792358052e-05,3.433898569491184726e-06,1.233130604418340307e-07,2.838874229825899102e-06,1.327485172784656220e-01,1.055154789973090013e-09,3.219781840900118970e-05,4.507597673945579958e-11,5.340781130323616078e-08,7.495755721566037086e-10,1.966934576749058533e-14,6.638640223097622120e-10,1.410960097144852822e-09,8.255804523795106140e-09,1.368981156665616044e-05,2.437854738997060682e-15,4.352051585333914159e-11,5.408095584087686120e-04,1.909174631700270143e-17,8.657173112465713022e-27
3.385000000000000231e-01,1.157702941214307779e-01,1.701744885209479789e-05,3.338764428007449909e-06,1.241246265044195563e-07,2.982649561380503862e-06,1.152374884203457295e-01,5.896036210864702055e-10,2.795049490725454329e-05,2.603173894941046913e-11,3.023019830327108446e-08,7.288016947644293101e-10,1.974630903187365959e-14,3.851895570669584218e-10,8.178336250508592777e-10,4.780167836840688227e-09,1.188394797124098119e-05,2.102597303795858635e-15,4.380693859633658381e-11,4.694706690833919788e-04,1.108479977648291057e-17,5.012816017647377445e-27
3.389999999999999680e-01,1.000036216051370802e-01,1.471780151413777004e-05,3.244391167510228561e-06,1.249042516206852580e-07,3.060946596654823208e-06,9.954251416556059162e-02,3.023964104922834031e-10,2.414368423508397258e-05,1.407980744535353758e-11,1.576264284285540256e-08,7.081947382234688856e-10,1.977728613684292014e-14,2.089843931497202931e-10,4.408953447905883116e-10,2.574467012197454329e-09,1.026537793242264233e-05,1.807324343636522120e-15,4.408208849892145177e-11,4.055302781148292638e-04,5.999804466634975824e-18,2.700012482229245320e-27
3.395000000000000240e-01,8.593263095824636710e-02,1.266438749496128666e-05,3.150855725819813533e-06,1.256547853600128355e-07,3.074663370239600925e-06,8.553557161038162493e-02,1.368039232912039763e-10,2.074632363916747174e-05,7.014566952484420738e-12,7.293168168570275252e-09,6.877713681656600897e-10,1.973172357624768886e-14,1.038305703327395127e-10,2.146296209183015105e-10,1.252235259479244711e-09,8.820895211998525001e-06,1.547513369308655871e-15,4.434697129656320062e-11,3.484668278154520044e-04,2.947889955184841823e-18,1.313546421200948868e-27
3.399999999999999689e-01,7.343258058491958229e-02,1.083562700700231864e-05,3.058192399863643962e-06,1.263772479184134626e-07,3.047115617479727082e-06,7.309246873697063107e-02,5.039969303174524574e-11,1.772828232040634159e-05,3.171702883761985712e-12,2.775512285039646155e-09,6.675390206743419653e-10,1.960889314634758036e-14,4.592855912611402269e-11,8.919011681092947988e-11,5.201159879119680209e-10,7.537689576653411529e-06,1.319245445780892544e-15,4.460194707357745627e-11,2.977743672994013417e-04,1.254316546115991132e-18,5.458292760585082559e-28
3.405000000000000249e-01,6.238290967434124978e-02,9.212920427968535595e-06,2.966403419430547590e-06,1.270705841064418525e-07,3.013450072945628612e-06,6.209316054282847108e-02,1.251105980847914906e-11,1.506043763052264915e-05,1.337171431453389763e-12,7.156613404519306043e-10,6.474981931842570896e-10,1.943381193538784325e-14,1.781538427618752279e-11,2.781572722779173323e-11,1.622608538238250624e-10,6.403379236707319975e-06,1.119121199785245744e-15,4.484664343724331592e-11,2.529638403741763723e-04,4.225957946729235995e-19,1.705410546370877812e-28
3.409999999999999698e-01,5.266749761705816213e-02,7.780811287785358016e-06,2.875479355388657263e-06,1.277321386790477779e-07,3.006839463668454958e-06,5.242202100504126522e-02,1.845541864661385070e-12,1.271474058465014463e-05,6.606998739681057471e-13,6.461890509905832935e-11,6.276468643188500516e-10,1.924480038853731046e-14,7.149294034521342033e-12,4.368019282285896285e-12,2.555138661145176698e-11,5.406038739695135818e-06,9.441807830379230168e-16,4.508012327614129785e-11,2.135641935059969963e-04,1.005047428762722982e-19,2.713490421432881199e-29
3.415000000000000258e-01,4.417487833813563136e-02,6.526216512432729707e-06,2.785420358384167973e-06,1.283586187677564161e-07,3.046770531817450459e-06,4.396806899166058602e-02,4.360083490072677240e-12,1.066427024612625997e-05,5.760927784273679466e-13,1.208705956061540039e-10,6.079850918403103233e-10,1.907828043622991972e-14,5.601212251816147541e-12,1.073824218206812317e-12,6.121576515612280645e-12,4.534222128969576959e-06,7.918305105380773862e-16,4.530122443254218722e-11,1.791232961689796126e-04,4.909176644314883941e-20,6.705777389384170181e-30
3.419999999999999707e-01,3.679841507365640141e-02,5.437094665693877133e-06,2.696250042356677276e-06,1.289471596129472570e-07,3.133500550802123079e-06,3.662514920165178822e-02,1.141378539486611660e-11,8.883277254656854574e-06,7.302338814353228171e-13,4.447756145191088281e-10,5.885180158298830101e-10,1.895673510483580862e-14,7.879342150561477373e-12,6.528556394135823554e-12,3.749151901014848103e-11,3.776981481950747535e-06,6.597779760234271316e-16,4.550893583365979439e-11,1.492086779839146002e-04,1.153872366574060475e-19,3.954834072557639987e-29
3.425000000000000266e-01,3.043644133083928810e-02,4.501104533997582271e-06,2.608017752035603205e-06,1.294961135191494282e-07,3.250121862106402075e-06,3.029207186859714240e-02,1.822099853363684800e-11,7.347217408069266308e-06,9.222987785137108899e-13,7.860101660026944510e-10,5.692563453438076024e-10,1.888377459617846702e-14,1.090057161028589356e-11,1.399029822609936187e-11,8.047146266125638728e-11,3.123881214712293406e-06,5.459766209041198597e-16,4.570267594114788445e-11,1.234080978634553578e-04,2.091855300754539744e-19,8.457120844042701437e-29
3.429999999999999716e-01,2.499237222810803127e-02,3.704766620071576952e-06,2.520790099407579811e-06,1.300053240309242622e-07,3.370728499912629630e-06,2.487271639414990326e-02,2.260193752943814499e-11,6.032776551031216799e-06,1.054143460268478116e-12,1.024245035260099048e-09,5.502145221082086322e-10,1.884698339260464379e-14,1.311133609318999278e-11,1.997270762551620096e-11,1.148671134214454918e-10,2.565008685776792804e-06,4.485800163780302327e-16,4.588238952026124673e-11,1.013299662094201760e-04,2.839694081900907301e-19,1.205998494669162727e-28
3.435000000000000275e-01,2.037478786393095639e-02,3.033408543421722681e-06,2.434636825780147433e-06,1.304758616233947112e-07,3.471047214292553587e-06,2.027610389039304073e-02,2.401264374246487485e-11,4.917887975744534403e-06,1.092051535229330710e-12,1.122485868991217597e-09,5.314076583008349990e-10,1.882608504164192079e-14,1.395173658385433931e-11,2.312700488461653916e-11,1.329141347027958918e-10,2.090981611639585547e-06,3.659055230185871320e-16,4.604845436135408771e-11,8.260364044667875810e-05,3.218110943902822660e-19,1.394926046987665329e-28
3.439999999999999725e-01,1.649748788782838191e-02,2.471853152058999545e-06,2.349617655173899791e-06,1.309093957963904633e-07,3.537309447515332794e-06,1.641644204854293687e-02,2.282524865373611546e-11,3.981743158620295349e-06,1.039108350475408182e-12,1.091948418987304625e-09,5.128486929167437867e-10,1.880220298747094228e-14,1.345019412274617923e-11,2.338993031317321764e-11,1.342935654317954841e-10,1.692952644711080226e-06,2.964065280072207519e-16,4.620145967625909443e-11,6.687960781584953939e-05,3.219090713224960480e-19,1.409143332880600448e-28
3.445000000000000284e-01,1.327951501793480683e-02,2.005524970231291085e-06,2.265775467163099183e-06,1.313074875462015385e-07,3.570195371222732366e-06,1.321314356239606559e-02,1.982281094126424710e-11,3.204796124571436510e-06,9.166331384080216610e-13,9.669765154807687355e-10,4.945469197765891084e-10,1.876419313368942470e-14,1.193174099273991450e-11,2.136555389557718341e-11,1.225295655897160225e-10,1.362611238144894503e-06,2.386521351498715940e-16,4.634195639157315902e-11,5.382956042915888636e-05,2.923038933472229453e-19,1.285594523306988541e-28
3.449999999999999734e-01,1.064514538215093759e-02,1.621512900445303700e-06,2.183137704979748487e-06,1.316710736761209570e-07,3.582843369560342270e-06,1.059081745495555130e-02,1.587005607274173239e-11,2.568761273854964875e-06,7.525662147259429556e-13,7.883207167477569511e-10,4.765082995587491023e-10,1.870989546195276503e-14,9.820992206171422285e-12,1.790381786561656524e-11,1.025441763457277455e-10,1.092182727935976088e-06,1.913129992570579473e-16,4.647027514519001684e-11,4.314635993513348645e-05,2.442548388671436039e-19,1.075881165874928695e-28
3.455000000000000293e-01,8.523845142069514519e-03,1.309178365246727224e-06,2.101724105517828739e-06,1.320002989979041131e-07,3.594276681588800182e-06,8.479231836846044118e-03,1.172151318143027713e-11,2.056604307412701543e-06,5.746174186375083374e-13,5.930551082213695184e-10,4.587371382248821806e-10,1.864273772800993833e-14,7.520548584766012062e-12,1.383715975890558908e-11,7.913724308808815886e-11,8.744244781286163503e-07,1.531519473731978602e-16,4.658646706179137423e-11,3.454388579798588937e-05,1.887441832259698192e-19,8.303243154214809303e-29
3.459999999999999742e-01,6.850195231902130207e-03,1.060105740823349152e-06,2.021556273132495790e-06,1.322946917304280874e-07,3.621237083711175744e-06,6.813247152635030189e-03,7.931115376610747230e-12,1.652526014936418198e-06,4.063267459036762354e-13,4.094882891200047141e-10,4.412381594924918563e-10,1.856623423726832573e-14,5.346612542833047702e-12,9.837831189897037518e-12,5.616922986070453590e-11,7.026189895272449883e-07,1.230180959608091120e-16,4.669036565165730019e-11,2.775676334662052254e-05,1.345979064462793464e-19,5.893964157056193554e-29
3.465000000000000302e-01,5.563788284312448651e-03,8.674645489617825063e-07,1.942664310116589821e-06,1.325535411671322923e-07,3.671762884545364470e-06,5.532720583970514826e-03,4.831582561135505563e-12,1.341939081737955445e-06,2.648135278648860554e-13,2.555899500405718938e-10,4.240179341249638387e-10,1.847965779145970251e-14,3.505502992409331541e-12,6.361876684022368779e-12,3.624603728593637960e-11,5.705640388724196680e-07,9.984332581444602273e-17,4.678172009626594512e-11,2.253997431853596220e-05,8.776083390611917442e-20,3.804165950459085036e-29
3.469999999999999751e-01,4.609103099688209755e-03,7.250792784159457525e-07,1.865087595903994369e-06,1.327762776055814373e-07,3.742873705574974432e-06,4.582384300446070910e-03,2.557152007818500050e-12,1.111438561840782135e-06,1.596564627787109453e-13,1.396751071891243026e-10,4.070850383321160451e-10,1.837728436629611613e-14,2.097147313752139269e-12,3.650455577415224053e-12,2.073390946683697918e-11,4.725601242649163479e-07,8.264017901260543779e-17,4.686032933367290686e-11,1.866836086127650042e-05,5.133084873275350634e-20,2.177068580250226198e-29
3.475000000000000311e-01,3.935361933381892677e-03,6.265967048088722807e-07,1.788869856273798805e-06,1.329626879906648009e-07,3.822908642704665418e-06,3.911701878402073368e-03,1.088851418923233715e-12,9.487670609162393184e-07,9.282381152929359955e-14,6.233538090631970573e-11,3.904489758795843810e-10,1.825161032287580024e-14,1.134209100080439029e-12,1.764624059127858616e-12,9.965248966555701258e-12,4.033956609630285560e-07,7.050045857904338006e-17,4.692611816462392287e-11,1.593604059160791294e-05,2.603210185325318705e-20,1.047498901071229058e-29
3.479999999999999760e-01,3.496374559380640342e-03,5.650733309386765384e-07,1.714051422753432838e-06,1.331129017211019058e-07,3.897178966897831917e-06,3.474707838541024434e-03,3.070198816653147643e-13,8.427758267028811543e-07,5.973063166868271248e-14,1.885644760610888828e-11,3.741184963678524471e-10,1.809879817024406735e-14,5.680794827564661805e-13,6.352834015701908913e-13,3.529408107851065349e-12,3.583304370356729020e-07,6.259401263246333145e-17,4.697913224491618396e-11,1.415575288180749654e-05,1.088361526733922845e-20,3.723781993896623731e-30
3.485000000000000320e-01,3.250371113504739191e-03,5.331136770260862703e-07,1.640662814556070372e-06,1.332271982004268776e-07,3.954384284137485252e-06,3.229834702808577832e-03,4.079599722879646645e-14,7.833828120322049345e-07,5.135120426808719799e-14,1.594022488519824565e-12,3.581002074497206309e-10,1.792333390976852473e-14,3.153915927471494729e-13,1.152997335026705141e-13,5.737488779885638811e-13,3.330777818968288093e-07,5.816735317008592740e-17,4.701947016798142247e-11,1.315815430004339127e-05,3.891482604794349471e-21,6.228667266636387069e-31
3.489999999999999769e-01,3.159823926096674146e-03,5.234575309850985139e-07,1.568722997796457245e-06,1.333057672957730703e-07,3.991129377759393778e-06,3.139730528999518100e-03,1.085589172226335548e-13,7.615284267003764170e-07,5.700063364018742349e-14,1.984148542601177749e-12,3.423982074210707401e-10,1.773907847867142944e-14,2.809298267590853961e-13,2.549065325272676514e-14,6.766825239558644571e-14,3.237857523224814427e-07,5.654189040828936573e-17,4.704719892803972668e-11,1.279107525729707791e-05,2.655892263040071621e-21,9.145311855605556204e-32
3.495000000000000329e-01,3.191257609999751960e-03,5.297363369376427888e-07,1.498243332394704189e-06,1.333485632918871183e-07,4.012834460256064836e-06,3.171068169516437756e-03,3.466962936638342840e-13,7.691292798821625642e-07,6.712074320687597746e-14,1.202933784962922930e-11,3.270149537460127910e-10,1.756549513125140757e-14,3.747313971579894819e-13,1.900572742434887453e-13,1.004798608082269401e-12,3.270174642437197396e-07,5.711166189939143293e-17,4.706230238004931611e-11,1.291874293868710824e-05,4.835968139352770588e-21,1.074160625009728475e-30
3.499999999999999778e-01,3.315046886400184901e-03,5.470640849618645368e-07,1.429235435293023335e-06,1.333553334413284472e-07,4.030903740997661912e-06,3.294346208522277650e-03,6.265560269058036694e-13,7.990299018918998990e-07,7.533322770124843433e-14,2.522728042674732470e-11,3.119529785872576961e-10,1.742012341133601614e-14,5.227532201076388663e-13,4.600305908238944750e-13,2.535788147987022642e-12,3.397305655518522058e-07,5.934051135974909065e-17,4.706469131835482175e-11,1.342097033287860215e-05,8.454963334881619818e-21,2.680239096665373852e-30
3.505000000000000338e-01,3.505202844602489740e-03,5.722120009899321855e-07,1.361719256586614356e-06,1.333258062228348568e-07,4.057541856558449575e-06,3.483681140302838548e-03,8.610707003753458101e-13,8.449523395055869453e-07,7.922656351706451038e-14,3.699448094797444455e-11,2.972166440328336261e-10,1.731031457307735843e-14,6.716461672990144171e-13,7.254050566314433631e-13,4.036052018141219815e-12,3.592558049282056248e-07,6.275873439422321082e-17,4.705426991908311604e-11,1.419230957869092675e-05,1.205590325050942534e-20,4.254611142197037250e-30
3.509999999999999787e-01,3.739149990569167262e-03,6.032983036136860582e-07,1.295727453086502917e-06,1.332599392897458645e-07,4.100481234624641341e-06,3.716590952504958238e-03,1.003436682062510997e-12,9.014436649848468561e-07,7.976231569183883826e-14,4.468740454244003348e-11,2.828130860169333321e-10,1.722793850196945271e-14,7.889094434843780880e-13,9.179281145402820050e-13,5.120171079101234377e-12,3.832747137555471028e-07,6.695926146753272576e-17,4.703102324700667159e-11,1.514117029583826902e-05,1.473452980656686340e-20,5.392977186842909581e-30
3.515000000000000346e-01,3.997497839655575133e-03,6.391262290533466763e-07,1.231303733836688832e-06,1.331580931637233691e-07,4.159796706292489034e-06,3.973771556106227981e-03,1.040529583494800738e-12,9.638217490324002831e-07,7.966101572755047018e-14,4.734458382378330172e-11,2.687518439086652830e-10,1.714984160995157965e-14,8.600023124826882699e-13,1.007128716238312759e-12,5.617976719100031677e-12,4.097965500058287602e-07,7.159349116634672025e-17,4.699507855437769516e-11,1.618890877393716030e-05,1.608412946259701932e-20,5.916748670450054448e-30
3.519999999999999796e-01,4.263811378989499669e-03,6.784429656097439077e-07,1.168495523675377353e-06,1.330210293366858389e-07,4.228026156657032890e-06,4.238868883275799526e-03,9.836020183052530185e-13,1.028119982432719710e-06,8.146828959363291827e-14,4.527171766717378528e-11,2.550432549102028792e-10,1.704460258159824841e-14,8.839335686481087475e-13,9.922535240829599797e-13,5.527706167916702866e-12,4.371347952187920255e-07,7.636691376637628153e-17,4.694670460771991602e-11,1.726889951300790047e-05,1.608762522118666603e-20,5.823937997045841027e-30
3.525000000000000355e-01,4.524384241626100422e-03,7.194153840766700907e-07,1.107343855594489991e-06,1.328497147185161288e-07,4.293417454639490654e-06,4.498250359728379541e-03,8.583916434359901230e-13,1.091031845814772446e-06,8.607145208027893807e-14,3.957525815474420240e-11,2.416962499017576681e-10,1.688349718489136481e-14,8.685423468027437687e-13,8.924959594728875901e-13,4.959875258569205576e-12,4.638835869493090856e-07,8.103467098672852404e-17,4.688624266864362336e-11,1.832560421583665010e-05,1.498831877413718983e-20,5.230312732956650698e-30
3.529999999999999805e-01,4.768017096521683269e-03,7.595207465557190142e-07,1.047874731708762741e-06,1.326450090924509600e-07,4.344863458839688226e-06,4.740779474766962376e-03,6.962035415613786783e-13,1.149856230892086455e-06,9.220896052037711032e-14,3.172495867166739452e-11,2.287164748483169188e-10,1.665164793645426931e-14,8.262621275534345262e-13,7.374004987202868216e-13,4.082559408680764120e-12,4.888944707173991549e-07,8.539718084872998228e-17,4.681399618554939146e-11,1.931365340011344375e-05,1.316387168184401365e-20,4.312022824306788145e-30
3.535000000000000364e-01,4.985802089322744629e-03,7.958759006278453914e-07,9.900957046931282639e-07,1.324073739811843368e-07,4.376463280414150131e-06,4.957596305743434788e-03,5.269326417606526077e-13,1.202444206263273057e-06,9.708475981152062199e-14,2.319793346649515984e-11,2.161055534913994924e-10,1.635494576569748834e-14,7.707505487760060821e-13,5.587313775036616179e-13,3.075334183698743171e-12,5.112537660945711010e-07,8.929592082590133802e-17,4.673012804302560507e-11,2.019695226834267225e-05,1.102020486323888046e-20,3.257304171299569307e-30
3.539999999999999813e-01,5.170912798832675954e-03,8.258499120214956830e-07,9.339993323446299505e-07,1.321367405629043714e-07,4.389876819184386341e-06,5.141905441623615715e-03,3.744422224354645828e-13,1.247147578264226736e-06,9.774257601123467805e-14,1.523024278534843732e-11,2.038618483761623366e-10,1.601971960404959930e-14,7.144613904743980593e-13,3.845116742697368460e-13,2.095773980786793136e-12,5.302606959156885325e-07,9.260941743709196314e-17,4.663461394586384571e-11,2.094781672101832427e-05,8.914284235181318769e-21,2.231347061354508390e-30
3.545000000000000373e-01,5.318398587932775604e-03,8.476944945331171229e-07,8.795723380598582747e-07,1.318326096862214901e-07,4.393590046342699636e-06,5.288771333568077077e-03,2.542679550327698191e-13,1.282769253641141242e-06,9.255550791001993753e-14,8.679764058886907484e-12,1.919824627701423009e-10,1.568480301761917266e-14,6.670684604985933163e-13,2.354352533714438734e-13,1.259533334710507155e-12,5.454062814918986285e-07,9.524944817905398958e-17,4.652727771859284430e-11,2.154613962679861465e-05,7.108149489147783589e-21,1.355404859641837344e-30
3.549999999999999822e-01,5.424982582321589454e-03,8.609259488282523070e-07,8.268069543837928438e-07,1.314943561474346015e-07,4.399470822471657814e-06,5.394920199815998914e-03,1.733010699674332979e-13,1.308515192305881699e-06,8.216043694129811215e-14,3.987714211189278790e-12,1.804657138324025506e-10,1.538857659694786116e-14,6.346075652620103546e-13,1.234701578363703688e-13,6.328625904442492953e-13,5.563529138269072932e-07,9.715743292470042986e-17,4.640789869586066205e-11,2.197858379441305161e-05,5.751545005902013094e-21,6.989402520537586007e-31
3.555000000000000382e-01,5.488863586615252109e-03,8.662982184576888162e-07,7.757100100492510870e-07,1.311216165251314275e-07,4.418056056110446258e-06,5.458547522840936569e-03,1.309238283991618045e-13,1.323947716733606150e-06,6.941791371770326547e-14,1.216089341738242776e-12,1.693131093891997093e-10,1.515559621631960048e-14,6.192300846181909245e-13,5.222183573413643293e-14,2.350136354145370741e-13,5.629145016340009034e-07,9.830098237554005713e-17,4.627634860296447275e-11,2.223779772719718657e-05,4.887300721475167312e-21,2.821423569087007781e-31
3.559999999999999831e-01,5.509523551370419485e-03,8.653734411450073961e-07,7.263062051252614504e-07,1.307145966082914500e-07,4.454461233669591150e-06,5.479130859915278332e-03,1.210125137490675320e-13,1.328940110251011136e-06,5.839692634730466617e-14,1.340411659821098786e-13,1.585300550648310627e-10,1.498773136513266277e-14,6.194986799254669284e-13,1.850202187971790856e-14,4.733220984853301854e-14,5.650371674028563105e-07,9.867057987764496491e-17,4.613270005852660314e-11,2.232165302431420088e-05,4.472094964317377078e-21,8.545649301962696131e-32
3.564999999999999836e-01,5.487543172500356989e-03,8.598558407864971128e-07,6.786343184341909178e-07,1.302741613898552461e-07,4.506492676254613950e-06,5.457248800095002017e-03,1.342624579365056078e-13,1.323632706156046097e-06,5.279540853473806703e-14,3.267711668031991246e-13,1.481250206558278522e-10,1.486317986487259609e-14,6.311578965705727012e-13,1.453436651092031371e-14,2.579168359951454722e-14,5.627805774171789627e-07,9.827639294151389944e-17,4.597725833776147649e-11,2.223250682236224945e-05,4.405136299411947456e-21,6.272429496710385673e-32
3.569999999999999840e-01,5.424428424808011920e-03,8.509441644269027912e-07,6.327378525551522528e-07,1.298016580350844124e-07,4.565626619469900909e-06,5.394407940341313865e-03,1.603947819414373858e-13,1.308390921813954442e-06,5.444355907519827553e-14,1.304529390465436787e-12,1.381074963637918660e-10,1.474386948574845110e-14,6.482676347978214389e-13,3.029355207748559165e-14,1.141354268407314096e-13,5.563000988257342077e-07,9.714523211201524986e-17,4.581049889400152703e-11,2.197649690666917381e-05,4.558250438387761219e-21,1.549636859138962429e-31
3.574999999999999845e-01,5.322450199485612328e-03,8.389442957832448906e-07,5.886537306701788717e-07,1.292985340705284653e-07,4.620382197110971011e-06,5.292880267708598152e-03,1.899433387450972133e-13,1.283765816629659706e-06,6.250498346630144066e-14,2.595315678100555481e-12,1.284855281596474518e-10,1.458868178155648085e-14,6.645160396701362205e-13,5.559083659076343642e-14,2.554840987678024789e-13,5.458300298782898500e-07,9.531768817892733106e-17,4.563293260657763178e-11,2.156287921637210225e-05,4.802444002518818056e-21,3.025405379443055041e-31
3.579999999999999849e-01,5.184497962076001047e-03,8.232760964607388307e-07,5.464033009716586805e-07,1.287659019880528037e-07,4.660710195525002815e-06,5.155553094292089113e-03,2.154642466585474988e-13,1.250457694561142587e-06,7.370810856072304663e-14,3.811574981938214605e-12,1.192637598867323585e-10,1.436780069558762442e-14,6.744700095188550673e-13,8.165754632257262299e-14,4.010649331555250243e-13,5.316681246515577738e-07,9.284547900463638257e-17,4.544495211585155222e-11,2.100341648864047299e-05,5.027858655525114737e-21,4.543232903442729715e-31
3.584999999999999853e-01,5.013946935484864947e-03,8.028524237100486291e-07,5.059888799427759432e-07,1.282042291673417726e-07,4.681686421157843931e-06,4.985792773895190294e-03,2.321375945498358741e-13,1.209283049269391029e-06,8.352597481797171930e-14,4.687483369576385200e-12,1.104426850596936708e-10,1.407309395759567517e-14,6.745147971375471092e-13,1.021152799891280222e-13,5.154957680386041307e-13,5.141615389502525015e-07,8.978902508680257215e-17,4.524672238571422273e-11,2.031182304863437583e-05,5.155812530319414396e-21,5.732250922676004804e-31
3.589999999999999858e-01,4.814537248731006087e-03,7.766663373548273751e-07,4.673968472282831752e-07,1.276132854878175711e-07,4.685139118444622060e-06,4.787322174621164855e-03,2.378278090165806362e-13,1.161144845674750819e-06,8.784561477533972209e-14,5.088586210761944560e-12,1.020193269816695156e-10,1.372090805663240436e-14,6.632977366385585575e-13,1.133397474901669918e-13,5.787088844132548083e-13,4.936941946878802632e-07,8.621525397812530159e-17,4.503816221146368858e-11,1.950326564006077629e-05,5.143125155556731582e-21,6.382221320477101389e-31
3.594999999999999862e-01,4.590263129027179374e-03,7.443493357502636033e-07,4.306058127381178156e-07,1.269923783052644782e-07,4.678689513434882130e-06,4.564110749627912390e-03,2.327303259859946905e-13,1.107005857132565861e-06,8.447910425522618346e-14,4.999159862213704831e-12,9.398902269351137359e-11,1.334642241048084228e-14,6.416143508393950736e-13,1.143130936363820307e-13,5.850715162517911781e-13,4.706754433447315205e-07,8.219561585837763086e-17,4.481902714693340467e-11,1.859391557971330576e-05,4.980006116111114672e-21,6.434317211523296117e-31
3.599999999999999867e-01,4.345270622661222097e-03,7.064845469779727899e-07,3.955965895952148000e-07,1.263407874076006727e-07,4.672690537762986147e-06,4.320275433714125535e-03,2.187588688979214385e-13,1.047864628367053013e-06,7.393854572021217358e-14,4.494615028856543453e-12,8.634759757124995524e-11,1.299171977803264841e-14,6.118214898293038125e-13,1.061124773705277186e-13,5.405321964874213291e-13,4.455298457524186921e-07,7.780428294100541196e-17,4.458906301068954515e-11,1.760054501572555805e-05,4.683413182000127566e-21,5.951194637434159075e-31
3.604999999999999871e-01,4.083763282592680829e-03,6.645618771392829703e-07,3.623602681990872489e-07,1.256582293369770327e-07,4.676317021063736934e-06,4.059990674702928376e-03,1.988256785704701835e-13,9.847336540054900150e-07,5.919294253943930461e-14,3.706683214682097963e-12,7.909312303229210507e-11,1.269187982940444935e-14,5.769836556936236196e-13,9.120141218638040820e-14,4.587072410048788530e-13,4.186878938609467132e-07,7.311650731083515406e-17,4.434816975773281304e-11,1.654016040049535331e-05,4.287981202312289166e-21,5.075943360809057191e-31
3.609999999999999876e-01,3.809916336008701328e-03,6.206036660811398229e-07,3.309016713922301520e-07,1.249451656249137251e-07,4.694310341087615631e-06,3.787406588692649855e-03,1.761446587548418673e-13,9.186195274993572438e-07,4.452363599596197028e-14,2.788337191553432392e-12,7.222666553617467278e-11,1.246393873735227887e-14,5.400146141104989181e-13,7.268012588269951544e-14,3.567541213757413947e-13,3.905775702892675422e-07,6.820712368253819624e-17,4.409651026523847798e-11,1.542966905991429366e-05,3.836467992799349202e-21,3.988798300796178254e-31
3.614999999999999880e-01,3.527800597924102798e-03,5.766130897334858067e-07,3.012373929357385573e-07,1.242028296256649419e-07,4.725546214249621500e-06,3.506575185491260863e-03,1.536531290940675785e-13,8.505050473917352051e-07,3.393700690782381930e-14,1.883792335582733200e-12,6.575185464536190969e-11,1.230235115755331773e-14,5.030493516292611509e-13,5.362004979879150306e-14,2.517050469030764943e-13,3.616167401698537282e-07,6.314919989541577616e-17,4.383451980506198062e-11,1.428557864024018772e-05,3.371265216840570244e-21,2.868675399502074221e-31
3.619999999999999885e-01,3.241317530581998112e-03,5.340567720674989926e-07,2.733896690748891528e-07,1.234329576471948666e-07,4.763838521493116643e-06,3.221385434986142812e-03,1.336092322352011484e-13,7.813334678595506111e-07,2.974633958960936611e-14,1.106934903399858539e-12,5.967354414828299739e-11,1.218215825442183620e-14,4.671836769359846546e-13,3.656484293493075441e-14,1.577047946216657690e-13,3.322064547984351560e-07,5.801285158764488888e-17,4.356281115540977908e-11,1.312373257257499923e-05,2.927995622531508419e-21,1.864191426578580792e-31
3.624999999999999889e-01,2.954146320938418144e-03,4.935685669748694142e-07,2.473787141137188609e-07,1.226373271501049684e-07,4.800528964699614976e-06,2.935508302256348290e-03,1.173848652957299704e-13,7.119951670751700060e-07,3.184600746168270403e-14,5.295005053557990826e-13,5.399614064449146922e-11,1.206834424951788530e-14,4.325870666490486895e-13,2.323515015214512231e-14,8.435750234665641915e-14,3.027252833962979170e-07,5.286424262475000548e-17,4.328201162146102912e-11,1.195908614947518467e-05,2.531668021098436981e-21,1.076316918568275699e-31
3.629999999999999893e-01,2.669702875146020681e-03,4.549673589281414360e-07,2.232164054857477909e-07,1.218172807860154943e-07,4.827777302595503763e-06,2.652352635771603080e-03,1.054423583357172849e-13,6.433169478976549274e-07,3.791455226452172896e-14,1.785732194970813732e-13,4.872222855241586788e-11,1.192784331027493811e-14,3.988756102883378071e-13,1.443406956980149652e-14,3.617418618434954485e-14,2.735247641626979297e-07,4.776478728100797816e-17,4.299259505761653243e-11,1.080552681634839228e-05,2.195371651549816285e-21,5.525771922885489827e-32
3.634999999999999898e-01,2.391109585245819024e-03,4.175581955210212471e-07,2.009033552227508714e-07,1.209734197825770407e-07,4.841285915745153909e-06,2.375032057946098018e-03,9.745950025949273766e-14,5.760540071287810927e-07,4.441881260862100723e-14,4.168168029909090648e-14,4.385193470153155521e-11,1.174001028193137169e-14,3.655654367613625167e-13,1.012012611710815084e-14,1.295041549071091232e-14,2.449259899764193132e-07,4.277055598497679983e-17,4.269477365556766660e-11,9.675739285657141347e-06,1.921117874461315108e-21,2.910128406950849291e-32
3.639999999999999902e-01,2.121173991835467124e-03,3.805822678154614372e-07,1.804299036811297660e-07,1.201055824562622605e-07,4.841502193500219492e-06,2.106342075616502406e-03,9.255314049169614099e-14,5.108843835968461461e-07,4.799434979835619552e-14,7.701577926611385092e-14,3.938314805304157901e-11,1.150222092281021679e-14,3.324305749748933285e-13,9.596742410131420459e-15,1.080346200479166920e-14,2.172172480221123825e-07,3.793186903418393965e-17,4.238849036030591864e-11,8.581112286320728797e-06,1.702206297197528373e-21,2.510601272650087297e-32
3.644999999999999907e-01,1.862374289621909545e-03,3.436357041944876113e-07,1.617800725451384470e-07,1.192131113853635181e-07,4.832988730964821057e-06,1.848745855235067823e-03,8.954663954510355460e-14,4.484055078951016272e-07,4.666010010072403964e-14,2.260649711872245798e-13,3.531238347435374477e-11,1.122919677227492113e-14,2.996539267631336424e-13,1.176155900363325543e-14,2.356055606390048834e-14,1.906525529327708094e-07,3.329304848802808220e-17,4.207351316090051858e-11,7.531680612516658550e-06,1.526405210065048000e-21,3.681157794105144847e-32
3.649999999999999911e-01,1.616850018031997308e-03,3.069033613749770302e-07,1.449365924571033136e-07,1.182953013103389833e-07,4.822362539761747254e-06,1.604366767934739535e-03,8.723011318687092127e-14,3.891323942134972416e-07,4.042348898906707203e-14,4.262030649096154868e-13,3.163587811115255511e-11,1.094688132941481180e-14,2.677556212669862112e-13,1.536335952690506489e-14,4.420602350862391081e-14,1.654508780294251813e-07,2.889229237647578350e-17,4.174959316404514292e-11,6.536094752481869848e-06,1.379273027730142117e-21,5.687196883947683703e-32
3.654999999999999916e-01,1.386397046601352484e-03,2.711366133468902471e-07,1.298850500286871770e-07,1.173518532387646122e-07,4.815703871357572916e-06,1.374985994277882909e-03,8.457302670244909183e-14,3.334970594715100890e-07,3.109559082840111930e-14,6.212860542452228900e-13,2.835049421536294632e-11,1.068341553248192559e-14,2.373707701808565761e-13,1.922559176418527526e-14,6.615076549435111724e-14,1.417959082964158630e-07,2.476163899085116742e-17,4.141662485718884500e-11,5.601611130200647924e-06,1.247075547353033750e-21,7.838732304555745500e-32
3.659999999999999920e-01,1.172466778593097376e-03,2.374074629036606844e-07,1.166158785774805516e-07,1.163831636540012321e-07,4.816449170191336716e-06,1.162044071683296766e-03,8.086379770723340315e-14,2.818488988132246582e-07,2.145153495701758909e-14,7.690424976609932887e-13,2.545415101694449951e-11,1.046042393101458376e-14,2.089966758864553606e-13,2.241008341822862552e-14,8.416605622516687750e-14,1.198361999130848370e-07,2.092700017349750655e-17,4.107474817577189381e-11,4.734098409436484302e-06,1.118934741271336119e-21,9.588348445148297784e-32
3.664999999999999925e-01,9.761700382191118488e-04,2.067536147389158908e-07,1.051239604240273497e-07,1.153903476816143124e-07,4.824500046997249678e-06,9.666460053839331414e-04,7.576773506993051175e-14,2.344559254717006421e-07,1.411232812044808861e-14,8.447800644091225512e-13,2.294573595373906439e-11,1.028731993760449380e-14,1.828242932954660227e-13,2.430948522662105531e-14,9.490864168574061142e-14,9.968570725843272276e-08,1.740825633880558675e-17,4.072435667795988938e-11,3.938058315506795187e-06,9.880407756871710425e-22,1.058626725886426720e-31
3.669999999999999929e-01,7.982861896180228284e-04,1.798601622140142322e-07,9.540654158253743780e-08,1.143750016429268793e-07,4.836744412844090733e-06,7.895701476649221373e-04,6.930993410683980840e-14,1.915069246194207793e-07,1.060078736200343584e-14,8.415917433173732794e-13,2.082464882316457332e-11,1.015999194080674527e-14,1.587184973820097843e-13,2.466999293883984300e-14,9.704186367609934278e-14,8.142469851819563856e-08,1.421941696329797770e-17,4.036601374334931250e-11,3.216661808909869239e-06,8.519381295849766837e-22,1.069302513326024142e-31
3.674999999999999933e-01,6.392776662817034735e-04,1.568953261530362163e-07,8.746062924369635092e-08,1.133388100883404598e-07,4.848626960803941004e-06,6.312812663112699410e-04,6.180122729217154860e-14,1.531146232521361523e-07,1.091741858500754710e-14,7.677414021734149578e-13,1.909023435474269499e-11,1.006362625650690072e-14,1.363413970612525601e-13,2.355567682346620273e-14,9.101817713901530903e-14,6.510110331289280422e-08,1.136885455301791731e-17,4.000031388566711302e-11,2.571802325580655436e-06,7.120363131043399524e-22,9.956624022534194709e-32
3.679999999999999938e-01,4.993094524306836016e-04,1.375462381503626379e-07,8.128094768033301654e-08,1.122831559983566738e-07,4.856043524878033172e-06,4.919480210409506388e-04,5.373148258747101440e-14,1.193199291288249692e-07,1.374723885001061957e-14,6.422013117951564721e-13,1.774133753217286174e-11,9.978154340916746150e-15,1.153528751781975462e-13,2.127176988626641181e-14,7.862662824702492918e-14,5.073231491392310743e-08,8.859616679643146902e-18,3.962774518441427613e-11,2.004166974982249966e-06,5.725834091496975984e-22,8.565030329271389020e-32
3.684999999999999942e-01,3.782724297522709598e-04,1.212179458286866169e-07,7.685902449778185538e-08,1.112088812196992420e-07,4.856791036202882087e-06,3.714645669613952103e-04,4.565518349726844984e-14,9.009717059681045193e-08,1.714881615268786522e-14,4.894017954497367470e-13,1.677610580757805372e-11,9.884264989458877799e-15,9.559595864217866940e-14,1.826662757712247406e-14,6.242359078653287999e-14,3.830741807694888783e-08,6.689811741768528877e-18,3.924860473897968364e-11,1.513324551359434824e-06,4.393742057083409433e-22,6.786439901316553115e-32
3.689999999999999947e-01,2.758091371675134738e-04,1.072985225935433823e-07,7.418336938211796178e-08,1.101162752543039439e-07,4.851068348838034894e-06,2.694754382621506687e-04,3.809020663113616870e-14,6.536013191396381953e-08,1.939848851886461977e-14,3.341634943257943551e-13,1.619202931286987982e-11,9.768156647719576242e-15,7.718906280518054612e-14,1.503125880836274033e-14,4.515890090178913580e-14,2.778975517077261274e-08,4.853053848900904410e-18,3.886299471446812125e-11,1.097826908381618080e-06,3.184501474818288130e-22,4.909079163923965813e-32
3.694999999999999951e-01,1.913405188019717546e-04,9.537758260717819206e-08,7.324028251953488769e-08,1.090052749088547888e-07,4.840959093075635440e-06,1.854024748084348768e-04,3.144374291858522954e-14,4.496858397721258722e-08,1.963200706925340372e-14,1.975642574212156282e-13,1.598611769916745163e-11,9.623982886301419449e-15,6.049278572769659378e-14,1.201205704525039582e-14,2.928760405228345070e-14,1.911970300489767993e-08,3.338945034138435223e-18,3.847089280515604523e-11,7.553186563732646673e-07,2.149976573413092226e-22,3.190008471304076471e-32
3.699999999999999956e-01,1.240926213039902611e-04,8.533703511239716896e-08,7.401473707017860228e-08,1.078757750900087488e-07,4.829244728581741284e-06,1.184724921710472983e-04,2.597140161499077629e-14,2.873499531746154355e-08,1.804421364158597323e-14,9.420308944153835866e-14,1.615509235144493723e-11,9.453872581038778603e-15,4.597403702168393487e-14,9.547476067889673425e-15,1.662626721573634327e-14,1.221752635060687364e-08,2.133571685436775717e-18,3.807226192312146342e-11,4.826498882437436449e-07,1.325794667012941295e-22,1.819110103317482058e-32
3.704999999999999960e-01,7.312277132321047079e-05,7.729462137266367926e-08,7.649097783088986490e-08,1.067279148707217922e-07,4.818127242377282887e-06,6.774467093700970648e-05,2.176848087086258993e-14,1.643117500877626013e-08,1.561487749068058490e-14,3.101983993348435957e-14,1.669551618504548668e-11,9.266119302766663888e-15,3.403112368688529237e-14,7.833803311144187333e-15,8.178778332362727013e-15,6.986202537454450793e-09,1.219996851097533680e-18,3.766715115811968503e-11,2.759877618213886039e-07,7.275554962683878811e-23,9.008695315868356041e-33
3.709999999999999964e-01,3.734528287374368449e-05,7.144466236160161464e-08,8.065278778009481458e-08,1.055622250216318697e-07,4.808409512224639257e-06,3.213712512598179477e-05,1.878735942655533962e-14,7.794716529326219819e-09,1.353249125767635153e-14,7.559454467655677543e-15,1.760385091815139536e-11,9.072434894451070046e-15,2.485412933229066506e-14,6.919778567422549304e-15,4.125456303928175143e-15,3.314161410833754149e-09,5.787386335193321085e-19,3.725574784365356846e-11,1.309247379833173605e-07,3.507909559799038073e-23,4.532936557374142760e-33
3.714999999999999969e-01,1.555701742055904128e-05,6.787971010922823694e-08,8.648359326524734968e-08,1.043795910013279732e-07,4.799424467319345056e-06,1.045259783071171060e-05,1.687236941833496803e-14,2.535230035466265160e-09,1.260216241284360692e-14,1.736759058114687217e-14,1.887647945678032077e-11,8.885069998701708335e-15,1.837350853408075470e-14,6.725372332676312619e-15,3.945279336493851112e-15,1.077935284331441701e-09,1.882335697168725876e-19,3.683836449283669499e-11,4.258326321688951543e-08,1.739807410870297747e-23,4.207896019950920471e-33
3.719999999999999973e-01,6.463067988996359274e-06,6.647684461498491981e-08,9.396659352431092232e-08,1.031810679529876443e-07,4.789649205137394183e-06,1.403534153393674126e-06,1.580308828626111219e-14,3.404237278276057690e-10,1.290605061752914549e-14,5.008782074636214005e-14,2.050973408373144190e-11,8.714301256824525812e-15,1.430791947655734798e-14,7.077137670104497332e-15,6.626371595692034679e-15,1.447446550620732759e-10,2.528927459038163499e-20,3.641537350320304706e-11,5.717915359816882529e-09,1.635940907185756122e-23,6.962900622603823922e-33
3.724999999999999978e-01,8.702524343769526898e-06,6.689608207095883382e-08,1.030849395685248515e-07,1.019676457980541269e-07,4.777645390734327924e-06,3.636798389767706234e-06,1.533807443116331933e-14,8.820990556148616638e-10,1.385092367780398951e-14,9.380122190788278984e-14,2.249993584437597961e-11,8.566495963791967403e-15,1.227937085680848535e-14,7.751423372289324269e-15,1.091496109069532958e-14,3.750471919643758071e-10,6.553090793052774833e-20,3.598712424988095291e-11,1.481610001974452882e-08,2.800142853570648274e-23,1.147396992682836103e-32
3.729999999999999982e-01,2.087386742389572066e-05,6.868385297582843677e-08,1.138217928428652126e-07,1.007400777119812884e-07,4.762853666497357438e-06,1.575806289651764220e-05,1.525292026284150470e-14,3.822066383690880948e-09,1.455206273053258953e-14,1.371953895379304631e-13,2.484340788575089090e-11,8.442837650890925477e-15,1.193825861955890241e-14,8.517268772786965782e-15,1.555666117910198325e-14,1.625052814612440360e-09,2.838417255504800440e-19,3.555388254892870722e-11,6.419740940562239017e-08,4.832841521087204253e-23,1.641701001009672320e-32
3.734999999999999987e-01,4.155923562894983669e-05,7.142657009677239937e-08,1.261600284201556670e-07,9.949884954932139820e-08,4.745873246106341911e-06,3.635553666922937421e-05,1.536852946529253228e-14,8.817900551389321483e-09,1.434975423712827823e-14,1.712511573618246628e-13,2.753641113874373314e-11,8.338835785940378602e-15,1.304257911459102688e-14,9.172569258778248524e-15,1.949388692273489071e-14,3.749170629110970580e-09,6.547915388782846811e-19,3.511581986665230211e-11,1.481102911184023591e-07,7.378369950498810494e-23,2.067482388095211175e-32
3.739999999999999991e-01,6.934674625427589972e-05,7.487857820327543627e-08,1.400814923050748840e-07,9.824429867023195721e-08,4.728119220724945369e-06,6.402240297835518469e-05,1.556744044964810681e-14,1.552838329669630672e-08,1.320019070200457474e-14,1.902663791917407164e-13,3.057498242423408935e-11,8.244830011506665465e-15,1.546191836312010867e-14,9.569507727019253554e-15,2.199674330059748991e-14,6.602322700990318453e-09,1.153041582615985225e-18,3.467305525784118043e-11,2.608234576736838652e-07,1.015686217672945107e-22,2.347421990369216407e-32
3.744999999999999996e-01,1.028502730022425770e-04,7.900316124934885538e-08,1.555660213850981577e-07,9.697681958224040330e-08,4.711045881174011242e-06,9.737724306049797061e-05,1.579774788243589003e-14,2.361845712284208829e-08,1.174759350312045588e-14,1.921718289407309447e-13,3.395472046088993535e-11,8.147673722840944739e-15,1.911455950514362201e-14,9.627688526811858417e-15,2.271908775560575146e-14,1.004205013309257730e-08,1.753712693562503548e-18,3.422572794429393228e-11,3.967090913216389455e-07,1.297876832651490216e-22,2.444458904824466793e-32
3.750000000000000000e-01,1.407264853447383920e-04,8.390711960150250735e-08,1.725907154961194381e-07,9.569705248465572527e-08,4.695322631404920925e-06,1.350818866381292387e-04,1.606575199597123295e-14,3.276355492444076527e-08,1.103668960388022609e-14,1.782130782228139708e-13,3.767062670417452278e-11,8.033546400714986064e-15,2.387771065447607124e-14,9.335436643463571809e-15,2.168438279889821556e-14,1.393035381029762434e-08,2.432706725540156169e-18,3.377406385960313573e-11,5.503155659475729783e-07,1.574300674377971252e-22,2.360287043367172999e-32
3.755000000000000004e-01,1.816893802633987736e-04,8.969938296611485826e-08,1.911300175933432182e-07,9.440595733815893327e-08,4.680366087006579350e-06,1.758564861733459171e-04,1.641988085815446971e-14,4.265325609676137160e-08,1.199465783318830948e-14,1.521588495921939727e-13,4.171712253482448684e-11,7.891435074959467929e-15,2.952237988302674957e-14,8.741124646906029432e-15,1.921580554412158066e-14,1.813524889429479456e-08,3.166977607898112376e-18,3.331840179252165002e-11,7.164288586858964734e-07,1.842206826755822180e-22,2.128014377244719455e-32
3.760000000000000009e-01,2.245228102325640140e-04,9.633986644953607314e-08,2.111569042861936512e-07,9.310472752622078143e-08,4.664465791851491811e-06,2.184920139433171307e-04,1.692955300508094758e-14,5.299431743208593547e-08,1.492308139127374220e-14,1.192430321232593667e-13,4.608830891957130868e-11,7.716409971850098419e-15,3.571120915489004629e-14,7.937183095416877058e-15,1.583102412795723273e-14,2.253205361342613073e-08,3.934755752374227582e-18,3.285916291729696858e-11,8.901234623206830120e-07,2.103878855443197899e-22,1.801129343250282411e-32
3.765000000000000013e-01,2.680915306200489087e-04,1.035506584942371094e-07,2.326449763662364483e-07,9.179457091213990743e-08,4.645469203819814411e-06,2.618606654181150758e-04,1.766324893100327114e-14,6.351319611541916178e-08,1.924363979684226837e-14,8.505390924749171514e-14,5.077842270016600681e-11,7.511621989423318231e-15,4.206617817421833850e-14,7.039798822139717307e-15,1.212395178016555330e-14,2.700446220273041723e-08,4.715734664358696960e-18,3.239677352334626917e-11,1.066804768120075213e-06,2.363996446590780625e-22,1.441114805743835992e-32
3.770000000000000018e-01,3.113510626415308185e-04,1.108352303013304887e-07,2.555706896112560484e-07,9.047644968803767305e-08,4.621735422333176282e-06,3.049247081992115509e-04,1.866992178245626904e-14,7.395819568040961430e-08,2.363428982519569997e-14,5.455605768675097034e-14,5.578232366813384985e-11,7.288138615230433753e-15,4.827805719641250665e-14,6.167389909664863719e-15,8.654087771907619282e-15,3.144545758401602006e-08,5.491229617974186076e-18,3.193157320039899514e-11,1.242245115970684310e-06,2.627160225336536595e-22,1.105868179208349934e-32
3.775000000000000022e-01,3.533563067747821007e-04,1.176042594952881547e-07,2.799146687111387553e-07,8.915089553398676702e-08,4.592938467264579625e-06,3.467441313948849482e-04,1.996692375088321730e-14,8.410132107035227315e-08,2.652167934682526320e-14,3.137802230675978755e-14,6.109578159384323868e-11,7.062326370843566421e-15,5.420685577292947580e-14,5.420861532678152810e-15,5.859588685036049824e-15,3.575810034976392567e-08,6.244314902963609379e-18,3.146374960165973151e-11,1.412614957518330989e-06,2.895954071515668805e-22,8.406154899691295257e-33
3.780000000000000027e-01,3.932685133508745617e-04,1.233592815332715089e-07,3.056612143910467447e-07,8.781799119904135371e-08,4.560355002684784238e-06,3.864831167476277525e-04,2.153600819562120488e-14,9.373984803412465010e-08,2.673464065664018852e-14,1.743449729543843321e-14,6.671536886254373884e-11,6.851313335866824705e-15,5.992276370332190235e-14,4.868367987845195899e-15,4.004043660949251719e-15,3.985619621365380320e-08,6.959940092132773766e-18,3.099333194115016940e-11,1.574509219131497214e-06,3.169774348501835684e-22,6.723590206925984018e-33
3.785000000000000031e-01,4.303600728849612698e-04,1.278581719588093116e-07,3.327957602299417451e-07,8.647754313326753015e-08,4.526484626428489103e-06,4.234150235324332830e-04,2.332706592755744028e-14,1.026975321925469544e-07,2.404305598840233399e-14,1.288740647439711773e-14,7.263790549478744710e-11,6.667823751013914699e-15,6.566061888335982506e-14,4.536729800610146734e-15,3.160176251807985075e-15,4.366481013898135778e-08,7.625019788351458843e-18,3.052025191798999735e-11,1.724967609997949366e-06,3.444497252299105717e-22,6.081906510609512501e-33
3.790000000000000036e-01,4.640167002092572047e-04,1.311912497974008696e-07,3.613009391721458452e-07,8.512938939393043574e-08,4.494132268255296198e-06,4.569254044849517787e-04,2.526756510990766915e-14,1.108253406903260855e-07,1.934252894617192955e-14,1.639601032236520408e-14,7.885960058932909392e-11,6.516052824367302918e-15,7.169794761092561336e-14,4.410695763874968028e-15,3.227413734964674252e-15,4.712057734859017883e-08,8.228488111373236360e-18,3.004445238296648221e-11,1.861486908728316444e-06,3.712909421810574874e-22,6.371460324152944610e-33
3.795000000000000040e-01,4.937369168589156570e-04,1.337318753446410229e-07,3.911526954241545946e-07,8.377372631223297228e-08,4.465312918663983096e-06,4.865126336478987250e-04,2.727464077751160537e-14,1.180016047481379261e-07,1.438509914418424874e-14,2.556875787709318774e-14,8.537520358531191262e-11,6.390049266222082710e-15,7.820128034587891063e-14,4.439930800016856578e-15,3.975316813061770194e-15,5.017176799915648724e-08,8.761310299001278172e-18,2.956600262700205793e-11,1.982023521074532887e-06,3.965713640123499123e-22,7.347584473171325539e-33
3.800000000000000044e-01,5.191291565643015721e-04,1.359763742272944684e-07,4.223181400105652687e-07,8.241132240824554093e-08,4.440422045223021347e-06,5.117860118269561579e-04,2.926667027420681169e-14,1.241315604804479748e-07,1.114264667642921198e-14,3.751206822937286593e-14,9.217753607572292879e-11,6.275315471209657855e-15,8.510265732624613080e-14,4.552152043282815520e-15,5.101836623539318232e-15,5.277809168847255885e-08,9.216448919375203505e-18,2.908517387747535087e-11,2.084985761634827755e-06,4.192854300605627748e-22,8.691565949564335290e-33
3.805000000000000049e-01,5.399071621815119872e-04,1.383339064367012590e-07,4.547563942221322454e-07,8.104352640313460643e-08,4.418015853620258196e-06,5.324616109060192632e-04,3.117192932948687377e-14,1.291463412718758742e-07,1.104537063616595272e-14,4.937299134648307644e-14,9.925767579286064048e-11,6.153262982455871099e-15,9.206005213973666671e-14,4.669565157120558251e-15,6.294512170891327827e-15,5.491026876602227885e-08,9.588789329948836015e-18,2.860244212691416083e-11,2.169216923877529945e-06,4.384891140910567109e-22,1.007463193997822179e-32
3.810000000000000053e-01,5.558844727817832112e-04,1.409485973474027226e-07,4.884225908662316377e-07,7.967205375808991581e-08,4.395304705444259144e-06,5.483564672618386569e-04,3.293322923896183128e-14,1.330015696529128087e-07,1.439747770099998239e-14,5.879028985302803733e-14,1.066058298702061506e-10,6.007155072139575048e-15,9.852444434104054937e-14,4.725040078260515895e-15,7.283931755996170092e-15,5.654943140867625861e-08,9.875035331721412580e-18,2.811841279853359006e-11,2.233971624552934320e-06,4.534180737921978590e-22,1.121379420951326705e-32
3.815000000000000058e-01,5.669686668662271122e-04,1.436248437501459342e-07,5.232738971614397165e-07,7.829862262804942393e-08,4.369178877793287815e-06,5.593818977931469712e-04,3.450881276005756974e-14,1.356757362346170342e-07,2.020977159132750927e-14,6.419657036529198122e-14,1.142126493885446181e-10,5.827604466369252948e-15,1.038945923836484339e-13,4.674571379114476317e-15,7.881622662356590986e-15,5.768643425564377207e-08,1.007358893709515526e-17,2.763369226653753729e-11,2.278888573711633730e-06,4.635692208901898431e-22,1.191138109580876455e-32
3.820000000000000062e-01,5.731556873562089482e-04,1.458867041786884290e-07,5.592754243211384466e-07,7.692457110589564995e-08,4.337373466735972806e-06,5.655366254709770415e-04,3.587077849792215118e-14,1.371685322840736998e-07,2.652798992117444092e-14,6.494662248519328530e-14,1.220705192023322235e-10,5.615794968176845793e-15,1.077049219706135761e-13,4.503530311552945246e-15,7.998331510522651578e-15,5.832114545479659948e-08,1.018442663123206028e-17,2.714875277319720125e-11,2.303962568701021451e-06,4.687370402518581712e-22,1.207405901409841708e-32
3.825000000000000067e-01,5.745241638296851461e-04,1.471497475672414207e-07,5.964036632905409498e-07,7.555059859282558506e-08,4.299323352489173038e-06,5.669001010979500630e-04,3.700263520802668394e-14,1.374992297396572435e-07,3.114060143746887918e-14,6.127836813012223614e-14,1.301743078172456431e-10,5.383340392449515225e-15,1.097768568937314033e-13,4.225805641295456262e-15,7.642634044803022383e-15,5.846175799988594166e-08,1.020897910877691114e-17,2.666384115285420353e-11,2.309517287446180748e-06,4.690048906186934785e-22,1.171129804022276939e-32
3.830000000000000071e-01,5.712293310682600754e-04,1.469396800767149748e-07,6.346458147325551649e-07,7.417673014256055819e-08,4.256380586684903333e-06,5.636260152214892308e-04,3.789725071440506805e-14,1.367051072394028477e-07,3.239862093330223497e-14,5.413818931615826116e-14,1.385212211454114797e-10,5.148823149217532950e-15,1.102757684701061470e-13,3.876713324535511629e-15,6.903234171413869087e-15,5.812412072505028669e-08,1.015001439252212876e-17,2.617896624857043453e-11,2.296178856333526519e-06,4.646990548029610870e-22,1.091680444722809541e-32
3.835000000000000075e-01,5.634960442250044367e-04,1.450739339791937918e-07,6.739948551010114298e-07,7.280252034491014788e-08,4.211315108353522735e-06,5.559356650435924845e-04,3.855569664480536863e-14,1.348398409373349283e-07,2.983347023028419104e-14,4.491892256568487656e-14,1.471097256443112832e-10,4.932166342512091761e-15,1.096501984349029873e-13,3.502025597054450015e-15,5.920628940512660508e-15,5.733105437589901069e-08,1.001151830631360473e-17,2.569397086775359039e-11,2.264848827300528654e-06,4.563183417177222035e-22,9.838856082764213702e-33
3.840000000000000080e-01,5.516105453972619792e-04,1.417371098990009519e-07,7.144418566121762210e-07,7.142742432382614631e-08,4.167295634200988151e-06,5.441107040163129047e-04,3.898667926408407926e-14,1.319717456269780627e-07,2.433564073947751161e-14,3.516531438491935975e-14,1.559378721434032292e-10,4.748695144805864604e-15,1.084738520120928509e-13,3.146220420875772864e-15,4.854757613212817140e-15,5.611160402808757873e-08,9.798563799004960775e-18,2.520866271619091957e-11,2.216674640001992016e-06,4.444540646033822060e-22,8.646453140355907397e-33
3.845000000000000084e-01,5.359109788791743432e-04,1.374225352396326152e-07,7.559682850059494386e-07,7.005120176235986542e-08,4.126742486654382905e-06,5.284849064060449103e-04,3.920574751275718381e-14,1.281817770545116401e-07,1.782629424477452346e-14,2.629873753637074354e-14,1.650016148782704796e-10,4.604798298771171362e-15,1.072471371859513040e-13,2.842907050538556938e-15,3.854851267681283472e-15,5.450018991013051170e-08,9.517162501143316284e-18,2.472295698765700536e-11,2.153016071040640568e-06,4.297143530626303567e-22,7.497772580365783862e-33
3.850000000000000089e-01,5.167770446307787301e-04,1.327636511652158292e-07,7.985412080733221798e-07,6.867420872265224387e-08,4.090484032947423020e-06,5.094348784911956023e-04,3.923348026540499904e-14,1.235612788969626342e-07,1.254881738746955109e-14,1.940233241650893494e-14,1.742937658511789529e-10,4.496510224647004595e-15,1.062298494279287945e-13,2.609451185156465053e-15,3.036246266527477944e-15,5.253564956393060629e-08,9.174097295918915139e-18,2.423697935324120183e-11,2.075407391902554990e-06,4.126636414352546383e-22,6.515894688801473736e-33
3.855000000000000093e-01,4.946194662628603141e-04,1.283202579781577828e-07,8.421134083519174031e-07,6.729747493581210753e-08,4.057521951486419062e-06,4.873700192161400631e-04,3.909234381496548794e-14,1.182095478716173198e-07,1.025118385687831366e-14,1.509220014237125293e-14,1.838040195373552938e-10,4.411328989419635840e-15,1.053645035258725475e-13,2.446446961607033022e-15,2.466873391841911693e-15,5.026020255796953343e-08,8.776741381263771383e-18,2.375109323748828394e-11,1.985516469292156285e-06,3.937837587707469457e-22,5.774628257866363004e-33
3.860000000000000098e-01,4.698700200514458543e-04,1.244000578492587618e-07,8.866286145695268953e-07,6.592254407638606744e-08,4.025471533878525429e-06,4.627223273368977598e-04,3.880264068960595967e-14,1.122313617658343508e-07,1.156737493058303364e-14,1.348292759847010801e-14,1.935200947092204021e-10,4.332530536579027493e-15,1.043157507195575426e-13,2.341312627955990097e-15,2.163977061430905969e-15,4.771839931663382864e-08,8.332874605960483093e-18,2.326584344600220754e-11,1.885103240138958150e-06,3.734583373105060304e-22,5.295010426418127644e-33
3.865000000000000102e-01,4.429727005935789460e-04,1.209801816886785597e-07,9.320301157009428543e-07,6.455114057840485061e-08,3.991487419747462554e-06,4.359367541692911398e-04,3.837860595813486913e-14,1.057346399001895066e-07,1.582437188417993813e-14,1.423951603479118282e-14,2.034296144194451802e-10,4.244495115917169463e-15,1.026085412615747226e-13,2.274321775175597205e-15,2.099775692855596763e-15,4.495612616490473124e-08,7.850509698992000606e-18,2.278183857566271079e-11,1.775980409376695880e-06,3.519781242027815897e-22,5.051135936347843022e-33
3.870000000000000107e-01,4.143762556675214333e-04,1.177535020431068205e-07,9.782696670335808271e-07,6.318478660985237735e-08,3.953311318198707674e-06,4.074626735882520530e-04,3.782595276821322645e-14,9.882837459867597524e-08,2.133455877605618648e-14,1.669509281876199716e-14,2.135220496111234050e-10,4.137353700442500671e-15,9.981244607590892409e-14,2.225046117913449539e-15,2.213517252729582017e-15,4.201972555269057643e-08,7.337738702553874398e-18,2.229961583517758852e-11,1.659978699316050979e-06,3.295618133497210549e-22,4.982661681600116271e-33
3.875000000000000111e-01,3.845279404478590870e-04,1.142766877326696964e-07,1.025313397965496383e-06,6.182450553913275566e-08,3.910049571135361981e-06,3.777467365913596145e-04,3.714189150936285466e-14,9.162089841666672752e-08,2.604833458673894225e-14,2.000613228463892843e-14,2.237900082955337079e-10,4.009612327806211410e-15,9.570476226366989089e-14,2.177474565937081782e-15,2.426812648147413019e-15,3.895525904687045590e-08,6.802604416555907022e-18,2.181953639160891112e-11,1.538917739596749610e-06,3.063854745211133270e-22,5.010738642290224791e-33
3.880000000000000115e-01,3.538680623677657039e-04,1.101598288244238378e-07,1.073142500111636774e-06,6.047071082947356335e-08,3.862409325175016821e-06,3.472270156656662209e-04,3.631792574982043596e-14,8.421846406872611837e-08,2.831029965463229478e-14,2.331482958421621731e-14,2.342293855506162666e-10,3.868150122172253469e-15,9.035546686829878349e-14,2.122788007975373785e-15,2.659191178583788300e-15,3.580790334554218493e-08,6.252995118680027029e-18,2.134174615975621305e-11,1.414582211658107044e-06,2.826135153923262170e-22,5.054188753812082246e-33
3.884999999999999565e-01,3.228248099749480454e-04,1.052248552205554492e-07,1.121748420567668864e-06,5.912330788782731926e-08,3.812339195147032103e-06,3.163280611160091153e-04,3.534482085832383205e-14,7.672404536627242247e-08,2.743351548818359032e-14,2.589134065209062088e-14,2.448383143687261500e-10,3.725829854609450019e-15,8.410784491667933490e-14,2.059614308305423402e-15,2.841362845630618925e-15,3.262144037662087108e-08,5.696555710082321456e-18,2.086621174892775138e-11,1.288701708436863060e-06,2.584251244059062026e-22,5.043307791506023975e-33
3.890000000000000124e-01,2.918089980827686227e-04,9.957562024016302584e-08,1.171124358736919247e-06,5.778195901894637111e-08,3.762245772170489705e-06,2.854563878113997055e-04,3.421838247788464664e-14,6.923624236223515175e-08,2.388749087166881178e-14,2.723563047682870687e-14,2.556153098988490319e-10,3.597626925449629227e-15,7.746737490579603196e-14,1.992287832503174250e-15,2.924496079293588478e-15,2.943779184301672880e-08,5.140606567003368662e-18,2.039281397360720889e-11,1.162932347544894431e-06,2.340319415362442124e-22,4.929532505903597772e-33
3.894999999999999574e-01,2.612086493018578553e-04,9.355904918870683397e-08,1.221256253199907695e-06,5.644640709626414505e-08,3.714104639111480691e-06,2.549960129659174660e-04,3.294435362718259581e-14,6.184819872083717708e-08,1.905111236151836163e-14,2.712798734588729393e-14,2.665573025149181880e-10,3.496491355384797965e-15,7.094347259926315162e-14,1.928025716865271349e-15,2.884737837495757908e-15,2.629655910037001500e-08,4.592063231530973014e-18,1.992146208630106977e-11,1.038838592377411125e-06,2.096848827456011702e-22,4.690164703516175954e-33
3.900000000000000133e-01,2.313836467043237359e-04,8.763905363526035239e-08,1.272116600030617422e-06,5.511674048698897983e-08,3.668802031523475029e-06,2.253039191982874668e-04,3.154096521615286766e-14,5.464650088285950179e-08,1.464853773591949469e-14,2.562704425213911075e-14,2.776582888968852563e-10,3.430072298874783519e-15,6.490253472254170143e-14,1.873983159790262747e-15,2.723064021219641460e-15,2.323455539336378454e-08,4.057354667006859072e-18,1.945218727672790737e-11,9.178747688572548192e-07,1.856702136880120044e-22,4.328238959531837389e-33
3.904999999999999583e-01,2.026609079270495566e-04,8.223639987463400632e-08,1.323663307448169911e-06,5.379351217013146611e-08,3.625932266497820988e-06,1.967056119995920168e-04,3.003837875083922872e-14,4.771010014054769437e-08,1.209918711622902223e-14,2.302275799697389306e-14,2.889090822399519260e-10,3.399052985109124448e-15,5.948240876919737777e-14,1.834949024127161840e-15,2.461245364839578385e-15,2.028534787095441906e-08,3.542343141964446790e-18,1.898518471109838525e-11,8.013669668467804132e-07,1.622967992862659567e-22,3.868344351515079805e-33
3.910000000000000142e-01,1.753305665149158604e-04,7.759688556339999077e-08,1.375843821268307699e-06,5.247768550425757717e-08,3.584087407397969826e-06,1.694911566788353998e-04,2.847519846309372827e-14,4.110935111170407508e-08,1.203128483076065208e-14,1.975801436871086418e-14,3.002982126804499014e-10,3.397335046333872879e-15,5.459250636185857597e-14,1.812125601449694150e-15,2.135183235541272499e-15,1.747884905766593891e-08,3.052252716686255946e-18,1.852079439090348915e-11,6.904968949653946363e-07,1.398777050376921890e-22,3.349698187327868244e-33
3.914999999999999591e-01,1.496434950117427271e-04,7.373483241047550562e-08,1.428602740322800823e-06,5.117044352576090074e-08,3.541487019981183401e-06,1.439121342327289365e-04,2.689308564445273418e-14,3.490527326999579343e-08,1.412975964666478083e-14,1.633570137291043498e-14,3.118135892456422990e-10,3.413840897473241550e-15,4.999112779137501361e-14,1.803118465049457518e-15,1.787082164999399130e-15,1.484100306095265928e-08,2.591614293302073191e-18,1.805943384769864916e-11,5.862894790632188933e-07,1.187098592229182885e-22,2.817991745814752247e-33
3.920000000000000151e-01,1.258102324124675433e-04,7.046653967547027538e-08,1.481889880225959252e-06,4.987294376521866122e-08,3.496679918036617355e-06,1.201798337668272970e-04,2.533100473711803864e-14,2.914911260346914716e-08,1.734959531209172642e-14,1.322815408289897256e-14,3.234442595393918431e-10,3.435377790988951358e-15,4.540478569155150239e-14,1.803003452254428469e-15,1.457883764726211869e-15,1.239359923654243696e-08,2.164232988067395742e-18,1.760151160981550236e-11,4.896054983138432588e-07,9.905529393661671497e-23,2.317487149166749609e-33
3.924999999999999600e-01,1.040010954413612038e-04,6.751266637423907114e-08,1.535665722055241721e-06,4.858611133785564264e-08,3.449046000125920692e-06,9.846475650321686571e-05,2.382062863763190913e-14,2.388222158688181831e-08,2.038295802649681047e-14,1.080325859025129697e-14,3.351815986692925951e-10,3.449857219381946927e-15,4.064285507203149631e-14,1.806143741623876402e-15,1.181123425364107947e-15,1.015422102967749877e-08,1.773179194759769796e-18,1.714735417739691296e-11,4.011395645930793513e-07,8.112668638033406086e-23,1.884575025681599784e-33
3.930000000000000160e-01,8.434706606089950511e-05,6.462368274175720223e-08,1.589902373847654294e-06,4.731053866637515057e-08,3.398927696785595387e-06,7.889724275749889046e-05,2.238396518539552225e-14,1.913621166124070845e-08,2.217874356366931285e-14,9.276992871285585688e-15,3.470195189404369417e-10,3.449161814719595339e-15,3.566764555073761382e-14,1.808285599393780557e-15,9.789512459825464075e-16,8.136310540134257954e-09,1.420799934683604514e-18,1.669717063144315413e-11,3.214226767231102221e-07,6.507874718578195898e-23,1.543570597524723460e-33
3.934999999999999609e-01,6.694102005401230575e-05,6.167755245797293443e-08,1.644580057798489352e-06,4.604651317952182607e-08,3.347379553667784438e-06,6.156885064757220164e-05,2.103352418049855012e-14,1.493328808840672917e-08,2.230864873868386955e-14,8.696733553127897945e-15,3.589537031994751836e-10,3.431054726263466000e-15,3.060074572038364682e-14,1.808368479899113481e-15,8.605713337399175250e-16,6.349310546397771573e-09,1.108743779387997618e-18,1.625106240960735526e-11,2.508278371951561450e-07,5.100573740578923377e-23,1.305022959565791505e-33
3.940000000000000169e-01,5.183899057360011602e-05,5.871424423867586248e-08,1.699680922506021764e-06,4.479414469247228793e-08,3.295674243898775552e-06,4.653407757241073315e-05,1.977458557108632471e-14,1.128666788719044690e-08,2.105093199681156810e-14,8.954224093794866499e-15,3.709802545331183694e-10,3.399704692550274052e-15,2.567203447143219033e-14,1.809479563367789643e-15,8.228983798504065476e-16,4.798841850088329360e-09,8.379919440266778475e-19,1.580906826300107719e-11,1.895770653086672780e-07,3.894432128209657681e-23,1.166340889105532966e-33
3.944999999999999618e-01,3.906138212855647657e-05,5.589993559183413612e-08,1.755182935579138638e-06,4.355353099937042968e-08,3.244785530334831348e-06,3.381212517490443241e-05,1.860859509880943493e-14,8.201008170255694669e-09,1.918577889071784383e-14,9.822501033861348283e-15,3.830943635907518015e-10,3.364647609601370827e-15,2.113791088268812183e-14,1.818518020208416042e-15,8.528947172400748472e-16,3.486885119658920674e-09,6.088901296989265354e-19,1.537122269950830489e-11,1.377485874792086605e-07,2.888028226022839288e-23,1.114188811956596646e-33
3.950000000000000178e-01,2.859426834511482360e-05,5.344263839964094544e-08,1.811056370495070674e-06,4.232489437323483378e-08,3.195056174188621283e-06,2.338860938909800093e-05,1.753654419721796922e-14,5.672820957269262141e-09,1.761245688363796105e-14,1.100790418728438942e-14,3.952895420658882379e-10,3.338320279754938120e-15,1.720294561305573477e-14,1.844439851181057775e-15,9.308878549080206107e-16,2.411957125840517583e-09,4.211793271165921575e-19,1.493760415965309804e-11,9.528380385700103761e-08,2.075742185428253374e-23,1.127933556125930288e-33
3.954999999999999627e-01,2.039103286993332591e-05,5.149877216349175529e-08,1.867264109483293742e-06,4.110864235670756989e-08,3.146164110371728121e-06,1.521732045290876476e-05,1.656139046598773492e-14,3.690899889918200388e-09,1.696167121905127480e-14,1.220687453415808609e-14,4.075576888791006159e-10,3.332655348630757611e-15,1.397276609307318591e-14,1.895392764898355386e-15,1.034181958157205361e-15,1.569292211850919178e-09,2.740274750842127285e-19,1.450835647247715787e-11,6.199445853701346179e-08,1.448716206067825223e-23,1.183431204976399497e-33
3.960000000000000187e-01,1.437460167743316378e-05,5.011049128927779654e-08,1.923765231576836940e-06,3.990534234505019565e-08,3.097368020191941708e-06,9.222259750455041017e-06,1.568902640674852747e-14,2.236813909234727340e-09,1.736434098232962841e-14,1.315760800725262229e-14,4.198898731552438693e-10,3.355542834253502872e-15,1.144970255552218982e-14,1.975502334066329701e-15,1.140423184044248391e-15,9.510524014933644554e-10,1.660660803644314470e-19,1.408367988592320469e-11,3.757093757893366793e-08,9.957812079570476020e-24,1.256589359500005756e-33
3.964999999999999636e-01,1.044038002925972095e-05,4.919742727884876605e-08,1.980519917345030049e-06,3.871563499979937248e-08,3.047900263060734244e-06,5.300176069358621043e-06,1.492782423131566349e-14,1.285521958412010886e-09,1.846007462251863109e-14,1.367855924100571452e-14,4.322774044137938506e-10,3.408130928966109682e-15,9.564196772594307213e-15,2.082361501589524259e-15,1.230383647892853541e-15,5.465890859128588735e-10,9.543583490739660079e-20,1.366380050829672604e-11,2.159260161581641354e-08,7.042929070369331814e-24,1.326347269832846289e-33
3.970000000000000195e-01,8.459811408338737548e-06,4.860168201756886482e-08,2.037493203802099955e-06,3.754013239191174840e-08,2.997325751245780591e-06,3.323703146155767473e-06,1.428719595720369778e-14,8.061335197962724998e-10,1.962110028348218667e-14,1.368883513033136998e-14,4.447126517729489652e-10,3.483849627244318809e-15,8.221961721464923061e-15,2.206244616367920002e-15,1.290014579513458397e-15,3.427667636826771953e-10,5.984308754696766577e-20,1.324893435972845489e-11,1.354056805673779876e-08,5.608528502484213739e-24,1.376905272750503616e-33
3.974999999999999645e-01,8.284303333176367242e-06,4.816226531195355223e-08,2.094655768568403251e-06,3.637934624344208207e-08,2.945715357808284719e-06,3.145020741854960456e-06,1.377579876100443111e-14,7.627962277571891564e-10,2.027680312900732533e-14,1.320909672810782069e-14,4.571892148926812958e-10,3.569650426561767745e-15,7.344055646370047531e-15,2.331647073075181035e-15,1.311733563498738204e-15,3.243407743837544531e-10,5.662577889527951398e-20,1.283926204573122775e-11,1.281262609140511226e-08,5.519008207076878947e-24,1.399152236103089594e-33
3.980000000000000204e-01,9.749186329575496672e-06,4.778404935025930585e-08,2.151981407120115941e-06,3.523367238489219910e-08,2.893573763065606442e-06,4.599801905991904397e-06,1.339996771396949395e-14,1.115653072314801867e-09,2.018749938481562908e-14,1.234505967694350984e-14,4.697013733936081834e-10,3.649326526981433520e-15,6.884348088752637640e-15,2.441022463723649012e-15,1.294943727425127056e-15,4.743645084115675866e-10,8.282455853137443539e-20,1.243492327053988289e-11,1.873931758307786518e-08,6.641584231668290806e-24,1.391275305369271674e-33
3.984999999999999654e-01,1.267741562672074763e-05,4.747075755240126563e-08,2.209442511366502812e-06,3.410342963294499147e-08,2.841572035668198375e-06,7.511136246831790958e-06,1.316273835899234229e-14,1.821794003004821262e-09,1.954644916751150325e-14,1.125846023521176132e-14,4.822431002922941306e-10,3.708085617048840460e-15,6.821967306625255007e-15,2.519776053093908542e-15,1.245766268891665030e-15,7.745940730691165006e-10,1.352534803970819019e-19,1.203603055692557198e-11,3.059992019861031052e-08,8.848926734893701513e-24,1.358523103561235177e-33
3.990000000000000213e-01,1.688286687288413285e-05,4.730884461262283942e-08,2.267005905121267792e-06,3.298892736968752819e-08,2.790217153637174873e-06,1.169316029896940707e-05,1.306354332775468992e-14,2.836136705582351482e-09,1.887052058225721850e-14,1.013200198076323811e-14,4.948071534713822359e-10,3.737031828270620834e-15,7.138796133925711731e-15,2.560977877244643794e-15,1.175957280776275989e-15,1.205862667290820037e-09,2.105654128889149744e-19,1.164269309586533298e-11,4.763723727549568380e-08,1.201968416119563932e-23,1.312088529323851744e-33
3.994999999999999662e-01,2.217325432501778448e-05,4.741139602348104437e-08,2.324631343281004907e-06,3.189052592110526541e-08,2.739611172364354050e-06,1.695425993275284665e-05,1.309844086159589139e-14,4.112203742867774427e-09,1.873557426151361826e-14,9.135114475028026091e-15,5.073847484914254534e-10,3.736093364403864635e-15,7.798331164155209287e-15,2.568144874012828797e-15,1.101026140408641555e-15,1.748410739975998684e-09,3.053097171519184118e-19,1.125503805539105610e-11,6.907064423257325348e-08,1.603679627559348896e-23,1.267131947916783169e-33
4.000000000000000222e-01,2.835283775458175259e-05,4.784867476888608706e-08,2.382273822222691054e-06,3.080866046262939020e-08,2.689406393666308129e-06,2.309987680610923468e-05,1.326062636841785519e-14,5.602803733793634335e-09,1.948098221226099612e-14,8.396400896803591186e-15,5.199660630266113026e-10,3.714310154026751706e-15,8.739854735483178239e-15,2.554920725036625212e-15,1.037695336171719096e-15,2.382175252436668400e-09,4.159827678671229631e-19,1.087321901771970376e-11,9.410752189851809219e-08,2.078391967443337616e-23,1.240098889749382579e-33
4.004999999999999671e-01,3.522512752736630754e-05,4.859734985606912492e-08,2.439889067457514228e-06,2.974381829047488770e-08,2.638972560029359056e-06,2.993508018890704908e-05,1.354099845289408771e-14,7.260655595578366288e-09,2.102002225156424720e-14,7.986730212755373873e-15,5.325414344636143036e-10,3.687197526921865627e-15,9.892567721703705413e-15,2.541447329603612381e-15,1.001016031756468391e-15,3.087054715577344376e-09,5.390742323817557441e-19,1.049740795840359505e-11,1.219537340017470279e-07,2.614080829980947403e-23,1.245671712730159327e-33
4.010000000000000231e-01,4.259573242800550802e-05,4.953179513150753680e-08,2.497439949752712839e-06,2.869648159099999601e-08,2.587698096471221044e-06,3.726710467063340824e-05,1.392865404443924187e-14,9.039004381995939650e-09,2.284506252691664174e-14,7.914510778086856064e-15,5.451027598786082470e-10,3.671881419633731646e-15,1.120287181883903441e-14,2.548363851229801764e-15,1.001618006043403697e-15,3.843170718627316498e-09,6.711127368522401549e-19,1.012777504910645739e-11,1.518239656764628015e-07,3.197891801755763147e-23,1.293866863801026607e-33
4.014999999999999680e-01,5.027535404102664792e-05,5.046218611223799845e-08,2.554900882498618555e-06,2.766706336969908629e-08,2.535289895667578406e-06,4.490799065504753277e-05,1.441130496199052680e-14,1.089226184964709575e-08,2.423002226051755312e-14,8.132291295040923757e-15,5.576444552876639933e-10,3.681516511629161608e-15,1.265998226155886948e-14,2.590278362933639853e-15,1.043651470741344697e-15,4.631140104304587757e-09,8.087134015749721661e-19,9.764466046290246854e-12,1.829524807058380112e-07,3.815865010020985163e-23,1.387869744991917926e-33
4.020000000000000240e-01,5.808277797107889225e-05,5.120360976949157836e-08,2.612257848422447461e-06,2.665586662835281765e-08,2.481938352681852317e-06,5.267732931819527612e-05,1.497568066868404698e-14,1.277667212820293199e-08,2.454516057404187612e-14,8.551933528843706088e-15,5.701634610619501150e-10,3.720837941646779786e-15,1.430438859031659193e-14,2.670875158701827034e-15,1.123914807114551791e-15,5.432357990108051693e-09,9.486272838332876998e-19,9.407587884622406969e-12,2.146043043204780636e-07,4.452940332166631205e-23,1.523128985557445307e-33
4.024999999999999689e-01,6.584761277000884209e-05,5.164679349487429049e-08,2.669503416260419140e-06,2.566308590587642557e-08,2.428273663409830934e-06,6.040496753623658747e-05,1.560798193641937899e-14,1.465096746798280429e-08,2.354831328573868427e-14,9.064491413733560770e-15,5.826581541428958013e-10,3.784400025247405434e-15,1.621082271638764628e-14,2.781385751094298772e-15,1.232444850393628062e-15,6.229276746457837687e-09,1.087790122035191962e-18,9.057209221307323062e-12,2.460862428925365384e-07,5.093298767250006894e-23,1.687999953589481603e-33
4.030000000000000249e-01,7.341252502051501326e-05,5.180003310720480559e-08,2.726628259278457412e-06,2.468885137254085865e-08,2.375129325581082284e-06,6.793343525156265777e-05,1.629439020269295425e-14,1.647695651930750419e-08,2.152392761904866758e-14,9.560708181402437938e-15,5.951264971196970459e-10,3.858189509247676542e-15,1.844920034409962023e-14,2.903074821671036933e-15,1.354518974876826623e-15,7.005656430317168344e-09,1.223366088979053134e-18,8.713375998189009510e-12,2.767567728450814244e-07,5.721011698365835028e-23,1.865880611106943742e-33
4.034999999999999698e-01,8.063481538660170398e-05,5.178376263353714072e-08,2.783612368581875943e-06,2.373329729578582114e-08,2.323210835218773861e-06,7.511985852266617680e-05,1.702155892697106584e-14,1.821998782005369671e-08,1.920358777127631909e-14,9.948601728821046258e-15,6.075641209871409742e-10,3.924151665657339817e-15,2.103814794473051177e-14,3.013033148372810890e-15,1.473669392110922218e-15,7.746762236553266896e-09,1.352782272001200103e-18,8.376135604794088188e-12,3.060338342682515552e-07,6.320888167164397122e-23,2.038414707133312041e-33
4.040000000000000258e-01,8.738733649402277226e-05,5.177888558599480642e-08,2.840419606324522588e-06,2.279662665554191475e-08,2.272807601519226128e-06,8.183721698483748300e-05,1.777696427257013414e-14,1.984925433883104219e-08,1.749299293978343298e-14,1.016569936921728473e-14,6.199631369637484918e-10,3.966141288547182439e-15,2.391105636606248908e-14,3.091410523229532828e-15,1.575043974545137403e-15,8.439494363610722540e-09,1.473751321370224144e-18,8.045559682084279016e-12,3.333999537201060089e-07,6.879355093777636689e-23,2.189057325660333518e-33
4.044999999999999707e-01,9.355890622993031844e-05,5.194923252365373304e-08,2.896998190197393365e-06,2.187914579846448517e-08,2.223668258165583758e-06,8.797495615597154589e-05,1.854900466908332293e-14,2.133794170496870371e-08,1.711236853671290367e-14,1.018479598654832815e-14,6.323122427112574540e-10,3.975285561863274435e-15,2.691139713517520675e-14,3.127690505710013917e-15,1.648348543665591211e-15,9.072451329468531044e-09,1.584282450957488181e-18,7.721756351952864697e-12,3.584047387296831115e-07,7.385193290213575860e-23,2.306193984176494755e-33
4.050000000000000266e-01,9.905445875270490878e-05,5.236936902645173958e-08,2.953287485911141463e-06,2.098125580428499067e-08,2.175092244103146131e-06,9.343911172318915585e-05,1.932681355793890912e-14,2.266325830358556703e-08,1.829585097560047925e-14,1.001335612832860074e-14,6.445982049738796978e-10,3.952926552885279223e-15,2.982323799651076428e-14,3.123913572822521502e-15,1.689707180551916783e-15,9.635942905197785642e-09,1.682683629771432515e-18,7.404867169276377991e-12,3.806653841623413993e-07,7.829986461562081354e-23,2.385112518813658576e-33
4.054999999999999716e-01,1.037951664438038806e-04,5.298705222373991487e-08,3.009228958257513407e-06,2.010340487323031096e-08,2.126202265746597847e-06,9.815218621498234940e-05,2.009985779451917862e-14,2.380640556035625590e-08,2.067434367531501418e-14,9.687654584660655225e-15,6.568082494390764085e-10,3.910145593536696004e-15,3.242874990399969662e-14,3.093799341528826656e-15,1.702052170686432959e-15,1.012197743129828660e-08,1.767559311865788635e-18,7.095050317451522860e-12,3.998661698306726842e-07,8.208210309299128977e-23,2.428417676621294475e-33
4.060000000000000275e-01,1.077186655245748498e-04,5.363580991225526503e-08,3.064777315381109610e-06,1.924602107700285451e-08,2.076289392463743746e-06,1.020530064932761251e-04,2.085748948691044019e-14,2.475254378233619349e-08,2.339411088918951016e-14,9.263352179471974909e-15,6.689324924415367079e-10,3.864064352121481192e-15,3.457281748491318551e-14,3.058131282172804973e-15,1.694023815348727763e-15,1.052424706443415840e-08,1.837807838617069993e-18,6.792456874045426032e-12,4.157578799626867142e-07,8.516973368296484787e-23,2.444867548234935842e-33
4.064999999999999725e-01,1.107793690398241896e-04,5.409310527641472710e-08,3.119907552306608831e-06,1.840945134921828823e-08,2.025094269820698863e-06,1.050966905211322424e-04,2.158865812208868396e-14,2.549078462445391456e-08,2.542927372958692251e-14,8.804431360341464675e-15,6.809654775504063625e-10,3.832236428591686837e-15,3.621060289964118170e-14,3.038039827666110826e-15,1.677717462275470108e-15,1.083812421160678897e-08,1.892620840638603195e-18,6.497209278932881037e-12,4.281576678332601365e-07,8.755496498588353261e-23,2.446988143491916583e-33
4.070000000000000284e-01,1.129487148598526045e-04,5.416147587673498499e-08,3.174614962465300526e-06,1.759392859554501267e-08,1.972914684422370967e-06,1.072547064206118397e-04,2.228195079419822127e-14,2.601420594625484301e-08,2.596848248890453630e-14,8.372331767514751882e-15,6.929061775473671747e-10,3.827083146169217373e-15,3.741909934792308650e-14,3.048495618371487908e-15,1.665864780185656583e-15,1.106066742855204014e-08,1.931484335267193772e-18,6.209389727038885001e-12,4.369492963534899229e-07,8.924465014307429914e-23,2.448086494922496987e-33
4.074999999999999734e-01,1.142151282514908110e-04,5.374110363266761683e-08,3.228907767393876699e-06,1.679957665645158834e-08,1.920499517532658277e-06,1.085148758716880961e-04,2.292602033752074909e-14,2.631985305545044236e-08,2.472567428897634897e-14,8.016817921248312780e-15,7.047563856590768117e-10,3.852261261366562456e-15,3.836658112202982285e-14,3.094171179284427557e-15,1.669120716464109927e-15,1.119062156635255674e-08,1.954178843895019679e-18,5.929041920600581194e-12,4.420831518850705439e-07,9.025397439667090918e-23,2.459372622899638546e-33
4.080000000000000293e-01,1.145835051152287073e-04,5.286589377649062133e-08,3.282794835867436852e-06,1.602644800845376393e-08,1.868773156910751250e-06,1.088811102704579563e-04,2.351032133793012478e-14,2.640867492451922720e-08,2.205395828458802000e-14,7.769665632192256970e-15,7.165180354834086484e-10,3.902115809080352618e-15,3.924953086423711949e-14,3.168922964530631397e-15,1.694041069094970271e-15,1.122839039219092043e-08,1.960774698523695911e-18,5.656184375883936127e-12,4.435751693205288651e-07,9.060150523425210045e-23,2.487810217460744000e-33
4.084999999999999742e-01,1.140741317113640706e-04,5.168965430327518089e-08,3.336272920476114421e-06,1.527457759515857191e-08,1.818499102235446529e-06,1.083726965395985265e-04,2.402595354467938957e-14,2.628535091860700880e-08,1.881836292300050526e-14,7.641741595313647064e-15,7.281904159452044308e-10,3.964252334363530505e-15,4.021904097560908372e-14,3.258838015106677148e-15,1.742120259980267974e-15,1.117596284050430325e-08,1.951619218567268621e-18,5.390829422499092153e-12,4.415039224788283230e-07,9.030632983904762011e-23,2.535088953182412116e-33
4.090000000000000302e-01,1.127211055264833243e-04,5.042843107389340241e-08,3.389318142160529527e-06,1.454403216919723137e-08,1.770011981354564754e-06,1.070230575904196650e-04,2.446635697326480498e-14,2.595798985133767428e-08,1.607669891567307950e-14,7.623528812309635306e-15,7.397683135026875557e-10,4.024178614012187683e-15,4.132300926986391544e-14,3.347568692608874954e-15,1.809985377323710193e-15,1.103678518392525276e-08,1.927314392932691410e-18,5.133000618147818767e-12,4.360055742828384193e-07,8.938745795589330015e-23,2.597822172677369066e-33
4.094999999999999751e-01,1.105704514987668609e-04,4.928172186547909269e-08,3.441884948174468097e-06,1.383493873027545872e-08,1.723116973281652979e-06,1.048780564209403831e-04,2.482763613833928329e-14,2.543771816475158951e-08,1.469116930209617321e-14,7.688670211167133435e-15,7.512417852946180286e-10,4.070309257090149095e-15,4.248496920387205820e-14,3.421981976672935824e-15,1.890584866033896444e-15,1.081558624048100106e-08,1.888686308018832151e-18,4.882742785431881908e-12,4.272669677640861835e-07,8.786518339770788184e-23,2.668800304022150535e-33
4.100000000000000311e-01,1.076781888436364559e-04,4.836273739288177336e-08,3.493913010384532725e-06,1.314748544433999542e-08,1.677188348876106389e-06,1.019940359031182059e-04,2.510840391410429656e-14,2.473820392205918314e-08,1.501818943840923959e-14,7.799714839749031595e-15,7.625976649126321220e-10,4.097615331743675825e-15,4.352717661598365554e-14,3.476199133705641880e-15,1.975024129461141284e-15,1.051817540240326072e-08,1.836749791765705986e-18,4.640122336035321184e-12,4.155176403045167817e-07,8.576375910373751037e-23,2.738931985153633744e-33
4.104999999999999760e-01,1.041085750136055510e-04,4.766348580280145630e-08,3.545339569885747044e-06,1.248189929745731780e-08,1.631422078988945483e-06,9.843584146439072189e-05,2.530919101587452132e-14,2.387517669761856567e-08,1.679139431029713876e-14,7.915002783264271442e-15,7.738222563953731847e-10,4.108802563849256609e-15,4.422961682103294790e-14,3.512830212598745950e-15,2.054612175733393802e-15,1.015123894097490227e-08,1.772672745763152520e-18,4.405219383519879254e-12,4.010217682022857430e-07,8.311457412062551551e-23,2.799409968215166681e-33
4.110000000000000320e-01,9.993264909068898521e-05,4.706633226178163959e-08,3.596112707984686606e-06,1.183841230885021773e-08,1.585141305405904846e-06,9.427504207194906160e-05,2.543161161228270511e-14,2.286599572689549773e-08,1.923688611705906422e-14,7.995549906771345693e-15,7.849042300502699090e-10,4.112855494895116566e-15,4.440386552490280551e-14,3.541299200678552042e-15,2.122691450585148937e-15,9.722156752914328169e-09,1.697744065722899306e-18,4.178115818036351726e-12,3.840709191065617964e-07,7.995900821668662617e-23,2.843646223920904966e-33
4.114999999999999769e-01,9.522705988955180187e-05,4.639564924081842643e-08,3.646200709545863451e-06,1.121722996601273780e-08,1.538038592730458080e-06,8.958846159031676084e-05,2.547755849479188041e-14,2.172929357923720729e-08,2.137090429512849306e-14,8.010898190346685041e-15,7.958366653007235237e-10,4.121714733151273319e-15,4.395587311872293626e-14,3.574178614017057503e-15,2.175906739416286007e-15,9.238851058312664426e-09,1.613347182652348332e-18,3.958884165182832857e-12,3.649780688762251001e-07,7.635024732510120299e-23,2.868609208103451369e-33
4.120000000000000329e-01,9.007304778037624339e-05,4.548834103354857581e-08,3.695594193747755005e-06,1.061851189426776301e-08,1.490268911465918874e-06,8.445700019303408693e-05,2.544869254071360368e-14,2.048469045171183627e-08,2.236295677607154823e-14,7.943154260164212960e-15,8.066175151553642121e-10,4.146418709577008317e-15,4.291632941913870575e-14,3.623034225080474909e-15,2.214701501344363346e-15,8.709664919671991751e-09,1.520938860918863487e-18,3.747580762892594648e-12,3.440728000765544431e-07,7.235354266366848875e-23,2.875337551148390478e-33
4.124999999999999778e-01,8.455539682202203888e-05,4.425596731664961102e-08,3.744300424302143151e-06,1.004236807554889652e-08,1.442368294389358940e-06,7.896461591125312237e-05,2.534639218590662765e-14,1.915254753969616188e-08,2.182717709002235508e-14,7.788790042078467924e-15,8.172483641920968332e-10,4.194064032908647127e-15,4.142933225303050564e-14,3.695248253198370042e-15,2.242986039281834157e-15,8.143257169756905131e-09,1.422030903433272186e-18,3.544244426446753413e-12,3.216971528417429824e-07,6.804467122589754485e-23,2.868571479231287598e-33
4.130000000000000338e-01,7.876120166566730641e-05,4.271581855544142340e-08,3.792332113132487825e-06,9.488867472048378195e-09,1.395039915485562311e-06,7.319729014478970185e-05,2.517217172745928753e-14,1.775371666781759070e-08,1.993735660154542666e-14,7.558152540872184630e-15,8.277319851613492780e-10,4.266466222679370773e-15,3.970496700534244937e-14,3.792721978866282501e-15,2.267080282640750238e-15,7.548495589620797391e-09,1.318171573303190637e-18,3.348899492013604822e-12,2.982014103897498125e-07,6.350668799920668335e-23,2.855612894111295723e-33
4.134999999999999787e-01,7.277838652323996918e-05,4.098128903394954140e-08,3.839694988421882423e-06,8.958052278526755264e-09,1.348896048578485359e-06,6.724183200347840319e-05,2.492841528605133205e-14,1.630925086065344643e-08,1.733208236711641300e-14,7.272957612460246725e-15,8.380696262459943229e-10,4.360669662939946522e-15,3.795360813511581088e-14,3.912537095355783368e-15,2.294174676845962039e-15,6.934333401223423109e-09,1.210924099662895726e-18,3.161560847213497710e-12,2.739392279440889784e-07,5.882541471729968210e-23,2.844675300282390749e-33
4.140000000000000346e-01,6.669403173241920501e-05,3.921780644416198046e-08,3.886378687927226690e-06,8.449951101586306288e-09,1.304254414985249209e-06,6.118446792385324497e-05,2.461916137103554208e-14,1.484006273738965491e-08,1.485679250353900289e-14,6.962281860104120629e-15,8.482590241794855579e-10,4.470775696547108910e-15,3.632502997052657897e-14,4.048931815479783400e-15,2.330653712742016844e-15,6.309663597611060427e-09,1.101841290946613830e-18,2.982238583371271372e-12,2.492618868952421540e-07,5.408442089543574093e-23,2.843091849838675624e-33
4.144999999999999796e-01,6.059265986752797458e-05,3.758312725402667367e-08,3.932354101831269748e-06,7.964587208109936427e-09,1.261059486754603738e-06,5.510927575192417396e-05,2.425064989155019584e-14,1.336654498167586202e-08,1.324806909827320329e-14,6.657704974162211558e-15,8.582938248415632935e-10,4.590190080570773733e-15,3.487227510307710463e-14,4.195597282646716961e-15,2.380664483613431311e-15,5.683157264715970749e-09,9.924373198527708490e-19,2.810940907705351237e-12,2.245119153475154382e-07,4.936043378101784433e-23,2.855788754706985776e-33
4.150000000000000355e-01,5.455467176406441189e-05,3.617537140504264582e-08,3.977577737146945674e-06,7.501981592501444661e-09,1.218946789374429318e-06,4.909661101747494387e-05,2.383141786433544524e-14,1.190818865573634327e-08,1.288077838493808125e-14,6.388304528792859863e-15,8.681645359817991427e-10,4.713438377922473890e-15,3.355033770118652766e-14,4.347411433914070557e-15,2.445268694177318095e-15,5.063101171831060302e-09,8.841593490935153986e-19,2.647675226820804215e-12,2.000166768739334427e-07,4.472008486542263480e-23,2.884382906652020246e-33
4.154999999999999805e-01,4.865509149890570237e-05,3.500749910135191324e-08,4.022001031398065487e-06,7.062153043655349959e-09,1.177413102091070689e-06,4.322170412157709616e-05,2.337187736535675242e-14,1.048324270320555639e-08,1.366719743043356877e-14,6.176188506904131307e-15,8.778605597389415079e-10,4.837077628531234607e-15,3.224707662980444375e-14,4.501183917506859925e-15,2.522387095911771038e-15,4.457253087619651718e-09,7.783622315077423822e-19,2.492448170971517027e-12,1.760826555719470284e-07,4.021862653655669561e-23,2.927123597771688476e-33
4.160000000000000364e-01,4.296269411074205458e-05,3.401544429849574711e-08,4.065580828926896295e-06,6.645117720252479594e-09,1.136019036425815137e-06,3.755357167852031611e-05,2.288347960045480446e-14,9.108449437596441341e-09,1.513381923167543603e-14,6.033182355423106652e-15,8.873724786139400715e-10,4.959728946932273002e-15,3.083308144605383240e-14,4.655532402958928609e-15,2.607550397828106841e-15,3.872729597248666590e-09,6.762888790906142991e-19,2.345265444292979608e-12,1.529910209643182276e-07,3.590077255758169873e-23,2.979690645499919594e-33
4.164999999999999813e-01,3.753948622261845655e-05,3.309373107948727446e-08,4.108287065539846388e-06,6.250889357307372582e-09,1.094545247207178946e-06,3.215430078778246212e-05,2.237770414383715353e-14,7.798870372696691276e-09,1.663249878024037756e-14,5.959165452369726512e-15,8.966937320761075345e-10,5.081626184343639720e-15,2.921209305507121086e-14,4.810380537569610845e-15,2.695255408126520014e-15,3.315932462774383568e-09,5.790573684131444976e-19,2.206131897298556051e-12,1.309947121834327439e-07,3.180324889843326417e-23,3.036633149875997525e-33
4.170000000000000373e-01,3.244042800431833513e-05,3.214244163456297365e-08,4.150105069376252826e-06,5.879479428008008663e-09,1.053048865007648319e-06,2.707866698303231580e-05,2.186516604442701028e-14,6.567792999042940293e-09,1.759503802586525577e-14,5.942362403791667976e-15,9.058211183001997856e-10,5.204163481210857222e-15,2.735532307496929437e-14,4.966604292650305908e-15,2.780550450948329638e-15,2.792509441218937377e-09,4.876540754439626316e-19,2.075051583190432060e-12,1.103168815197087508e-07,2.795815661513296344e-23,3.093049009703587528e-33
4.174999999999999822e-01,2.771325407791724480e-05,3.110649948061731147e-08,4.191032157371760912e-06,5.530895727733400426e-09,1.011810162373477166e-06,2.237397330517390141e-05,2.135508738191136042e-14,5.426691329241811972e-09,1.773124520812059768e-14,5.961627085412184097e-15,9.147540512164297009e-10,5.329724665836460086e-15,2.531031395219358567e-14,5.126076741218878115e-15,2.860398143333457219e-15,2.307337905637282785e-09,4.029308043840725398e-19,1.952027257122037334e-12,9.115023880152039333e-08,2.439601142880162859e-23,3.146026303254317679e-33
4.180000000000000382e-01,2.339827818655853474e-05,2.999297397278019352e-08,4.231070437203953085e-06,5.205138538207117236e-09,9.712024943167471853e-07,1.807997526121856547e-05,2.085525059515397905e-14,4.385207503469381632e-09,1.710082807238900707e-14,5.990424795218047413e-15,9.234929897369889954e-10,5.461730828628392115e-15,2.318465077570165867e-14,5.291949960304364174e-15,2.934419972260262872e-15,1.864517275432498051e-09,3.256034623002891435e-19,1.837059021485772132e-12,7.365674566103444863e-08,2.114743408792112532e-23,3.195428569743525618e-33
4.184999999999999831e-01,1.952813574044069759e-05,2.886203806360528839e-08,4.270219028798189844e-06,4.902195294340982019e-09,9.315444507347582913e-07,1.422878845381493927e-05,2.037238447362430538e-14,3.451129464101610147e-09,1.604451505032791996e-14,6.001869673649528408e-15,9.320377405270233233e-10,5.604560227058275816e-15,2.111317638044269958e-14,5.468710753501185120e-15,3.004808550609282513e-15,1.467359575135873159e-09,2.562504093163866251e-19,1.730142443044620252e-12,5.796723920237102622e-08,1.824290845382803621e-23,3.243798712058412522e-33
4.190000000000000391e-01,1.612749850152655690e-05,2.779798458880184746e-08,4.308468833290212376e-06,4.622036272124944716e-09,8.929934043493599741e-07,1.084474457457430848e-05,1.991278925256434543e-14,2.630356362785737013e-09,1.501605772545789678e-14,5.973893124316501682e-15,9.403863167926163170e-10,5.762950991059190241e-15,1.922158490405247407e-14,5.661540576562807593e-15,3.075449150915986693e-15,1.118374565439971271e-09,1.953098610738131241e-19,1.631267030843324485e-12,4.418084531523650378e-08,1.571066924050202593e-23,3.295426708576314571e-33
4.194999999999999840e-01,1.321285358412506900e-05,2.687397689689998900e-08,4.345801627627454098e-06,4.364613998188930152e-09,8.555166158901894116e-07,7.944236141043434812e-06,1.948293594469821037e-14,1.926861422198272824e-09,1.439184718344114800e-14,5.893497986802925413e-15,9.485347409792811903e-10,5.940739404972081109e-15,1.759843270838183348e-14,5.874832405097572246e-15,3.150541455778836699e-15,8.192536145749595633e-10,1.430770731700078151e-19,1.540416028048693036e-12,3.236434614215334633e-08,1.357341744017909467e-23,3.354889417033711678e-33
4.199999999999999845e-01,1.079245291516867474e-05,2.612535553762805879e-08,4.382193289497970518e-06,4.129867397046151605e-09,8.189411794881788514e-07,5.535639813765840915e-06,1.908980131563735786e-14,1.342673929383385872e-09,1.433635358821224287e-14,5.759163186750261967e-15,9.564777486368763464e-10,6.139207007437495363e-15,1.628274644104182535e-14,6.110225005430839542e-15,3.233171557538642896e-15,5.708615996613087524e-10,9.970293447542078901e-20,1.457567876210893263e-12,2.255186768568176322e-08,1.184497015400523836e-23,3.425538227730183106e-33
4.204999999999999849e-01,8.866506791037174909e-06,2.554138379966346335e-08,4.417619225069893376e-06,3.917728847999403635e-09,7.830524544950476338e-07,3.619413908504863901e-06,1.874081228951842379e-14,8.779034224738254548e-10,1.477141406803970196e-14,5.580818247222620485e-15,9.642099727763430042e-10,6.355691807414563810e-15,1.526790397280416813e-14,6.364950767589701055e-15,3.324296322398950342e-15,3.732467395137278494e-10,6.519570273094493626e-20,1.382698706623230936e-12,1.474527708028172613e-08,1.052798671586987582e-23,3.508422653416864223e-33
4.209999999999999853e-01,7.427632496943168620e-06,2.507679044774266086e-08,4.452059300661571979e-06,3.728129902573712502e-09,7.476946359461197867e-07,2.188428504762982863e-06,1.844342860926851873e-14,5.308201178959922346e-10,1.545018650385887182e-14,5.377345117355343611e-15,9.717270198100483896e-10,6.583239475221390811e-15,1.451695280890550484e-14,6.631406197768289726e-15,3.422459953445924305e-15,2.256744298210972149e-10,3.942694312839743532e-20,1.315784358948081974e-12,8.915527445233033545e-09,9.613557751012322209e-24,3.601987669326393487e-33
4.214999999999999858e-01,6.461503393106972442e-06,2.467613134124196396e-08,4.485500045537054181e-06,3.561001044664512097e-09,7.128316936714696573e-07,1.228524557020775818e-06,1.820453091162742699e-14,2.979906259117111449e-10,1.609296494382219221e-14,5.172157465810944749e-15,9.790259499485618053e-10,6.811811568514513639e-15,1.398185920439789690e-14,6.898525241138756778e-15,3.524312992553425333e-15,1.266847552277352374e-10,2.214160789355210993e-20,1.256800297180033682e-12,5.004935674194877558e-09,9.082820741480858936e-24,3.702619453423167406e-33
4.219999999999999862e-01,5.947601905340427679e-06,2.429926315335105267e-08,4.517933328976783320e-06,3.416263280842370213e-09,6.785481640692165231e-07,7.192387479716563568e-07,1.802985015403792661e-14,1.744535857384905116e-10,1.651981019022771228e-14,4.987892571888231871e-15,9.861049883038370321e-10,7.030986171085023140e-15,1.361979866099087990e-14,7.154848340823833669e-15,3.625733256687195248e-15,7.416718674308576577e-11,1.297111314823358908e-20,1.205718641953603282e-12,2.930135440219831034e-09,8.910094789807825349e-24,3.805828853227359831e-33
4.224999999999999867e-01,5.859976531144679478e-06,2.393679125888733273e-08,4.549352441254716119e-06,3.293813772696700888e-09,6.449968391874310669e-07,6.345977817246548203e-07,1.792364763169961867e-14,1.539118990263703426e-10,1.672190938248521212e-14,4.841482950509939603e-15,9.929626696631153461e-10,7.233404278020270310e-15,1.340258599718422712e-14,7.392401762775747962e-15,3.723150972686108839e-15,6.544254553240999128e-11,1.144766914959654064e-20,1.162503099786085274e-12,2.585313090377858949e-09,9.066546092933797434e-24,3.907653964739754102e-33
4.229999999999999871e-01,6.167936557457141357e-06,2.360959597641563275e-08,4.579747739208651341e-06,3.193512105554158729e-09,6.123222278914607766e-07,9.438910687348227604e-07,1.788874412581441498e-14,2.289195689646872715e-10,1.684491471044177252e-14,4.740775315003972457e-15,9.995968884552205013e-10,7.417734603217983623e-15,1.331899571448915465e-14,7.609977454757810551e-15,3.814625145691091367e-15,9.734283309046030099e-11,1.701821361596853970e-20,1.127104116610063226e-12,3.845355509825870727e-09,9.523271415374379275e-24,4.005804611986747685e-33
4.234999999999999876e-01,6.836671998742004649e-06,2.335392555097291707e-08,4.609104204438015192e-06,3.115175664511977515e-09,5.805961624432928385e-07,1.612369324242629320e-06,1.792684708056238085e-14,3.910505420154268399e-10,1.709843172443497850e-14,4.683451935361416283e-15,1.006004366220974156e-09,7.589900278645211545e-15,1.337237933845820123e-14,7.814406722271015870e-15,3.900321860545994201e-15,1.662834845330599647e-10,2.905699587115202063e-20,1.099457245315148369e-12,6.568696166800764387e-09,1.025295475234382144e-23,4.100179995123504247e-33
4.239999999999999880e-01,7.827836454986014254e-06,2.319980154672976599e-08,4.637402331459497526e-06,3.058590344168601664e-09,5.497932057621378336e-07,2.601869950991867609e-06,1.803899749241933574e-14,6.310498960863334603e-10,1.763826152986880307e-14,4.658398078968929289e-15,1.012180845739368209e-09,7.761812640472175966e-15,1.357673030039204412e-14,8.019022397013026553e-15,3.982266858439975983e-15,2.683280891702794921e-10,4.687682657743384253e-20,1.079486924886996667e-12,1.059986288815654703e-08,1.122980362069814076e-23,4.192623373670619906e-33
4.244999999999999885e-01,9.100156382656367617e-06,2.315301307439174701e-08,4.664622141891722346e-06,3.023536681295926268e-09,5.198136532291467218e-07,3.871414631997162899e-06,1.822590691710742075e-14,9.389785033742570084e-10,1.847834409279510504e-14,4.649024851468267234e-15,1.018121967166646546e-09,7.947745913564621598e-15,1.395330023086986954e-14,8.239522055122625125e-15,4.063501334837106946e-15,3.992502129160708215e-10,6.973981666300675749e-20,1.067115702774255472e-12,1.577191242607330771e-08,1.242809624677410595e-23,4.286047233884186517e-33
4.249999999999999889e-01,1.061012233592424136e-05,2.318890062986171788e-08,4.690748548292709354e-06,3.009823741080958350e-09,4.905402814963258483e-07,5.377841844645247840e-06,1.848800336576228659e-14,1.304366441600800016e-09,1.947400870631666064e-14,4.637581189451443182e-15,1.023824438464262074e-09,8.159435505634872037e-15,1.452798906633906674e-14,8.488500000475955066e-15,4.146967953271933123e-15,5.545987462888913453e-10,9.686874428359954082e-20,1.062276193867377875e-12,2.190900729388399052e-08,1.382013946950792329e-23,4.383270808611888608e-33
4.254999999999999893e-01,1.231278137626365624e-05,2.326056582006597514e-08,4.715775493316214930e-06,3.017317224976054386e-09,4.619009726407724363e-07,7.076521111171463140e-06,1.882513604308512651e-14,1.716386510234132716e-09,2.038465979017179126e-14,4.609301879845102263e-15,1.029286938358053604e-09,8.401606023539475693e-15,1.532824760542373366e-14,8.770576569452859139e-15,4.234524814683340927e-15,7.297715787808175241e-10,1.274599022726978388e-19,1.064921000367080422e-12,2.882932558761170391e-08,1.537458664285923591e-23,4.485986894558057786e-33
4.259999999999999898e-01,1.416260201200666767e-05,2.331763490652375032e-08,4.739706657922502337e-06,3.045947538961099629e-09,4.339084088448133448e-07,8.922155217545854676e-06,1.923605070078155579e-14,2.164049302683191071e-09,2.098751150679621720e-14,4.555378277534720326e-15,1.034510270486122611e-09,8.669646157628494671e-15,1.637802322752251572e-14,9.080013459072746041e-15,4.326409756748750082e-15,9.200982377819743045e-10,1.606975437071951672e-19,1.075025559402077317e-12,3.634832917830513837e-08,1.705585886879797803e-23,4.594196812718828222e-33
4.264999999999999902e-01,1.611434467884505819e-05,2.332708607481507047e-08,4.762551946810263993e-06,3.095689318103259096e-09,4.066597117928987279e-07,1.086963000684020997e-05,1.971787211872941160e-14,2.636409927377099506e-09,2.119044411731768803e-14,4.474142595721693433e-15,1.039496596103030260e-09,8.950485894117801831e-15,1.769045895102090524e-14,9.401918871661400770e-15,4.421292401306799430e-15,1.120927345730421198e-09,1.957691974948583967e-19,1.092580917032011805e-12,4.428222571182820619e-08,1.882495058296243578e-23,4.706259230527355945e-33
4.269999999999999907e-01,1.812385800669202396e-05,2.328684018467783310e-08,4.784320831357522389e-06,3.166514686626985002e-09,3.802973741395804822e-07,1.287483918342357948e-05,2.026586164817139559e-14,3.122768643238583430e-09,2.109158846698472228e-14,4.370387893750636009e-15,1.044247981229492192e-09,9.226604789627469518e-15,1.925994852539516289e-14,9.716870249311701914e-15,4.516832493034717945e-15,1.327711451362320980e-09,2.318805410451649258e-19,1.117577232951549483e-12,5.245132879864623279e-08,2.064137237976827526e-23,4.819469589560063181e-33
4.274999999999999911e-01,2.014873873600875388e-05,2.322604474404380248e-08,4.805015149037468874e-06,3.258334338189273262e-09,3.549497581465870530e-07,1.489540751134605231e-05,2.087363492998429598e-14,3.612846697288090193e-09,2.095589156007609148e-14,4.253240297330315240e-15,1.048764825467317231e-09,9.481917290805847993e-15,2.105665685837153535e-14,1.000748292110492604e-14,4.610494232510051004e-15,1.536081384110461137e-09,2.682684414234603313e-19,1.149982986652584988e-12,6.068300426697282339e-08,2.246559393515151308e-23,4.930909939823553897e-33
4.279999999999999916e-01,2.214883316535161983e-05,2.319176637325766617e-08,4.824624436294672238e-06,3.370948273581824167e-09,3.306776499332737544e-07,1.689126121175070705e-05,2.153385290631654309e-14,4.096924852153866075e-09,2.111483193165934410e-14,4.133320944521054646e-15,1.053044843904031275e-09,9.707499770880577927e-15,2.302677048198121624e-14,1.026463520436460682e-14,4.700306755024351191e-15,1.741904902257914245e-09,3.042112354019376884e-19,1.189727591867324854e-12,6.881399391870029679e-08,2.426123502145760764e-23,5.038246120614952589e-33
4.284999999999999920e-01,2.408660350501633951e-05,2.322763283366100332e-08,4.843126045709444076e-06,3.504027728652752704e-09,3.074498175335679586e-07,1.882503820452834385e-05,2.223920186459116121e-14,4.565942779944492489e-09,2.182922935672787442e-14,4.020013471180273753e-15,1.057083093149073848e-09,9.905069574912456081e-15,2.510020600946786678e-14,1.049106697158855923e-14,4.785323351969913883e-15,1.941328915214830159e-09,3.390361127895385965e-19,1.236695018690709490e-12,7.669208682889614914e-08,2.599643282510472817e-23,5.140213813699317293e-33
4.289999999999999925e-01,2.592741493578438534e-05,2.335337440989956288e-08,4.860490454061251263e-06,3.657140439201149024e-09,2.851573485701178744e-07,2.066237468738671450e-05,2.298333456497422816e-14,5.011568198207517954e-09,2.317231565205947149e-14,3.919500465927851692e-15,1.060873130050841584e-09,1.008685674807881188e-14,2.720475623915293912e-14,1.070093623175194942e-14,4.865680320358772908e-15,2.130809062073948546e-09,3.721242627973730086e-19,1.290732710237148929e-12,8.417728686040811876e-08,2.764419069008160565e-23,5.236689293199261214e-33
4.294999999999999929e-01,2.763980602602249094e-05,2.355382916489984686e-08,4.876690035933316590e-06,3.829815678208592839e-09,2.636598140957491669e-07,2.237213054749097123e-05,2.376141797254317065e-14,5.426250988852289400e-09,2.498351215809995907e-14,3.833927656296898361e-15,1.064408926429558057e-09,1.027178008414126399e-14,2.928281141842557048e-14,1.091535120340681094e-14,4.942322954502099072e-15,2.307133085767577353e-09,4.029149159682363198e-19,1.351674535775260800e-12,9.114273099223719571e-08,2.918191715259987953e-23,5.328414211844568866e-33
4.299999999999999933e-01,2.919578484076302858e-05,2.378203692060302525e-08,4.891708037687608998e-06,4.021629233037684294e-09,2.428432523772435008e-07,2.392661433787647622e-05,2.457004507581642553e-14,5.803277153116630188e-09,2.691534036718196006e-14,3.761707740432069920e-15,1.067686827230502740e-09,1.047918874235441613e-14,3.130512927134234077e-14,1.115536968446569477e-14,5.016581763540722141e-15,2.467444237280756417e-09,4.309093838113208388e-19,1.419370781028496225e-12,9.747560587585647454e-08,3.059062714725589641e-23,5.416564048358264788e-33
4.304999999999999938e-01,3.057115508472156340e-05,2.397525632380353355e-08,4.905544204246573543e-06,4.232278301655635564e-09,2.226658714767448169e-07,2.530184085964813249e-05,2.540648665094856008e-14,6.136830751645825160e-09,2.855806735735050761e-14,3.698688821582170563e-15,1.070706777995884937e-09,1.072235207300770891e-14,3.327650191842835233e-14,1.143491807554444694e-14,5.089804060304223471e-15,2.609268072078624965e-09,4.556756972385761168e-19,1.493714580560777728e-12,1.030781972210810304e-07,3.185430376200188534e-23,5.502372648547861212e-33
4.309999999999999942e-01,3.174583725867536271e-05,2.407751505163650475e-08,4.918214654331157470e-06,4.461616964932027022e-09,2.031734626811156544e-07,2.647781319752733932e-05,2.626750731929741092e-14,6.422061969854699043e-09,2.959457913846540909e-14,3.639749282201594193e-15,1.073472297126917518e-09,1.100401667658622168e-14,3.523062829399222687e-14,1.175615685023323569e-14,5.163175347403292028e-15,2.730541746330765875e-09,4.768536979860519499e-19,1.574654436470897347e-12,1.078690387951437786e-07,3.295972117497894976e-23,5.586951502910734984e-33
4.314999999999999947e-01,3.270412531576379208e-05,2.405975973548009543e-08,4.929745757587363419e-06,4.709635209646529022e-09,1.844797066271044296e-07,2.743878391076303444e-05,2.714815541330320890e-14,6.655150395831486832e-09,2.992473277737919909e-14,3.580356375183394705e-15,1.075989139323706456e-09,1.131563505586497366e-14,3.721522229781489007e-14,1.210896488457255981e-14,5.237742533813638519e-15,2.829641094932780594e-09,4.941597626336765790e-19,1.662186814811555804e-12,1.117839764929550130e-07,3.389671673353638247e-23,5.671315045842131548e-33
4.319999999999999951e-01,3.343481933161882572e-05,2.392976819398550568e-08,4.940164103892201463e-06,4.976384536421714788e-09,1.667209829529276981e-07,2.817343230493446092e-05,2.804098266638730523e-14,6.833348227013736083e-09,2.970949925003209147e-14,3.517713489452306776e-15,1.078263106509721286e-09,1.164055927224096776e-14,3.927198223269148376e-14,1.247473970771856979e-14,5.314538418328481111e-15,2.905398955527550064e-09,5.073900149159936189e-19,1.756329890660949931e-12,1.147768905193646778e-07,3.465862671226488877e-23,5.756506536209030047e-33
4.324999999999999956e-01,3.393119873368591121e-05,2.372817611834919930e-08,4.949486242585329060e-06,5.261873661630207051e-09,1.500049533592706264e-07,2.867490324701517726e-05,2.893603035831023715e-14,6.954990130249735494e-09,2.931616939668359421e-14,3.451273716065049680e-15,1.080297808868375198e-09,1.196006767122963766e-14,4.141811655934859657e-14,1.283315840098809715e-14,5.394657715664125034e-15,2.957109105334027919e-09,5.164210354303134612e-19,1.857086738816820090e-12,1.168198535049794233e-07,3.524249516156356647e-23,5.843668868645880222e-33
4.329999999999999960e-01,3.419083864481489872e-05,2.351248043006939829e-08,4.957712059780213694e-06,5.565970696442358821e-09,1.343734254187281316e-07,2.894068390825316059e-05,2.982166713796942687e-14,7.019463928604642266e-09,2.918439445760184638e-14,3.382568066557653595e-15,1.082093220048748448e-09,1.226008003360486973e-14,4.363581650784820337e-14,1.316948868994092653e-14,5.479171029146247456e-15,2.984513390527015453e-09,5.212076380561860885e-19,1.964410810625055567e-12,1.179026283525950477e-07,3.564877517930381900e-23,5.933943517895261019e-33
4.334999999999999964e-01,3.421530876915330869e-05,2.333547594665789471e-08,4.964824353379783341e-06,5.888347951992580082e-09,1.197928861595774895e-07,2.897233534619099459e-05,3.068606542638439461e-14,7.027146088573451171e-09,2.966360723768173081e-14,3.314451966548517085e-15,1.083645584948858064e-09,1.253618878453099390e-14,4.587343628270526681e-14,1.347986835621698101e-14,5.568865324351936725e-15,2.987773827811032993e-09,5.217780179210910402e-19,2.078186454746295332e-12,1.180315747135153002e-07,3.588051161981261398e-23,6.028188274368462379e-33
4.339999999999999969e-01,3.400981599796747801e-05,2.322647984328879973e-08,4.970794848750683652e-06,6.228491533355192896e-09,1.061741212700025621e-07,2.877512984292873483e-05,3.151886476644830394e-14,6.979314228220502466e-09,3.088337911311831262e-14,3.249994961698619947e-15,1.084948732898380885e-09,1.279526851071716412e-14,4.805812098283900928e-14,1.377273744954204130e-14,5.663916443586447038e-15,2.967434977235230914e-09,5.182271939016977097e-19,2.198232303511574086e-12,1.172281715279644579e-07,3.594229217721992878e-23,6.126626736322629473e-33
4.344999999999999973e-01,3.358285112345175125e-05,2.318226781091562564e-08,4.975594465866346137e-06,6.585774871929792597e-09,9.341074814028633875e-08,2.835765953645284261e-05,3.231248107218712616e-14,6.878052439804667870e-09,3.270541292393411180e-14,3.191315529607802786e-15,1.085996318352741897e-09,1.305317859993679241e-14,5.011567232981704115e-14,1.406601640991581236e-14,5.763671492774865333e-15,2.924383394806213207e-09,5.107099354406458353e-19,2.324327224613041907e-12,1.155274226209816597e-07,3.583943204939047743e-23,6.228617383723201626e-33
4.349999999999999978e-01,3.294587842380234955e-05,2.317060295151627615e-08,4.979204043796755678e-06,6.959571765655421203e-09,8.141996827943178877e-08,2.773147249297105478e-05,3.306261868431105726e-14,6.726162992379539039e-09,3.477446215670262872e-14,3.138685143208161435e-15,1.086784161076282918e-09,1.332947428149625777e-14,5.199099168742656303e-14,1.438114549000644797e-14,5.866706166525564034e-15,2.859809996066139392e-09,4.994341942254632919e-19,2.456250215870284682e-12,1.129763740936188579e-07,3.557781925548524545e-23,6.332715424725717215e-33
4.354999999999999982e-01,3.211307405552523716e-05,2.314429571873592736e-08,4.981621570230436140e-06,7.349369341252548091e-09,7.016960738016069795e-08,2.691076401955081615e-05,3.376779896583061883e-14,6.527091164426666401e-09,3.664793691454587194e-14,3.090180903575139997e-15,1.087311823390246769e-09,1.364107448913091331e-14,5.366234812647080702e-14,1.473617801240391549e-14,5.971222315914989907e-15,2.775178220284322922e-09,4.846555469828144451e-19,2.593820272221083607e-12,1.096328567582299007e-07,3.516459309723006236e-23,6.437094793456304933e-33
4.359999999999999987e-01,3.110108848906064874e-05,2.305986643275720570e-08,4.982863306292061891e-06,7.754840623900678481e-09,5.968259396991926808e-08,2.591211591357719374e-05,3.442804828913517585e-14,6.284861501029745782e-09,3.795483752321324989e-14,3.042046446090289832e-15,1.087582855135967071e-09,1.399713450606671615e-14,5.514496923608471978e-14,1.514037305376806016e-14,6.075703166805251307e-15,2.672197241995599744e-09,4.666725175656236803e-19,2.736921996958428168e-12,1.055644238610776575e-07,3.460945720486588970e-23,6.540241748786396275e-33
4.364999999999999991e-01,2.992879126204780181e-05,2.289353160743815627e-08,4.982958510796415140e-06,8.175850667831540168e-09,5.001994221763822896e-08,2.475424861333907337e-05,3.504317526181364887e-14,6.004017107635837431e-09,3.852486615490835476e-14,2.989735565271049011e-15,1.087603641976946702e-09,1.439685301836686769e-14,5.648318246813371214e-14,1.559209946286835227e-14,6.179611387767584373e-15,2.552796593971910808e-09,4.458221413023149612e-19,2.885507764867791388e-12,1.008473413580870257e-07,3.392610026091249570e-23,6.641692600708022701e-33
4.369999999999999996e-01,2.861695860706107538e-05,2.264876691718508750e-08,4.981939852300383969e-06,8.612394270665557865e-09,4.125171034190079724e-08,2.345774119454091950e-05,3.561121061051009065e-14,5.689551182041410146e-09,3.844128930704194953e-14,2.929397858823822810e-15,1.087381312915430604e-09,1.483082734633657346e-14,5.773418507910171580e-14,1.608060904559319754e-14,6.283860027847489195e-15,2.419097514837906354e-09,4.224749506791436854e-19,3.039575739632189924e-12,9.556544719268340158e-08,3.313306206499651743e-23,6.742530529483960456e-33
4.375000000000000000e-01,2.718788374172159285e-05,2.235332442642471403e-08,4.979833141042564249e-06,9.064488132818965909e-09,3.342900214936877611e-08,2.204468455286182882e-05,3.612753168877015407e-14,5.346822499042903558e-09,3.800082990115127097e-14,2.859382000458487502e-15,1.086921499681556835e-09,1.528528892387455633e-14,5.894914775942483149e-14,1.659084569045311478e-14,6.390839773617882138e-15,2.273377397911107006e-09,3.970287487395296103e-19,3.199131813988472897e-12,8.980873837588054131e-08,3.225351526756916110e-23,6.845413256049342884e-33
4.380000000000000004e-01,2.566491715183695301e-05,2.204774327733098878e-08,4.976650144311824722e-06,9.532056559877897639e-09,2.656789870380033495e-08,2.053825841483953381e-05,3.658496403824319695e-14,4.981452664167763845e-09,3.759874947009525488e-14,2.781251109075633873e-15,1.086226769228152565e-09,1.574757688904236542e-14,6.015791635982433863e-14,1.710944017116330218e-14,6.503934599782595377e-15,2.118026329290487447e-09,3.699009957558118546e-19,3.364149271347288700e-12,8.367164774843342824e-08,3.131379827815563246e-23,6.954060176511020353e-33
4.385000000000000009e-01,2.407196890783233699e-05,2.177043495480970576e-08,4.972386959981319696e-06,1.001485136553058610e-08,2.064980979482810802e-08,1.896225204276281924e-05,3.697482436963438503e-14,4.599209987197225508e-09,3.758402029622645037e-14,2.699879753749479202e-15,1.085296269233466301e-09,1.621087755044286266e-14,6.136199555262587063e-14,1.762974443781600228e-14,6.626647006524217572e-15,1.955497729323068618e-09,3.415201664711428715e-19,3.534540517948368786e-12,7.725109135842640604e-08,3.034099701884586293e-23,7.072326864308585377e-33
4.390000000000000013e-01,2.243301777539937771e-05,2.154525309920672549e-08,4.967028251575610699e-06,1.051243311637180272e-08,1.563530354018119476e-08,1.734056991316083299e-05,3.728855643186582098e-14,4.205889959315580078e-09,3.813840879894630728e-14,2.622441525221266602e-15,1.084126652645875148e-09,1.667665277578056408e-14,6.253745452416721941e-14,1.815424707251538480e-14,6.761609169631685565e-15,1.788257339844132626e-09,3.123168261407953252e-19,3.710150464290566694e-12,7.064445462522094514e-08,2.936025040614611250e-23,7.203158240038951060e-33
4.395000000000000018e-01,2.077166881092592712e-05,2.137593534271622211e-08,4.960555457553311655e-06,1.102421766000211316e-08,1.148329128889405095e-08,1.569676947046081875e-05,3.751942086412576859e-14,3.807203675396870275e-09,3.922188707204727564e-14,2.556446778358586098e-15,1.082713869286753953e-09,1.715411067854359205e-14,6.364602348673795930e-14,1.869375457990224087e-14,6.909813723586902692e-15,1.618735423043754790e-09,2.827152816324020079e-19,3.890772946682944429e-12,6.394770917776634257e-08,2.839259266138903989e-23,7.347772212776206923e-33
4.400000000000000022e-01,1.911078481299074354e-05,2.124872972906901477e-08,4.952955716435492388e-06,1.154956801751572198e-08,8.166469286619070646e-09,1.405366723183678220e-05,3.766369539149995854e-14,3.408682881108414853e-09,4.060032978263132998e-14,2.507345120978093351e-15,1.081055113419716357e-09,1.765716257357814871e-14,6.465011360416841618e-14,1.926390452244511114e-14,7.070331287928507683e-15,1.449285942518126770e-09,2.531264689420682331e-19,4.076183158839411874e-12,5.725380815192381886e-08,2.745398285450696912e-23,7.505355628913815524e-33
4.405000000000000027e-01,1.747219475458686551e-05,2.114123519422684119e-08,4.944228185807307198e-06,1.208789626978177583e-08,5.677051936884031636e-09,1.243302759834079922e-05,3.772102007668398387e-14,3.015604997807783348e-09,4.194059179433670117e-14,2.476437277947056706e-15,1.079150202412733028e-09,1.820015349265310004e-14,6.552657587749569227e-14,1.988045896454891178e-14,7.240614080348525834e-15,1.282154250942094066e-09,2.239423408877660706e-19,4.266173610197432351e-12,5.065141842702049901e-08,2.655576551345708026e-23,7.673377943554990932e-33
4.410000000000000031e-01,1.587646296568707646e-05,2.103330342624466859e-08,4.934385635623341092e-06,1.263873858341894056e-08,4.022170424072233924e-09,1.085532511874386255e-05,3.769381778996073092e-14,2.632935770620923731e-09,4.293450916533239259e-14,2.459841767134167953e-15,1.077001924081252868e-09,1.879396369932395008e-14,6.627488435892039873e-14,2.055511667813614731e-14,7.417279429336289318e-15,1.119452378837482797e-09,1.955315892007667022e-19,4.460580604171525856e-12,4.422395210238351673e-08,2.570630984837190625e-23,7.848411767439196952e-33
4.415000000000000036e-01,1.434269313698083832e-05,2.091552175916747636e-08,4.923451131117763234e-06,1.320177895534627298e-08,3.213170163502223848e-09,9.339554845119429007e-06,3.758602787396248411e-14,2.265283321252715161e-09,4.340540633677887747e-14,2.448999050713784944e-15,1.074615312548999400e-09,1.944378914583601794e-14,6.691763577608295854e-14,2.129322818044549758e-14,7.597102235172486728e-15,9.631393517226810135e-10,1.682362410524666809e-19,4.659292617581027922e-12,3.804879389513160295e-08,2.491317845727377396e-23,8.027175860156673970e-33
4.420000000000000040e-01,1.288834348730521795e-05,2.079226773286090736e-08,4.911451494360480199e-06,1.377681812175667467e-08,3.255242678430485964e-09,7.903062137212833927e-06,3.740160555399424254e-14,1.916856648788190022e-09,4.336026480706681219e-14,2.432729089925935187e-15,1.071996221314122333e-09,2.014918013005779722e-14,6.749394580505865666e-14,2.209398790955151393e-14,7.777883390521358432e-15,8.150036089606023043e-10,1.423686086488385367e-19,4.862239327068067151e-12,3.219660777072427596e-08,2.418502753153331462e-23,8.207450383873445307e-33
4.425000000000000044e-01,1.152904113435624553e-05,2.067882505574791998e-08,4.898410318276660365e-06,1.436370481759048937e-08,4.142650049556075714e-09,6.561372501444033798e-06,3.714329145488726375e-14,1.591423919804369262e-09,4.297308312567292514e-14,2.400330995362983612e-15,1.069149798851872185e-09,2.090605765934444631e-14,6.804855932865428221e-14,2.295275074237889481e-14,7.958922417709750542e-15,6.766455279177487669e-10,1.182082369015406108e-19,5.069367348123754767e-12,2.673064371562164023e-08,2.353258772637382808e-23,8.388578000541208467e-33
4.430000000000000049e-01,1.027839896641856936e-05,2.059446957246045728e-08,4.884343227521940194e-06,1.496225907911694874e-08,5.861182841962703608e-09,5.328018501093044606e-06,3.681203430152752457e-14,1.292269927407744611e-09,4.251096135396430904e-14,2.344808638579485726e-15,1.066079454669837533e-09,2.170976315373218594e-14,6.862058825240288469e-14,2.386442260174092539e-14,8.140978663887001128e-15,5.494597309862722801e-10,9.599879269257414025e-20,5.280613166198104659e-12,2.170603258016039370e-08,2.296844877892284925e-23,8.571427949570340083e-33
4.435000000000000053e-01,9.147850623136869768e-06,2.055480781969200000e-08,4.869256947066613963e-06,1.557221715002027021e-08,8.395456438422562582e-09,4.214376809521599382e-06,3.640720577085216795e-14,1.022156014194433457e-09,4.223421721398195834e-14,2.265181090164358046e-15,1.062786656315586816e-09,2.255795014720521612e-14,6.923550157464057597e-14,2.482663258347734976e-14,8.325791569368860452e-15,4.346184880351000655e-10,7.594513112284492106e-20,5.495883692636012398e-12,1.716912224572841269e-08,2.250581622728431712e-23,8.757895706865449617e-33
4.440000000000000058e-01,8.146524025293921348e-06,2.056653872040767894e-08,4.853152078507877128e-06,1.619321571530652965e-08,1.173625216484648097e-08,3.229537454176409304e-06,3.592747034581667136e-14,7.832879293768184352e-10,4.230859224269519638e-14,2.167061637410481894e-15,1.059271535403109428e-09,2.345233898687263408e-14,6.990255226797643320e-14,2.584163964230955916e-14,8.515373226881077061e-15,3.330584419065098276e-10,5.821093826384392888e-20,5.715050700818904735e-12,1.315694493660057879e-08,2.215674957680565231e-23,8.950161008428610884e-33
4.445000000000000062e-01,7.281170226099905044e-06,2.062642330893318647e-08,4.836028004763752978e-06,1.682481531608556840e-08,1.588344482430945866e-08,2.380226184616122237e-06,3.537196265302204735e-14,5.772967908462525358e-10,4.275991516365356365e-14,2.061212464676782950e-15,1.055533957940426810e-09,2.439889383940336798e-14,7.061781861511143333e-14,2.691651009512569868e-14,8.711333832291779370e-15,2.454727693870399498e-10,4.291733067911141153e-20,5.937959090555627147e-12,9.696900955746296100e-09,2.193050478789117629e-23,9.149977435857027210e-33
4.450000000000000067e-01,6.556154627472873781e-06,2.072430182706123466e-08,4.817887637994600495e-06,1.746654674267766862e-08,2.084278562423231352e-08,1.670791152116398253e-06,3.474135014564697437e-14,4.052359094032928107e-10,4.348351153458146289e-14,1.960440164880467389e-15,1.051574560291404940e-09,2.540660656480819667e-14,7.137117368317150463e-14,2.806176801598877757e-14,8.914443171874732651e-15,1.723098950970036722e-10,3.014261542365985356e-20,6.164443262249048629e-12,6.806704420526426758e-09,2.183246781279665441e-23,9.358207261673851897e-33
4.455000000000000071e-01,5.973506287304718518e-06,2.084836069459897049e-08,4.798740031138825684e-06,1.811795661421527740e-08,2.661838975084979062e-08,1.103251589196009700e-06,3.403843866802811714e-14,2.675928991786895236e-10,4.429973836811970209e-14,1.875766702806829333e-15,1.047395318849044103e-09,2.648554261627375592e-14,7.215437072135696315e-14,2.928921823905998960e-14,9.124503831220325184e-15,1.137785016203560049e-10,1.992316889272170686e-20,6.394343203879124697e-12,4.494581579767647458e-09,2.186386307806894270e-23,9.574682191805874605e-33
4.460000000000000075e-01,5.533012590266972440e-06,2.099016861478267261e-08,4.778599992763511527e-06,1.877863190579095819e-08,3.320528816846833936e-08,6.773948239990929686e-07,3.326817506344967952e-14,1.643136895803586833e-10,4.503120747419948247e-14,1.813086731139469977e-15,1.042999465790924264e-09,2.764496812048466152e-14,7.296734774052204124e-14,3.060981803991717240e-14,9.340476406095476672e-15,6.985743019825240128e-11,1.225518624258472512e-20,6.627513147766686360e-12,2.759666041516729107e-09,2.202209844515116747e-23,9.798328950119543627e-33
4.465000000000000080e-01,5.232343625554661772e-06,2.114744406640140085e-08,4.757485248359106858e-06,1.944819557699680133e-08,4.058651346762579212e-08,3.909030875185606785e-07,3.243713677927568660e-14,9.483383259488482445e-11,4.557185040318477336e-14,1.771395747364349773e-15,1.038390869532851938e-09,2.889221854572536175e-14,7.382075353667463700e-14,3.203231623830214070e-14,9.560714365104177667e-15,4.030858411763162722e-11,7.096964319992360720e-21,6.863820027884732754e-12,1.592515373304400690e-09,2.230140988397151279e-23,1.002741191626681164e-32
4.470000000000000084e-01,5.067193278383486464e-06,2.132376145449433411e-08,4.735412755311003616e-06,2.012628057263171478e-08,4.873682449159796941e-08,2.394942637730096145e-07,3.155278439445918529e-14,5.811313840463878605e-11,4.592392969632323056e-14,1.743174515838315837e-15,1.033573230652771333e-09,3.023259491112573840e-14,7.473420803813696963e-14,3.356299835280421985e-14,9.783168435326214750e-15,2.469123960848496577e-11,4.371430377865758770e-21,7.103134303731908440e-12,9.756845049151720019e-10,2.269347063517592335e-23,1.025974690162758388e-32
4.475000000000000089e-01,5.031430146443831391e-06,2.152581913837021256e-08,4.712396055213053099e-06,2.081250017339654667e-08,5.763154582600285299e-08,2.170687275654580317e-07,3.062282161865632356e-14,5.267162502665429111e-11,4.619309375056442987e-14,1.716807607001613676e-15,1.028549504308931437e-09,3.167015459779872117e-14,7.573138393902814511e-14,3.520644543923910108e-14,1.000549703629312004e-14,2.237699959921667394e-11,3.968775213772479520e-21,7.345319495671108755e-12,8.843239329131582026e-10,2.318780667670922139e-23,1.049281980969502623e-32
4.480000000000000093e-01,5.117257797988337757e-06,2.175984542992276035e-08,4.688444948419734335e-06,2.150643402191175322e-08,6.725599801858633432e-08,3.158634249478929226e-07,2.965493636796410590e-14,7.662699089986213482e-11,4.654767325739910697e-14,1.680240560119993003e-15,1.023321829454619373e-09,3.320896054021855771e-14,7.683409157909515545e-14,3.696689002881529407e-14,1.022512330165788130e-14,3.256555081605887873e-11,5.749214497959058020e-21,7.590227252287196489e-12,1.286807433945787545e-09,2.377210253368793263e-23,1.072385219335818918e-32
4.485000000000000098e-01,5.315387918295265068e-06,2.202884815333716621e-08,4.663567601196709230e-06,2.220764057669602985e-08,7.761024650288595933e-08,5.266201576340586098e-07,2.865701672829291780e-14,1.277352805814720712e-10,4.716055699416699704e-14,1.624676036017360510e-15,1.017891988824106574e-09,3.485425462930788210e-14,7.805780060968304270e-14,3.884962306320092759e-14,1.043934990841925166e-14,5.430197029823169391e-11,9.546008596977175710e-21,7.837701744836204075e-12,2.145417646843069221e-09,2.443264688823289984e-23,1.094992915287201864e-32
4.490000000000000102e-01,5.615230361179598469e-06,2.233176373659191614e-08,4.637773992155514805e-06,2.291569233590542327e-08,8.870592875561390274e-08,8.387753375621422265e-07,2.763771892965109152e-14,2.034365437972684679e-10,4.815621602761279460e-14,1.547116066490853139e-15,1.012262161025847148e-09,3.661312662304601601e-14,7.941036906370532937e-14,4.086197230355180877e-14,1.064563592715471667e-14,8.649633966063133597e-11,1.516887672786673733e-20,8.087592097905089847e-12,3.417119125080463181e-09,2.515515257456105862e-23,1.116829728122796064e-32
4.495000000000000107e-01,6.005101563876146487e-06,2.266452204152161922e-08,4.611078921508500002e-06,2.363021682155658828e-08,1.005558567776689934e-07,1.240673739241912572e-06,2.660709763560640924e-14,3.009061854559048462e-10,4.958115115888456610e-14,1.450970916776026277e-15,1.006435577065546635e-09,3.849448406814010970e-14,8.089442003834546438e-14,4.301357146053852878e-14,1.084205030826308870e-14,1.279459159283072509e-10,2.240785377219768524e-20,8.339766853426091538e-12,5.054429155916676124e-09,2.592597916920865238e-23,1.137684641335013730e-32
4.500000000000000111e-01,6.472448893866632733e-06,2.302213834933509854e-08,4.583502956805156020e-06,2.435092063398858863e-08,1.131610402412086487e-07,1.719801730975803088e-06,2.557696139532532183e-14,4.171110221665803232e-10,5.140575844394909332e-14,1.344625840776206471e-15,1.000416726455157455e-09,4.050838819014947085e-14,8.251229767038409771e-14,4.531588262849106152e-14,1.102778421673310407e-14,1.773593632479505125e-10,3.103750749192011692e-20,8.594122460162614524e-12,7.006367935080167941e-09,2.673348135138912476e-23,1.157465048827630042e-32
4.505000000000000115e-01,7.004085171154343894e-06,2.340058339967409592e-08,4.555070611902356087e-06,2.507757915578250399e-08,1.265017117800984324e-07,2.263029662465244282e-06,2.456071363745674007e-14,5.488676549334191830e-10,5.355371468331147696e-14,1.238545146215570823e-15,9.942109595527036953e-10,4.266501839013026806e-14,8.427141955236440100e-14,4.778114964693015001e-14,1.120349763983517417e-14,2.333819403440261566e-10,4.082132556584604706e-20,8.850579640429508031e-12,9.219446042619440066e-09,2.756896153310433056e-23,1.176233152558870392e-32
4.510000000000000120e-01,7.586426066472426924e-06,2.379748085734432807e-08,4.525806345945273921e-06,2.580998903204545733e-08,1.405377033122243569e-07,2.856851181004104256e-06,2.357265226264530911e-14,6.929002821884547503e-10,5.594585749253980744e-14,1.141955977484657500e-15,9.878236142950273421e-10,4.497362005359456116e-14,8.618757733681391766e-14,5.042110684339192279e-14,1.137126038011475090e-14,2.946203403584779782e-10,5.151604517700706900e-20,9.109066619977512549e-12,1.163863940388968619e-08,2.842667331677384409e-23,1.194199543383399773e-32
4.515000000000000124e-01,8.205723452543809554e-06,2.421142973146037253e-08,4.495730050927488749e-06,2.654789829484026528e-08,1.552194494746562162e-07,3.487609838564722135e-06,2.262695133640274413e-14,8.458956627118515093e-10,5.854198144225966888e-14,1.060235679508897243e-15,9.812590315140259001e-10,4.744177681936048283e-14,8.828448209139842595e-14,5.324583414942885298e-14,1.153395410490512177e-14,3.596661544908556447e-10,6.287574464626840334e-20,9.369494468109384006e-12,1.420831247217870746e-08,2.930257250212819404e-23,1.211660078397284165e-32
4.520000000000000129e-01,8.848289327537818048e-06,2.464053681733520425e-08,4.464854075246256803e-06,2.729094196240924098e-08,1.705057286013235364e-07,4.141708856024429727e-06,2.173673740628147648e-14,1.004554220577022781e-09,6.136646146811293366e-14,9.938121716040812767e-16,9.745199056262625281e-10,5.007525460602520175e-14,9.058938430991008330e-14,5.626313396432658858e-14,1.169420592376883850e-14,4.271175136643174093e-10,7.465561846305085387e-20,9.631734369977152825e-12,1.687307279276223415e-08,3.019198612499171552e-23,1.228883580514956096e-32
4.525000000000000133e-01,9.500706583736299692e-06,2.508116924434097279e-08,4.433183309376182243e-06,2.803861274222034180e-08,1.863804105555849081e-07,4.805805475787641818e-06,2.091371511758026330e-14,1.165637583937348586e-09,6.451047630823262861e-14,9.388062796258391742e-16,9.676073036531094812e-10,5.287851929109967620e-14,9.312636068681981805e-14,5.947870253124032389e-14,1.185314927276065095e-14,4.955990555725812995e-10,8.661546172430000111e-20,9.895607287693681965e-12,1.957856278006411253e-08,3.108689081103915488e-23,1.245981518982667194e-32
4.530000000000000138e-01,1.015002394122836489e-05,2.552779942711861108e-08,4.400718628747280717e-06,2.879028522552215154e-08,2.028599426655046341e-07,5.466994286227962980e-06,2.016865402926936505e-14,1.326013528760021792e-09,6.811196306469498096e-14,8.890206811739986492e-16,9.605214168429601670e-10,5.585585437195092385e-14,9.591013491359842476e-14,6.289717443298065218e-14,1.200945568425846769e-14,5.637806878155972208e-10,9.852294769239745249e-20,1.016089249956447826e-11,2.227220656670304107e-08,3.197383011546412024e-23,1.262806300740505096e-32
4.535000000000000142e-01,1.078393275882390114e-05,2.597420326029315856e-08,4.367462552165629464e-06,2.954529141031635947e-08,2.199866435889972227e-07,6.112983028097974199e-06,1.951274988699565067e-14,1.482699071270976713e-09,7.232140250391255886e-14,8.384411614051844811e-16,9.532627956390131698e-10,5.901281877860330574e-14,9.894348480324346447e-14,6.652384798385797947e-14,1.215907057069824966e-14,6.303955421516661381e-10,1.101567693912808473e-19,1.042735425392014385e-11,2.490392622544642698e-08,3.283347063337815162e-23,1.278923653937168481e-32
4.540000000000000147e-01,1.139092368600916089e-05,2.641551142789354225e-08,4.333424940416686987e-06,3.030302358337244316e-08,2.378088920799479599e-07,6.732260461609031451e-06,1.895951260772664470e-14,1.632901508004190945e-09,7.726517427410703195e-14,7.833123452488282002e-16,9.458335932103182496e-10,6.235762062189118482e-14,1.022201556871112364e-13,7.036660728323041644e-14,1.229589327229294542e-14,6.942571161817707209e-10,1.213096455818577833e-19,1.069477807813525069e-11,2.742682564835528654e-08,3.364234455610243082e-23,1.293684295078934415e-32
4.545000000000000151e-01,1.196042185255631593e-05,2.685009703084265340e-08,4.298626386321867032e-06,3.106302670087606884e-08,2.563554555073393084e-07,7.314251172511161423e-06,1.852654129488601873e-14,1.774056092752398125e-09,8.301796310069958707e-14,7.230993165374126757e-16,9.382383050091540521e-10,6.590189392730018366e-14,1.057330470527567028e-13,7.443734353419117353e-14,1.241331671998468675e-14,7.542751117557792937e-10,1.317911042226515116e-19,1.096300338103304136e-11,2.979782121799271601e-08,3.437657086245706206e-23,1.306385941160927129e-32
4.550000000000000155e-01,1.248290072894703413e-05,2.728027932063634455e-08,4.263097744166757249e-06,3.182504288649997983e-08,2.756146967699784716e-07,7.849449356892458974e-06,1.823644916539201111e-14,1.903858396214012934e-09,8.959220315977877902e-14,6.601317972997248926e-16,9.304836657399316347e-10,6.966041737164173522e-14,1.094850402777093237e-13,7.875216201648140678e-14,1.250619817978340867e-14,8.094691760257762792e-10,1.414299009676136484e-19,1.123193915610129007e-11,3.197818684082560852e-08,3.501655145123699096e-23,1.316480623239451849e-32
4.555000000000000160e-01,1.294997650351718275e-05,2.771134663388255577e-08,4.226875721604422009e-06,3.258898638596532298e-08,2.955284137250770512e-07,8.329524304118800294e-06,1.811636995870951801e-14,2.020289608167855720e-09,9.694721157598898303e-14,5.982481502000013314e-16,9.225776870864589315e-10,7.364955136259422823e-14,1.134981881802368637e-13,8.332992451303845176e-14,1.257260562184770294e-14,8.589798047523410132e-10,1.500759378608634903e-19,1.150155514110182604e-11,3.393398368163922522e-08,3.555111681648230077e-23,1.323758441942393848e-32
4.560000000000000164e-01,1.335448590147361106e-05,2.814920373608712392e-08,4.189996030143983647e-06,3.335485290542381433e-08,3.160046621340218885e-07,8.747394360654674484e-06,1.819589508010415311e-14,2.121634069829709545e-09,1.050150429728094221e-13,5.411088268458445342e-16,9.145281628036437115e-10,7.788457681988304478e-14,1.178169249069777127e-13,8.818920836319568007e-14,1.261467978760072624e-14,9.020760681215445037e-10,1.576016174285684593e-19,1.177184982041929921e-11,3.563636149125028535e-08,3.597959097302238334e-23,1.328438442578220829e-32
4.565000000000000169e-01,1.369054994243331892e-05,2.859764027861876607e-08,4.152486625406957537e-06,3.412259301308141787e-08,3.369461194561610837e-07,9.097271745417322562e-06,1.850384391947888699e-14,2.206489705425939003e-09,1.137355201866567351e-13,4.909060965011260164e-16,9.063411936030854472e-10,8.237659457741931659e-14,1.225027645057144827e-13,9.334442439865525870e-14,1.263819887617298918e-14,9.381603794398399396e-10,1.639026674562338410e-19,1.204280574500798482e-11,3.706174118454477363e-08,3.631082180156996311e-23,1.331123202065106854e-32
4.570000000000000173e-01,1.395362394721154336e-05,2.905645468449321226e-08,4.114363632831268973e-06,3.489199493006934444e-08,3.582835839085938494e-07,9.374685026912648250e-06,1.906477536902442181e-14,2.273773103154904754e-09,1.230902886591980038e-13,4.479554970799212220e-16,8.980202982587226266e-10,8.713001336415643964e-14,1.276211703238371146e-13,9.880238318039491893e-14,1.265086376659868653e-14,9.667709746139885807e-10,1.688985538247068504e-19,1.231434816675410232e-11,3.819190641265536581e-08,3.655922337937521275e-23,1.332618961862890953e-32
4.575000000000000178e-01,1.414053086115931716e-05,2.952132064897066695e-08,4.075631598685597838e-06,3.566262089315255889e-08,3.800011432638313128e-07,9.576487188304802506e-06,1.989641038685939656e-14,2.322721248474635114e-09,1.331256285092155090e-13,4.112309375706835221e-16,8.895664687050826156e-10,9.214172381430515122e-14,1.332247510354890936e-13,1.045607637146632546e-13,1.265979102890278399e-14,9.875828831708823381e-10,1.725326227529156590e-19,1.258632258036896713e-11,3.901403641955587268e-08,3.673896302171138614e-23,1.333672412401948686e-32
4.580000000000000182e-01,1.424947214806571608e-05,2.998549934060691385e-08,4.036288087371141345e-06,3.643382305489590127e-08,4.021419681806379470e-07,9.700854406923777246e-06,2.100901477376275224e-14,2.352891198052231710e-09,1.439562737367976584e-13,3.794849434871597828e-16,8.809791735839173914e-10,9.740270057878545393e-14,1.393392324731784629e-13,1.106095444780143187e-13,1.266903432896480140e-14,1.000407889012113261e-09,1.747720674440290871e-19,1.285850033652817141e-11,3.952070106821250388e-08,3.685819507871800344e-23,1.334710245190783378e-32
4.585000000000000187e-01,1.428000977219207737e-05,3.044264030361778973e-08,3.996330989751960950e-06,3.720483605114651813e-08,4.247909062334040430e-07,9.747275286269069513e-06,2.240726737687212768e-14,2.364157631015534003e-09,1.557473116232549728e-13,3.523546876929232712e-16,8.722579532752141007e-10,1.029020173103894702e-13,1.459585970855176314e-13,1.169355236895239141e-13,1.267801471473455406e-14,1.005193436333735286e-09,1.756077197885002244e-19,1.313061131296744376e-11,3.970981696967964911e-08,3.691537980174611472e-23,1.335673912042291065e-32
4.590000000000000191e-01,1.423301510572302731e-05,3.088938498495889167e-08,3.955765859484110059e-06,3.797491471847546132e-08,4.480393167237411484e-07,9.716524963617731897e-06,2.409433571302983975e-14,2.356706881497026076e-09,1.686774740091988069e-13,3.308890701995236389e-16,8.634040208524977737e-10,1.086323053426982372e-13,1.530530136955357780e-13,1.235288437424153926e-13,1.268148191329553031e-14,1.002019904575122515e-09,1.750535724377002219e-19,1.340239251985814923e-11,3.958454199604711530e-08,3.689912726659599055e-23,1.336014962919742217e-32
4.595000000000000195e-01,1.411058566619008048e-05,3.132655016248602788e-08,3.914610565402880068e-06,3.874346799522273603e-08,4.719451320127748029e-07,9.610616031977820938e-06,2.607704496711404202e-14,2.331025421486604687e-09,1.828932895035173683e-13,3.172198428832917703e-16,8.544212771661707769e-10,1.145948823632274434e-13,1.605884268457022017e-13,1.303893850445990312e-13,1.267112406360498148e-14,9.910954363036890189e-10,1.731458898898032814e-19,1.367363535763016239e-11,3.915307533703485376e-08,3.679184078734415723e-23,1.334863407227503368e-32
4.600000000000000200e-01,1.391593673121089382e-05,3.175831341463428372e-08,3.872895550325516418e-06,3.951014066391429667e-08,4.965037431783231508e-07,9.432720089565047045e-06,2.837045534418790474e-14,2.287881203514095817e-09,1.984677556756291165e-13,3.135114069426344525e-16,8.453163670480838651e-10,1.208024927502647365e-13,1.685516147924774207e-13,1.375304799904677684e-13,1.263836147657876415e-14,9.727477074451351257e-10,1.699417976837843063e-19,1.394421446581367278e-11,3.842833789614458254e-08,3.657609230678879126e-23,1.331320500265419929e-32
4.605000000000000204e-01,1.365327964063252698e-05,3.218976398556573464e-08,3.830659631721484251e-06,4.027481329158410897e-08,5.216416911839985823e-07,9.187059478553703172e-06,3.100010498810354256e-14,2.228297673863754447e-09,2.153776551736324115e-13,3.206785013023852354e-16,8.360977626602033240e-10,1.272780759143500085e-13,1.769712247175216604e-13,1.449779256320635724e-13,1.257740993100141731e-14,9.474126275466164964e-10,1.655173391050775133e-19,1.421408770094271888e-11,3.742753124118036506e-08,3.624162491077927218e-23,1.324780103994697063e-32
4.610000000000000209e-01,1.332769976905780640e-05,3.262398638243383747e-08,3.787942932988105085e-06,4.103752054735514472e-08,5.472365365216854775e-07,8.878776036391631944e-06,3.400073102255405828e-14,2.153522054000125145e-09,2.335094578413712203e-13,3.375018412909535417e-16,8.267742207835989588e-10,1.340491885465940109e-13,1.859254012475750818e-13,1.527637207295629343e-13,1.248755315312077099e-14,9.156207042685653628e-10,1.599651178114551883e-19,1.448326730701705432e-11,3.617160290652406817e-08,3.579054105638940489e-23,1.315167404990778856e-32
4.615000000000000213e-01,1.294504381359865594e-05,3.306012654107219271e-08,3.744779565401680821e-06,4.179831778612438952e-08,5.731560177782016564e-07,8.513789238983179776e-06,3.741134238658494677e-14,2.064990873503880691e-09,2.526954535245224543e-13,3.606320846617409049e-16,8.173531858557070704e-10,1.411393165019859591e-13,1.955306197293221742e-13,1.609159110253885431e-13,1.237379216926003018e-14,8.779823699457984862e-10,1.533917452486674842e-19,1.475177282743999446e-11,3.468466847904185496e-08,3.523875852309114916e-23,1.303007614399923507e-32
4.620000000000000218e-01,1.251181912868504482e-05,3.349349637089553132e-08,3.701192709766495305e-06,4.255714420723101256e-08,5.993018082275959731e-07,8.098657344556499290e-06,4.126777882471831239e-14,1.964296077138852407e-09,2.727715234804146682e-13,3.856041095598616585e-16,8.078397168172937264e-10,1.485587547516416750e-13,2.059131601605106160e-13,1.694477012656224204e-13,1.224557691883253580e-14,8.351736809812542474e-10,1.459153362232622075e-19,1.501958280834905553e-11,3.299344590833618516e-08,3.461305096261312592e-23,1.289293605512009826e-32
4.625000000000000222e-01,1.203509993035380284e-05,3.391785519789552667e-08,3.657193785548095657e-06,4.331373123004670076e-08,6.256410535758831333e-07,7.640451259168109209e-06,4.559492823315814690e-14,1.853154120172277636e-09,2.936391478395241094e-13,4.085368275555803365e-16,7.982363060127084423e-10,1.562984003890895091e-13,2.171719312987159365e-13,1.783498393960587144e-13,1.211399219846260855e-14,7.879233848997659634e-10,1.376632292337735019e-19,1.528660246078595830e-11,3.112674164331246239e-08,3.394452087894929324e-23,1.275191333997289437e-32
4.630000000000000226e-01,1.152242953646273959e-05,3.432896745872690065e-08,3.612785835345522870e-06,4.406758714047625720e-08,6.522133941825811992e-07,7.146643318906910674e-06,5.040118808188808415e-14,1.733378660696392286e-09,3.153103470017204900e-13,4.278567339445489366e-16,7.885436179516690320e-10,1.643292869216439744e-13,2.293461709174741594e-13,1.875897006478779964e-13,1.198833012815160943e-14,7.370015612226572759e-10,1.287699753145063744e-19,1.555265824178354580e-11,2.911499753739928115e-08,3.326063942612906904e-23,1.261680642443405894e-32
4.635000000000000231e-01,1.098170697135451909e-05,3.472784931069543039e-08,3.567969703183821688e-06,4.481806052923115247e-08,6.791106294719205979e-07,6.625005191820817253e-06,5.567731400965736138e-14,1.606855520577170101e-09,3.379175104823978538e-13,4.453049992746038865e-16,7.787618376483916251e-10,1.726089847370009013e-13,2.424015949567633329e-13,1.971184903788375668e-13,1.187322881297882247e-14,6.832092108895022173e-10,1.193754960855415495e-19,1.581752024415757000e-11,2.698987490612615948e-08,3.257855739127862246e-23,1.249255063476049636e-32
4.640000000000000235e-01,1.042105095909959978e-05,3.512211649066863591e-08,3.522750631237571700e-06,4.556445654465695854e-08,7.064368368306578172e-07,6.083504148442881002e-06,6.140054476033198298e-14,1.475517368046485347e-09,3.616803624002198613e-13,4.657155622432844594e-16,7.688921101438967629e-10,1.810935724385373212e-13,2.562431529662530942e-13,2.068851079524228393e-13,1.176739169165188991e-14,6.273676576017746829e-10,1.096232210133386258e-19,1.608094322683135383e-11,2.478383193818849346e-08,3.190201640833519427e-23,1.237787002674151824e-32
4.645000000000000240e-01,9.848642978727841727e-06,3.552456905339441629e-08,3.477142876219951821e-06,4.630616218125549170e-08,7.342643577661781345e-07,5.530187314901539035e-06,6.754316907950897428e-14,1.341315632919319783e-09,3.868368177829921152e-13,4.955091606050462492e-16,7.589375477718840839e-10,1.897515762538862296e-13,2.707530958565328640e-13,2.168524625321273514e-13,1.166437036271136205e-14,5.703066682796766235e-10,9.965801710516690744e-20,1.634271083463379981e-11,2.252965214861588666e-08,3.122297487660233176e-23,1.226609021357355274e-32
4.650000000000000244e-01,9.272560303097174641e-06,3.594930899162575821e-08,3.431170818807808216e-06,4.704273597277517159e-08,7.626025662830952493e-07,4.973049211691262287e-06,7.408306000032703298e-14,1.206188508929571346e-09,4.135583401685047564e-13,5.403627228143604509e-16,7.489034720901620739e-10,1.985749929872797348e-13,2.858428188527080574e-13,2.270104938846634955e-13,1.155517558724017580e-14,5.128507975424174372e-10,8.962382274979804870e-20,1.660266725557469610e-11,2.025990473945716554e-08,3.052742160606516781e-23,1.214786713980633558e-32
4.655000000000000249e-01,8.700615977595280365e-06,3.640679082554925581e-08,3.384866430255196596e-06,4.777393310635397632e-08,7.913911498522429743e-07,4.419886551189929188e-06,8.101273610075176214e-14,1.072025967381016837e-09,4.418783450778561993e-13,6.028819089857008885e-16,7.387968609107398591e-10,2.075829021959022640e-13,3.014998948526964981e-13,2.373805928976232294e-13,1.143182917487260959e-14,4.558043682642796111e-10,7.966105059578995170e-20,1.686072608601835630e-11,1.800635305410135019e-08,2.980335925995928369e-23,1.201490341050464071e-32
4.660000000000000253e-01,8.140222834235476046e-06,3.689976521323767324e-08,3.338264312447910183e-06,4.849966239148869111e-08,8.205198730139013001e-07,3.878152193895831464e-06,8.834363830013097324e-14,9.406346068189321448e-10,4.716605215201241994e-13,6.811729783650124481e-16,7.286252658974844462e-10,2.168153219778980618e-13,3.178110825433697447e-13,2.480086354956429678e-13,1.129061882872081851e-14,3.999363295582783718e-10,6.990396648583159214e-20,1.711685514469906177e-11,1.579935960462622616e-08,2.904813670069657274e-23,1.186335594831144270e-32
4.665000000000000258e-01,7.598292520602868635e-06,3.742182468265973132e-08,3.291396328357690757e-06,4.921989654333639772e-08,8.498664053826323190e-07,3.354823844288881581e-06,9.610361317900207035e-14,8.137060500562429646e-10,5.026222028655294286e-13,7.689358893697790994e-16,7.183956408865931046e-10,2.263182869710930826e-13,3.349489519507278119e-13,2.589477456268170038e-13,1.113390117884432698e-14,3.459666209578701175e-10,6.047831994795735754e-20,1.737104480896748381e-11,1.366735114726082399e-08,2.827249658235099505e-23,1.169572530232766094e-32
4.670000000000000262e-01,7.081170367902974219e-06,3.795927628407999229e-08,3.244287818663217131e-06,4.993457239022328713e-08,8.793369490763840363e-07,2.856300759287800594e-06,1.043277390795026946e-13,6.927920507465070060e-10,5.344094245186115929e-13,8.571718842109975327e-16,7.081135164123988933e-10,2.361245145229020831e-13,3.531223536519241064e-13,2.702358734306896020e-13,1.096979458453556394e-14,2.945554356374837964e-10,5.149946461885645493e-20,1.762327279389713444e-11,1.163639787875534353e-08,2.749983468675938529e-23,1.152053643854844952e-32
4.675000000000000266e-01,6.594596694909369922e-06,3.849574509099718381e-08,3.196956622075244091e-06,5.064351776925240809e-08,9.088937853444140784e-07,2.388334262219609863e-06,1.130449530068573233e-13,5.792876815810626594e-10,5.667012821657132033e-13,9.370046260493725519e-16,6.977827860639334994e-10,2.462361991749160625e-13,3.725050305014045288e-13,2.818758143108536718e-13,1.080984335861814440e-14,2.462960001923731912e-10,4.307107747207524292e-20,1.787347834951659871e-11,9.729930353496347105e-09,2.676085362468101148e-23,1.134989583781484355e-32
4.680000000000000271e-01,6.143678959426192835e-06,3.901780574537407101e-08,3.149414937946218968e-06,5.134642807130249841e-08,9.385596018413144062e-07,1.955988270457019596e-06,1.222646353276038425e-13,4.744216825736835949e-10,5.993086842865861316e-13,1.002674315716456286e-15,6.874061130237397536e-10,2.566164694069009621e-13,3.931669109972397814e-13,2.938252766241310350e-13,1.066545857169520432e-14,2.017104913276909856e-10,3.528441721802834348e-20,1.812155398034577177e-11,7.968578673911333733e-09,2.608544182300010600e-23,1.119576754381889881e-32
4.684999999999999720e-01,5.732859565688588190e-06,3.951951579517491025e-08,3.101672980202247450e-06,5.204289410464297723e-08,9.683980981700545682e-07,1.563618373925218954e-06,1.319677255612278249e-13,3.792512174286828696e-10,6.322318021495615544e-13,1.053648222277329413e-15,6.769857274086515486e-10,2.671936034405339167e-13,4.150345951306249015e-13,3.060017499255862173e-13,1.054438829722066362e-14,1.612479075507437269e-10,2.821792552087941720e-20,1.836735527697207239e-11,6.370087256043707283e-09,2.549462820072597967e-23,1.106627982711670662e-32
4.689999999999999725e-01,5.365870970094506950e-06,4.000416834224557415e-08,3.053742793240718499e-06,5.273246317553858917e-08,9.984798904233425699e-07,1.214855478219559908e-06,1.421058057858609407e-13,2.946576954735752350e-10,6.656527248242675931e-13,1.095052815865021877e-15,6.665242588604989872e-10,2.778778746309785512e-13,4.378995317351462398e-13,3.183019965799788537e-13,1.044847702854614224e-14,1.252824429860331595e-10,2.193692726648288023e-20,1.861072247168312076e-11,4.949248191824679417e-09,2.499547774896247233e-23,1.096338141958340557e-32
4.694999999999999729e-01,5.045680161572118408e-06,4.048270863577040884e-08,3.005640721762326563e-06,5.341470480603881955e-08,1.028848262592001015e-06,9.125836787234212314e-07,1.526091518950832103e-13,2.213412104241183983e-10,6.998615219878893314e-13,1.136189409861767644e-15,6.560252753530971419e-10,2.885862670976376116e-13,4.614763610149386640e-13,3.306306130523640671e-13,1.037353004657465823e-14,9.411127952024024742e-11,1.649324699925718058e-20,1.885150363193809641e-11,3.717811109978356601e-09,2.458078111524823831e-23,1.088270132312095958e-32
4.699999999999999734e-01,4.774434233167058151e-06,4.096959421622911349e-08,2.957387741552609535e-06,5.408925475931234618e-08,1.059498685832040648e-06,6.589102107186186591e-07,1.634017538435789196e-13,1.598131235646997268e-10,7.351377903794754596e-13,1.187555673948662888e-15,6.454933552405865829e-10,2.992669493182825640e-13,4.854951364264100594e-13,3.429282403737638092e-13,1.031135501723013393e-14,6.795155431120311858e-11,1.192469961258925636e-20,1.908957019929769733e-11,2.684360756140567682e-09,2.423369752157645701e-23,1.081568748021837587e-32
4.704999999999999738e-01,4.553423481102423483e-06,4.147785730953763574e-08,2.909007827244674075e-06,5.475582394975761297e-08,1.090379678564618131e-06,4.551343868821281179e-07,1.744187456014188406e-13,1.103884977271231504e-10,7.716271739597782732e-13,1.257327967002595818e-15,6.349337310215000917e-10,3.099146875151115649e-13,5.097965334990056616e-13,3.551892271259022189e-13,1.025327116419415418e-14,4.693719762083978741e-11,8.254570972101986326e-21,1.932482013628347432e-11,1.854190448225733489e-09,2.393573028422477623e-23,1.075328067923475343e-32
4.709999999999999742e-01,4.383076161023773503e-06,4.201534275013078247e-08,2.860525335657205318e-06,5.541417596778779919e-08,1.121413312936040418e-06,3.017283339332775017e-07,1.856204971373186973e-13,7.318149211267322590e-11,8.092565015594926622e-13,1.348474864012432834e-15,6.243517183917733571e-10,3.205708361253944438e-13,5.343947013089602018e-13,3.674614381857872066e-13,1.019383544935446332e-14,3.111695202150879270e-11,5.491307296067714659e-21,1.955716999700640384e-11,1.229223600517448344e-09,2.367518469149229081e-23,1.068981373843244586e-32
4.714999999999999747e-01,4.262990547447140439e-06,4.258346861233893941e-08,2.811962696384930021e-06,5.606409054978454910e-08,1.152525449087659300e-06,1.983423797550428020e-07,1.969983320761472069e-13,4.810681029868490525e-11,8.477197749391620555e-13,1.457490737412644708e-15,6.137522124333465693e-10,3.313065462915574696e-13,5.594808397895907333e-13,3.798267226777144983e-13,1.013343362908571850e-14,2.045489829793162664e-11,3.628633412993725006e-21,1.978654203728852104e-11,8.080356711760508378e-10,2.345303065055836008e-23,1.062572003256782684e-32
4.719999999999999751e-01,4.191998780570518272e-06,4.317867964073874724e-08,2.763339428205654263e-06,5.670533458892078390e-08,1.183672042265911812e-06,1.438419891790652913e-07,2.085693468624277690e-13,3.488882995338932092e-11,8.865435773891146235e-13,1.575217435842084418e-15,6.031394731479408361e-10,3.421937734379894585e-13,5.853599838485669231e-13,3.923674199893579844e-13,1.007876688250983754e-14,1.483420947611775018e-11,2.646217025925614253e-21,2.001285398534925828e-11,5.860046355752529465e-10,2.328396932749992418e-23,1.056803691858147795e-32
4.724999999999999756e-01,4.168247848728384060e-06,4.379556446395486269e-08,2.714672798223409844e-06,5.733765588214244921e-08,1.214850101828320453e-06,1.363737256504645084e-07,2.203613800532019266e-13,3.307775048194030218e-11,9.252125544017803490e-13,1.689536374545429454e-15,5.925172694203025990e-10,3.532734461399168800e-13,6.123375954053005056e-13,4.051297649652094893e-13,1.004100486538713228e-14,1.406389002647888602e-11,2.510833049695050461e-21,2.023601683545724944e-11,5.555797080438485552e-10,2.319219350021517411e-23,1.052846535122231005e-32
4.729999999999999760e-01,4.189279863371238628e-06,4.442992210219598399e-08,2.665979643504773115e-06,5.796080128233231202e-08,1.246089005305872121e-06,1.734489356181100470e-07,2.323926448718497650e-13,4.206997241379854239e-11,9.633133869336159429e-13,1.789092904622410463e-15,5.818892765576351912e-10,3.645319391858196049e-13,6.405927977099173551e-13,4.180970381311669913e-13,1.003221629526179318e-14,1.788735413210800104e-11,3.177830887093044256e-21,2.045594125347993681e-11,7.066222644789952706e-10,2.320324822131720230e-23,1.051962732979719859e-32
4.734999999999999765e-01,4.252097968922454196e-06,4.508019621162236771e-08,2.617278340530208858e-06,5.857454697749148042e-08,1.277426728529790111e-06,2.520296144059088725e-07,2.446526787108823784e-13,6.112891418652323731e-11,1.000647436226732674e-12,1.866866631173429923e-15,5.712595059706018582e-10,3.758948879300154465e-13,6.700835101412382572e-13,4.311827997371277035e-13,1.006132991990481975e-14,2.599125665386159469e-11,4.592636249479449844e-21,2.067254826126415521e-11,1.026755652848245208e-09,2.333486006861592359e-23,1.055083485291815514e-32
4.739999999999999769e-01,4.353214066903110004e-06,4.574658277515159893e-08,2.568589865077665550e-06,5.917872104802431680e-08,1.308882276023027811e-06,3.686031791599076934e-07,2.570912437799851247e-13,8.940304878022364810e-11,1.037271518955101967e-12,1.922439772420232532e-15,5.606325362912106122e-10,3.872418576834184614e-13,7.005211660304266377e-13,4.442481230966143737e-13,1.013108705657449936e-14,3.801321624681075357e-11,6.692061535414780877e-21,2.088577719513089209e-11,1.501669813376194567e-09,2.359007361185156405e-23,1.062490166211215337e-32
4.744999999999999774e-01,4.488685807592822880e-06,4.642834957827037840e-08,2.519937339335726412e-06,5.977320105686497772e-08,1.340437263193779620e-06,5.192407566577204207e-07,2.696194985743924637e-13,1.259398812978822749e-10,1.073450356884125663e-12,1.962226090140501897e-15,5.500134143680092575e-10,3.984381919611169465e-13,7.314305500323906630e-13,4.571384494648893925e-13,1.023713527616047888e-14,5.354787234491988951e-11,9.405338313272741948e-21,2.109558485280087479e-11,2.115358741179165603e-09,2.395531544132086646e-23,1.073720166577432758e-32
4.749999999999999778e-01,4.654158066767494415e-06,4.712090789000934992e-08,2.471344199883579333e-06,6.035788127851557221e-08,1.372035489853495640e-06,6.996436745718798762e-07,2.821238106641184657e-13,1.696970528913914355e-10,1.109534955033033599e-12,1.997569469383726411e-15,5.394072553763457498e-10,4.093739883214853964e-13,7.622805458695565854e-13,4.697283920679562351e-13,1.036967722785725875e-14,7.215174696309773903e-11,1.265496131574326344e-20,2.130193392569009575e-11,2.850309891905873328e-09,2.440431895096567538e-23,1.087740632458030323e-32
4.754999999999999782e-01,4.844924819838323238e-06,4.781446181561911434e-08,2.422831803303370541e-06,6.093261995189274230e-08,1.403601238232129207e-06,9.051906274213384533e-07,2.944882713936159239e-13,2.195536501255054333e-10,1.145807671403428201e-12,2.041294056627183136e-15,5.288187203255998219e-10,4.199969443866431939e-13,7.926445895185496695e-13,4.819592178848904013e-13,1.051717832516809654e-14,9.334817765994722738e-11,1.635756632592958783e-20,2.150477438210690072e-11,3.687696336295980990e-09,2.490675741096973888e-23,1.103337887635938702e-32
4.759999999999999787e-01,5.056020361043124161e-06,4.849545463198681072e-08,2.374417605798710455e-06,6.149718926879834412e-08,1.435068460840228702e-06,1.130999857494258826e-06,3.066187790241639672e-13,2.743252428476784107e-10,1.182347452145071026e-12,2.103772962544226426e-15,5.182516189410095932e-10,4.303271393657999882e-13,8.223355163265162508e-13,4.938553639284820769e-13,1.067087086320974055e-14,1.166337788940803555e-10,2.042509153339780016e-20,2.170402581711265512e-11,4.607630083725585585e-09,2.543867855956602363e-23,1.119590036203636212e-32
4.764999999999999791e-01,5.282336922535673075e-06,4.915076254401069366e-08,2.326114859755287698e-06,6.205125351027622752e-08,1.466407763191140130e-06,1.372015540977114120e-06,3.184606503327266964e-13,3.327849016691611130e-10,1.218962764491890363e-12,2.189730040766325298e-15,5.077088436358530469e-10,4.404474767152162654e-13,8.514644280822843007e-13,5.055129377655441750e-13,1.082844826469883873e-14,1.414873621931889980e-10,2.476637544326712649e-20,2.189956973758332957e-11,5.589514014148504685e-09,2.599104832358521303e-23,1.136254255244309214e-32
4.769999999999999796e-01,5.518753916539573235e-06,4.977319973654763620e-08,2.277934139089609835e-06,6.259439170116054630e-08,1.497638516752632845e-06,1.623117379362795024e-06,3.300035391581697494e-13,3.936899439337703169e-10,1.255216912414128123e-12,2.296758580537418721e-15,4.971927025438972443e-10,4.504717448835630759e-13,8.803967970118208771e-13,5.170626428956242410e-13,1.099556003842808571e-14,1.673812042758987957e-10,2.928916099732825190e-20,2.209125755963383526e-11,6.612488344529705793e-09,2.657321229295249670e-23,1.153923112833879963e-32
4.774999999999999800e-01,5.760257432377472074e-06,5.036602625551504319e-08,2.229886203563369298e-06,6.312616341818555393e-08,1.528819512331790565e-06,1.879241470226909986e-06,3.412714932457240342e-13,4.558114766388841128e-10,1.290538499924401846e-12,2.416009504512717934e-15,4.867055446461598177e-10,4.605002617840967447e-13,9.096140182084910345e-13,5.286187319311952483e-13,1.118444133727435750e-14,1.937934380516449613e-10,3.390228264597706146e-20,2.227893383631373744e-11,7.655923045039881258e-09,2.720974744938569339e-23,1.173880168121035110e-32
4.779999999999999805e-01,6.002030421683372216e-06,5.094423375419154618e-08,2.181985085352812970e-06,6.364619711857038467e-08,1.560020791374913326e-06,2.135493698664587914e-06,3.523009728586893832e-13,5.179621259011270368e-10,1.324380002130628696e-12,2.534837622744180870e-15,4.762504332637884866e-10,4.705779858137580402e-13,9.395231096963028164e-13,5.402311393966567463e-13,1.141000589936627741e-14,2.202196489665525779e-10,3.851769640245724189e-20,2.246246743312969690e-11,8.699879784640726635e-09,2.793146529785200584e-23,1.197689488932882429e-32
4.784999999999999809e-01,6.239503896567081661e-06,5.153146982372129752e-08,2.134250105326576306e-06,6.415426788422012457e-08,1.591287760590970630e-06,2.387237414555810073e-06,3.631139002417888051e-13,5.790174633686661500e-10,1.356370277177089655e-12,2.640601475859608007e-15,4.658315858738999409e-10,4.806698873214118333e-13,9.702787248953152575e-13,5.518577175624344338e-13,1.168465782887837196e-14,2.461818216040355183e-10,4.305202916581610136e-20,2.264177896742975521e-11,9.725469120160987265e-09,2.876346088860404987e-23,1.226650913767510774e-32
4.789999999999999813e-01,6.468373682072732827e-06,5.215315939225047412e-08,2.086705891479266646e-06,6.465033177778101200e-08,1.622612717542267110e-06,2.630145256240462780e-06,3.736948038232291347e-13,6.379286154457126468e-10,1.386408550934196011e-12,2.724467716416801573e-15,4.554543779060613843e-10,4.906630561255713147e-13,1.001681495986186540e-12,5.633672837529340261e-13,1.201360583462447928e-14,2.712336183438537183e-10,4.742747454139080664e-20,2.281685293411048662e-11,1.071506162276262421e-08,2.971432055364464371e-23,1.261308250518868642e-32
4.794999999999999818e-01,6.684600039861848564e-06,5.282801131572494193e-08,2.039380241553934681e-06,6.513449801888003290e-08,1.653926605547218867e-06,2.860217596907014778e-06,3.839800775337186767e-13,6.937266293823305087e-10,1.414667440102191466e-12,2.784074100879362132e-15,4.451248761421481517e-10,5.003961038487157271e-13,1.033193670687124376e-12,5.745739003056559328e-13,1.239238789435457588e-14,2.949622675247985666e-10,5.157209148449818407e-20,2.298772788552322436e-11,1.165236303043521790e-08,3.077043057471496171e-23,1.301189619019319209e-32
4.799999999999999822e-01,6.884413404458695045e-06,5.356096676642282151e-08,1.992300538628766968e-06,6.560694314980822382e-08,1.685115929500025406e-06,3.073782089735528518e-06,3.938635303587791480e-13,7.455221190105709706e-10,1.441503971810336163e-12,2.824250453835135257e-15,4.348490564708702638e-10,5.097068925492191847e-13,1.064073933473406734e-12,5.852918999803937489e-13,1.280763120462919198e-14,3.169885641395288067e-10,5.541977632391617052e-20,2.315446613713037848e-11,1.252241240022096178e-08,3.189775835996968303e-23,1.344887436651505319e-32
4.804999999999999827e-01,7.064345779495562984e-06,5.434034153355486961e-08,1.945490039487970832e-06,6.606779451718934459e-08,1.716059434725012333e-06,3.267495065833462045e-06,4.032169751958294494e-13,7.925052742707429200e-10,1.467309321500634582e-12,2.855578622888733694e-15,4.246319940436082501e-10,5.184828221617698882e-13,1.093591270757088844e-12,5.953934642934508878e-13,1.324098990091033192e-14,3.369671177710289919e-10,5.891028683910561542e-20,2.331711264339353676e-11,1.331158780916382080e-08,3.305098361980478862e-23,1.390471962857583012e-32
4.809999999999999831e-01,7.221295160502089814e-06,5.514049242642063934e-08,1.898965457310720591e-06,6.651702440946685099e-08,1.746670630024123623e-06,3.438363195600112237e-06,4.119194171623080918e-13,8.339507790161822542e-10,1.492349028891747498e-12,2.891217295955093783e-15,4.144773360098033956e-10,5.266963528368347734e-13,1.121247587605079922e-12,6.048489109072447180e-13,1.367507893801361268e-14,3.545887251294382249e-10,6.198964854199770665e-20,2.347565763410464048e-11,1.400769460579972130e-08,3.418726144933293420e-23,1.436114370320911220e-32
4.814999999999999836e-01,7.352614380299968870e-06,5.592931747669515673e-08,1.852736802072451332e-06,6.695439494804251798e-08,1.776929138068681151e-06,3.583793477383261072e-06,4.198852521828848298e-13,8.692296823011870241e-10,1.516648480481046901e-12,2.942935874494686080e-15,4.043872669781103110e-10,5.344128858450391827e-13,1.146931885142371393e-12,6.137350738925442542e-13,1.409944694601146535e-14,3.695856660606817945e-10,6.461108140538058457e-20,2.363001716306890305e-11,1.460016906231037501e-08,3.528010184032246097e-23,1.480713935209167773e-32
4.819999999999999840e-01,7.456202450577942508e-06,5.667806471114222093e-08,1.806809597802242677e-06,6.737947702714440880e-08,1.806887640341673680e-06,3.701665270318217652e-06,4.270819337748757093e-13,8.978267760859249790e-10,1.539962535542543808e-12,3.017541358424238384e-15,3.943629930911147568e-10,5.417672481765828795e-13,1.170948810487921626e-12,6.222076959669342246e-13,1.451449342344620344e-14,3.817392384551260477e-10,6.673632393330729996e-20,2.378003979091312169e-11,1.508037182977406450e-08,3.632852134338931737e-23,1.524309515182025577e-32
4.824999999999999845e-01,7.530571375585755872e-06,5.737000989454258497e-08,1.761188693754782093e-06,6.779174007767783041e-08,1.836650504729940119e-06,3.790405568215107863e-06,4.335308944776366985e-13,9.193589616987199610e-10,1.561839010084546554e-12,3.114772099315062390e-15,3.844055737650206430e-10,5.489157933846053266e-13,1.193905534888086094e-12,6.304460951970759143e-13,1.493182021095552324e-14,3.908875616373609257e-10,6.833700658414289779e-20,2.392553826421756386e-11,1.544189459435178882e-08,3.735796037129287910e-23,1.568116813937310951e-32
4.829999999999999849e-01,7.574866939789319219e-06,5.800495328398472019e-08,1.715882278257681228e-06,6.819068305912780307e-08,1.866331392099499456e-06,3.849043298115914825e-06,4.392910666667127604e-13,9.335887260820269831e-10,1.581753555740633683e-12,3.227302115252193128e-15,3.745167974579705580e-10,5.559798301254717097e-13,1.216489654501806487e-12,6.385882622334529776e-13,1.537065240292554841e-14,3.969311334234327161e-10,6.939563294988950499e-20,2.406633574601266652e-11,1.568078128000849186e-08,3.841209645177569653e-23,1.614153084081312209e-32
4.834999999999999853e-01,7.588836270773941356e-06,5.859804665087036821e-08,1.670904624825211478e-06,6.857596095811017972e-08,1.896005735808318760e-06,3.877222644432575804e-06,4.444302786350713671e-13,9.404278202302507239e-10,1.599269418771102575e-12,3.342872761197860949e-15,3.646997806280820071e-10,5.629996080712587462e-13,1.239210293726948899e-12,6.466784485574145216e-13,1.585130564018027838e-14,3.998340804895337909e-10,6.990580879680402839e-20,2.420231046145583307e-11,1.579558232474841227e-08,3.953778294633157372e-23,1.664551706194709232e-32
4.839999999999999858e-01,7.572752599167811887e-06,5.917359074071067115e-08,1.626276577569807798e-06,6.894746158085450451e-08,1.925676451890771465e-06,3.875167894109752998e-06,4.489940673581564516e-13,9.399292210596437171e-10,1.614167786514116540e-12,3.447927839628887876e-15,3.549590732944713957e-10,5.699150351193374646e-13,1.262190526188710640e-12,6.546456701239629173e-13,1.638776270889296366e-14,3.996203509345454190e-10,6.987158961438674804e-20,2.433342280185725951e-11,1.578721145897972359e-08,4.076786087966381673e-23,1.720783046134900681e-32
4.844999999999999862e-01,7.527321656647234510e-06,5.975630316405965080e-08,1.582023628504623908e-06,6.930530469253026167e-08,1.955266464856653596e-06,3.843608296813316329e-06,4.529825346646122230e-13,9.322693179987959447e-10,1.626505305871276306e-12,3.531664662988027448e-15,3.453002391643964355e-10,5.765805381415583954e-13,1.285085046796041408e-12,6.623214158110032115e-13,1.698186262943953141e-14,3.963657645652412129e-10,6.930610869341668297e-20,2.445971502351001332e-11,1.565863959086060621e-08,4.210762575994701363e-23,1.783044228361125990e-32
4.849999999999999867e-01,7.453598952831293907e-06,6.036341467156953181e-08,1.538172325698680876e-06,6.964976331143858832e-08,1.984641417266956642e-06,3.783684620137227372e-06,4.563433293250551493e-13,9.177254717507850254e-10,1.636580801373540816e-12,3.589270443948009771e-15,3.357290716972192942e-10,5.828099010224509349e-13,1.307156518467962174e-12,6.694915589228473447e-13,1.762120997253058358e-14,3.901882045756306933e-10,6.822988493817538676e-20,2.458128347308951251e-11,1.541451412126378112e-08,4.352983761697219488e-23,1.850039033538800125e-32
4.854999999999999871e-01,7.352940730251047527e-06,6.100047697274564303e-08,1.494746342289276184e-06,6.998113491792987573e-08,2.013654262256394528e-06,3.696864140502914021e-06,4.589834626220599391e-13,8.966553567154616152e-10,1.644824231167714989e-12,3.623342198570952263e-15,3.262507363946258427e-10,5.884364696244504162e-13,1.327490366221091209e-12,6.759655565217052598e-13,1.828176743496609173e-14,3.812387533210377048e-10,6.666929693890824395e-20,2.469823313619624790e-11,1.506081262695741728e-08,4.498053417550297617e-23,1.919249090657443906e-32
4.859999999999999876e-01,7.226996156627456213e-06,6.166216449966951258e-08,1.451763617403604280e-06,7.029960809667752980e-08,2.042194918459584087e-06,3.584885615075652950e-06,4.607962570663911917e-13,8.694832968459522568e-10,1.651646813301943034e-12,3.643029626867830559e-15,3.168691472111642878e-10,5.933684597519495416e-13,1.345279262615977828e-12,6.816396542995617481e-13,1.893454959938650215e-14,3.696960249071538874e-10,6.465561024548295738e-20,2.481063057315183537e-11,1.460461868463986149e-08,4.639434442923674078e-23,1.987635469436381359e-32
4.864999999999999880e-01,7.077730255900598644e-06,6.233728688639467697e-08,1.409235537140179977e-06,7.060517118560818652e-08,2.070226166550177484e-06,3.449742289647036363e-06,4.616944797057171946e-13,8.366956000781479495e-10,1.657303373014155581e-12,3.661136847582811800e-15,3.075867882539586150e-10,5.976203162582494836e-13,1.360082221444554038e-12,6.865323322090811212e-13,1.955439676311951553e-14,3.557645331632577107e-10,6.222469584109114144e-20,2.491847167854050135e-11,1.405405264970969506e-08,4.771467014807764969e-23,2.052558806142826853e-32
4.869999999999999885e-01,6.907453354603782369e-06,6.301554418114438839e-08,1.367168342485084705e-06,7.089759366639844303e-08,2.097792276399831729e-06,3.293694517614912702e-06,4.616384554720400240e-13,7.988429597576772913e-10,1.661812573876230342e-12,3.690059001790165242e-15,2.984050214088408889e-10,6.013088826751592415e-13,1.371968949182938677e-12,6.907792788470854561e-13,2.012797411084077309e-14,3.396762073169108303e-10,5.941727742760435904e-20,2.502167511152110290e-11,1.341832306658348834e-08,4.891216068348944622e-23,2.112618593979752034e-32
4.874999999999999889e-01,6.718828889382992748e-06,6.369293732684486450e-08,1.325566137784264782e-06,7.117648443512777033e-08,2.124997372742166224e-06,3.119290632140335827e-06,4.606495201800938868e-13,7.565448925616210096e-10,1.664960118269675114e-12,3.737811348928557722e-15,2.893247430695412230e-10,6.046149865247833776e-13,1.381496862043641797e-12,6.945887988687187196e-13,2.065823392785461833e-14,3.216928095939323937e-10,5.627931263442245075e-20,2.512010285780471645e-11,1.270781169978355652e-08,4.999509701277424460e-23,2.168121875171611419e-32
4.879999999999999893e-01,6.514838858902854115e-06,6.437343497615379227e-08,1.284434333103181175e-06,7.144140376915175220e-08,2.151962129975062032e-06,2.929370466186529018e-06,4.588040747103938425e-13,7.104901566241607182e-10,1.666381613981064399e-12,3.805402736888462176e-15,2.803471352995717569e-10,6.077229109321378397e-13,1.389524091610401683e-12,6.981721256221869982e-13,2.116361880296123865e-14,3.021065550636218854e-10,5.286204141498310876e-20,2.521359974175661991e-11,1.193408787215716949e-08,5.100768122570907605e-23,2.221000589296979640e-32
4.884999999999999898e-01,6.298702055110363183e-06,6.506619617799656700e-08,1.243782273233597947e-06,7.169198780210275640e-08,2.178775503553606306e-06,2.727032023170745022e-06,4.562100951737314012e-13,6.614285422560005693e-10,1.665695370977270247e-12,3.886401659690704107e-15,2.714742392578806048e-10,6.107580130602124909e-13,1.396918032769339281e-12,7.016719509590894578e-13,2.167197050580212808e-14,2.812368610045394834e-10,4.922135239284868298e-20,2.530203735321225976e-11,1.110977268055841364e-08,5.201610802821028168e-23,2.274173675465643077e-32
4.889999999999999902e-01,6.073758172333789929e-06,6.577964124095315181e-08,1.203624188252955033e-06,7.192804189705795585e-08,2.205459742035851696e-06,2.515555793462898576e-06,4.529739828742794103e-13,6.101527566421652500e-10,1.662639690711169758e-12,3.968858518560450171e-15,2.627091621946142830e-10,6.137437099269027289e-13,1.404256119813165081e-12,7.051134710324717099e-13,2.221090311926986732e-14,2.594226077609259077e-10,4.541637767182419618e-20,2.538534699889729206e-11,1.024823066369524568e-08,5.308643400270667284e-23,2.330538147433803611e-32
4.894999999999999907e-01,5.843343845169452478e-06,6.651511212295473981e-08,1.163978273312954805e-06,7.214957270175787988e-08,2.231961398078755772e-06,2.298297482996980283e-06,4.491690137644476300e-13,5.574729868213467597e-10,1.657169110660010023e-12,4.038994848825451290e-15,2.540558761896898047e-10,6.165927457776956132e-13,1.411620309567109339e-12,7.083949187313638850e-13,2.279769433760673790e-14,2.370109956908418897e-10,4.150752472741514069e-20,2.546353101514729060e-11,9.363132783503578580e-09,5.426126039368574929e-23,2.391909242494908168e-32
4.899999999999999911e-01,5.610689518371156929e-06,6.726315449896449177e-08,1.124864397440824683e-06,7.235675220203566610e-08,2.258170770261853768e-06,2.078571999050669996e-06,4.448161759484442909e-13,5.041895714130977046e-10,1.649479057260681035e-12,4.085492140138792641e-15,2.455187178448489821e-10,6.191361485911616966e-13,1.418556870954454483e-12,7.113213097801115948e-13,2.343207733627632331e-14,2.143453611666350101e-10,3.755437167895079848e-20,2.553665008330866644e-11,8.467983789131218904e-09,5.554302221680429501e-23,2.458264274336244194e-32
4.904999999999999916e-01,5.378857775225232102e-06,6.800444938592886269e-08,1.086301392167076455e-06,7.254983156467286675e-08,2.283961285723772423e-06,1.859554698196433658e-06,4.398839923153192683e-13,4.510699146280030836e-10,1.639952933253657798e-12,4.103003560787470106e-15,2.371017965203877149e-10,6.211804636474669744e-13,1.424218127593308248e-12,7.136704404465237460e-13,2.409451421642365131e-14,1.917546740565119523e-10,3.361390374402506727e-20,2.560479282649101003e-11,7.575719905806954667e-09,5.688984900643670107e-23,2.527560881689874377e-32
4.909999999999999920e-01,5.150727759043855220e-06,6.871552165529311740e-08,1.048304930529572278e-06,7.272903890717529860e-08,2.309233054086971331e-06,1.644219043907059642e-06,4.343074308809759432e-13,3.988340862355729742e-10,1.629051353652792207e-12,4.093749733045109550e-15,2.288085316654873478e-10,6.225741057433683228e-13,1.427641195515195396e-12,7.152690623541776149e-13,2.475081484416746092e-14,1.695467584732753179e-10,2.973943556090388615e-20,2.566803973480427978e-11,6.698454853930682923e-09,5.822601903618066267e-23,2.596220391052558976e-32
4.914999999999999925e-01,4.929013062387130373e-06,6.937732823334952862e-08,1.010886685695176258e-06,7.289449784484351967e-08,2.333943916516439235e-06,1.435315872759713193e-06,4.280194355909117831e-13,3.481501871460911265e-10,1.617181548776666787e-12,4.066676262580383672e-15,2.206414695894564670e-10,6.232603747132229099e-13,1.428071518704467767e-12,7.160534716848288832e-13,2.536186945439436049e-14,1.480058527843543164e-10,2.598030205964689491e-20,2.572643442329732989e-11,5.847395378742488586e-09,5.946420524928434930e-23,2.660147346499792857e-32
4.919999999999999929e-01,4.716288790173294735e-06,6.998351066546186205e-08,9.740549113729119104e-07,7.304619272274797437e-08,2.358116917204872476e-06,1.235384140234273350e-06,4.209842360711838386e-13,2.996369060852816712e-10,1.604590144433012901e-12,4.034448487969319177e-15,2.126024105755134475e-10,6.232990226266269942e-13,1.425222520210832364e-12,7.160938212187470079e-13,2.589548293291363522e-14,1.273935389126208986e-10,2.238211628974684787e-20,2.577997136478439137e-11,5.032885026391126344e-09,6.053260478507992965e-23,2.715969582702247592e-32
4.924999999999999933e-01,4.515001937275019431e-06,7.054503439702967890e-08,9.378160425523507193e-07,7.318398699636905552e-08,2.381822796630867499e-06,1.046772451608187225e-06,4.132209412684656039e-13,2.538682262093088208e-10,1.591313410151459316e-12,4.009274068134154458e-15,2.046927585829483461e-10,6.228488218737751255e-13,1.419382999360277852e-12,7.155736344167166076e-13,2.633645266467174722e-14,1.079509581214295549e-10,1.898719988940715127e-20,2.582860237781917186e-11,4.264491859370822891e-09,6.139808422212263170e-23,2.762094475217090761e-32
4.929999999999999938e-01,4.327448139277060759e-06,7.108917519734272374e-08,9.021765830008661858e-07,7.330768130892132459e-08,2.405145873631001348e-06,8.716489553587448908e-07,4.048092333617580041e-13,2.113749293147452068e-10,1.577199160596148607e-12,3.998934623474454668e-15,1.969139333383048608e-10,6.221167930117545771e-13,1.411334504353909964e-12,7.147311633840019122e-13,2.669145031049940596e-14,8.990001517899755156e-11,1.583476555246961164e-20,2.587225712189592096e-11,3.551048763972500060e-09,6.207742315379995126e-23,2.799220809622879721e-32
4.934999999999999942e-01,4.155713418076928430e-06,7.165287396552622821e-08,8.671445325417906453e-07,7.341708502857403993e-08,2.428147676503068784e-06,7.119846784251482056e-07,3.958751255589538072e-13,1.726394601202873215e-10,1.561990692991025122e-12,4.004337407802777414e-15,1.892676817534726502e-10,6.212911096618205410e-13,1.402104833096036518e-12,7.137822260520913300e-13,2.698686517695313828e-14,7.344200327991898557e-11,1.296057702393474896e-20,2.591086834059971241e-11,2.900585564124003119e-09,6.263240519275963010e-23,2.830113098710840593e-32
4.939999999999999947e-01,4.001595316031145714e-06,7.227255959789810093e-08,8.327298847620614298e-07,7.351207358647805906e-08,2.450842683173441258e-06,5.695087410694782560e-07,3.865616129861225376e-13,1.380840124025010379e-10,1.545443316388598092e-12,4.019385974628061506e-15,1.817561862720404293e-10,6.204803144351483265e-13,1.392639385215764226e-12,7.128505339455328568e-13,2.726005211915314095e-14,5.875342020655390143e-11,1.039606683872149271e-20,2.594439209212331669e-11,2.320146576204761100e-09,6.314975939229249869e-23,2.858684696858848672e-32
4.944999999999999951e-01,3.866527413939822416e-06,7.297382910005656488e-08,7.989441542835346044e-07,7.359261332102834741e-08,2.473194807802485579e-06,4.456474260452355864e-07,3.769942556019897933e-13,1.080549890781180279e-10,1.527434443692400710e-12,4.033186190082459891e-15,1.743819613183346532e-10,6.196794128150514112e-13,1.383500315809820131e-12,7.119290748458567789e-13,2.754665441298496569e-14,4.598011597319421209e-11,8.167148394422455411e-21,2.597281651195014824e-11,1.815542387249828172e-09,6.371207957741744199e-23,2.888669540225085372e-32
4.949999999999999956e-01,3.751530926262311017e-06,7.376438962421555005e-08,7.657992849815093654e-07,7.365875087021716983e-08,2.495134393419801576e-06,3.414671936960450181e-07,3.672534788982151188e-13,8.280890660106702912e-11,1.508031588127484849e-12,4.033817242957996711e-15,1.671476146564062977e-10,6.187743414436515033e-13,1.374694558429681576e-12,7.108856472563695660e-13,2.786808542778516694e-14,3.523174335537203785e-11,6.293111795375479330e-21,2.599615806514133215e-11,1.391117706321127858e-09,6.436910233737116368e-23,2.922310496752102186e-32
4.954999999999999960e-01,3.657207244807011406e-06,7.463243336269361708e-08,7.333064919487014348e-07,7.371057866046518763e-08,2.516587181548932992e-06,2.576412212790587681e-07,3.573630519179310865e-13,6.250458967866853769e-11,1.487497373875560414e-12,4.012376699008740001e-15,1.600555944122423804e-10,6.175833103658099753e-13,1.365688642380433298e-12,7.095107018437014467e-13,2.822334346021989593e-14,2.657844700816446206e-11,4.785981715560661197e-21,2.601444936501710911e-11,1.049615047890305228e-09,6.511893458477382410e-23,2.959501807392799667e-32
4.959999999999999964e-01,3.583770220017951030e-06,7.555064658406035784e-08,7.014755384326506313e-07,7.374819583679472666e-08,2.537502385521759087e-06,1.944503589272468606e-07,3.472986043702646197e-13,4.720426639917269974e-11,1.466231681335139084e-12,3.965933322391986728e-15,1.531080312136753919e-10,6.159210197544400533e-13,1.355605374802145377e-12,7.075913107984062443e-13,2.858802393868199045e-14,2.005086904928036945e-11,3.650548593325228953e-21,2.602772538592621171e-11,7.921786214396067363e-10,6.590580941323703252e-23,2.997685781045399286e-32
4.964999999999999969e-01,3.531102939085814736e-06,7.648413183384843994e-08,6.703146923811069088e-07,7.377168249191379349e-08,2.557868200445702334e-06,1.518163964998021880e-07,3.370131126686045658e-13,3.688289089558556112e-11,1.444671339283991602e-12,3.898415666584947718e-15,1.463067288417726034e-10,6.136640086984963385e-13,1.343536193827048332e-12,7.049862404084769512e-13,2.892107784836757992e-14,1.564325961408306487e-11,2.885034255270128297e-21,2.603601437210867292e-11,6.184898493268254819e-10,6.663562525209587166e-23,3.032561226010434801e-32
4.969999999999999973e-01,3.498816504741290634e-06,7.739937761936722803e-08,6.398312746388940244e-07,7.378109584999890382e-08,2.577709093779168413e-06,1.293538076922096143e-07,3.264704200413696546e-13,3.144207492187512970e-11,1.423180864884162821e-12,3.819188287076391510e-15,1.396532841436801216e-10,6.107950416461930860e-13,1.328864114373827232e-12,7.016767558740774516e-13,2.917729479136318752e-14,1.331832459429595755e-11,2.482125110531038810e-21,2.603933649643773659e-11,5.269781578147708497e-10,6.720461504706174836e-23,3.059391693039254503e-32
4.974999999999999978e-01,3.486290614940451386e-06,7.827142722037395190e-08,6.100324520332703602e-07,7.377648495440553738e-08,2.597067322324366954e-06,1.264206103492020436e-07,3.156750901478054088e-13,3.072362234188801144e-11,1.401969672146424541e-12,3.739865550768203576e-15,1.331492604364996029e-10,6.074115881019737653e-13,1.311488857686584769e-12,6.977760517292262437e-13,2.932152385313804779e-14,1.301191568161857307e-11,2.429994620058209165e-21,2.603770904973014079e-11,5.150281686708086898e-10,6.753197901419764729e-23,3.074495645098204717e-32
4.979999999999999982e-01,3.492686323470101247e-06,7.908747408290662959e-08,5.809258494804833352e-07,7.375791116370088207e-08,2.615977819383472706e-06,1.421518635285409033e-07,3.046881830320019462e-13,3.451838149767915116e-11,1.381061642297442686e-12,3.670505511402428022e-15,1.267963213607103881e-10,6.036956554564128553e-13,1.291879047086217519e-12,6.934942519237858618e-13,2.933996552836594976e-14,1.463598703700495626e-11,2.712985720000065486e-21,2.603115367858888536e-11,5.791161581685906062e-10,6.758576002017500376e-23,3.076429445908158445e-32
4.984999999999999987e-01,3.516935509771826275e-06,7.984671773260363279e-08,5.525196762867835610e-07,7.372545954610160050e-08,2.634448095357164367e-06,1.754692014477522392e-07,2.936234355564398731e-13,4.256861670222773404e-11,1.360325353457728518e-12,3.616508460288026873e-15,1.205962585814582111e-10,5.998553282323168493e-13,1.270934880172737716e-12,6.890709697474105507e-13,2.924473603505079665e-14,1.807925643108957140e-11,3.311809169823217886e-21,2.601970040864978174e-11,7.148488980833039531e-10,6.739324637243046335e-23,3.066465097737318067e-32
4.989999999999999991e-01,3.557723170622380568e-06,8.055773780380832457e-08,5.248223151540980477e-07,7.367923185532993777e-08,2.652452155447997202e-06,2.250722903916062660e-07,2.826251247354934403e-13,5.456526993735663821e-11,1.339553456655188302e-12,3.577259677145749124e-15,1.145509020699498290e-10,5.960578941235588667e-13,1.249708527242014374e-12,6.846983417257309698e-13,2.907006569796545223e-14,2.320626320833147091e-11,4.203354285485981283e-21,2.600338516464555097e-11,9.169288584858702339e-10,6.703216091725985214e-23,3.048191141143995760e-32
4.994999999999999996e-01,3.613482719092428974e-06,8.123529522918377967e-08,4.978415866948148788e-07,7.361932230712080167e-08,2.669940925714599940e-06,2.894277108660603475e-07,2.718352329288298017e-13,7.014397953192723564e-11,1.318564069505750774e-12,3.546913756683700537e-15,1.086619594285906865e-10,5.923771744316035602e-13,1.229077013082673760e-12,6.804605546247923764e-13,2.886124589565990433e-14,2.985645219068416404e-11,5.360400775461847947e-21,2.598224121792887972e-11,1.179108926070567489e-09,6.660522500727468911e-23,3.026353686641139721e-32
5.000000000000000000e-01,3.682419356505900177e-06,8.189813230136660563e-08,4.715840581292853334e-07,7.354578770577005701e-08,2.686864187278536046e-06,3.667732988508497245e-07,2.613612219156246025e-13,8.888448549299839642e-11,1.297290556083706139e-12,3.516954408590728865e-15,1.029308647819178143e-10,5.887727274373101743e-13,1.209477531592695112e-12,6.763101512446609081e-13,2.865986880056491852e-14,3.784510841736613752e-11,6.751582447462084012e-21,2.595628863846958198e-11,1.494210103744188151e-09,6.620626414436065378e-23,3.005309204092114208e-32
5.004999999999999449e-01,3.762564550514256709e-06,8.256825626412846163e-08,4.460547463374552375e-07,7.345862850174509822e-08,2.703193815532898837e-06,4.551502760868468617e-07,2.512554858551277259e-13,1.103167669267151466e-10,1.275830570268782922e-12,3.479553492839986893e-15,9.735871373646628737e-11,5.851076835633685998e-13,1.190793108646072627e-12,6.720888231675190262e-13,2.849018709131144312e-14,4.696731823209819116e-11,8.341859330051945078e-21,2.592552760445026514e-11,1.854252419262223041e-09,6.588895616174724127e-23,2.987595108612996552e-32
5.010000000000000009e-01,3.851850966236703914e-06,8.327093248462071227e-08,4.212573860038466368e-07,7.335779437150149854e-08,2.718937454827547850e-06,5.524639716500972216e-07,2.415134822201032134e-13,1.339344847053221226e-10,1.254439093106988380e-12,3.430509942699678657e-15,9.194632174540216921e-11,5.811988460771278830e-13,1.172425029891809867e-12,6.675852907397890749e-13,2.835110748962823329e-14,5.700490075869778193e-11,1.009354486064264124e-20,2.588994036735476628e-11,2.250702308143900017e-09,6.564858340904430665e-23,2.973091247449138116e-32
5.015000000000000568e-01,3.948187856950131836e-06,8.403383605258505998e-08,3.971951767702798581e-07,7.324321781052925091e-08,2.734135911493306629e-06,6.565615433254604818e-07,2.320910550322868694e-13,1.592132346834890307e-10,1.233468750257361495e-12,3.370749474777563206e-15,8.669438713340651870e-11,5.768818259078312322e-13,1.153525187015669476e-12,6.626103817298818437e-13,2.821650647350559816e-14,6.773496242356945513e-11,1.196769916755149515e-20,2.584950310552055236e-11,2.674789246155962439e-09,6.542293696925138034e-23,2.959053947754326883e-32
5.020000000000000018e-01,4.049516107322746685e-06,8.488394507516852934e-08,3.738717039125009532e-07,7.311486624773825771e-08,2.748844727948510020e-06,7.653072468442141581e-07,2.229348190375784934e-13,1.856290720258054925e-10,1.213277863719253150e-12,3.305923595501076982e-15,8.160369211314581603e-11,5.720690484831879064e-13,1.133308003517948861e-12,6.570637745470535745e-13,2.804381570024706234e-14,7.893793743152776216e-11,1.392553931045520536e-20,2.580420431660120259e-11,3.117812385465511798e-09,6.511221154547922694e-23,2.941016919348397636e-32
5.024999999999999467e-01,4.153830397475418401e-06,8.584181067069770205e-08,3.512916406621977430e-07,7.297279308223053214e-08,2.763107512149435245e-06,8.766360088429701189e-07,2.140149691337815165e-13,2.126726301752631642e-10,1.194136909640185635e-12,3.244348082474182065e-15,7.667525622968472894e-11,5.667811007680849223e-13,1.111335886770938071e-12,6.509699343739139866e-13,2.778808141543104607e-14,9.040305065813937419e-11,1.592950226604891573e-20,2.575406283178768279e-11,3.571358796746435184e-09,6.461142652259841210e-23,2.914265731018157844e-32
5.030000000000000027e-01,4.259169977882721474e-06,8.691437142251247727e-08,3.294609229794638448e-07,7.281716561462584628e-08,2.776932556056212897e-06,9.885744716049403263e-07,2.053490699903372307e-13,2.398560018089113961e-10,1.176164076190519331e-12,3.194107372589350951e-15,7.191037468920137698e-11,5.611411172395083335e-13,1.087682602854933865e-12,6.444714271650666894e-13,2.741687794484144003e-14,1.019300801237986404e-10,1.794373491615070419e-20,2.569913767697662538e-11,4.027389191371172217e-09,6.384473004678923741e-23,2.875401400631457305e-32
5.035000000000000586e-01,4.363593427497926634e-06,8.808879303665567410e-08,3.083863024297641388e-07,7.264825480235958060e-08,2.790283321590037803e-06,1.099231921859344211e-06,1.970085356052483956e-13,2.667126003619708279e-10,1.159310552788437507e-12,3.160412929939506871e-15,6.731052091499789437e-11,5.553345352117736760e-13,1.062921594099267714e-12,6.377823572541811902e-13,2.692116702483930048e-14,1.133277406911042177e-10,1.993402065563055402e-20,2.563952446122565187e-11,4.478200954162358777e-09,6.279030238683501865e-23,2.823478504420936152e-32
5.040000000000000036e-01,4.465160529444117488e-06,8.933024178244509080e-08,2.880744378226939448e-07,7.246638585684597168e-08,2.803087814636072139e-06,1.206776083209213104e-06,1.891055237220599048e-13,2.927931821610982510e-10,1.143399447955901442e-12,3.144157387504269584e-15,6.287714834643756289e-11,5.495482553404424363e-13,1.037946184201884541e-12,6.311181525793186685e-13,2.631854263445234102e-14,1.244103730804905823e-10,2.186738609363881593e-20,2.557533794500781231e-11,4.916329515028103182e-09,6.148769628976857254e-23,2.760344625162903946e-32
5.044999999999999485e-01,4.561942485569600177e-06,9.058570959672112361e-08,2.685308746869371859e-07,7.227186449896321684e-08,2.815263976264360831e-06,1.309415287534594030e-06,1.817647559555940750e-13,3.176628063057554704e-10,1.128204415175479443e-12,3.142121709739004930e-15,5.861146765257399615e-11,5.439100526568135338e-13,1.013685278433030969e-12,6.246257458067936826e-13,2.564783307255449917e-14,1.349953346870539489e-10,2.371176457618605874e-20,2.550668601667231391e-11,5.334475713133452893e-09,6.002528905958749130e-23,2.690073503990104410e-32
5.050000000000000044e-01,4.652070518403463702e-06,9.179416483050274917e-08,2.497593070296925367e-07,7.206490475409260083e-08,2.826751284269487849e-06,1.405406102114515709e-06,1.750899825152736741e-13,3.409030313414220341e-10,1.113541080143802781e-12,3.148661915631472722e-15,5.451428547344004133e-11,5.384487356066775556e-13,9.908123845710367151e-13,6.183377692145725747e-13,2.495689646230899150e-14,1.449032372248959195e-10,2.543606770396125363e-20,2.543364421084630224e-11,5.725536871385353379e-09,5.851211045262524978e-23,2.617684612992087208e-32
5.055000000000000604e-01,4.733816775164120966e-06,9.290103208387266260e-08,2.317614026456688195e-07,7.184558568567086494e-08,2.837535717803763339e-06,1.493094824870999123e-06,1.691366460415606102e-13,3.621212559335999249e-10,1.099340492612365055e-12,3.158164296604644097e-15,5.058596612924660972e-11,5.330882460272329715e-13,9.695462715669382421e-13,6.121659344980368369e-13,2.428768075515739207e-14,1.539620360220980168e-10,2.701083916165525810e-20,2.535624043846129864e-11,6.082775852160338796e-09,5.704343977795637585e-23,2.547576168388910543e-32
5.060000000000000053e-01,4.805686836475639174e-06,9.387316333935049417e-08,2.145372511131286033e-07,7.161385527885671803e-08,2.847657455272243380e-06,1.570986568173321846e-06,1.639001396469414910e-13,3.809657835319373946e-10,1.085680295353552062e-12,3.167309276742794031e-15,4.682652926875275274e-11,5.276772002874422624e-13,9.496087066795590624e-13,6.059352731460443337e-13,2.366347976313220550e-14,1.620143867633247540e-10,2.840940786610598344e-20,2.527445635588961890e-11,6.400102510384871080e-09,5.567152549731956093e-23,2.482188763295291536e-32
5.064999999999999503e-01,4.866496083321062961e-06,9.470980022831245831e-08,1.980862544519408473e-07,7.136958290501913100e-08,2.857197352407067165e-06,1.637822900437072887e-06,1.593236588228192159e-13,3.971423244130657788e-10,1.072763862940241408e-12,3.176304611599594083e-15,4.323584421812342632e-11,5.220433246966701491e-13,9.303501869965205220e-13,5.994470235027624336e-13,2.308252680730584967e-14,1.689262781001894489e-10,2.960922517388337821e-20,2.518824587844832400e-11,6.672390012121533185e-09,5.439094281342554406e-23,2.421333894040881973e-32
5.070000000000000062e-01,4.915405806140499552e-06,9.544588257428496526e-08,1.824081192949656278e-07,7.111264366192277552e-08,2.866246732745487127e-06,1.692643508146124368e-06,1.553228877991317278e-13,4.104264767629642095e-10,1.060855345423317235e-12,3.188677720003314788e-15,3.981384659443671287e-11,5.160539422826960596e-13,9.109973277950373590e-13,5.925484013513966522e-13,2.251991055962979885e-14,1.745942897702697098e-10,3.059296051530057317e-20,2.509756494303318839e-11,6.895726053119235753e-09,5.314312743793233727e-23,2.362395408528417314e-32
5.075000000000000622e-01,4.951908122860451219e-06,9.614621059436189437e-08,1.675035860323458814e-07,7.084300537263725532e-08,2.874871885523657972e-06,1.734811526240326525e-06,1.518189727747394232e-13,4.206678043519426601e-10,1.050193347385974268e-12,3.209780398019161385e-15,3.656069760232876196e-11,5.096618979926074977e-13,8.909351441828352428e-13,5.851854777725220724e-13,2.193701467497035561e-14,1.789491887922949775e-10,3.134898950498639215e-20,2.500240220894796310e-11,7.067516062499270218e-09,5.183821595702169606e-23,2.301320040014572001e-32
5.080000000000000071e-01,4.975766530077143736e-06,9.689170632202290528e-08,1.533746468720612570e-07,7.056078710234815628e-08,2.883087092593799057e-06,1.763994608067899109e-06,1.487684069692627444e-13,4.277840796503241025e-10,1.040912875057319717e-12,3.244639150455847572e-15,3.347683181999319802e-11,5.029215781596115753e-13,8.699273638909595360e-13,5.774214951354546543e-13,2.129521580098328170e-14,1.819548277984092065e-10,3.187111750173238714e-20,2.490279970704007916e-11,7.186406088430386279e-09,5.038665244976155395e-23,2.234054480656564090e-32
5.084999999999999520e-01,4.986934371784624316e-06,9.776140504498561321e-08,1.400242080739031983e-07,7.026626768964292745e-08,2.890846950574183494e-06,1.780109653515471305e-06,1.461795471930575392e-13,4.317479277088229907e-10,1.033001903722752627e-12,3.296003264372198576e-15,3.056288363742518539e-11,4.959700921345699917e-13,8.482010558210642055e-13,5.694149840803685487e-13,2.056924369118454393e-14,1.836029620600610756e-10,3.215765785250510611e-20,2.479885584852699615e-11,7.252057624320288264e-09,4.872997120535199051e-23,2.157946899415041212e-32
5.090000000000000080e-01,4.985480641426306105e-06,9.881502545754264717e-08,1.274553580159243257e-07,6.995984054564287616e-08,2.898061373658716985e-06,1.783252126599794320e-06,1.441101064088842246e-13,4.325710037394446437e-10,1.026306669945582938e-12,3.363328793247414140e-15,2.781952756561860229e-11,4.889806144818790596e-13,8.263697488925870132e-13,5.613658125365890763e-13,1.975583441521624471e-14,1.839060082878937603e-10,3.221021757545856755e-20,2.469070947166325440e-11,7.264859647473065765e-09,4.686070237896740366e-23,2.072654664812320920e-32
5.095000000000000639e-01,4.971548553849276748e-06,1.000806314878641036e-07,1.156705330827040627e-07,6.964193027493087388e-08,2.904627857116853111e-06,1.773635884138154664e-06,1.426465180602720391e-13,4.302917622372956196e-10,1.020582877749402673e-12,3.443047087503838143e-15,2.524729611213166011e-11,4.821042434224630960e-13,8.052250150855074361e-13,5.534480789797730543e-13,1.887498095622993149e-14,1.828903817451247948e-10,3.203264028951786272e-20,2.457851041592248067e-11,7.225683473464582470e-09,4.482520838846137993e-23,1.980275535383099025e-32
5.100000000000000089e-01,4.945358811773704347e-06,1.015501867002475034e-07,1.046708840589738889e-07,6.931290034489457228e-08,2.910468833725559360e-06,1.751564383050299953e-06,1.418722888622428897e-13,4.249714006839394657e-10,1.015574313746285674e-12,3.529960948362938593e-15,2.284644129804293074e-11,4.754203623730637379e-13,7.854709348915972324e-13,5.457529217992320355e-13,1.796360777565848235e-14,1.805926395386033256e-10,3.163047739004207794e-20,2.446238693856175799e-11,7.135765440848444958e-09,4.270906718817728947e-23,1.884684119569326302e-32
5.104999999999999538e-01,4.907251749584953115e-06,1.031833714182838753e-07,9.445604324358713369e-08,6.897298402273293474e-08,2.915559933706039136e-06,1.717441002040859745e-06,1.418362157170880283e-13,4.166992219131015194e-10,1.011091316097582600e-12,3.619187083099395132e-15,2.061688357129759182e-11,4.689122475366274133e-13,7.674939070092040038e-13,5.382605379383251249e-13,1.706399915293636723e-14,1.770594051874871997e-10,3.101113472799543025e-20,2.434242134428776894e-11,6.996748943991047288e-09,4.061037693044303644e-23,1.790317951419761677e-32
5.110000000000000098e-01,4.857747473666180227e-06,1.049177557157889755e-07,8.502432662080733367e-08,6.862226211299521569e-08,2.919938454918542575e-06,1.671810176104479704e-06,1.425313635552169787e-13,4.056047506571927114e-10,1.007062196996689363e-12,3.707878578607424705e-15,1.855825569494352213e-11,4.624757644051691539e-13,7.512461828187124601e-13,5.308504051388670614e-13,1.621095782907676831e-14,1.723504625043022149e-10,3.018456214272574214e-20,2.421864213275236124e-11,6.810851997798443626e-09,3.861014051910841750e-23,1.700830256216760642e-32
5.115000000000000657e-01,4.797596499877963763e-06,1.066820467270190560e-07,7.637324562410813651e-08,6.826069401803034696e-08,2.923688972994244600e-06,1.615408408061332418e-06,1.438919957727485097e-13,3.918710032304090436e-10,1.003540712036898401e-12,3.796076224295364823e-15,1.667001431076097437e-11,4.559575736263869459e-13,7.362807199090663152e-13,5.233455102587492038e-13,1.542193747699705616e-14,1.665431190144784508e-10,2.916412797626391628e-20,2.409103496488993504e-11,6.581075047154590777e-09,3.674949781522764523e-23,1.618054516185081658e-32
5.120000000000000107e-01,4.727797572546430222e-06,1.084090050631359762e-07,6.850010914174133827e-08,6.788818971199010349e-08,2.926911764910936701e-06,1.549199916648752105e-06,1.458095038605722051e-13,3.757425184439026039e-10,1.000668358354972384e-12,3.886396522068214260e-15,1.495157135812124779e-11,4.492092680956815495e-13,7.219219823896373354e-13,5.155748605137668583e-13,1.469323911177357770e-14,1.597354524198289483e-10,2.796723859626618119e-20,2.395956806750678163e-11,6.311346195948905031e-09,3.502091702700404547e-23,1.541605015562574564e-32
5.124999999999999556e-01,4.649572401357264592e-06,1.100455959973201947e-07,6.140249595066386004e-08,6.750469630780350487e-08,2.929686169398064190e-06,1.474377301332536189e-06,1.481619098801424367e-13,3.575234489708192820e-10,9.986060587201419199e-13,3.982720317494829510e-15,1.340239737682046824e-11,4.421386820333649992e-13,7.075106525289854249e-13,5.074326089905248776e-13,1.400322785931180223e-14,1.520465391271694871e-10,2.661535485776408547e-20,2.382422278603782421e-11,6.006523926730228231e-09,3.337554862197151155e-23,1.469213790289038773e-32
5.130000000000000115e-01,4.564303588151603188e-06,1.115594463184574451e-07,5.507845852564099840e-08,6.711026889942743030e-08,2.932042693676037976e-06,1.392320812900910487e-06,1.508469244991239137e-13,3.375645482859523412e-10,9.974600886859295337e-13,4.088421473432177616e-15,1.202206629446520504e-11,4.347409361956716404e-13,6.926358645785637171e-13,4.989136967673964999e-13,1.332116711865596561e-14,1.436129991822936125e-10,2.513328492323122169e-20,2.368501858508946643e-11,5.672231191656151753e-09,3.174351972554413742e-23,1.397656956148798097e-32
5.135000000000000675e-01,4.473455408052399631e-06,1.129420132429744456e-07,4.952643877230550058e-08,6.670510233458962134e-08,2.933954032957456714e-06,1.304525323649544063e-06,1.538073866637593610e-13,3.162419103440025634e-10,9.972283961279316745e-13,4.204830328865588113e-15,1.081023736218461344e-11,4.270990414562298487e-13,6.772745674696064159e-13,4.901143285832517920e-13,1.261848282493238533e-14,1.345826582843687569e-10,2.354790443564743612e-20,2.354202425788443752e-11,5.314557918223835745e-09,3.005984386914978596e-23,1.323936213009117309e-32
5.140000000000000124e-01,4.378502158606966107e-06,1.142094954805462849e-07,4.474498286502903791e-08,6.628951548537844720e-08,2.935347724451166580e-06,1.212515787867176686e-06,1.570405591117197556e-13,2.939332840248746091e-10,9.977854845655434077e-13,4.330511952707553524e-15,9.766593163139562173e-12,4.193544828662515818e-13,6.617913832815640056e-13,4.811978499563241975e-13,1.187863375430552593e-14,1.251072251939744633e-10,2.188666336281311508e-20,2.339535236923448108e-11,4.939716623990010133e-09,2.828715447274628220e-23,1.246314469461417719e-32
5.144999999999999574e-01,4.280883776073461872e-06,1.154022721618604629e-07,4.073239697529854846e-08,6.586389663591806502e-08,2.936134888414724765e-06,1.117775395638312930e-06,1.605882791297698034e-13,2.709985703495711116e-10,9.989098416451043755e-13,4.461609270632857813e-15,8.890764557195178632e-12,4.116584565929508816e-13,6.468016945224584538e-13,4.723384123302377160e-13,1.110243333903634825e-14,1.153361759890346372e-10,2.017630378588274234e-20,2.324513997523552719e-11,4.553749735727975678e-09,2.642800452466850463e-23,1.164874665676064770e-32
5.150000000000000133e-01,4.181995713178755245e-06,1.165828219137065683e-07,3.748647610791366689e-08,6.542863149103490710e-08,2.936243636682543220e-06,1.021704646961291355e-06,1.645114677699826610e-13,2.477694504500059959e-10,1.000342717629705343e-12,4.593090065212322546e-15,8.182271385340973807e-12,4.041208293837872115e-13,6.329482834199821813e-13,4.636621575701134108e-13,1.030735333066657715e-14,1.054134273693234985e-10,1.844211296934098713e-20,2.309152321045790390e-11,4.162362863933670647e-09,2.452334137741876308e-23,1.081447503432397637e-32
5.155000000000000693e-01,4.083205103203415509e-06,1.178312243648937965e-07,3.500438037072639159e-08,6.498403963954398541e-08,2.935644448192390600e-06,9.256168446793578909e-07,1.688577687935047564e-13,2.245496643990270962e-10,1.001856362007962290e-12,4.720403357783844513e-15,7.640495183036374336e-12,3.967743181286814418e-13,6.206711546149190714e-13,4.552060937663704444e-13,9.521419313966219216e-15,9.547714323619475613e-11,1.670781560708096757e-20,2.293461486135147561e-11,3.770906431286655225e-09,2.263854018018223898e-23,9.989718644646020980e-33
5.160000000000000142e-01,3.985874219779045002e-06,1.192370750627487086e-07,3.328265970542991797e-08,6.453034011234191228e-08,2.934358452814564343e-06,8.307612605148146878e-07,1.736333464050135876e-13,2.016236056543759952e-10,1.003307327347455541e-12,4.840916864595886628e-15,7.264684207267865438e-12,3.895658174663659739e-13,6.100512825752499126e-13,4.469083572282838734e-13,8.774060396127530289e-15,8.566167875318447679e-11,1.499595916159785487e-20,2.277449221119133150e-11,3.384470027195278208e-09,2.084240522195223410e-23,9.205354917750810015e-33
5.164999999999999591e-01,3.891369654555339317e-06,1.208872875801165052e-07,3.231737265891679985e-08,6.406765458072513078e-08,2.932446524823330286e-06,7.383551507862368775e-07,1.787883818612933521e-13,1.792680785830573644e-10,1.004656798551540360e-12,4.954614146511494870e-15,7.053979008894481303e-12,3.823772659487887731e-13,6.007819624430733865e-13,4.386325222608189307e-13,8.087128793581265560e-15,7.609978365917072888e-11,1.332846666655942569e-20,2.261119817257199648e-11,3.008012807902749879e-09,1.918651384624104917e-23,8.484330785235095966e-33
5.170000000000000151e-01,3.801042417460005946e-06,1.228507157268518276e-07,3.210422628598022679e-08,6.359604273800714379e-08,2.929984520845231805e-06,6.496037301327865738e-07,1.842211135961108254e-13,1.577613050124298140e-10,1.005952514593330998e-12,5.063826360729333414e-15,7.007442741230813413e-12,3.750682863561953156e-13,5.922760334010095805e-13,4.302169091009518335e-13,7.469026204272867160e-15,6.692312405116279502e-11,1.172699088090066047e-20,2.244475378082750420e-11,2.646444837841410014e-09,1.769164678319774583e-23,7.835497709074588565e-33
5.175000000000000711e-01,3.716177398794429295e-06,1.251622849657026508e-07,3.263868166111726168e-08,6.311555379036560990e-08,2.927034985120124786e-06,5.656936666315931239e-07,1.897989832325938548e-13,1.373847490914562321e-10,1.007280917848647025e-12,5.172139524674050319e-15,7.124084153157110145e-12,3.675255567381222477e-13,5.838695675386692879e-13,4.215314822644043604e-13,6.913628992800563967e-15,5.825995780091238912e-11,1.021281287021446541e-20,2.227517637399053384e-11,2.304600565820786111e-09,1.634520172956474928e-23,7.252476477081630781e-33
5.180000000000000160e-01,3.637924786878790599e-06,1.278106301885164865e-07,3.391600552309419865e-08,6.262627434071461806e-08,2.923626352354452938e-06,4.877577148547724335e-07,1.953897184066485335e-13,1.184163761257724164e-10,1.008708503908606909e-12,5.282914566235053705e-15,7.402869024918963141e-12,3.597018987891460777e-13,5.750493356243381530e-13,4.125227209166283598e-13,6.403978845687291704e-15,5.023008458585260821e-11,8.806236981334436018e-21,2.210249649913521819e-11,1.987094731924081443e-09,1.510953566401515923e-23,6.717518764158748211e-33
5.184999999999999609e-01,3.567235247729988217e-06,1.307334275808344708e-07,3.593128095588735080e-08,6.212835689765012064e-08,2.919747040306592613e-06,4.168206715973735810e-07,2.008919284778563142e-13,1.011173204074394942e-10,1.010234303456275928e-12,5.397978356008152113e-15,7.842722813007418696e-12,3.516319682154860388e-13,5.656239086734544123e-13,4.032314024673627783e-13,5.919118258203866414e-15,4.293844990735174481e-11,7.525654268189816835e-21,2.192676797847071891e-11,1.698102199928359166e-09,1.393754269667863672e-23,6.208668122981524652e-33
5.190000000000000169e-01,3.504821137541576569e-06,1.338233736990729373e-07,3.867940316887988505e-08,6.162202247167938365e-08,2.915355501272482359e-06,3.537448029222785288e-07,2.062550763156374851e-13,8.571630727827340324e-11,1.011770210563214313e-12,5.516954547659666446e-15,8.442530100473798828e-12,3.434197307727622362e-13,5.557789202339773291e-13,3.937778542923548397e-13,5.441531045529842865e-15,3.646948992852174720e-11,6.386587789531024638e-21,2.174806882663852683e-11,1.441135650765517098e-09,1.278966272791219707e-23,5.707558803035532376e-33
5.195000000000000728e-01,3.451157496649227954e-06,1.369453118565791968e-07,4.215507845086672512e-08,6.110754110682345055e-08,2.910400946241044353e-06,2.991931735049681578e-07,2.114823749624120843e-13,7.239671707676612355e-11,1.013154746513074548e-12,5.637448056206417292e-15,9.201134692429118251e-12,3.352026634341190993e-13,5.459982545317205933e-13,3.843204834512380731e-13,4.962661093253384512e-15,3.088416495130228235e-11,5.401041105581422174e-21,2.156649437695171915e-11,1.218896219211114038e-09,1.164653753179781176e-23,5.205203607475817652e-33
5.200000000000000178e-01,3.406522444743357396e-06,1.399620116754489601e-07,4.635282585863770099e-08,6.058520161176999358e-08,2.904845607004656637e-06,2.536220659023854821e-07,2.166159554246061290e-13,6.128982610560151418e-11,1.014193204322203658e-12,5.755978915770729235e-15,1.011734017417862407e-11,3.271054563915125678e-13,5.368801054373926813e-13,3.750023932398038294e-13,4.484852083562274094e-15,2.622069508493488741e-11,4.577347487290203590e-21,2.138214659259167651e-11,1.033242644550709133e-09,1.051351309117416595e-23,4.704032732209285813e-33
5.204999999999999627e-01,3.371062445949851988e-06,1.427634930665983701e-07,5.126696764823671450e-08,6.005528368283530435e-08,2.898679468926544713e-06,2.173021359273902045e-07,2.217095823726094325e-13,5.247520057827429300e-11,1.014707748815136614e-12,5.869298868596540271e-15,1.118990783399093938e-11,3.191992700867612050e-13,5.289134276483900571e-13,3.659046081831858355e-13,4.019411119731902628e-15,2.249865619580484973e-11,3.920517545164212065e-21,2.119512422006217187e-11,8.852774860679815040e-10,9.416293952331942808e-24,4.215870848226398554e-33
5.210000000000000187e-01,3.344859255514916040e-06,1.452933929106864892e-07,5.689159648548824401e-08,5.951804201063124036e-08,2.891922147097055342e-06,1.903569964490855136e-07,2.267982653823360977e-13,4.598657622345024276e-11,1.014578322369391923e-12,5.975607849175983979e-15,1.241754934735623520e-11,3.114803108147315633e-13,5.222936112928303191e-13,3.570217134234324537e-13,3.581841964829258435e-15,1.972485971079497665e-11,3.432892333269901766e-21,2.100551717201450638e-11,7.755043298391412003e-10,8.390125206016179471e-24,3.756947085005111935e-33
5.215000000000000746e-01,3.327975446842263116e-06,1.475661690225277580e-07,6.322052446907599483e-08,5.897370506296178982e-08,2.884612264893633207e-06,1.728020425108317082e-07,2.318749896170327170e-13,4.181990249774136010e-11,1.013759847332759778e-12,6.075249026840287498e-15,1.379891537473684680e-11,3.038745516616567096e-13,5.168418423555064713e-13,3.482676622122897334e-13,3.186156542829353293e-15,1.789881561456313401e-11,3.114806023925318629e-21,2.081340609160638066e-11,7.039859633516367462e-10,7.466852587601863128e-24,3.341937265079112057e-33
5.220000000000000195e-01,3.320463994740061426e-06,1.496708585437117774e-07,7.024723949969411743e-08,5.842248438671032522e-08,2.876789883695378441e-06,1.645677758270469131e-07,2.368822329914144842e-13,3.994015085366901908e-11,1.012271108274537393e-12,6.170666108470594001e-15,1.533258572535765157e-11,2.962663345247424738e-13,5.120558509691047609e-13,3.395090104259167800e-13,2.840298254049260442e-15,1.701580448756406774e-11,2.964986574110140507e-21,2.061886563265277702e-11,6.704393853157353188e-10,6.664500291754558159e-24,2.979169044971983681e-33
5.224999999999999645e-01,3.322340902246213287e-06,1.517600992185610947e-07,7.796490309114270638e-08,5.786458644682647231e-08,2.868480098338853577e-06,1.654998018051431305e-07,2.417208656858959713e-13,4.028486030423257317e-11,1.010161802373202219e-12,6.265673091278514111e-15,1.701706860990036714e-11,2.885405085788955004e-13,5.072736363159361875e-13,3.306135548972090908e-13,2.544118927841891732e-15,1.706656092330605049e-11,2.980559702568204922e-21,2.042196863921465988e-11,6.742357670469773274e-10,5.982657746257318893e-24,2.668500873545931426e-33
5.230000000000000204e-01,3.333532970139292338e-06,1.540263387839523266e-07,8.636641049029398254e-08,5.730021957542503386e-08,2.859684908135265879e-06,1.753385370058430125e-07,2.462731880042498285e-13,4.276448362292437971e-11,1.007472226686944002e-12,6.364317923974711588e-15,1.885081359720597391e-11,2.806234248941342383e-13,5.018924545520229703e-13,3.214974239316519326e-13,2.290314539267458149e-15,1.803390228065560129e-11,3.156709562319237460e-21,2.022278860316562314e-11,7.143177470544439358e-10,5.404601304819640665e-24,2.402299558090772132e-33
5.235000000000000764e-01,3.353820597607166391e-06,1.566697643468009943e-07,9.544450163697382720e-08,5.672959278636410131e-08,2.850386480259046748e-06,1.936908285696267141e-07,2.504322234490529074e-13,4.726139843438785578e-11,1.004201981236663969e-12,6.469741519381932817e-15,2.083223579907184731e-11,2.725088933663454980e-13,4.955664909145421651e-13,3.121546567556088985e-13,2.067648949067333473e-15,1.988779898966480270e-11,3.486207540004003877e-21,2.002139925346885365e-11,7.890837742387640793e-10,4.904621785058606003e-24,2.168814010944950871e-33
5.240000000000000213e-01,3.382795408038979082e-06,1.598639167670723432e-07,1.051918755212898339e-07,5.615290869166615100e-08,2.840559756861229730e-06,2.200093393099365622e-07,2.541274720813788398e-13,5.363013606372125187e-11,1.000299451170919570e-12,6.583411023036183663e-15,2.295974092064980122e-11,2.642607035111840201e-13,4.883145818002164565e-13,3.026597077875185071e-13,1.865064516762463917e-15,2.258093412888119924e-11,3.959082278434226385e-21,1.981787206469203653e-11,8.963040942100845348e-10,4.457362817992290953e-24,1.956477537810744083e-33
5.244999999999999662e-01,3.419845232365927156e-06,1.637250615557938518e-07,1.156012419826675701e-07,5.557035669215098261e-08,2.830188269087682449e-06,2.535923010494321731e-07,2.573387245245450891e-13,6.170067549153183846e-11,9.956748157578598178e-13,6.704960611168626318e-15,2.523173674638115169e-11,2.559915046202102031e-13,4.805010894871445522e-13,2.931427803042167540e-13,1.675121078668737757e-15,2.604655580095097865e-11,4.562645441628247658e-21,1.961227386122434311e-11,1.033119727298073758e-09,4.045617969125551319e-24,1.757506328166544522e-33
5.250000000000000222e-01,3.464168091432265252e-06,1.682903975770092638e-07,1.266652594029576766e-07,5.498211305343553857e-08,2.819275736705539820e-06,2.936076452630756489e-07,2.600936979104835820e-13,7.128492436228412892e-11,9.902296975098799407e-13,6.832662214678784195e-15,2.764661976269632883e-11,2.478258616755244859e-13,4.726973080145058522e-13,2.837471131102384381e-13,1.495622188441597427e-15,3.019952223969505848e-11,5.281936845439162550e-21,1.940466684877553657e-11,1.196140775065541042e-09,3.663990122364570507e-24,1.569599362731336435e-33
5.255000000000000782e-01,3.514807051722765228e-06,1.735085471289850059e-07,1.383763541884771737e-07,5.438835115840449150e-08,2.807848040455462980e-06,3.391353824193551944e-07,2.624507259773071506e-13,8.218461846394837464e-11,9.838901940500226812e-13,6.964345161004398745e-15,3.020273597360709561e-11,2.398604271998530054e-13,4.654721090528377292e-13,2.745831824221257787e-13,1.329073689110458400e-15,3.494026667629030867e-11,6.100476329657833679e-21,1.919511223363078379e-11,1.381619088669049966e-09,3.317613534930504858e-24,1.395368802918586735e-33
5.260000000000000231e-01,3.570693102494735146e-06,1.792439376702830817e-07,1.507264804160987844e-07,5.378925972893518596e-08,2.795944528388292127e-06,3.892148090642934570e-07,2.644726566631593499e-13,9.419776321396968116e-11,9.766293617815961475e-13,7.098450299313759593e-15,3.289832861197335741e-11,2.321347457480421008e-13,4.591846313484008846e-13,2.656953614576985257e-13,1.180453097811133167e-15,4.016044243507516918e-11,7.001085068556982357e-21,1.898367665047947055e-11,1.585640620253351553e-09,3.017042140545413164e-24,1.240003052840864776e-33
5.264999999999999680e-01,3.630684969262681675e-06,1.852949402592436582e-07,1.637069259004788376e-07,5.318506178959349148e-08,2.783602432792283542e-06,4.428817811495164637e-07,2.662008524519135878e-13,1.071210253313168719e-10,9.684702965626856831e-13,7.234875128446886531e-15,3.573149591383205263e-11,2.246221891526125608e-13,4.538505229380581801e-13,2.570518773293892464e-13,1.054338942736572565e-15,4.574861255455202574e-11,7.966519764673131328e-21,1.877043884879848450e-11,1.804277313955854494e-09,2.771708469506764526e-24,1.108262202479177793e-33
5.270000000000000240e-01,3.693601497988258662e-06,1.914240348213224781e-07,1.773082763807149299e-07,5.257602513572248312e-08,2.770841339352858191e-06,4.991864152166573469e-07,2.676378937669042461e-13,1.207471447572227710e-10,9.594694997391370669e-13,7.375341860368342934e-15,3.870018332434968205e-11,2.172434234918982309e-13,4.491272922073249481e-13,2.485606922161966128e-13,9.525714515345046086e-16,5.159463084366503963e-11,8.979757190627729780e-21,1.855549337899968853e-11,2.033659261955049027e-09,2.584631812545025180e-24,1.002032988396050876e-33
5.275000000000000799e-01,3.758250158189118652e-06,1.973967463610264152e-07,1.915206009346057941e-07,5.196245731056228997e-08,2.757654794270839632e-06,5.571908801817466859e-07,2.687444362787850171e-13,1.348588178210915509e-10,9.496885950722804820e-13,7.523170989956683007e-15,4.180222390987714539e-11,2.098971426717275728e-13,4.444229559264838551e-13,2.401051173143992523e-13,8.732866909940802506e-16,5.759214269478112783e-11,1.002393239607752946e-20,1.833894881129715342e-11,2.269965742385560573e-09,2.450295287410365905e-24,9.193245875634488333e-34
5.280000000000000249e-01,3.823460078505045226e-06,2.030245758497649462e-07,2.063338321431404411e-07,5.134468393989863764e-08,2.744013182567142418e-06,6.159563233038302620e-07,2.694508026340855600e-13,1.492225654868018945e-10,9.391672002606371440e-13,7.682522391943512284e-15,4.503542120678956981e-11,2.024971810698727974e-13,4.390898322381793267e-13,2.315865481517117767e-13,8.115507912852664201e-16,6.363953487504514913e-11,1.108209857995371134e-20,1.812092008272324638e-11,2.509371973968353781e-09,2.356198262250898252e-24,8.549410214127591300e-34
5.284999999999999698e-01,3.888127055527739305e-06,2.082057461184604265e-07,2.217382190126750246e-07,5.072301638803903013e-08,2.729877205196360564e-06,6.745332756743334782e-07,2.696789756973824560e-13,1.635868668818475973e-10,9.279089596286232859e-13,7.857324539864214574e-15,4.839764789918067586e-11,1.950033623115682408e-13,4.326365906701195249e-13,2.229597679374984192e-13,7.611777039150595741e-16,6.964027564357960555e-11,1.213706677491438001e-20,1.790151707853876446e-11,2.748010024195397192e-09,2.287115211015516249e-24,8.023917325585946190e-34
5.290000000000000258e-01,3.951271142566853405e-06,2.129566468396348345e-07,2.377246728279202783e-07,5.009772005112807974e-08,2.715216657995172267e-06,7.319686676743290614e-07,2.693673469388216245e-13,1.776878176861638787e-10,9.158868440854084538e-13,8.050208899807773247e-15,5.188692110328026008e-11,1.874359983621013758e-13,4.248862180335052393e-13,2.142492858480323819e-13,7.168901347821790118e-16,7.550365064078168929e-11,1.317155689641763219e-20,1.768083344255187055e-11,2.981997362989313757e-09,2.230120783507902206e-24,7.561580664798872813e-34
5.295000000000000817e-01,4.012097587691149155e-06,2.174269064792073631e-07,2.542848387722679942e-07,4.946899573369120341e-08,2.700026740349309185e-06,7.873351981845124220e-07,2.684899171287892633e-13,1.912630010792267267e-10,9.030653703380660720e-13,8.261775840247648559e-15,5.550141780825624473e-11,1.798697938640889284e-13,4.160269120390649938e-13,2.055419480444949138e-13,6.759224066569024490e-16,8.114641556928419666e-11,1.416875589255842494e-20,1.745894000878869619e-11,3.207556466043807123e-09,2.178303005844162600e-24,7.133703575370071870e-34
5.300000000000000266e-01,4.070043643953810789e-06,2.218925181040386339e-07,2.714108147311112552e-07,4.883698265298267871e-08,2.684334873751481329e-06,8.397782657788167510e-07,2.670637800693939870e-13,2.040710410473300332e-10,8.894299746358007808e-13,8.490435741360580693e-15,5.923941336042947386e-11,1.724099407464487694e-13,4.065400561875007437e-13,1.969591542131369528e-13,6.384597563633027799e-16,8.649510785699888195e-11,1.511318869367025805e-20,1.723588586924678518e-11,3.421205955430210732e-09,2.131768260412874624e-24,6.742613385295586949e-34
5.304999999999999716e-01,4.124791504479703109e-06,2.267245888131913089e-07,2.890945752054737048e-07,4.820178394588933278e-08,2.668194726496024462e-06,8.885664528749983909e-07,2.651428365651040950e-13,2.159116819387454232e-10,8.750105350871120648e-13,8.732911149447231686e-15,6.309915566964219469e-11,1.651590011290549904e-13,3.970313677404098642e-13,1.886186621570924824e-13,6.068186312428202984e-16,9.148807957570922278e-11,1.599164359323337988e-20,1.701170738491358083e-11,3.619966217407461252e-09,2.095717139420481248e-24,6.412972390635465447e-34
5.310000000000000275e-01,4.176233559827064365e-06,2.323357801311034347e-07,3.073272898667755374e-07,4.756350698495387578e-08,2.651669321644260405e-06,9.331277138018679402e-07,2.628003390159400358e-13,2.266402901895939886e-10,8.598883555355579300e-13,8.985289607962940838e-15,6.707871652722266416e-11,1.581858797174874175e-13,3.880236530548053998e-13,1.805990051788726871e-13,5.837829335227294260e-16,9.607608892900335000e-11,1.679382780869643209e-20,1.678644242293501297e-11,3.801506793712737321e-09,2.076548527814531504e-24,6.174236568378172027e-34
5.315000000000000835e-01,4.224389306797382961e-06,2.391115512909256846e-07,3.260987958279004961e-07,4.692230471034442733e-08,2.634809633473240973e-06,9.730568975727724400e-07,2.601064793704568040e-13,2.361718983533861051e-10,8.441828611603369531e-13,9.244333785291858208e-15,7.117587658159852504e-11,1.515070156078724252e-13,3.797815230396770611e-13,1.729181271217015725e-13,5.708233089922266142e-16,1.002206744926133053e-10,1.751249512213840230e-20,1.656014495009343282e-11,3.964177016640452901e-09,2.077673738909272011e-24,6.041907397657918402e-34
5.320000000000000284e-01,4.269289445529574820e-06,2.473377324740059056e-07,3.453974533105748818e-07,4.627840306096770303e-08,2.617637086899151940e-06,1.008090006180067655e-06,2.571086316661617348e-13,2.444729936709135279e-10,8.280229284373093648e-13,9.508641746934062418e-15,7.538809407506141498e-11,1.450854453828881646e-13,3.722262850261337136e-13,1.655326366001751787e-13,5.669324575134887086e-16,1.038904152269237951e-10,1.814296615135493433e-20,1.633289471662347777e-11,4.106901155596729572e-09,2.096743204979585350e-24,6.005280718167547517e-34
5.324999999999999734e-01,4.310856236215405297e-06,2.571385037439898615e-07,3.652104874391011311e-07,4.563210406444174515e-08,2.600137015255577805e-06,1.038053001216456452e-06,2.538206583230326519e-13,2.515431663486379360e-10,8.115145430055899958e-13,9.779251105510227639e-15,7.971257971299150628e-11,1.388472493446449419e-13,3.649676828095297775e-13,1.583570041870996596e-13,5.685268655082380971e-16,1.070561945509771510e-10,1.868218668256899535e-20,1.610479834502565291e-11,4.228969901947316851e-09,2.125343347710099421e-24,6.026426243679591732e-34
5.329999999999999183e-01,4.348814814759417059e-06,2.684386111896188379e-07,3.855247370547680966e-07,4.498376267829804623e-08,2.582265918961794970e-06,1.062803184396393337e-06,2.502243896677527367e-13,2.573921102005821147e-10,7.947184609376796740e-13,1.005941430615467850e-14,8.414646033587186691e-11,1.327092075598400387e-13,3.574393446052908840e-13,1.512955120598879185e-13,5.704226261111896965e-16,1.096872914148343906e-10,1.912765336823506283e-20,1.587598115086250646e-11,4.329801618669306131e-09,2.151203071574524666e-24,6.050478859626953082e-34
5.334999999999999742e-01,4.382665189376155706e-06,2.809603088339372370e-07,4.063275641856919267e-07,4.433374492150681989e-08,2.563969970729660915e-06,1.082185080376824707e-06,2.462821800931360972e-13,2.620191117471276247e-10,7.776478081571745291e-13,1.035351629560387789e-14,8.868697756111553797e-11,1.266081190706115776e-13,3.490903892527157479e-13,1.442759395011235972e-13,5.674721062962089521e-16,1.117501650577344669e-10,1.947660529061437903e-20,1.564657235743311222e-11,4.408762676368007849e-09,2.161974782944321791e-24,6.022898487875527309e-34
5.340000000000000302e-01,4.411729983952638967e-06,2.942595289166146633e-07,4.276075943413458698e-07,4.368238166466860595e-08,2.545207780775045793e-06,1.096018607201570144e-06,2.419557838163636954e-13,2.654014856759902271e-10,7.602875203624311512e-13,1.066539608226419412e-14,9.333164936473464548e-11,1.205221680379098923e-13,3.395681082981427200e-13,1.372739498817565286e-13,5.562110256695560792e-16,1.132110837039158128e-10,1.972580370952440222e-20,1.541668877714346641e-11,4.465119316714678752e-09,2.149096864935741441e-24,5.906858944783635325e-34
5.344999999999999751e-01,4.435272947551797000e-06,3.077982929552971928e-07,4.493549982105662583e-07,4.302993409518348215e-08,2.525968729833888691e-06,1.104126475254406504e-06,2.372248901336338841e-13,2.674956483843410208e-10,7.426284403599080468e-13,1.099657735650530653e-14,9.807833142594679322e-11,1.144777997425927178e-13,3.288314198723120660e-13,1.303207349302545423e-13,5.358925320914843910e-16,1.140424777972898495e-10,1.987202548126727031e-20,1.518642261432294019e-11,4.498149306459600235e-09,2.110291270204974713e-24,5.694204130639187054e-34
5.349999999999999201e-01,4.452663951609687481e-06,3.210429282822747373e-07,4.715611819905158464e-07,4.237658272638053066e-08,2.506279869740980791e-06,1.106394121786185769e-06,2.320990821469489506e-13,2.682506220227744421e-10,7.247024930407521566e-13,1.134501665717620742e-14,1.029251492855394239e-10,1.085406127786386067e-13,3.171596050095903249e-13,1.234922921731196310e-13,5.085493035756898208e-16,1.142315199849452881e-10,1.991314891530938403e-20,1.495583758038753197e-11,4.507386106803711996e-09,2.049844281962154135e-24,5.406182541214832160e-34
5.354999999999999760e-01,4.463553468563227891e-06,3.335718211943624333e-07,4.942179712887347244e-07,4.172244343124922955e-08,2.486198801769895569e-06,1.102844025348302261e-06,2.266194929380060916e-13,2.676300405512897781e-10,7.066043655687128776e-13,1.170488056215063371e-14,1.078703199183995780e-10,1.027940206009495978e-13,3.050567169633505006e-13,1.168847319901548483e-13,4.781097666161410479e-16,1.137884616892727625e-10,1.984950362063876449e-20,1.472497455117570740e-11,4.492921591636766350e-09,1.976696515043064702e-24,5.084213960182681112e-34
5.360000000000000320e-01,4.468016882173486192e-06,3.451734425274315925e-07,5.173165695567168227e-07,4.106760446982257408e-08,2.465795324955917070e-06,1.093701051386628725e-06,2.208500897530723341e-13,2.656363727043909490e-10,6.884900910979536211e-13,1.206756906235606557e-14,1.129119241187066735e-10,9.731316496514610146e-14,2.930865929629009621e-13,1.105842603108201680e-13,4.489444901538514775e-16,1.127520751277512608e-10,1.968506188773426373e-20,1.449386463843841384e-11,4.455672199647942893e-09,1.901174757601978675e-24,4.774621620639091369e-34
5.364999999999999769e-01,4.466636557886449715e-06,3.559158451269345997e-07,5.408466682313660559e-07,4.041217131337157462e-08,2.445128891222647248e-06,1.079428249305719680e-06,2.148620293295620415e-13,2.623307317997130487e-10,6.705519999498056755e-13,1.242378717404789182e-14,1.180477120919391537e-10,9.214265819220532871e-14,2.816950757004759052e-13,1.046416922804329026e-13,4.244021037130667842e-16,1.111902630015160631e-10,1.942809869201348634e-20,1.426254501733647778e-11,4.397524692835547776e-09,1.831630802906554355e-24,4.513197334842478751e-34
5.369999999999999218e-01,4.460504375102882521e-06,3.661726916235133636e-07,5.647960406219189167e-07,3.975630377774167781e-08,2.424230378511015710e-06,1.060721967500474949e-06,2.087167075957932310e-13,2.578432287529237177e-10,6.529790809185660206e-13,1.276606487478257546e-14,1.232750147716752333e-10,8.728500293850840288e-14,2.710781007755312065e-13,9.905932323295913081e-14,4.058528522705709554e-16,1.091952815763231554e-10,1.909111729849524799e-20,1.403107204230946827e-11,4.321316180923606366e-09,1.772175035272647205e-24,4.315046930625956513e-34
5.374999999999999778e-01,4.451144544829686823e-06,3.765974642055266514e-07,5.891507782056520504e-07,3.910023322936109442e-08,2.403094876546750410e-06,1.038467612765121183e-06,2.024532901690899612e-13,2.523716280236489511e-10,6.359180108510896086e-13,1.309088646295107249e-14,1.285907955017150192e-10,8.270272739462622747e-14,2.611368177456950649e-13,9.379358050355063711e-14,3.925256377417448338e-16,1.068746063361306690e-10,1.869006181108365373e-20,1.379952733045356415e-11,4.230653832226308607e-09,1.722177157232262926e-24,4.172737428626839443e-34
5.380000000000000338e-01,4.440371223019858038e-06,3.880457742552831904e-07,6.138960906264240258e-07,3.844425503617679891e-08,2.381687846451350568e-06,1.013668315848136286e-06,1.960846899454249969e-13,2.461690606957354497e-10,6.194503554961360994e-13,1.339962549110907335e-14,1.339918248766229429e-10,7.833274227991472501e-14,2.515305320926330909e-13,8.877167359627771096e-14,3.821064998817706056e-16,1.043397122334844331e-10,1.824303529905810931e-20,1.356801510612032649e-11,4.129624237830488806e-09,1.677489857779415663e-24,4.062438783719319674e-34
5.384999999999999787e-01,4.430104620076204564e-06,4.014543905255762953e-07,6.390173803422348604e-07,3.778870017210118531e-08,2.359961901486242682e-06,9.873645436134215622e-07,1.896028663196699116e-13,2.395238073404330547e-10,6.035954589601350732e-13,1.369781456310614138e-14,1.394749155922039955e-10,7.410767028534214930e-14,2.418056669493782383e-13,8.391616740222174733e-14,3.717935902165697483e-16,1.016955327185321202e-10,1.776884709920284358e-20,1.333665218412245775e-11,4.022465931337794585e-09,1.632729632027659880e-24,3.954890401436793071e-34
5.389999999999999236e-01,4.422172449403639253e-06,4.176935068881063583e-07,6.645012013596748230e-07,3.713389676359533163e-08,2.337877555237813916e-06,9.605619364716018475e-07,1.829910756354229662e-13,2.327351866184733689e-10,5.883385635931834732e-13,1.399282589046802780e-14,1.450371319872425448e-10,6.997705710038678019e-14,2.315550894171489593e-13,7.916932129802775716e-14,3.593778935377941670e-16,9.903297188481878585e-11,1.728570062015937846e-20,1.310555439795686040e-11,3.913275454630435630e-09,1.583655733820787629e-24,3.826696791925359379e-34
5.394999999999999796e-01,4.418122285002848938e-06,4.374147568462215869e-07,6.903357586322604285e-07,3.648013505853876440e-08,2.315420058252208734e-06,9.341785920999802147e-07,1.762384287505749935e-13,2.260894250450282639e-10,5.736736299360686255e-13,1.429062278867054985e-14,1.506758992507320998e-10,6.592188807711641594e-14,2.205545301090606730e-13,7.450966137209812276e-14,3.439748529795373624e-16,9.642575882246003874e-11,1.681022565391100648e-20,1.287482423053273190e-11,3.805792673537203022e-09,1.528804671374306280e-24,3.668031765603440244e-34
5.400000000000000355e-01,4.419067309007265495e-06,4.609206052787703997e-07,7.165107818972163431e-07,3.582764711649233361e-08,2.292606269611720900e-06,9.090148390966621713e-07,1.693515515952714705e-13,2.198385227584426276e-10,5.596441786996901071e-13,1.459265242778799747e-14,1.563889759655825067e-10,6.195836663401754321e-14,2.088331490102589400e-13,6.995618323252157193e-14,3.262274963467136913e-16,9.393157478423204742e-11,1.635691358650314530e-20,1.264454363634433886e-11,3.703277726933708136e-09,1.469970971257694426e-24,3.484866602128287145e-34
5.404999999999999805e-01,4.425585076655420646e-06,4.880802794438502075e-07,7.430168450822506403e-07,3.517660659554872433e-08,2.269479562619681909e-06,8.857419041822696455e-07,1.623594173477782027e-13,2.141841958202774822e-10,5.463657999417715358e-13,1.489401438661347536e-14,1.621743054979899395e-10,5.813051168368566868e-14,1.966591855571265961e-13,6.555972445456465001e-14,3.080404480624213312e-16,9.159624109349533975e-11,1.593789532747001539e-20,1.241477395427920592e-11,3.608464938741546286e-09,1.411659026418807742e-24,3.296328540546666536e-34
5.409999999999999254e-01,4.437686703330483066e-06,5.183129155783836630e-07,7.698444067367178760e-07,3.452714672950299881e-08,2.246095385978619585e-06,8.649033315367108684e-07,1.553100028932358704e-13,2.092684124988621641e-10,5.340207965014679102e-13,1.518369613388677773e-14,1.680298063723825380e-10,5.449459700658495230e-14,1.844504036970334781e-13,6.138501583254680949e-14,2.920800113961809085e-16,8.945919784869513016e-11,1.556295587484911865e-20,1.218556224092301525e-11,3.523568654981087723e-09,1.360025443828570322e-24,3.129629252346059156e-34
5.414999999999999813e-01,4.454870827815973582e-06,5.506501117615398503e-07,7.969829391794606596e-07,3.387938865246094253e-08,2.222503483111752800e-06,8.469249724239998643e-07,1.482603609921120430e-13,2.051719020672056591e-10,5.228261976841967351e-13,1.544699941819578720e-14,1.739531819330520782e-10,5.110072564999154181e-14,1.726428891385976993e-13,5.748950759752609756e-14,2.813178568768237923e-16,8.755864744820265170e-11,1.523971342251708672e-20,1.195695125894033545e-11,3.450323956038170887e-09,1.321926425360032788e-24,3.015441719625125049e-34
5.420000000000000373e-01,4.476270334873706002e-06,5.838782154899326394e-07,8.244204610765998343e-07,3.323346960355217958e-08,2.198733665605366244e-06,8.321339971890891149e-07,1.412639503189965225e-13,2.019219558482875314e-10,5.129869245734357821e-13,1.566950419194082536e-14,1.799418180474614558e-10,4.797730973540437035e-14,1.615630839781679858e-13,5.390559257038785204e-14,2.787989446170364363e-16,8.593542011799476354e-11,1.497397206058208821e-20,1.172898942820741722e-11,3.390064080545462080e-09,1.304466360463042270e-24,2.985588238673510729e-34
5.424999999999999822e-01,4.500888086880429501e-06,6.167467805929939290e-07,8.521436155777192354e-07,3.258956183296004906e-08,2.174790225143598690e-06,8.207915079366179513e-07,1.343598659193586815e-13,1.995103217545690333e-10,5.046520386770261516e-13,1.584130481607459381e-14,1.859927999393998788e-10,4.512291748276304492e-14,1.513438052032031018e-13,5.063132808765332205e-14,2.876368701967280529e-16,8.463548173619632878e-11,1.477032868013048625e-20,1.150173750104184246e-11,3.343853216697486430e-09,1.315044241489272072e-24,3.073047906732289538e-34
5.429999999999999272e-01,4.527900725636210969e-06,6.482157509572822846e-07,8.801382170346486065e-07,3.194787734260460403e-08,2.150656404816849187e-06,8.131438955344254672e-07,1.275677370283510833e-13,1.979205946301631159e-10,4.978912345579415318e-13,1.596004704219169542e-14,1.921030314046682709e-10,4.250740554774305812e-14,1.419077904655421911e-13,4.763182927274422156e-14,3.110767263748757110e-16,8.371164795474206235e-11,1.463312244391869427e-20,1.127527024345442653e-11,3.312695629030492333e-09,1.361528202608119051e-24,3.312592696848958634e-34
5.434999999999999831e-01,4.556989638273005126e-06,6.777026041794088937e-07,9.083900135457635947e-07,3.130865903958305380e-08,2.126306372549060423e-06,8.094936106638551345e-07,1.208898790322138034e-13,1.971622080827005635e-10,4.927011902108384741e-13,1.603160474568079283e-14,1.982694012700378550e-10,4.008134832282351766e-14,1.330186503480887250e-13,4.485017037410846842e-14,3.524036600077262998e-16,8.322521836852977037e-11,1.456773321186330188e-20,1.104967332476288311e-11,3.297823869026705548e-09,1.452052006192721596e-24,3.739725875900214212e-34
5.440000000000000391e-01,4.588640590253453072e-06,7.052845241868532704e-07,9.368853493303976784e-07,3.067216335728761663e-08,2.101719426734236625e-06,8.102814014280759198e-07,1.143196199683393938e-13,1.973054447590585621e-10,4.890398779102270116e-13,1.606799161724913150e-14,2.044889281212708926e-10,3.779040411915259196e-14,1.243772846708474960e-13,4.222391670893458873e-14,4.145525990783784159e-16,8.324785800636025748e-11,1.458208017856889465e-20,1.082503719705989727e-11,3.301033714858108984e-09,1.594106642364279363e-24,4.386421452185966892e-34
5.444999999999999840e-01,4.624344544207136548e-06,7.318117907112156822e-07,9.656114808911598143e-07,3.003864144185537541e-08,2.076890710690435553e-06,8.161623907622564485e-07,1.078525326792776882e-13,1.985097167111101497e-10,4.868758895988975883e-13,1.608306325766978700e-14,2.107588295615483548e-10,3.559007226323420279e-14,1.157289302207731937e-13,3.970206103371538370e-14,4.994607593660190117e-16,8.386333042875258331e-11,1.468799917951266164e-20,1.060145046666944678e-11,3.324994051020530938e-09,1.793026110040803332e-24,5.274127639150056780e-34
5.449999999999999289e-01,4.666637044768344057e-06,7.588980459256160599e-07,9.945564679075593032e-07,2.940832518712406568e-08,2.051834556861251223e-06,8.280517735611022911e-07,1.014963563561001015e-13,2.010367357501166348e-10,4.862335849403304790e-13,1.608739346632425040e-14,2.170764986826577060e-10,3.345653331179855035e-14,1.069456177644180073e-13,3.725742442946724304e-14,6.074114840719704945e-16,8.516798070751875104e-11,1.490206091661502498e-20,1.037899497258774063e-11,3.373433031241270595e-09,2.050438628947702949e-24,6.406675720469232227e-34
5.454999999999999849e-01,4.718934510594807578e-06,7.887705135368031562e-07,1.023708748539697218e-06,2.878142150758411973e-08,2.026579842421898365e-06,8.471160111851121290e-07,9.527598801005587051e-14,2.052417996861851100e-10,4.872159842215442864e-13,1.608409297392525124e-14,2.234394116127356499e-10,3.139072718621043458e-14,9.806002903555353365e-14,3.489127076490657138e-14,7.367374719283907748e-16,8.726853776985845815e-11,1.524539693786375749e-20,1.015774376650840703e-11,3.451102256034672272e-09,2.363526728353763199e-24,7.766991502157633126e-34
5.460000000000000409e-01,4.785160896833879343e-06,8.239865513000672360e-07,1.053056636468592557e-06,2.815811465656754679e-08,2.001160012203114052e-06,8.746937807263118594e-07,8.923181111610679248e-14,2.115403333486239858e-10,4.899955452549529231e-13,1.606710925178232020e-14,2.298450178702443840e-10,2.941497958781369946e-14,8.924483714026797623e-14,3.262936353593951826e-14,8.842040800787436081e-16,9.027607539642928117e-11,1.574225344616770533e-20,9.937761925990677784e-12,3.563454822818325219e-09,2.725831238944168994e-24,9.321006135092749725e-34
5.464999999999999858e-01,4.869201398549437339e-06,8.670486052451005708e-07,1.082587990283593694e-06,2.753857362836841953e-08,1.975602384143548739e-06,9.121464170370285197e-07,8.341209848812759816e-14,2.203523557207392855e-10,4.947752557823401586e-13,1.602274685874651112e-14,2.362906681768547468e-10,2.756366084557471766e-14,8.074994161441459118e-14,3.051118918725686838e-14,1.046168492639059289e-15,9.429583516875223117e-11,1.641727306025544082e-20,9.719109156578361512e-12,3.716036162498324275e-09,3.129821233756491490e-24,1.102979507208139797e-33
5.469999999999999307e-01,4.974262257774685907e-06,9.199732503681035076e-07,1.112290202864887298e-06,2.692296065179453241e-08,1.949921277152856154e-06,9.606564565739603076e-07,7.786238103441720879e-14,2.320333949414493394e-10,5.017341616183875341e-13,1.593403589466417049e-14,2.427736119477338400e-10,2.587094113732288265e-14,7.282242077335248569e-14,2.857587945494308931e-14,1.220279208083246209e-15,9.941384511495334028e-11,1.729184448168820037e-20,9.501842775913143800e-12,3.913663448188248401e-09,3.570696796831299005e-24,1.286748499642863839e-33
5.474999999999999867e-01,5.102247756796632003e-06,9.838869062381921804e-07,1.142150489584774732e-06,2.631143757276746758e-08,1.924117544895396872e-06,1.021010057013228964e-06,7.261574579563041724e-14,2.468049922498755495e-10,5.109779824996388318e-13,1.578653859414162841e-14,2.492910598755441020e-10,2.435930472242691674e-14,6.563691952569004514e-14,2.684904364557422592e-14,1.407173709547430172e-15,1.056824993226041405e-10,1.838016806630830728e-20,9.286019952488497767e-12,4.159539288144821068e-09,4.050193566230810680e-24,1.483923656290141625e-33
5.480000000000000426e-01,5.253279244143410988e-06,1.058727022233173032e-06,1.172156299141347091e-06,2.570416884626656478e-08,1.898184183182995752e-06,1.093409647118835267e-06,6.768764817013232556e-14,2.646999910976737216e-10,5.225141748681116947e-13,1.557360267060869768e-14,2.558402732333265202e-10,2.303202226159959798e-14,5.925753856676729648e-14,2.533417882849316959e-14,1.611491780390136443e-15,1.131081236106689240e-10,1.968587421229994848e-20,9.071698750412342158e-12,4.454488523426017916e-09,4.578840010040651406e-24,1.699212156575580516e-33
5.484999999999999876e-01,5.425472145497053381e-06,1.143120487358630363e-06,1.202295603156510034e-06,2.510132184382824177e-08,1.872115077226014854e-06,1.177363971719868110e-06,6.307715011492964053e-14,2.855365817892878702e-10,5.362619687133137568e-13,1.529917961397025442e-14,2.624186267744625620e-10,2.187146816028522679e-14,5.363932575890923318e-14,2.401080949635386858e-14,1.841639809304061899e-15,1.216437817261041931e-10,2.120004447098002972e-20,8.858938231944235364e-12,4.796510262117581473e-09,5.175390216176219918e-24,1.941293525418140060e-33
5.489999999999999325e-01,5.615055274555288540e-06,1.234490191996298671e-06,1.232556874254483118e-06,2.450306629226077319e-08,1.845912750633432268e-06,1.271693080789487358e-06,5.877414338586183640e-14,3.089306673190158423e-10,5.520947253226412572e-13,1.497712018748014068e-14,2.690236038023821621e-10,2.084343072710315309e-14,4.866328406901323109e-14,2.283950508565459080e-14,2.108114919688779932e-15,1.311900980336601051e-10,2.290131096536437416e-20,8.647798260081898002e-12,5.180798121563727084e-09,5.863009750042616988e-24,2.221089241583969631e-33
5.494999999999999885e-01,5.816866393884850122e-06,1.329407789941359718e-06,1.262928715513363049e-06,2.390957450325811096e-08,1.819591619349837842e-06,1.374667613227102964e-06,5.476993435263045721e-14,3.343494008232480960e-10,5.698993729218187403e-13,1.462708001295818129e-14,2.756527153837465308e-10,1.990589613782517773e-14,4.418841112548719764e-14,2.177200942550747289e-14,2.420718109984599033e-15,1.416057845877541006e-10,2.475838137194518046e-20,8.438339587020607166e-12,5.600307526100176381e-09,6.662980343738309143e-24,2.548861098539536172e-33
5.500000000000000444e-01,6.025195998045135443e-06,1.424169729305679629e-06,1.293399287851946832e-06,2.332102287881429965e-08,1.793175392455681842e-06,1.484278510421896201e-06,5.106733523451406929e-14,3.612010812347247007e-10,5.896305173099981871e-13,1.426838927171177457e-14,2.823033757085082027e-10,1.901963449565066289e-14,4.010085325511095744e-14,2.076339884925947411e-14,2.785468643153586768e-15,1.527280720228993295e-10,2.673491837122270827e-20,8.230624398223870798e-12,6.046854342126261517e-09,7.587788776284938207e-24,2.930985887778894576e-33
5.504999999999999893e-01,6.234886590814249456e-06,1.515530316085808461e-06,1.323955809582082361e-06,2.273759374064556357e-08,1.766689927262255535e-06,1.598609214125044086e-06,4.768656187736635673e-14,3.889494563297831400e-10,6.113379919939758858e-13,1.391401734255555289e-14,2.889727933922993897e-10,1.815755424063165691e-14,3.634419300562803235e-14,1.978278182616617193e-14,3.202282430604238264e-15,1.644015890458695191e-10,2.879626848016053092e-20,8.024716973567441148e-12,6.512631037260641846e-09,8.636029042844564220e-24,3.367518062842338401e-33
5.509999999999999343e-01,6.442536750076234924e-06,1.601486873676558423e-06,1.354584408547830099e-06,2.215947566109830248e-08,1.740154873834101053e-06,1.716261185795842195e-06,4.466472119208669440e-14,4.172351091359197195e-10,6.351559192938738361e-13,1.356679527411700861e-14,2.956579397990172542e-10,1.731027322704510746e-14,3.292393497205643734e-14,1.881962073331052675e-14,3.664364509007494874e-15,1.765126101526513618e-10,3.091715235152228371e-20,7.820683819010722782e-12,6.991940112236626505e-09,9.791276006321468681e-24,3.851535893432305840e-33
5.514999999999999902e-01,6.647617121459541900e-06,1.681985154709331952e-06,1.385270478502096305e-06,2.158686069540853575e-08,1.713577972008490577e-06,1.836768007368968848e-06,4.204895247333907998e-14,4.459837853022580012e-10,6.612555282398141180e-13,1.321930722450594148e-14,3.023556273120460465e-10,1.648651144250855035e-14,2.988955206823623909e-14,1.788409660102176368e-14,4.159782434177452639e-15,1.890241404127453114e-10,3.308914693328323058e-20,7.618592700736068462e-12,7.482881085753876991e-09,1.102596722607186522e-23,4.370762122997320364e-33
5.520000000000000462e-01,6.853287286381856781e-06,1.759404455983876843e-06,1.415999474967129591e-06,2.101993818889036792e-08,1.686954688866433668e-06,1.960925257797541418e-06,3.988555590943984048e-14,4.754815711480530298e-10,6.897778204293099983e-13,1.285757336443959852e-14,3.090626832484972000e-10,1.570840296434515362e-14,2.730509251658302617e-14,1.700165704986129931e-14,4.674966144107544520e-15,2.020061627113480330e-10,3.532664339710914745e-20,7.418510463962740803e-12,7.988694439309089923e-09,1.230966368865821785e-23,4.911196039034657543e-33
5.524999999999999911e-01,7.066714745635507699e-06,1.838695916357322836e-06,1.446757872486880602e-06,2.045888658258388923e-08,1.660273533123078157e-06,2.090964183656709896e-06,3.820889474755222837e-14,5.063997099104423745e-10,7.207704748203417013e-13,1.246727408962635248e-14,3.157761585964200590e-10,1.500323817426343184e-14,2.522179982962429215e-14,1.620350683445019892e-14,5.199158382785660492e-15,2.156547184643174896e-10,3.766997898220400599e-20,7.220500137599913016e-12,8.518469267439202789e-09,1.361939798174736610e-23,5.461739166327089493e-33
5.529999999999999361e-01,7.298744078986867192e-06,1.927085877561946280e-06,1.477533891402707471e-06,1.990386602055037362e-08,1.633524875511059692e-06,2.230508170828135919e-06,3.703397940639262983e-14,5.397573055162910809e-10,7.541528485366272274e-13,1.204030808609059601e-14,3.224934860163426577e-10,1.439409875267052566e-14,2.366313213140747893e-14,1.551588038019573209e-14,5.728382902538913797e-15,2.302935957936480301e-10,4.018463959463681213e-20,7.024618314513325548e-12,9.086966128155068800e-09,1.494877081595950809e-23,6.018318821145669192e-33
5.534999999999999920e-01,7.562845930590201753e-06,2.033316906454288544e-06,1.508317648223723094e-06,1.935501484991390625e-08,1.606709517091016351e-06,2.384273336212656971e-06,3.635538519088700325e-14,5.768178776868216212e-10,7.897234723770865920e-13,1.157929817456070601e-14,3.292125116961197916e-10,1.389208687869186614e-14,2.262578185567386104e-14,1.495119235318570773e-14,6.267501270419595065e-15,2.463535886668922009e-10,4.295583449243937092e-20,6.830913900458803169e-12,9.713397471892437536e-09,1.631247636999102997e-23,6.586017693681895976e-33
5.540000000000000480e-01,7.873386821997490798e-06,2.166475985597253044e-06,1.539100584592217285e-06,1.881245204237475726e-08,1.579843258871042629e-06,2.557508639732298280e-06,3.615295643647071866e-14,6.189252651422793586e-10,8.272092733081418576e-13,1.109834771530722325e-14,3.359313696204672522e-10,1.349232359740962301e-14,2.209286578783473180e-14,1.450354103102618775e-14,6.829441112623052237e-15,2.643268536197868060e-10,4.607836257642797676e-20,6.639428951055345857e-12,1.041914686617661887e-08,1.774413563522924956e-23,7.178253583764375176e-33
5.544999999999999929e-01,8.243390505792006615e-06,2.334542461699556913e-06,1.569874313855959076e-06,1.827628548890582155e-08,1.552955336609091625e-06,2.755215456877580401e-06,3.640237524835217818e-14,6.672950586123115457e-10,8.663402970192783852e-13,1.061967920397585657e-14,3.426482288854411003e-10,1.317475898613580007e-14,2.205045229455731609e-14,1.414972933966385039e-14,7.431567399030753285e-15,2.846979134402584415e-10,4.964249721200812353e-20,6.450201583680241317e-12,1.122458968947838784e-08,1.928739222001610464e-23,7.812983390642745477e-33
5.549999999999999378e-01,8.682091677068125635e-06,2.542864572631939157e-06,1.600629278680005973e-06,1.774662383188920150e-08,1.526081123113384163e-06,2.981237411255622484e-06,3.708695128686405805e-14,7.227885127457829511e-10,9.069236283504819539e-13,1.016728577948794759e-14,3.493610002323148429e-10,1.290942743142019347e-14,2.249789914077153274e-14,1.385535147548482320e-14,8.090154233744687173e-15,3.078580641053358975e-10,5.371753709253940629e-20,6.263270143532182212e-12,1.214538517730279357e-08,2.098253132924901503e-23,8.506936384020626263e-33
5.554999999999999938e-01,9.192690193510177674e-06,2.792828298400021601e-06,1.631353729565269271e-06,1.722358794093410322e-08,1.499251909316842122e-06,3.237360934299299594e-06,3.820652314743268539e-14,7.857051644772010062e-10,9.488893831433663945e-13,9.759849528820070281e-15,3.560671133204995798e-10,1.266450217558102544e-14,2.344611553440466883e-14,1.358403664651407213e-14,8.814657952314782868e-15,3.340156015611156299e-10,5.833556747357472195e-20,6.078677252071101656e-12,1.318881206607475005e-08,2.285263311270628750e-23,9.269657871972825686e-33
5.560000000000000497e-01,9.770773267812963821e-06,3.081002179290108980e-06,1.662033454091488819e-06,1.670731798943763226e-08,1.472485852788769164e-06,3.522605071469407266e-06,3.978031955705878061e-14,8.556361783329799095e-10,9.922906775669950794e-13,9.405504437472782604e-15,3.627634586414707219e-10,1.241472384979033419e-14,2.490408648378880052e-14,1.330706590458915439e-14,9.603710473286035526e-15,3.631192431884430055e-10,6.347866011661045108e-20,5.896472311618706850e-12,1.435087512512738837e-08,2.489380757764493474e-23,1.009936970059714897e-32
5.564999999999999947e-01,1.040386162585065111e-05,3.399016118653202380e-06,1.692652428690603458e-06,1.619797347828257850e-08,1.445783794849648656e-06,3.832893790754447054e-06,4.184268456705024961e-14,9.314206234040504109e-10,1.037255417447487345e-12,9.100406009779540027e-15,3.694465314633159541e-10,1.214772169237465020e-14,2.686005066939174778e-14,1.301053330858920413e-14,1.044432462921949159e-14,3.948149733107851457e-10,6.907300036446324291e-20,5.716711528247030301e-12,1.561496992355678684e-08,2.707309318040101192e-23,1.098220308544759772e-32
5.569999999999999396e-01,1.107243835923054541e-05,3.734356202246131181e-06,1.723194220701378931e-06,1.569572599726280880e-08,1.419131746539975944e-06,4.161285097600951152e-06,4.443301938578159516e-14,1.011239699221654706e-09,1.083905061225410349e-12,8.831715994505144197e-15,3.761127398945956436e-10,1.186642347830189744e-14,2.926697410952721516e-14,1.269801299059398236e-14,1.131482815078795335e-14,4.284559487418133501e-10,7.499307993660457114e-20,5.539455375958089277e-12,1.695281598550186039e-08,2.933534983221305685e-23,1.189533490559271605e-32
5.574999999999999956e-01,1.175263373738179821e-05,4.072133998086024904e-06,1.753643669978126695e-06,1.520074710210090182e-08,1.392509198204448682e-06,4.498872565792797994e-06,4.758329185893205413e-14,1.092868527994517188e-09,1.132268017982187013e-12,8.583998927676824404e-15,3.827587738477613970e-10,1.158695171411536029e-14,3.204095591826925164e-14,1.238807423141328788e-14,1.219081696036598661e-14,4.631801358695935010e-10,8.107802719219343670e-20,5.364764337189447734e-12,1.832812937406180831e-08,3.161761591876247674e-23,1.281327253719846413e-32
5.580000000000000515e-01,1.242047908326674546e-05,4.397729088155109421e-06,1.783988246212847222e-06,1.471319543707176696e-08,1.365900085457968810e-06,4.836377328768877960e-06,5.130732374944120423e-14,1.174082087215074522e-09,1.182218415823027745e-12,8.346745055201918708e-15,3.893819025621651564e-10,1.133276270006211045e-14,3.507623230326702050e-14,1.210753595485660979e-14,1.305234718907151435e-14,4.980608457745858585e-10,8.716038109669168786e-20,5.192694372910156315e-12,1.970310826349512420e-08,3.386686070111111589e-23,1.371541031655451694e-32
5.584999999999999964e-01,1.305733818743802026e-05,4.700027638832984471e-06,1.814218569820680958e-06,1.423320748649366006e-08,1.339302176985723886e-06,5.166321426040205683e-06,5.559548722716620749e-14,1.253183410882496765e-09,1.233463219888967035e-12,8.120263216221516549e-15,3.959800884228607889e-10,1.112688877201958082e-14,3.827343684643688128e-14,1.188260021492607763e-14,1.389004849617828015e-14,5.323220856848405732e-10,9.310532071647396496e-20,5.023293665797211583e-12,2.104728704123943550e-08,3.605572794436443206e-23,1.459242093932731006e-32
5.589999999999999414e-01,1.365582048000888743e-05,4.974814435716583260e-06,1.844327874003704038e-06,1.376089500029082799e-08,1.312731257206143821e-06,5.485534241514929379e-06,6.041661954703999279e-14,1.329592201130853127e-09,1.285584502328637455e-12,7.917722113752637376e-15,4.025518682574235578e-10,1.098466078285687669e-14,4.157154108658326518e-14,1.173057762330067078e-14,1.470805793271880812e-14,5.655954469687192918e-10,9.885585695544414767e-20,4.856601709419994508e-12,2.234774753538925814e-08,3.819125163772439915e-23,1.544927702895290370e-32
5.594999999999999973e-01,1.422523076578691339e-05,5.227751689890297414e-06,1.874310568491406590e-06,1.329634971767937859e-08,1.286218506189321677e-06,5.797616623917921170e-06,6.572651896689573918e-14,1.404405559207298533e-09,1.338124519378849057e-12,7.762487079379838750e-15,4.090960371748346726e-10,1.090907036962893198e-14,4.497104611208285080e-14,1.165465449653949060e-14,1.552261602282987649e-14,5.981807144470821589e-10,1.044772101933244307e-19,4.692650963997359631e-12,2.361915794747157472e-08,4.031358619882042277e-23,1.630369213728185560e-32
5.600000000000000533e-01,1.479547252538385184e-05,5.476325530066667900e-06,1.904160397483975075e-06,1.283965340952893026e-08,1.259802115000847391e-06,6.114899290943312074e-06,7.148014910510288588e-14,1.480825325525505260e-09,1.390685776376482246e-12,7.681617052089680814e-15,4.156112428454533485e-10,1.089006202266827441e-14,4.853790280583637123e-14,1.164315099396751015e-14,1.635655544018025246e-14,6.312615802837814285e-10,1.101920239342696325e-19,4.531470382539968672e-12,2.491175158515631527e-08,4.248491154185599745e-23,1.718023270760552071e-32
5.604999999999999982e-01,1.541834588910744630e-05,5.750185766508528778e-06,1.933868838427705116e-06,1.239088942514922155e-08,1.233516373958194079e-06,6.459409299297285166e-06,7.764341499300698936e-14,1.564343893074415846e-09,1.443011993895545688e-12,7.697826127486897218e-15,4.220956320925516688e-10,1.090780724415313311e-14,5.238388985259371011e-14,1.167330790650137974e-14,1.723129910754841667e-14,6.670238184596328412e-10,1.163976662449053702e-19,4.373089465209575895e-12,2.631526450784496207e-08,4.477183837392267327e-23,1.810181175189833993e-32
5.609999999999999432e-01,1.616540200634182875e-05,6.089461385747941841e-06,1.963424304002401957e-06,1.195015150566387584e-08,1.207382382038479344e-06,6.862421002952040777e-06,8.420051227017712884e-14,1.662596517735524660e-09,1.495021293068172919e-12,7.822834886370619062e-15,4.285466734948425208e-10,1.093880014259469304e-14,5.662766342206342210e-14,1.171826415917347539e-14,1.815889719940390969e-14,7.086284875752856326e-10,1.236580098478251636e-19,4.217541350908280049e-12,2.795710638675694193e-08,4.722678402197084197e-23,1.908123570621826914e-32
5.614999999999999991e-01,1.712194299414350964e-05,6.540903653683547054e-06,1.992812417822044888e-06,1.151754672716457862e-08,1.181403820034385426e-06,7.362326262880893496e-06,9.115434406718118274e-14,1.784825218541040895e-09,1.546778465146714740e-12,8.054586747598152430e-15,4.349612160148163498e-10,1.096280119564081179e-14,6.134834089865221290e-14,1.175497185381680237e-14,1.913673830435689272e-14,7.600085429081520233e-10,1.326649399071085912e-19,4.064863843310964303e-12,2.999368396378759678e-08,4.987415698737387555e-23,2.011558798014117122e-32
5.620000000000000551e-01,1.837737010494422361e-05,7.152072815786646122e-06,2.022017245292167136e-06,1.109319162713207202e-08,1.155569221059542231e-06,8.000809307876021487e-06,9.851984075717118558e-14,1.940956633353003462e-09,1.598413792397290118e-12,8.379422054882029417e-15,4.413357585334667085e-10,1.096848261314825219e-14,6.654737529377485907e-14,1.177060841259379287e-14,2.014679561622208903e-14,8.254834709165799945e-10,1.441693529657781263e-19,3.915098040204361017e-12,3.259481759540716548e-08,5.270560828860564607e-23,2.118541864828373309e-32
5.625000000000000000e-01,2.001282596565818114e-05,7.964205618761219791e-06,2.051023022373078847e-06,1.067720305053501674e-08,1.129859673349725622e-06,8.817635032314812601e-06,1.063124124933514627e-13,2.140369535221356240e-09,1.650014577475693785e-12,8.778476261175990937e-15,4.476668307980682583e-10,1.095612460743843630e-14,7.213293461518062430e-14,1.176561632352290799e-14,2.115983794751897001e-14,9.092211795920656169e-10,1.588872293638345976e-19,3.768285109252522335e-12,3.592250885794985741e-08,5.568557749385201414e-23,2.225920369973868770e-32
5.629999999999999449e-01,2.208785761536155007e-05,9.004822909318451930e-06,2.079815763781406192e-06,1.026968716800818583e-08,1.104258881787651683e-06,9.844718943315419561e-06,1.145354042653760691e-13,2.390509213635897452e-09,1.701525826793014077e-12,9.235966912153736053e-15,4.539513504844342778e-10,1.093669463480650956e-14,7.793423734701869084e-14,1.175262102773146665e-14,2.214340395507095107e-14,1.014615390370188446e-09,1.773928253843004109e-19,3.624462427270096897e-12,4.010678150936316629e-08,5.876490055611412663e-23,2.330181814165008997e-32
5.635000000000000009e-01,2.462852192942982264e-05,1.028148814759070726e-05,2.108384206133097352e-06,9.870730852860938726e-09,1.078761752723216539e-06,1.110048942498563171e-05,1.231707579985099203e-13,2.695583924164013555e-09,1.752694647429021415e-12,9.746263122523817052e-15,4.601868365508392657e-10,1.092778272896967405e-14,8.374342151675239930e-14,1.175177350361333775e-14,2.307104859901312585e-14,1.143684341233431162e-09,2.000171882711377818e-19,3.483660557316230397e-12,4.522271327591108141e-08,6.189755903862677705e-23,2.428440466161714715e-32
5.640000000000000568e-01,2.761981842541295530e-05,1.177832952284903163e-05,2.136719816694992339e-06,9.480398967942067094e-09,1.053378395933533250e-06,1.258581239559141537e-05,1.321760096796980591e-13,3.055638240223383045e-09,1.803079156267170606e-12,1.031700736072194624e-14,4.663714185486756652e-10,1.094780153203658627e-14,8.937286226906681473e-14,1.178412451319187978e-14,2.392986973131012296e-14,1.296625443726935303e-09,2.267748597615707703e-19,3.345902312358721987e-12,5.127383276417266963e-08,6.505470841803129107e-23,2.519248276853157020e-32
5.645000000000000018e-01,3.100541495269302762e-05,1.345691287138240791e-05,2.164815963993321889e-06,9.098739374160082628e-09,1.028132314274729484e-06,1.428285173011549305e-05,1.414886321471716372e-13,3.466322541535762367e-09,1.852121427486571971e-12,1.096698223396508802e-14,4.725036610330072823e-10,1.101030838240693919e-14,9.470980145134175513e-14,1.186514502254335465e-14,2.472380415261816227e-14,1.471672635407782256e-09,2.573434877780423302e-19,3.211204540249497145e-12,5.818747662402961655e-08,6.823131466580383984e-23,2.602963784712195494e-32
5.649999999999999467e-01,3.469719326518094831e-05,1.526273578484227495e-05,2.192666658619441289e-06,8.725795207224601176e-09,1.003053801602090285e-06,1.615811511352089182e-05,1.510362944389932217e-13,3.919650206019190520e-09,1.899262255534008150e-12,1.171938965233342272e-14,4.785822904016159174e-10,1.112015621399296257e-14,9.974999717117130371e-14,1.200033528986865518e-14,2.547151436804801853e-14,1.665390855547866906e-09,2.911188350951910951e-19,3.079582466150078137e-12,6.582719809436293921e-08,7.144369251912174487e-23,2.681551867148636428e-32
5.655000000000000027e-01,3.859608882615922482e-05,1.713796794943982414e-05,2.220265411266452999e-06,8.361621843907955503e-09,9.781713096133952279e-07,1.817052760731850198e-05,1.607496668235780488e-13,4.405940323684933670e-09,1.944060662731445455e-12,1.259301529095990303e-14,4.846059422747265766e-10,1.127251285386170853e-14,1.045981735123353560e-13,1.218410730787425532e-14,2.619944613789296206e-14,1.873499322709899587e-09,3.273603366285601438e-19,2.951055680192371917e-12,7.402565837488630780e-08,7.471995688170647585e-23,2.757871321882579275e-32
5.660000000000000586e-01,4.262400573619618991e-05,1.904009138578913106e-05,2.247604670326795564e-06,8.006304523753267328e-09,9.535041321654457726e-07,2.028465579725585944e-05,1.705736010174615948e-13,4.916976165241787261e-09,1.986278358311344138e-12,1.359469890354605915e-14,4.905730299688249552e-10,1.145484494512862108e-14,1.094335475986816043e-13,1.240205325762692086e-14,2.693224382504603564e-14,2.092239247388389360e-09,3.654294012374989789e-19,2.825654346695555895e-12,8.263850136854019006e-08,7.808851731263881259e-23,2.834676019163556115e-32
5.665000000000000036e-01,4.676432122428581304e-05,2.096485018663939314e-05,2.274676031650698743e-06,7.659972067924978025e-09,9.290590299126660965e-07,2.248818849729588236e-05,1.804731098941534916e-13,5.450170393031677214e-09,2.025900009268501088e-12,1.471622040994401914e-14,4.964817769632584588e-10,1.165105463294556937e-14,1.144502452176862371e-13,1.263567857655866265e-14,2.768362385119652615e-14,2.320194083557665357e-09,4.051043403634018505e-19,2.703424028400743978e-12,9.161556953131741999e-08,8.157103154828410810e-23,2.913651992714121095e-32
5.669999999999999485e-01,5.110583737561380844e-05,2.297051408897494762e-05,2.301471067334306203e-06,7.322802511763919847e-09,9.048317370315446032e-07,2.481153600015746310e-05,1.904323401133816629e-13,6.013232599199696479e-09,2.063080971125038783e-12,1.593719140965312709e-14,5.023303820843212273e-10,1.184636314754446188e-14,1.197911239085172393e-13,1.286799836631110216e-14,2.845070670211810118e-14,2.560339180288601184e-09,4.469334017313863622e-19,2.584427653144662789e-12,1.010807506074249521e-07,8.518500962930504639e-23,2.994803767071741086e-32
5.675000000000000044e-01,5.588229875455287342e-05,2.519906545391587110e-05,2.327982335044428537e-06,6.995017516950051305e-09,8.808123654579070304e-07,2.734607372770601032e-05,2.004470626769242998e-13,6.628514456528844827e-09,2.098038301065197838e-12,1.723331218861619714e-14,5.081172249234376550e-10,1.203141570655144658e-14,1.254963647418926507e-13,1.308825345756915805e-14,2.921371030470500655e-14,2.821957273057461047e-09,4.925633230487394883e-19,2.468743521532708334e-12,1.114063016647544002e-07,8.895766941315507550e-23,3.076389916024786224e-32
5.680000000000000604e-01,6.149720357351332295e-05,2.788876194132118179e-05,2.354204013846944746e-06,6.676863870253187694e-09,8.569923139331831587e-07,3.025632935866397164e-05,2.105133092062300838e-13,7.335910405300703104e-09,2.130920375600749397e-12,1.858720533078094962e-14,5.138409943634338979e-10,1.220443684565135431e-14,1.314840087712966423e-13,1.329440045313828664e-14,2.994116360502970310e-14,3.121928036110805776e-09,5.449587295774262557e-19,2.356458762530799079e-12,1.232624990378074934e-07,9.294765615136858535e-23,3.155426915719422917e-32
5.685000000000000053e-01,6.852212572081340411e-05,3.137187697022341125e-05,2.380131709455431852e-06,6.368582011142350906e-09,8.333699124499713795e-07,3.378055643510325355e-05,2.206159554772132893e-13,8.192980405297193190e-09,2.161698570407427357e-12,1.999777357226673668e-14,5.195006440828277139e-10,1.237094728985315520e-14,1.375695592157914475e-13,1.349280453406096388e-14,3.059898246772324531e-14,3.484811305506348693e-09,6.084122897901699283e-19,2.247658219816524312e-12,1.376199752118859000e-07,9.726638091868941751e-23,3.228591656825040148e-32
5.689999999999999503e-01,7.765673264387262906e-05,3.605156851307123901e-05,2.405761243881382701e-06,6.070363314216818465e-09,8.099527622034721737e-07,3.821395647783318306e-05,2.307209248248990608e-13,9.270910152181143998e-09,2.190118201133946816e-12,2.148417906826498616e-14,5.250951372564644590e-10,1.254132705361241846e-14,1.435189975561504985e-13,1.369544869273395046e-14,3.116046550954611752e-14,3.941126163465581405e-09,6.882422987930211681e-19,2.142409379313342189e-12,1.556813664665927647e-07,1.020876381782496227e-22,3.293219643582811266e-32
5.695000000000000062e-01,8.964073663487176903e-05,4.235305924331787190e-05,2.431086595135958188e-06,5.782299898943309594e-09,7.867562002775870617e-07,4.386962630440338227e-05,2.407733268412354254e-13,1.064511229158885010e-08,2.215727010469352560e-12,2.308214862474057050e-14,5.306230173383863041e-10,1.272713144104392362e-14,1.491182165333648299e-13,1.391569123248057479e-14,3.161394725422324396e-14,4.523314775487813262e-09,7.900890517639762126e-19,2.040744668386695364e-12,1.787222140506736792e-07,1.076340797845750607e-22,3.348062991303391462e-32
5.700000000000000622e-01,1.051127006435818818e-04,5.064687254055811878e-05,2.456097468252052656e-06,5.504333248949279987e-09,7.637988917968728183e-07,5.101441812149345241e-05,2.507017513594365840e-13,1.237977431554976950e-08,2.237973960272765179e-12,2.483289574826618870e-14,5.360819082101837128e-10,1.293736225477176405e-14,1.542357460168023113e-13,1.416395262371686770e-14,3.196560201280746428e-14,5.259101238887568953e-09,9.187594090413175841e-19,1.942643340932521861e-12,2.078296613142725598e-07,1.141325470727250658e-22,3.393551438306712431e-32
5.705000000000000071e-01,1.244183391062222966e-04,6.114592612070165079e-05,2.480777176504329170e-06,5.236211095006798673e-09,7.410975969039336033e-07,5.978054471461022356e-05,2.604268371339561444e-13,1.450653473699097540e-08,2.256347363763880949e-12,2.676765744307197706e-14,5.414680873931762444e-10,1.317580645454871522e-14,1.588569207774978658e-13,1.444462036115737329e-14,3.223647641471928012e-14,6.162335537476931655e-09,1.076634614457704811e-18,1.848016280679258009e-12,2.435423377723021183e-07,1.217368128082890039e-22,3.431464757502112533e-32
5.709999999999999520e-01,1.473818878908833519e-04,7.378388815662239295e-05,2.505101570578055871e-06,4.977465957180211573e-09,7.186632981056642403e-07,7.005906891748239925e-05,2.698708534720784297e-13,1.699875183764022099e-08,2.270507486665425198e-12,2.889272025155672371e-14,5.467762864603273415e-10,1.344014125153418032e-14,1.630761464536289453e-13,1.475499254072314002e-14,3.245471662721447018e-14,7.221963392207120692e-09,1.261752010464124385e-18,1.756698445652431486e-12,2.854164409245994873e-07,1.304248547132702807e-22,3.464121361290471776e-32
5.715000000000000080e-01,1.730681362898675113e-04,8.808924765714676005e-05,2.529039718221309092e-06,4.727433403532336593e-09,6.965001191268019222e-07,8.138835857223074613e-05,2.789648437481724922e-13,1.974451356510508104e-08,2.280369562687666254e-12,3.118014351758406497e-14,5.519998635704051246e-10,1.372292114277838698e-14,1.670471734925973163e-13,1.508640922839179649e-14,3.264552278962453208e-14,8.390480777231230368e-09,1.465796304427305462e-18,1.668455322773285396e-12,3.315713080591309768e-07,1.398869121682644996e-22,3.493350397959742935e-32
5.720000000000000639e-01,1.995793131004600768e-04,1.030777592829200959e-04,2.552556992195563578e-06,4.485333234385026676e-09,6.746071941467608618e-07,9.285894327147724162e-05,2.876509493283459874e-13,2.252356953267766469e-08,2.286108774844584899e-12,3.356796637860831614e-14,5.571314831742860529e-10,1.401399690601763441e-14,1.709052675870607698e-13,1.542706126425285882e-14,3.282209348337142841e-14,9.574093642896531376e-09,1.672386474292038352e-18,1.583011581350629511e-12,3.783018083179656731e-07,1.494289071235494932e-22,3.519589868361120858e-32
5.725000000000000089e-01,2.239492713397684776e-04,1.171948133068714652e-04,2.575621251140492765e-06,4.250442020621488876e-09,6.529824164030429367e-07,1.030655311384161841e-04,2.958795098397617739e-13,2.499563761710877637e-08,2.288084238464854186e-12,3.597089438407689966e-14,5.621644454570387961e-10,1.430353328815202640e-14,1.746856108372285862e-13,1.576551135922680175e-14,3.298048609070652386e-14,1.062776270845117171e-08,1.856212221742496222e-18,1.500111958556569990e-12,4.198828623620561642e-07,1.579224528342070918e-22,3.541417711831133135e-32
5.729999999999999538e-01,2.422159588974640877e-04,1.283481759732835778e-04,2.598212932280097561e-06,4.022390109355589573e-09,6.316263127319459067e-07,1.101465501907067271e-04,3.036027798387127236e-13,2.670988102230929015e-08,2.286706033208415924e-12,3.829917746248882906e-14,5.670948409210058537e-10,1.458468600039214737e-14,1.782660614260960642e-13,1.609382769285744458e-14,3.310004277451257077e-14,1.135929987354411106e-08,1.983746798138803451e-18,1.419626065682870261e-12,4.487305323349380490e-07,1.638373815927810656e-22,3.555690553919302945e-32
5.735000000000000098e-01,2.497702216652574001e-04,1.340795839993795101e-04,2.620340085310567344e-06,3.801619602638757673e-09,6.105444014975223144e-07,1.119605595547547636e-04,3.107689033912094509e-13,2.714754361509891425e-08,2.282288815773755170e-12,4.048069548384099775e-14,5.719247565662828390e-10,1.485517558578534508e-14,1.813585616754897004e-13,1.640942870565479629e-14,3.314925696305221401e-14,1.154760365748958985e-08,2.016424665045674932e-18,1.341710003033544083e-12,4.561207116603108031e-07,1.653957845092344643e-22,3.558282641026607821e-32
5.740000000000000657e-01,2.420924483803370492e-04,1.319298544661863136e-04,2.642059571975104820e-06,3.590041047194047093e-09,5.897471960407559859e-07,1.064561279343373710e-04,3.173206059376435463e-13,2.581150140242391679e-08,2.274940788831058054e-12,4.248008493579634297e-14,5.766668088134533466e-10,1.511738034058247701e-14,1.835634688818869516e-13,1.671518588752876158e-14,3.309528186264086620e-14,1.098086334751246885e-08,1.917302955664652679e-18,1.267038107066844630e-12,4.336959889187604688e-07,1.608884757757919854e-22,3.545248675932667784e-32
5.745000000000000107e-01,2.159961000615606100e-04,1.200553960928431101e-04,2.663505717601416561e-06,3.391924748730055943e-09,5.692481307212018467e-07,9.229606550111619406e-05,3.232026953256612463e-13,2.237753404332040221e-08,2.264525755335913339e-12,4.430951327902863005e-14,5.813502978922175052e-10,1.537703538022135154e-14,1.844882660038082430e-13,1.701788111373784163e-14,3.291426562019972132e-14,9.520999045907765672e-09,1.662302853889804793e-18,1.197117509101982666e-12,3.760087321882454983e-07,1.491958650164128144e-22,3.514136952112475142e-32
5.749999999999999556e-01,1.714963857269359191e-04,9.815317889662233584e-05,2.684927530556309252e-06,3.215056931986657910e-09,5.490606196088251967e-07,6.979694221645549941e-05,3.283810965965109336e-13,1.692213031068445814e-08,2.250712062658899243e-12,4.602823173493353785e-14,5.860292461754512980e-10,1.564103092357827376e-14,1.839206425699995991e-13,1.732560044873943071e-14,3.259966034184447278e-14,7.200606814607260841e-09,1.257127794439588516e-18,1.134696174270402683e-12,2.843486310837550269e-07,1.305551700697516435e-22,3.465186689260636670e-32
5.755000000000000115e-01,1.144110171369933348e-04,6.874532028037826168e-05,2.706735162761069403e-06,3.072180818314813855e-09,5.291958195620507516e-07,4.223941960338855440e-05,3.328742650283362196e-13,1.024032116195124447e-08,2.233093273253155703e-12,4.773151280833607100e-14,5.907924888486268446e-10,1.591503781249777852e-14,1.820393542253951074e-13,1.764493040374388660e-14,3.216658040673037240e-14,4.358120579687868297e-09,7.608580175581138953e-19,1.084271504879454868e-12,1.720809101173584351e-07,1.076137336283857316e-22,3.402253247709523894e-32
5.760000000000000675e-01,5.977625267573269803e-05,3.886265020750135382e-05,2.729555602868810772e-06,2.982727847009417246e-09,5.096623311492563218e-07,1.759304926101766807e-05,3.367960316182900204e-13,4.264138342480721863e-09,2.211341080826492174e-12,4.953287074401748128e-14,5.957758357150266470e-10,1.620169534236387280e-14,1.796463083599163417e-13,1.797883338649108644e-14,3.165184030046387816e-14,1.815681064246597041e-09,3.170072188746049891e-19,1.052701350116128524e-12,7.167305425582694567e-08,8.680233294916155858e-23,3.333479737283453913e-32
5.765000000000000124e-01,3.612411085192766195e-05,2.214839859691743746e-05,2.754296767452130794e-06,2.974824920357263719e-09,4.904682064229900173e-07,1.068016711652790945e-05,3.404077363100973739e-13,2.587662070805523426e-09,2.185339618684346616e-12,5.154548498042533551e-14,6.011761377532800105e-10,1.649988572239851656e-14,1.784093520334937059e-13,1.832582588784232795e-14,3.111094092029964769e-14,1.102246092710243782e-09,1.924845288915213842e-19,1.049912433816426307e-12,4.351038383409644814e-08,8.005100075513487633e-23,3.271914413638108551e-32
5.769999999999999574e-01,9.061535335772460357e-05,4.137837964604729510e-05,2.782218301703352885e-06,3.087540350058606137e-09,4.716246312833779441e-07,4.577711882935272191e-05,3.441771264830240797e-13,1.109819891336206722e-08,2.155255928947580046e-12,5.386883810789331013e-14,6.072668968088098410e-10,1.680526174903261606e-14,1.811144857995613092e-13,1.868065080698489808e-14,3.061443793846518682e-14,4.721762726319500396e-09,8.244299003832836346e-19,1.089693022094529415e-12,1.864932902407415016e-07,1.068515494989148459e-22,3.236399214844399969e-32
5.775000000000000133e-01,2.949583366819678453e-04,1.313630986084454472e-04,2.815006615309664772e-06,3.373305160812229069e-09,4.531499440114611630e-07,1.596176491570376133e-04,3.488418328058423207e-13,3.870501200654213045e-08,2.121522321546895517e-12,5.658474615795979843e-14,6.144148730749902973e-10,1.711179977911727110e-14,1.919347279953287853e-13,1.903615911895410991e-14,3.024643131423881871e-14,1.646278562149476242e-08,2.874289660193859524e-18,1.190547469283316182e-12,6.502728636734534185e-07,1.966451108531331470e-22,3.253082935362751813e-32
5.780000000000000693e-01,7.519680648174980426e-04,3.421610033450111230e-04,2.854851003308033493e-06,3.900418888141040487e-09,4.350725313254666531e-07,4.047238997491373448e-04,3.554758920437173066e-13,9.814746248532000137e-08,2.084735751905390175e-12,5.976388490096756655e-14,6.230969833822660837e-10,1.741383731490848214e-14,2.167267936176683872e-13,1.938574164358333107e-14,3.010727380180184896e-14,4.174187161215212652e-08,7.287789913645055424e-18,1.376580570848862057e-12,1.648821178549976959e-06,3.914801797711164050e-22,3.357831372966462302e-32
5.785000000000000142e-01,1.602535995521426780e-03,7.424921631018458097e-04,2.904517118375609077e-06,4.755521490759948565e-09,4.174316416587937680e-07,8.529468126319707634e-04,3.655582541349639108e-13,2.068538351232780926e-07,2.045507312516246242e-12,6.348074093674916770e-14,6.339166419734932367e-10,1.770791690195698462e-14,2.633637568937315498e-13,1.972549334270972022e-14,3.032123783528291000e-14,8.796858423639385741e-08,1.535867975899319617e-17,1.678369944339550378e-12,3.474854686033327062e-06,7.488487891711836832e-22,3.599638640660169900e-32
5.789999999999999591e-01,3.032693884683280126e-03,1.423200078804190503e-03,2.967413516807058144e-06,6.045887084651708817e-09,4.002760421752616755e-07,1.599052247620854923e-03,3.810420514982786776e-13,3.878111002614228454e-07,2.004311946459271042e-12,6.783284325504909222e-14,6.476185651421187289e-10,1.799383679968278751e-14,3.421018163552471661e-13,2.005539886294906840e-14,3.104826286811793214e-14,1.649152517001994967e-07,2.879329738285582535e-17,2.133775518512820762e-12,6.514443843450854201e-06,1.344568514446992467e-21,4.044935937950064776e-32
5.795000000000000151e-01,5.280369865447123723e-03,2.500568734867569896e-03,3.047646449307315080e-06,7.901372587214241545e-09,3.836613341007748490e-07,2.764144823723523915e-03,4.044224279218722756e-13,6.703951427787962122e-07,1.961388649547675603e-12,7.295999565649020310e-14,6.651009342024866719e-10,1.827457952061786399e-14,4.659643736682828012e-13,2.037916526228765822e-14,3.249755393240164973e-14,2.850700496548248298e-07,4.977221465302668726e-17,2.788627232120753220e-12,1.126096164210448557e-05,2.275539636795709618e-21,4.782501837198515971e-32
5.800000000000000711e-01,8.641358614453399645e-03,4.119265430571025441e-03,3.150057514732836349e-06,1.047583684448201288e-08,3.676472533206806133e-07,4.498681897315110270e-03,4.387990505579243013e-13,1.091101415413369198e-06,1.916724524912588378e-12,7.906118435698983396e-14,6.874236908820974310e-10,1.855516676727063230e-14,6.511107015606517587e-13,2.070278794949079746e-14,3.494013009829601549e-14,4.639478882739116984e-07,8.100450298222469347e-17,3.697225864687142304e-12,1.832736237778544546e-05,3.662173724513312492e-21,5.928546724961545416e-32
5.805000000000000160e-01,1.347396695909589340e-02,6.454650677113595372e-03,3.280238321029175991e-06,1.394783535847027142e-08,3.522962105695093926e-07,6.984798981341851058e-03,4.879274758756823341e-13,1.694108462017373069e-06,1.870127719885147391e-12,8.641025275903690160e-14,7.158116443070923277e-10,1.884085183150642587e-14,9.171437703700992893e-13,2.103236800724045509e-14,3.871759802785161919e-14,7.203303631016497096e-07,1.257696031854139934e-16,4.922588231245176179e-12,2.845565527381347266e-05,5.650265526288907948e-21,7.631494607860784055e-32
5.809999999999999609e-01,2.020175881252058922e-02,9.714177869992998704e-03,3.444516052602407299e-06,1.852039440208144423e-08,3.376737086258913155e-07,1.043764910308933938e-02,5.562518754169449211e-13,2.531602225183977630e-06,1.821364111268284626e-12,9.537508898077903211e-14,7.516510321385692040e-10,1.913528714397570503e-14,1.287305708263169637e-12,2.137195712603283509e-14,4.424533340312034407e-14,1.076404076034581542e-06,1.879414434285945882e-16,6.536367500339476172e-12,4.252236094876273779e-05,8.412067175066509903e-21,1.007601066074544716e-31
5.815000000000000169e-01,2.931381562578760577e-02,1.413760072160287137e-02,3.649904007321607626e-06,2.441967813798856866e-08,3.238503791260994656e-07,1.510545563927808560e-02,6.489107846870808029e-13,3.663788356153741647e-06,1.770310919339682520e-12,1.064475227569370248e-13,7.964782382765736826e-10,1.943931505451279143e-14,1.788511411156318026e-12,2.172219804208176902e-14,5.200954383989184791e-14,1.557766314627485106e-06,2.719893960006650476e-16,8.618382856994823746e-12,6.153872666704276106e-05,1.214632429835104493e-20,1.348589245196207442e-31
5.820000000000000728e-01,4.136195633800183319e-02,1.999571830453798077e-02,3.904011892471481154e-06,3.189238507834262549e-08,3.109045844346344330e-07,2.126799402301507089e-02,7.717078537367548143e-13,5.158523597506391636e-06,1.717074689033397928e-12,1.202912104568613158e-13,8.519595568679558085e-10,1.975081407090591960e-14,2.451180316615212885e-12,2.208024955536271419e-14,6.255891477137502110e-14,2.193268703086723791e-06,3.829509489363893601e-16,1.125570074231655983e-11,8.664454090591759661e-05,1.707704905699481385e-20,1.812551714116316702e-31
5.825000000000000178e-01,5.695442820890304902e-02,2.758741804932168806e-02,4.214912029245427362e-06,4.120174692511595725e-08,2.989241571430367309e-07,2.923325446417366844e-02,9.310410911556308726e-13,7.090506211601192542e-06,1.662033300230033177e-12,1.378120193907699782e-13,9.198612192804671442e-10,2.006565882661825798e-14,3.308840809371156950e-12,2.244102631258758052e-14,7.649231792802572890e-14,3.014673223179136536e-06,5.263716298698314567e-16,1.454122284561810334e-11,1.190945374778966436e-04,2.345083615418907158e-20,2.429958314302882784e-31
5.829999999999999627e-01,7.674568893037329864e-02,3.723482724837247348e-02,4.590959569826941268e-06,5.262205363034389342e-08,2.880060468873345099e-07,3.933209636772373036e-02,1.133786555115837021e-12,9.539979599287806906e-06,1.605787695672868422e-12,1.602502113830652186e-13,1.002009354227082495e-09,2.037944732669240162e-14,4.397497745844607813e-12,2.279930288747013471e-14,9.444419092579697499e-14,4.056101042592949511e-06,7.082087732038100132e-16,1.857175394577151386e-11,1.602366179481160328e-04,3.153257473243459756e-20,3.235088916023092622e-31
5.835000000000000187e-01,1.014220504601025530e-01,4.927645346521675185e-02,5.040567232564613741e-06,6.643169231538386705e-08,2.782533224491797458e-07,5.191078497813779447e-02,1.387135416263040761e-12,1.259092257686460778e-05,1.549039902725734576e-12,1.892872799509509556e-13,1.100240094758093125e-09,2.068935836512729937e-14,5.754768051760119790e-12,2.315190260846859783e-14,1.170687192619246757e-13,5.353262831377458646e-06,9.346971588493600893e-16,2.344554521115324864e-11,2.114814463647025412e-04,4.159947151575698983e-20,4.265586687786253172e-31
5.840000000000000746e-01,1.316831426538818406e-01,6.405828233905325186e-02,5.571937693058491231e-06,8.290476212629033318e-08,2.697698575130954723e-07,6.732139987859091235e-02,1.698386319664237627e-12,1.632872376469989597e-05,1.492439030222498393e-12,2.271542775978747039e-13,1.216340628230984381e-09,2.099543632618006897e-14,7.418800379588379004e-12,2.349914029646722312e-14,1.450231225845036255e-13,6.942469482397557523e-06,1.212176334658823355e-15,2.925933484011890093e-11,2.742633740503570535e-04,5.393337751659904508e-20,5.561755701308461010e-31
5.845000000000000195e-01,1.682193735403620660e-01,8.192290481446434791e-02,6.192759404746697595e-06,1.023014086942536758e-07,2.626537616863298568e-07,8.591021969092449417e-02,2.074697638580471843e-12,2.083736531326666421e-05,1.436447589553077047e-12,2.767244926933929134e-13,1.351982554147975459e-09,2.130079392199259051e-14,9.427002231701931011e-12,2.384494456120884302e-14,1.789495272986123530e-13,8.859434001863514756e-06,1.546881499746489420e-15,3.610493672756212971e-11,3.499931195549836377e-04,6.881150004888334403e-20,7.165573165114746299e-31
5.849999999999999645e-01,2.116858036054652115e-01,1.031968606293022089e-01,6.909874077186633115e-06,1.248571063140807747e-07,2.569909283914343116e-07,1.080043124864568382e-01,2.522806376056031921e-12,2.619617150641319515e-05,1.381273071330241069e-12,3.415724687389176165e-13,1.508649428485267173e-09,2.161061538284395888e-14,1.181460310977473225e-11,2.419556658969036446e-14,2.194544337879213830e-13,1.113788826486501832e-05,1.944702079127032960e-15,4.406545765928065889e-11,4.400031387806093005e-04,8.649568033158611256e-20,9.119395292709599480e-31
5.855000000000000204e-01,2.626731017306466187e-01,1.281765054972708318e-01,7.728926202904781739e-06,1.507711985118974771e-07,2.528498628025592375e-07,1.338966905186391165e-01,3.048722176588852400e-12,3.247620906671868849e-05,1.326886841319177510e-12,4.259838102912487352e-13,1.687560808594602977e-09,2.193029505128554973e-14,1.461308730316950119e-11,2.455731711850620211e-14,2.670848540616873637e-13,1.380805166365825776e-05,2.410914444337971709e-15,5.321125269077827289e-11,5.454871462394442639e-04,1.072205198998409239e-19,1.146435349492520067e-30
5.860000000000000764e-01,3.216764963601663752e-01,1.571128293000620402e-01,8.654006854401939311e-06,1.801950835289400106e-07,2.502783413080223193e-07,1.638305133852224482e-01,3.657406343423682068e-12,3.973645642091958014e-05,1.273122105660223389e-12,5.349052959011600235e-13,1.889595464333747925e-09,2.226339073250661630e-14,1.784853688057667520e-11,2.493416149289276970e-14,3.223007998144312458e-13,1.689500163215185185e-05,2.949897494212942163e-15,6.359575515802604872e-11,6.674357596719068374e-04,1.311807403520839709e-19,1.423846337588006665e-30
5.865000000000000213e-01,3.890638615943052270e-01,1.901957644855779561e-01,9.687305468910924132e-06,2.132204957685128558e-07,2.493017078374509272e-07,1.979829374642020634e-01,4.352447119279258116e-12,4.801988678946971217e-05,1.219815506796059139e-12,6.738311770184257474e-13,2.115216693315139719e-09,2.261017102565559169e-14,2.153993526245292996e-11,2.532609010428192880e-14,3.854447514664399031e-13,2.041700776476305316e-05,3.564841857923863465e-15,7.525134055590721850e-11,8.065707036074244371e-04,1.585182537219625701e-19,1.747449977080952549e-30
5.869999999999999662e-01,4.650442683000025612e-01,2.275386201402425645e-01,1.082878448717801470e-05,2.498683831385520486e-07,2.499220383308656657e-07,2.364493031760480091e-01,5.135743880241030801e-12,5.734963273691266522e-05,1.166942283206292022e-12,8.486276508607899205e-13,2.364402874918176855e-09,2.296734099241313459e-14,2.569749388004228703e-11,2.572892105464735768e-14,4.567097369569860481e-13,2.438390090726085102e-05,4.257465169959014947e-15,8.818540078445320734e-11,9.632803892123454649e-04,1.893094977043445510e-19,2.119772225119259364e-30
5.875000000000000222e-01,5.496384696556831928e-01,2.691633503807853156e-01,1.207589244756821013e-05,2.900789095878789559e-07,2.521172217997063987e-07,2.792284174809629427e-01,6.007214239848778773e-12,6.772541585625994291e-05,1.114697854154190355e-12,1.065302137455529284e-12,2.636586511854103273e-09,2.332910146566382656e-14,3.032107688451668114e-11,2.613566781634646028e-14,5.361083957460530636e-13,2.879555537441214015e-05,5.027747052986271059e-15,1.023768156292450189e-10,1.137559956063237052e-03,2.235536441672479553e-19,2.542356241465230893e-30
5.880000000000000782e-01,6.426528651243386125e-01,3.149874089501172314e-01,1.342333133274485751e-05,3.337031185876603001e-07,2.558392640564484695e-07,3.262097202195571866e-01,6.964539116064528480e-12,7.912043290200925796e-05,1.063497996798817814e-12,1.329726642079143742e-12,2.930605019313789389e-09,2.368918835713051745e-14,3.539880883465166781e-11,2.653900685906350721e-14,6.234456980556184437e-13,3.364056564394900072e-05,5.873698007031984538e-15,1.177730106112072605e-10,1.328958988588914598e-03,2.611623149651998727e-19,3.015540312236156007e-30
5.885000000000000231e-01,7.436584857333786713e-01,3.648129495164293967e-01,1.486289344534765734e-05,3.804967741318155285e-07,2.610116873068333550e-07,3.771631142136235848e-01,8.002961226874282176e-12,9.147888765223773143e-05,1.013898558007291216e-12,1.647325436171591558e-12,3.244666397101982458e-09,2.404314285653104720e-14,4.090595493517222875e-11,2.693393632286723789e-14,7.182977859475071114e-13,3.889519795168840631e-05,6.791176247797020653e-15,1.342877835526256950e-10,1.536540084514582700e-03,3.019514317557066923e-19,3.538258858374427273e-30
5.889999999999999680e-01,8.519764594925941514e-01,4.183190991207516030e-01,1.638338168799423190e-05,4.301168492494590323e-07,2.675265283396555192e-07,4.317321872799655402e-01,9.115151913993657847e-12,1.047143452873272140e-04,9.664637122143064638e-13,2.022737472928071780e-12,3.576332627593683338e-09,2.438994057455836053e-14,4.680416075315380904e-11,2.731960559510499720e-14,8.199988078698374985e-13,4.452269184459012644e-05,7.773765605909259325e-15,1.518000657371176663e-10,1.758851241758765862e-03,3.456357840179216951e-19,4.107880256488785650e-30
5.895000000000000240e-01,9.666712460674158347e-01,4.750579585134295790e-01,1.797062473839877220e-05,4.821210576025138597e-07,2.752418725275487255e-07,4.894314587253186799e-01,1.029115943842238234e-11,1.187090629291757097e-04,9.216293058048534250e-13,2.459464529719248653e-12,3.922523160019442704e-09,2.473231826701896706e-14,5.304112780118870068e-11,2.769957487538409922e-14,9.276368365805518587e-13,5.047297686440420768e-05,8.812725878918283040e-15,1.701537572412175950e-10,1.993914640826235669e-03,3.918268216480756714e-19,4.720094113316055670e-30
5.900000000000000799e-01,1.086552676758351099e+00,5.344548681540794988e-01,1.960759525848488195e-05,5.359707227441266229e-07,2.839809362508576347e-07,5.496481454010435641e-01,1.151844893937817442e-11,1.333144166475659946e-04,8.796087912689787202e-13,2.959517933451471440e-12,4.279540170418610074e-09,2.507561419047692446e-14,5.955078378782011182e-11,2.808034177445400208e-14,1.040059213102921026e-12,5.668285533632257264e-05,9.897024553302679784e-15,1.891587403347917295e-10,2.239233839616660681e-03,4.400340673880696140e-19,5.368858799921051882e-30
5.905000000000000249e-01,1.210187507025926923e+00,5.958133253605091273e-01,2.127463510671464896e-05,5.910371552428713784e-07,2.935334148644736782e-07,6.116487676507034177e-01,1.278204030346266377e-11,1.483525028338030297e-04,8.403735271474363968e-13,3.523080103457364167e-12,4.643116453472959672e-09,2.542550801668266597e-14,6.625398362730387779e-11,2.846863627178495729e-14,1.155887107295848090e-12,6.307668420747243468e-05,1.101345566829060437e-14,2.085931309236296500e-10,2.491820685665841872e-03,4.896704039973192224e-19,6.046417634498163004e-30
5.909999999999999698e-01,1.335920797038578023e+00,6.583247519813454351e-01,2.294978680208514739e-05,6.466115652890811254e-07,3.036592808111779792e-07,6.745907107428411598e-01,1.406474561490680005e-11,1.636189421285722911e-04,8.037125694814883607e-13,4.148201431548206944e-12,5.008485857084827858e-09,2.578548975821761068e-14,7.305975185870715014e-11,2.886848061096871011e-14,1.273538783044102189e-12,6.956756776988075905e-05,1.214684790754066158e-14,2.282067776654657432e-10,2.748242416734967414e-03,5.400613274018537021e-19,6.743389217362572376e-30
5.915000000000000258e-01,1.461906998527923385e+00,7.210831009424327753e-01,2.460922555033181027e-05,7.019183844227623917e-07,3.140946616464030249e-07,7.375386322137764683e-01,1.534750307048569850e-11,1.788868593985875396e-04,7.693490619767391078e-13,4.830556911997227469e-12,5.370475175702306905e-09,2.615502523117585733e-14,7.986705115307573228e-11,2.927913708158163461e-14,1.391260949887866958e-12,7.605904989851637425e-05,1.328035995090236647e-14,2.477259640453320343e-10,3.004688503344841652e-03,5.904580775433273015e-19,7.448934129588841786e-30
5.920000000000000817e-01,1.586150165035878690e+00,7.831040640584989720e-01,2.622778132636441144e-05,7.561317126420121146e-07,3.245590537273306169e-07,7.994853713443560439e-01,1.660979962347795976e-11,1.939119563590487917e-04,7.370708604320753295e-13,5.563288847734885404e-12,5.723615437246104484e-09,2.652915145895447818e-14,8.656703667499952902e-11,2.969476083922462428e-14,1.507167550914201516e-12,8.244727031023600552e-05,1.439585690165517706e-14,2.668592131679092645e-10,3.257055832732187045e-03,6.400543720892287315e-19,8.150996550468572378e-30
5.925000000000000266e-01,1.706552241630591604e+00,8.433484141658350586e-01,2.777953610099389220e-05,8.083944548380231222e-07,3.347630455453523121e-07,8.593767863469089496e-01,1.783017043612173615e-11,2.084385374022499509e-04,7.068288559027046800e-13,6.336960547587851674e-12,6.062269604430945019e-09,2.689970622252094398e-14,9.304573307413689292e-11,3.010594091898262433e-14,1.619285247221397070e-12,8.862352559831997536e-05,1.547435745140385581e-14,2.853040413028090953e-10,3.501049894060723894e-03,6.880062842749581924e-19,8.836615406241941948e-30
5.929999999999999716e-01,1.820967954944888945e+00,9.007487944170764482e-01,2.923847751511415415e-05,8.578395715564156680e-07,3.444159189387724111e-07,9.161397307798784251e-01,1.898675960388300303e-11,2.222062971924268298e-04,6.787688252073793625e-13,7.139640563038560395e-12,6.380772902800425521e-09,2.725776840744568876e-14,9.918705018399243192e-11,3.050258733454186568e-14,1.725604626585422388e-12,9.447715375928453056e-05,1.649653758989181175e-14,3.027544572289818908e-10,3.732298752657482559e-03,7.334546351100224780e-19,9.492295589535986536e-30
5.935000000000000275e-01,1.927264440386736055e+00,9.542390691890512144e-01,3.057918727418696856e-05,9.036127510704994022e-07,3.532328422364240810e-07,9.687121959130643445e-01,2.005792360306082987e-11,2.349576337097498708e-04,6.531868875873531678e-13,7.957128031632446953e-12,6.673581310015851541e-09,2.759640321961237064e-14,1.048760353292014139e-10,3.087708703746192279e-14,1.824135780576950973e-12,9.989864190563342225e-05,1.744327333863296414e-14,3.189089628307853580e-10,3.946475848203138438e-03,7.755491220727878695e-19,1.010442583699307376e-29
5.940000000000000835e-01,2.023383434246748713e+00,1.002785186603328826e+00,3.177754034343135297e-05,9.448957191470885212e-07,3.609416964893064352e-07,1.016074501731822455e+00,2.102285650487041354e-11,2.464452154693155426e-04,6.304259847295289592e-13,8.773318351920613497e-12,6.935423212143940947e-09,2.791266389110674615e-14,1.100022449933530400e-10,3.122652265083399276e-14,1.912966428932733724e-12,1.047828420306460016e-04,1.829620239249626410e-14,3.334787784785537892e-10,4.139427065016874907e-03,8.134732905580039563e-19,1.065972634683320886e-29
5.945000000000000284e-01,2.107403644497630069e+00,1.045416382875578254e+00,3.281138973635039195e-05,9.809293448638113323e-07,3.672897437453160655e-07,1.057280325537323318e+00,2.186221422402225032e-11,2.564395089227477099e-04,6.107514728111098980e-13,9.570696534436172310e-12,7.161448871899047918e-09,2.820806658585874203e-14,1.144631073864109754e-10,3.155308800421272676e-14,1.990320337348575600e-12,1.090321700394141175e-04,1.903828286412165316e-14,3.461959962980715283e-10,4.307297140720592159e-03,8.464693785983572493e-19,1.114570650630641788e-29
5.949999999999999734e-01,2.177600810900369499e+00,1.081255492195505763e+00,3.366121138081094161e-05,1.011035679167210949e-06,3.720503000378887128e-07,1.091486320595929094e+00,2.255871402612741568e-11,2.647359632483525468e-04,5.942506930243969182e-13,1.033093503056307150e-11,7.347372185700721392e-09,2.848733576681116422e-14,1.181671414292771806e-10,3.186252260187097891e-14,2.054613491297752861e-12,1.125596594959078805e-04,1.965432666707504480e-14,3.568213568180551523e-10,4.446650330851559599e-03,8.738620355404221844e-19,1.155111148581965176e-29
5.955000000000000293e-01,2.232502982243305567e+00,1.109547118431051693e+00,3.431068430173151937e-05,1.034638079795766250e-06,3.750293609434671702e-07,1.117979101801166886e+00,2.309768536900808667e-11,2.711615557622771970e-04,5.807921055885135962e-13,1.103556505436570940e-11,7.489599260726886492e-09,2.875589261790768832e-14,1.210368981027913394e-10,3.216116050774992225e-14,2.104505431583539048e-12,1.152917440492295140e-04,2.013148551327247359e-14,3.651513504712478366e-10,4.554580346846049191e-03,8.950799346240490938e-19,1.186633614694608646e-29
5.960000000000000853e-01,2.270938679068892352e+00,1.129682479243976356e+00,3.474718324610692559e-05,1.051278632296494343e-06,3.760718605427889060e-07,1.136198461165861984e+00,2.346754908101760201e-11,2.755804221062915305e-04,5.700578130644771032e-13,1.166668601321130541e-11,7.585338647893009858e-09,2.901706358848767708e-14,1.230114978421845849e-10,3.245274335278774278e-14,2.138943344361865139e-12,1.171706513292570129e-04,2.045966904447305115e-14,3.710243652093068174e-10,4.628804934580208613e-03,9.096743680990960812e-19,1.208378577547863502e-29
5.965000000000000302e-01,2.292075869913856145e+00,1.141219848270364157e+00,3.496216391028158274e-05,1.060632170793527225e-06,3.750670552666673532e-07,1.145755819927161134e+00,2.366020402041106974e-11,2.778983303895318693e-04,5.616370159052861033e-13,1.220767644517715283e-11,7.632688638342051061e-09,2.927011403926267016e-14,1.240486527984879124e-10,3.273625659290752811e-14,2.157196889055815618e-12,1.181563059129520457e-04,2.063187720847254205e-14,3.743256346004177731e-10,4.667741047159378390e-03,9.173340289574357031e-19,1.219816552116264380e-29
5.969999999999999751e-01,2.295450056700487629e+00,1.143899692350412112e+00,3.495142503426935438e-05,1.062516330459532674e-06,3.719524980219401130e-07,1.146447119460511255e+00,2.367130373962071101e-11,2.780658059510885023e-04,5.551465530287761773e-13,1.264387102422036017e-11,7.630697864195833234e-09,2.950990218447655268e-14,1.241260845543715384e-10,3.300565865887909672e-14,2.158882265857940786e-12,1.182276590755937341e-04,2.064443250815906964e-14,3.749907859940134260e-10,4.670557361748707906e-03,9.178953400884732720e-19,1.220668392110116432e-29
5.974999999999999201e-01,2.280980222777935662e+00,1.137653820477269040e+00,3.471523661786662593e-05,1.056897220650329101e-06,3.667162132772854647e-07,1.138259590321017312e+00,2.350041017984847850e-11,2.760797709924480911e-04,5.503356842061361957e-13,1.296317074913390758e-11,7.579396506658623841e-09,2.972831389450279494e-14,1.232422747427752450e-10,3.325162866214083336e-14,2.143974589550129206e-12,1.173833874572766686e-04,2.049710202054627251e-14,3.730078436745596521e-10,4.637201856260002655e-03,9.113478817470955883e-19,1.210916024642252683e-29
5.979999999999999760e-01,2.248971922012614311e+00,1.122608118271219091e+00,3.425832910127412853e-05,1.043890485727590685e-06,3.593969348524510970e-07,1.121372105310194600e+00,2.315101678423370913e-11,2.719836280223589991e-04,5.471386255568677859e-13,1.315655664790211236e-11,7.479796647306759820e-09,2.991692648745727078e-14,1.214165159944456739e-10,3.346465068991737534e-14,2.112808186753904822e-12,1.156419302359269026e-04,2.019310388272587729e-14,3.684176046923124252e-10,4.568403247738916581e-03,8.978346817600713165e-19,1.190803034522372331e-29
5.985000000000000320e-01,2.200107351889185825e+00,1.099078723093653842e+00,3.358974418898278292e-05,1.023757710512371667e-06,3.500825217836454038e-07,1.096149104467637247e+00,2.263043928947854236e-11,2.658657844528816163e-04,5.456575078002767147e-13,1.321848099523392688e-11,7.333861624169997715e-09,3.006984509711835205e-14,1.186882617430757349e-10,3.363820568085789290e-14,2.066064940217194816e-12,1.130408634605958721e-04,1.973899801968801521e-14,3.613123720169162215e-10,4.465646243154141118e-03,8.776473586486152222e-19,1.160825085376940207e-29
5.989999999999999769e-01,2.135422827905744114e+00,1.067561785524810514e+00,3.272255371980808578e-05,9.968983190494638422e-07,3.389068325363882771e-07,1.063128362345450162e+00,2.194957843993209050e-11,2.578566841554002934e-04,5.460833592464728260e-13,1.314711449204759654e-11,7.144445588643533888e-09,3.018556839455491426e-14,1.151158038988380278e-10,3.377078290226224358e-14,2.004751263647796542e-12,1.096356393220721871e-04,1.914446597566572839e-14,3.518330972788581321e-10,4.331121704008908738e-03,8.512163338839117636e-19,1.121710681209632855e-29
5.994999999999999218e-01,2.056274630022480565e+00,1.028717247282564307e+00,3.167345827901818837e-05,9.638372989045968555e-07,3.260453742694521778e-07,1.023003135855974799e+00,2.112256459597703400e-11,2.481244767015547067e-04,5.485844990031088694e-13,1.294443372324216096e-11,6.915205722798793839e-09,3.026711759200229611e-14,1.107743359479847033e-10,3.386588763049774183e-14,1.930164713832701281e-12,1.054977457772967664e-04,1.842198953624826932e-14,3.401650501175566844e-10,4.167653917737554684e-03,8.190965439099629264e-19,1.074393256200782747e-29
5.999999999999999778e-01,1.964294695120593959e+00,9.833473284716678364e-01,3.046228186544718881e-05,9.252092493644764110e-07,3.117099760886019183e-07,9.765994703063430871e-01,2.016629936854134818e-11,2.368695129708524121e-04,5.532027458254491422e-13,1.261614101443063529e-11,6.650490703029113143e-09,3.032036218134771986e-14,1.057534846540625846e-10,3.393003291873581639e-14,1.843851638459731257e-12,1.007123666456593430e-04,1.758644213929554156e-14,3.265321898009404783e-10,3.978608143838132175e-03,7.819492741496868059e-19,1.019976005280171131e-29
6.005000000000000338e-01,1.861338055897953758e+00,9.323706442616290779e-01,2.911138270508955585e-05,8.817393928902393809e-07,2.961426331113807818e-07,9.248496396138867759e-01,1.909991376544871683e-11,2.243179038260365021e-04,5.597944563484804648e-13,1.217141855399912889e-11,6.355209935738888014e-09,3.035121989150453228e-14,1.001544153921221974e-10,3.396953763301296489e-14,1.747557608742308422e-12,9.537564278383340362e-05,1.665461064650020138e-14,3.111904645759366990e-10,3.767782410883077464e-03,7.405208961092799031e-19,9.596912087368681542e-30
6.009999999999999787e-01,1.749424254513219479e+00,8.767930507322405642e-01,2.764500314431859025e-05,8.342222989726358494e-07,2.796086085492430894e-07,8.687628442855884758e-01,1.794416570576841409e-11,2.107144142640419364e-04,5.680371080390487022e-13,1.162252961557210390e-11,6.034688808936489591e-09,3.036289182906674076e-14,9.408663335591438505e-11,3.398746734755013777e-14,1.643172671696784767e-12,8.959165020114073438e-05,1.564466770682085651e-14,2.944203030244909342e-10,3.539288141819962267e-03,6.956194070021037542e-19,8.948560405036719696e-30
6.014999999999999236e-01,1.630675172630375203e+00,8.176764425681430914e-01,2.608858340057521955e-05,7.834991439647519545e-07,2.623889085680999337e-07,8.093943807430619142e-01,1.672080200812528120e-11,1.963149872076931743e-04,5.774989298299892832e-13,1.098429051348524495e-11,5.694515675748484060e-09,3.035430867099046875e-14,8.766461444883102955e-11,3.398202707467293456e-14,1.532673648928958685e-12,8.346922029326251009e-05,1.457561656538426263e-14,2.765185880489058948e-10,3.297424551622542537e-03,6.480897435376936800e-19,8.268269679457627962e-30
6.019999999999999796e-01,1.507251809157904798e+00,7.561067857799643743e-01,2.446806474814844931e-05,7.304343670769801234e-07,2.447723508203585981e-07,7.478145245914267214e-01,1.545191098182797317e-11,1.813791980979170436e-04,5.877472113916032239e-13,1.027344584793264708e-11,5.340386493895789363e-09,3.032048819360203287e-14,8.100440460285480171e-11,3.394713925438126304e-14,1.418065785443402034e-12,7.711873039396502502e-05,1.346673069564440557e-14,2.577904171179810009e-10,3.046551879565537798e-03,5.987888649091353959e-19,7.569548455907321567e-30
6.025000000000000355e-01,1.381292501029023789e+00,6.931626646356821020e-01,2.280920742963480697e-05,6.758925806791143179e-07,2.270475767976034990e-07,6.850783386173011635e-01,1.415929147474777291e-11,1.661629337195846953e-04,5.984579533085821815e-13,9.507985142027906076e-12,4.977952976772630968e-09,3.025471860716086253e-14,7.422032383971691183e-11,3.387503754176445186e-14,1.301326008267434531e-12,7.064898958415158012e-05,1.233701006120380141e-14,2.385409517663754162e-10,2.790968388791776993e-03,5.485615746586277163e-19,6.865426802033496027e-30
6.029999999999999805e-01,1.254854926182610964e+00,6.298855552376682043e-01,2.113694718787944232e-05,6.207165531174672226e-07,2.094954379729858014e-07,6.221975272574311600e-01,1.286386264818388780e-11,1.509115671189617015e-04,6.094897117841224324e-13,8.706440330519513688e-12,4.612679763834846548e-09,3.015170205071801259e-14,6.742190143267392229e-11,3.375984134488778818e-14,1.184349902316153415e-12,6.416433552380679478e-05,1.120467421146262220e-14,2.190676453077048324e-10,2.534795703081356433e-03,4.982179799016701867e-19,6.168078128882641975e-30
6.034999999999999254e-01,1.129863963574863073e+00,5.672529140160820216e-01,1.947481183593750213e-05,5.657070068266882149e-07,1.923821643217110223e-07,5.601153197338738510e-01,1.158513593367765910e-11,1.358538666742721860e-04,6.208974221533282380e-13,7.887200906852323271e-12,4.249715502664459901e-09,3.001034471727507642e-14,6.071115169490172928e-11,3.360061148173620125e-14,1.068904271844657417e-12,5.776204367856242191e-05,1.008670990325751925e-14,1.996531111375119229e-10,2.281876482231606166e-03,4.485133747464493786e-19,5.488499454821475779e-30
6.039999999999999813e-01,1.008067130501976383e+00,5.061549963572367083e-01,1.784441583059984991e-05,5.116048677799793590e-07,1.759535975193716014e-07,4.996851833562512835e-01,1.034076676529207336e-11,1.211968336227909238e-04,6.328828636928022807e-13,7.067877977459698304e-12,3.893781885414602973e-09,2.983496682185337772e-14,5.418027766733250112e-11,3.340253595611122435e-14,9.565868512632316850e-13,5.153013166427590014e-05,8.998487687245757262e-15,1.805588563371208256e-10,2.035687701313837732e-03,4.001311901536152085e-19,4.836260578724346648e-30
6.045000000000000373e-01,8.909988952179949129e-01,4.473761097537355957e-01,1.626504659037495093e-05,4.590764702856615026e-07,1.604305874965509099e-07,4.416539579621715506e-01,9.146199060041000256e-12,1.071216113619453416e-04,6.456999007293894344e-13,6.264741674141333996e-12,3.549083654511101679e-09,2.963431588558089573e-14,4.790986436815015217e-11,3.317562295941997537e-14,8.487943717030585751e-13,4.554561969978359969e-05,7.953458106737930007e-15,1.620200586636892380e-10,1.799271941387980446e-03,3.536694839850789572e-19,4.219328463757169193e-30
6.049999999999999822e-01,7.799546982788461147e-01,3.915807701691642051e-01,1.475335158988815862e-05,4.087020714624179394e-07,1.460054864761325247e-07,3.866497746197942176e-01,8.014410393130901358e-12,9.378055465257151160e-05,6.595474065397105876e-13,5.492249966915438943e-12,3.219241462179943960e-09,2.941867071712457233e-14,4.196759655979785929e-11,3.293130893663182826e-14,7.466997832803288630e-13,3.987328463429821643e-05,6.962934053389895235e-15,1.442415121333331441e-10,1.575188171020107733e-03,3.096312625667280648e-19,3.643968870760994840e-30
6.054999999999999272e-01,6.759750360593640428e-01,3.393049836140529796e-01,1.332313040574755871e-05,3.609678712427900716e-07,1.328395970193221559e-07,3.351748894599091422e-01,6.955760750746620842e-12,8.129549058041952232e-05,6.744860946902976154e-13,4.762681926930577711e-12,2.907248320802909714e-09,2.919615718587440618e-14,3.640751021076490016e-11,3.267830616378593419e-14,6.512389795180630037e-13,3.456492103702853570e-05,6.035961641123309599e-15,1.273948103985694141e-10,1.365482551747845656e-03,2.684187390295176556e-19,3.114723169175496486e-30
6.059999999999999831e-01,5.798394909289483756e-01,2.909526311330472570e-01,1.198523121843384730e-05,3.162615757195797377e-07,1.210614652179701322e-07,2.876033393360379886e-01,5.977942960786885086e-12,6.975714880086334422e-05,6.904066383377165239e-13,4.085884985029055208e-12,2.615449298725352607e-09,2.896980673921343180e-14,3.126976342842232468e-11,3.241942594279924596e-14,5.631068825373967915e-13,2.965909969516794184e-05,5.179277921969960413e-15,1.116167812656315483e-10,1.171678887387820776e-03,2.303314539823000957e-19,2.634454524259035059e-30
6.065000000000000391e-01,4.920701591056762525e-01,2.467967075771739793e-01,1.074754706616132872e-05,2.748713928252018834e-07,1.107660255553834219e-07,2.441831212803691198e-01,5.086028633566960468e-12,5.922568895057615714e-05,7.070588375274749309e-13,3.469142864958443319e-12,2.345543165106914422e-09,2.873667816132246941e-14,2.658089237444581080e-11,3.215081840830469686e-14,4.827622572208679481e-13,2.518139273604282590e-05,4.397350079707235119e-15,9.700913309561306380e-11,9.947875030185276708e-04,1.955680198265662596e-19,2.204454519891906435e-30
6.069999999999999840e-01,4.129435503147690367e-01,2.069849641393491924e-01,9.615103583160015998e-06,2.369882171389983157e-07,1.020147254302827703e-07,2.050424220053505553e-01,4.282599822725446628e-12,4.973221048087542927e-05,7.241313447263826425e-13,2.917167283239873461e-12,2.098603909732186645e-09,2.848958271312199717e-14,2.235450074154280944e-11,3.186414869420614830e-14,4.104401815387358338e-13,2.114501645922156739e-05,3.692487571681813405e-15,8.363922711509377586e-11,8.353306236074782782e-04,1.642311089990222811e-19,1.824598902260282216e-30
6.074999999999999289e-01,3.425097296114784085e-01,1.715493408719266644e-01,8.590227117776190862e-06,2.027106505219887079e-07,9.483680236139866447e-08,1.701992843132628386e-01,3.567953697253483368e-12,4.128109632896547485e-05,7.413553024597242387e-13,2.432210981080249204e-12,1.875119475101497824e-09,2.822089246361490982e-14,1.859231770405604860e-11,3.155102689100947534e-14,3.461707690169799822e-13,1.755182858993822417e-05,3.065016177976188543e-15,7.154185076562802325e-11,6.933817543953243881e-04,1.363351945932248874e-19,1.493539647325402666e-30
6.079999999999999849e-01,2.806172523585979683e-01,1.404184547759626811e-01,7.672780015236969824e-06,1.720524205842652209e-07,8.923180613168323493e-08,1.395739989721209440e-01,2.940365320212369944e-12,3.385301795458458554e-05,7.585982382176308914e-13,2.014291772968649300e-12,1.675044633002590955e-09,2.792699457254162838e-14,1.528554883726949708e-11,3.120800780615280508e-14,2.898025676903095454e-13,1.439360653561324785e-05,2.513501145738505656e-15,6.072183731713499039e-11,5.686161646654287315e-04,1.118164730719937895e-19,1.208920020433400684e-30
6.085000000000000409e-01,2.269423139745355422e-01,1.134323350791421325e-01,6.860448424257831640e-06,1.449517010089400495e-07,8.517326270014015131e-08,1.130034554602135644e-01,2.396392188574987951e-12,2.740841583927363187e-05,7.759185366329357449e-13,1.661507828155530067e-12,1.497864698755788304e-09,2.761157044510193251e-14,1.241643759391478865e-11,3.084010441428832632e-14,2.410290662290161283e-13,1.165352755350482634e-05,2.035005622319054545e-15,5.115735652118125532e-11,4.603693518252938025e-04,9.054435482552531907e-20,9.675996782484255341e-31
6.089999999999999858e-01,1.810204966373349933e-01,9.035857052036661008e-02,6.149067201894741286e-06,1.212818062516412312e-07,8.261313779667865899e-08,9.025667240663830249e-02,1.931203560798670150e-12,2.189126644438385392e-05,7.935639946003409492e-13,1.370415244631857344e-12,1.342666684072137956e-09,2.728622254508777242e-14,9.959952031443023834e-12,3.046121198150983230e-14,1.994168977301572032e-13,9.307770458465268679e-06,1.625370343684465340e-15,4.280368999924846213e-11,3.677003114970073803e-04,7.233389865212004266e-20,7.658780387362100081e-31
6.094999999999999307e-01,1.422795403278969417e-01,7.090905150518199418e-02,5.532966327618683601e-06,1.008627268541867559e-07,8.148657786545070711e-08,7.105075558778806144e-02,1.538917859502563878e-12,1.723295313805918140e-05,8.119157850715090249e-13,1.136432628521148062e-12,1.208214529793258018e-09,2.696795105367025636e-14,7.885513141954344763e-12,3.009098781067167866e-14,1.644345806289809085e-13,7.327161305822228060e-06,1.279501030899544595e-15,3.559730289954326933e-11,2.894565494433275340e-04,5.695858832195529551e-20,5.997059143792142731e-31
6.099999999999999867e-01,1.100716855556531926e-01,5.475654805842625206e-02,5.005323701113560504e-06,8.347298869560156681e-08,8.171637175919621075e-08,5.506659296474190890e-02,1.212932633176164239e-12,1.335607351960828579e-05,8.313958674520408406e-13,9.542361048786364830e-13,1.093025225106288393e-09,2.667423919808351793e-14,6.158687581037027953e-12,2.974915154678655534e-14,1.354808897594235995e-13,5.678791855640527529e-06,9.916510569753616042e-16,2.946002944833205181e-11,2.243380222128013471e-04,4.416289904231257148e-20,4.648775242916729259e-31
6.105000000000000426e-01,8.370431638099876115e-02,4.155045574143993725e-02,4.558510297750102771e-06,6.886135765326620142e-08,8.321671890244410169e-08,4.196368587918751503e-02,9.462336561656833034e-13,1.017803729745430261e-05,8.523664460786511521e-13,8.181130830344508216e-13,9.954429054341362765e-10,2.641754547041574659e-14,4.742778443774616925e-12,2.944930220706388604e-14,1.119121334159653336e-13,4.327548879875211648e-06,7.556885604937339612e-16,2.430320354681490441e-11,1.709575585455571734e-04,3.367417345509391167e-20,3.571972305561013901e-31
6.109999999999999876e-01,6.246785902883052188e-02,3.093115786942714218e-02,4.184415368840571743e-06,5.675796755013624971e-08,8.589616394475392013e-08,3.139362554898116747e-02,7.316725766847895199e-13,7.614335566646044461e-06,8.750516373105194259e-13,7.222535948611904624e-13,9.137084183880256129e-10,2.620138502320097161e-14,3.600261899621650633e-12,2.919471088981298522e-14,9.306768635551785141e-14,3.237503726463949686e-06,5.653391639396616709e-16,2.003158552115292930e-11,1.278957618104896855e-04,2.521341461101419449e-20,2.726174853251223492e-31
6.114999999999999325e-01,4.566014633479650864e-02,2.254258444115829832e-02,3.874741616113760461e-06,4.688452039050587100e-08,8.965985916219114083e-08,2.301184633183422923e-02,5.622057940726625177e-13,5.581392019699639471e-06,8.995040666716151889e-13,6.609717852982757150e-13,8.460223367364213680e-10,2.601971033805532935e-14,2.694033291587256787e-12,2.897794271736187675e-14,7.829310919848848772e-14,2.373124169994376545e-06,4.143976579338452138e-16,1.654696126899672210e-11,9.374889209891565140e-05,1.850470076987194258e-20,2.073464021908512980e-31
6.119999999999999885e-01,3.260672429719767285e-02,1.604268704152353453e-02,3.621262882898973207e-06,3.896328934018688009e-08,9.441152145679906642e-08,1.648741384609466246e-02,4.310905782878324669e-13,3.998937362938519870e-06,9.256253054379855920e-13,6.288636572634956729e-13,7.905999469012263540e-10,2.586010450551156275e-14,1.988441839453656221e-12,2.878476546221676399e-14,6.696013530230069421e-14,1.700283631750533096e-06,2.969042932473547114e-16,1.375131880563025626e-11,6.716874244389688022e-05,1.328302763869133584e-20,1.579250287380264707e-31
6.125000000000000444e-01,2.267683799890479052e-02,1.111168594796918194e-02,3.416039669119437362e-06,3.272474149095835230e-08,1.000554737948214792e-07,1.151072950989597519e-02,3.320374525465198525e-13,2.791878189359019022e-06,9.532331372455534700e-13,6.209168282717785452e-13,7.457173078290671667e-10,2.570981062519328379e-14,1.450106731940378045e-12,2.860112169733027627e-14,5.848281454528816555e-14,1.187055576671957414e-06,2.072835465420532580e-16,1.154953776270136274e-11,4.689402665304839553e-05,9.300482050213554232e-21,1.212758042577493428e-31
6.129999999999999893e-01,1.529507598282965619e-02,7.458073121948099148e-03,3.251590452149943056e-06,2.791368353762894671e-08,1.064989900254358135e-07,7.799146923180166717e-03,2.593202522891755867e-13,1.891659206021744677e-06,9.821551945919173720e-13,6.325912742256917609e-13,7.097480117998167804e-10,2.556241440404988998e-14,1.048518175927929248e-12,2.842062834591085036e-14,5.232924532973046016e-14,8.042926265511147948e-07,1.404452768121383929e-16,9.851557750012969522e-12,3.177326011449718409e-05,6.330742129263677610e-21,9.472486652314647612e-32
6.134999999999999343e-01,9.948863382906758882e-03,4.822466464114649569e-03,3.121019164765428856e-06,2.429391364988628132e-08,1.136548700645537036e-07,5.100594597850146954e-03,2.078469236437392993e-13,1.237141769836939051e-06,1.012321142836238988e-12,6.598862281063301458e-13,6.811907455708624784e-10,2.542257391979890135e-14,7.564347502888352277e-13,2.824966903990353410e-14,4.802863126149168725e-14,5.260001360129119473e-07,9.184997429253746879e-17,8.574019741964755927e-12,2.077951858458289454e-05,4.171978638628631009e-21,7.600183942846997820e-32
6.139999999999999902e-01,6.192166465923016130e-03,2.979502103637604333e-03,3.018101097590200291e-06,2.165143250077168044e-08,1.214438881491281205e-07,3.195380145099189877e-03,1.731950921046308342e-13,7.750412513303822584e-07,1.043826113384909765e-12,6.993992710262825127e-13,6.586881217073001924e-10,2.530677062706120353e-14,5.500937590727510929e-13,2.810787892525130159e-14,4.517383315868002358e-14,3.295222811227176746e-07,5.754125557971289066e-17,7.641399199800527169e-12,1.301778834084966273e-05,2.648297415135353302e-21,6.322146821342091707e-32
6.145000000000000462e-01,3.645899825441460164e-03,1.738019827302786759e-03,2.937330900527954036e-06,1.979632256230945350e-08,1.297966109648901660e-07,1.896411013150931923e-03,1.516169217788832228e-13,4.599803006511764271e-07,1.076946159525793526e-12,7.483727426464949576e-13,6.410375192528222351e-10,2.523947523018824404e-14,4.092551237336216999e-13,2.802347248063356863e-14,4.342005760710833903e-14,1.955648900873182335e-07,3.414983926689961271e-17,6.986669417090843736e-12,7.725865455851156044e-06,1.609911678123742624e-21,5.485191443479984377e-32
6.149999999999999911e-01,1.995610692177765717e-03,9.398410704591433646e-04,2.873937285512706677e-06,1.856344609882866307e-08,1.386541506157277114e-07,1.048105603152392745e-03,1.400180547679349145e-13,2.542244814301628352e-07,1.112099875719369661e-12,8.047141703304981913e-13,6.271948503170134311e-10,2.524587599839777998e-14,3.171025340519737840e-13,2.802484251044565353e-14,4.248070803294960096e-14,1.080832370650392547e-07,1.887393416738179313e-17,6.551548126929685966e-12,4.269919749402822550e-06,9.322647327577674991e-22,4.967461033266098934e-32
6.154999999999999361e-01,9.870541191335775819e-04,4.574598743815216808e-04,2.823869569532660711e-06,1.781213912397933792e-08,1.479676852207513319e-07,5.242868209969153096e-04,1.359156711655213887e-13,1.271711488337204499e-07,1.149765448106645430e-12,8.669750165430009017e-13,6.162722755564935990e-10,2.534373849865968567e-14,2.600284737940522862e-13,2.813140920887700232e-14,4.212161348812998894e-14,5.406490041145203375e-08,9.441300603055426379e-18,6.286389860748124921e-12,2.135913245061646884e-06,5.143385401154709473e-22,4.674025763624973370e-32
6.159999999999999920e-01,4.202721681594680844e-04,1.909669534197696618e-04,2.783761446606812754e-06,1.742509246573321948e-08,1.576969456524859682e-07,2.253497534421899993e-04,1.373810076667204408e-13,5.466234323221919466e-08,1.190375327509123495e-12,9.342772138149101516e-13,6.075309492741050301e-10,2.553747828996777236e-14,2.273321432612278186e-13,2.834719095574960291e-14,4.215478692101909959e-14,2.323775165202620251e-08,4.058238585766260493e-18,6.149791441213003555e-12,9.180614517492225316e-07,2.763831724627995617e-22,4.532485402977619349e-32
6.165000000000000480e-01,1.427556539192842791e-04,6.450868964339263130e-05,2.750877423976588485e-06,1.730661408955131437e-08,1.678081822814504282e-07,7.497898297671266724e-05,1.429719225217506493e-13,1.818853143144019322e-08,1.234217958148862564e-12,1.006188563166055639e-12,6.003699000125667709e-10,2.581687668373151221e-14,2.108605681227703554e-13,2.865974757757951518e-14,4.243256690025415572e-14,7.731478390358973562e-09,1.350465365060446205e-18,6.107979060394355866e-12,3.054598999809301035e-07,1.572885860416607402e-22,4.488863225788982718e-32
6.169999999999999929e-01,4.220580278433672773e-05,2.255039306443212355e-05,2.723047243075758176e-06,1.738046102368010190e-08,1.782722579190811486e-07,1.666246343620541063e-05,1.516610928782651367e-13,4.043077599903325873e-09,1.281375381449175537e-12,1.082562522167685546e-12,5.943121506938867134e-10,2.616123717673332423e-14,2.046225752408533078e-13,2.904525164440531768e-14,4.284255507085715046e-14,1.718101311190074193e-09,3.003297567244548132e-19,6.134043363494038356e-12,6.788187830459559501e-08,1.117963337120802793e-22,4.503966010170716835e-32
6.174999999999999378e-01,3.933332208982247573e-05,2.617080584828096956e-05,2.698593331288347313e-06,1.758741630217993122e-08,1.890634027839270929e-07,1.021154136702285994e-05,1.627649687674993792e-13,2.478259198486084773e-09,1.331716785427427756e-12,1.163370235639880683e-12,5.889891496698732390e-10,2.654774010115190508e-14,2.044024091144450943e-13,2.947814212811162734e-14,4.330331006093494174e-14,1.053100249240552958e-09,1.841380904768614612e-19,6.207084420050524387e-12,4.160120687859627601e-08,1.077180438161085028e-22,4.550276503133733149e-32
6.179999999999999938e-01,8.104183195438094140e-05,4.956687798113681466e-05,2.676255877172456368e-06,1.788276757195787654e-08,2.001588550661637975e-07,2.845430403884089966e-05,1.758775892735381651e-13,6.903352548995555136e-09,1.384953033876853807e-12,1.248558164240409650e-12,5.841245121587394381e-10,2.696106795835192726e-14,2.073947226609004552e-13,2.994196857689801467e-14,4.376043051387966300e-14,2.934395373360780206e-09,5.126027735987195504e-19,6.311321865951133705e-12,1.159211333887635214e-07,1.232929487609025418e-22,4.609359052707738321e-32
6.185000000000000497e-01,1.342488350214175773e-04,7.689829856188221580e-05,2.655119479526144928e-06,1.823382050099741476e-08,2.115392229230235921e-07,5.422539714963840854e-05,1.908118852375816598e-13,1.315463104204563438e-08,1.440739618340345426e-12,1.337960572875320574e-12,5.795179545800027353e-10,2.740071086406712083e-14,2.118762785263905273e-13,3.043737539551374174e-14,4.418254438330152200e-14,5.591890442575186652e-09,9.766312122735856188e-19,6.435217224894331041e-12,2.209110288803953592e-07,1.447813980375037881e-22,4.669707511415488724e-32
6.189999999999999947e-01,1.805068610238050254e-04,9.955359766402383556e-05,2.634544511267303412e-06,1.861755312133763659e-08,2.231891004426568967e-07,7.773277579318981444e-05,2.075494381005646414e-13,1.885677130497001505e-08,1.498800180754006206e-12,1.431282726358259337e-12,5.750301444057304453e-10,2.788303068281387679e-14,2.169230843622308657e-13,3.098402131716733251e-14,4.455683513034190666e-14,8.015884266186476136e-09,1.399904066534390285e-18,6.570645903136808766e-12,3.166786874178243617e-07,1.643575574414442963e-22,4.724949293676727432e-32
6.194999999999999396e-01,2.115053111180268644e-04,1.138766032321464772e-04,2.614105425702718624e-06,1.901848838415752801e-08,2.350973772950993389e-07,9.434294377469583067e-05,2.261982365955505782e-13,2.288573261472517285e-08,1.559034510796042120e-12,1.528151371623663908e-12,5.705689977224900330e-10,2.843698047977792379e-14,2.221759647144202421e-13,3.161533775460643997e-14,4.488401931480641364e-14,9.728642960709168381e-09,1.698990998030189605e-18,6.712146174034694002e-12,3.843475225851751814e-07,1.783341645508853683e-22,4.772333792666804670e-32
6.199999999999999956e-01,2.254635760068640789e-04,1.193556164471729281e-04,2.593537309476261587e-06,1.942683354000101584e-08,2.472568372098343267e-07,1.027928547877157082e-04,2.469571402516214103e-13,2.493508655399466188e-08,1.621576971022170136e-12,1.628209689093973413e-12,5.660777562083903147e-10,2.909471239242658443e-14,2.276534300515511087e-13,3.236766828771528246e-14,4.517303300613466338e-14,1.059998089294650633e-08,1.851150830415971065e-18,6.856262350421613567e-12,4.187719592493758662e-07,1.857264205090302319e-22,4.811463965276911512e-32
6.205000000000000515e-01,2.243704564452344685e-04,1.172490161712374602e-04,2.572691154432638431e-06,1.983690868892804843e-08,2.596629762051772469e-07,1.038098752119115110e-04,2.700857069379176666e-13,2.518128781380907363e-08,1.686784147855414487e-12,1.731220584973583921e-12,5.615249878093761766e-10,2.988030339240285000e-14,2.336082098119453626e-13,3.326753033901362683e-14,4.543596169916901838e-14,1.070493440233126083e-08,1.869480846272348474e-18,7.000990062615417621e-12,4.229152442804137881e-07,1.871414210808672560e-22,4.843261509062959081e-32
6.209999999999999964e-01,2.119846105546525396e-04,1.096005127178758675e-04,2.551497659705515052e-06,2.024586489456659439e-08,2.723123417251513148e-07,9.910148197929778008e-05,2.958786799333563570e-13,2.403859841184930810e-08,1.755151346871873353e-12,1.837139621888037656e-12,5.568965003891801351e-10,3.080071363095504358e-14,2.404225046425741885e-13,3.432164917206764589e-14,4.568386312943904200e-14,1.021957544714813372e-08,1.784724704805923082e-18,7.145323798536043255e-12,4.037335360703089673e-07,1.839640906646182688e-22,4.869176084608569908e-32
6.214999999999999414e-01,1.924852925923027603e-04,9.858467286562370936e-05,2.529938923491463728e-06,2.065267582714806664e-08,2.852009363660632281e-07,9.066356432105724598e-05,3.246453979359141195e-13,2.199127512218008864e-08,1.827180598964986864e-12,1.946128474596580458e-12,5.521890456620043472e-10,3.184247836269440351e-14,2.485361996673049655e-13,3.551362966207239878e-14,4.592404489278935278e-14,9.349689742092880151e-09,1.632817908397944660e-18,7.288901048359793309e-12,3.693579673537011102e-07,1.778001884141552950e-22,4.890650926820194411e-32
6.219999999999999973e-01,1.696506461012764607e-04,8.611783313296961153e-05,2.508027131323127625e-06,2.105737620899864513e-08,2.983232360695395253e-07,8.034973023161455551e-05,3.566951785257553027e-13,1.948906153904415056e-08,1.903240895189399064e-12,2.058499075125907183e-12,5.474056220274765546e-10,3.297568029070134327e-14,2.584014716757229120e-13,3.680886579836723983e-14,4.615909519987520956e-14,8.286375724915152736e-09,1.447133327847929860e-18,7.431733608511655725e-12,3.273400256893553848e-07,1.701311995468793775e-22,4.908841562794103940e-32
6.225000000000000533e-01,1.464401756186280525e-04,7.366993647652761998e-05,2.485789247544820533e-06,2.146051464209951959e-08,3.116721354083684539e-07,6.964296658715907586e-05,3.923298654530359246e-13,1.689176904046513538e-08,1.983467920607313340e-12,2.174601785188443642e-12,5.425521513921875871e-10,3.416412280409089910e-14,2.704564051502224671e-13,3.816631755376779389e-14,4.638760408551617053e-14,7.182511960566493287e-09,1.254370426403087995e-18,7.574014580157019735e-12,2.837213106037910677e-07,1.621342556190005795e-22,4.924557786685920392e-32
6.229999999999999982e-01,1.248662312478113798e-04,6.221778689873661851e-05,2.463256707626251230e-06,2.186278633471144823e-08,3.252397511921292700e-07,5.957423875100608941e-05,4.318439996279864676e-13,1.444951236582032511e-08,2.067742144274540407e-12,2.294690623712781099e-12,5.376352947291204205e-10,3.537827440352979094e-14,2.851098929176182804e-13,3.955318144440974593e-14,4.660615697812386527e-14,6.144374997405595046e-09,1.073090189985777527e-18,7.715988864935267658e-12,2.427019133434386939e-07,1.546219856936310419e-22,4.938371191307684428e-32
6.234999999999999432e-01,1.060537399232973924e-04,5.228827365093787253e-05,2.440459138214037153e-06,2.226481132232385997e-08,3.390186546226130125e-07,5.073893024587365944e-05,4.755316157573682022e-13,1.230669286339264256e-08,2.155761921981096913e-12,2.418808171914256470e-12,5.326611732259840607e-10,3.660636599021435638e-14,3.027309399906657645e-13,4.095722498149563062e-14,4.681192788054953764e-14,5.233342089158061294e-09,9.140115588992333700e-19,7.857874989783444168e-12,2.067073911170239162e-07,1.480616420570313152e-22,4.950810790115242452e-32
6.239999999999999991e-01,9.040543859299333030e-05,4.404989572688968510e-05,2.417421171686227306e-06,2.266702487952368333e-08,3.530029211667500352e-07,4.337022933586318633e-05,5.236969769830996336e-13,1.051980892313433379e-08,2.247198318408239097e-12,2.546728662443997317e-12,5.276347703445173310e-10,3.785948572492482726e-14,3.236379585525226702e-13,4.239216742923542260e-14,4.700510744440055995e-14,4.473460907669869539e-09,7.813329936453615087e-19,7.999826487944083145e-12,1.766877395608838101e-07,1.426391683468527413e-22,4.962563946800647688e-32
6.245000000000000551e-01,7.780921941697520306e-05,3.742120906059555601e-05,2.394161471871335575e-06,2.306964847795895159e-08,3.671884708435373512e-07,3.743759250264293081e-05,5.766653277064637096e-13,9.081358785568385602e-09,2.341890072484115903e-12,2.677980660666327429e-12,5.225598041859699696e-10,3.916852896229399337e-14,3.480874900038936348e-13,4.389382220503947951e-14,4.719048847514416911e-14,3.861600236464632768e-09,6.745053376202320191e-19,8.141921658455372214e-12,1.525185269189565449e-07,1.383412673639123274e-22,4.974610954730287667e-32
6.250000000000000000e-01,6.784300568784327036e-05,3.217464812750784708e-05,2.370693164539798637e-06,2.347271203515157812e-08,3.815724906833291406e-07,3.274735421516593683e-05,6.347895920950030737e-13,7.944267784569603313e-09,2.440020419556139990e-12,2.811945710569395486e-12,5.174388818619458173e-10,4.057374580613055859e-14,3.762659249195006867e-13,4.550798407591644893e-14,4.737777110238231233e-14,3.377818512270838675e-09,5.900431426447876308e-19,8.284171380643414906e-12,1.334107720793862003e-07,1.350362010829077886e-22,4.988246885488046394e-32
6.254999999999999449e-01,5.994943915557565851e-05,2.802283328680936313e-05,2.347024987402079599e-06,2.387610181792262247e-08,3.961521523016739421e-07,2.903071809531026376e-05,6.984501604144977503e-13,7.043252830259267815e-09,2.542219298536293855e-12,2.948004245560742573e-12,5.122737805547455919e-10,4.211036278472287640e-14,4.082905506284276345e-13,4.727408983594093733e-14,4.758048375897767308e-14,2.994429663915167955e-09,5.231086754038573747e-19,8.426535947015604085e-12,1.182694151939585624e-07,1.325413318348272608e-22,5.004978300649275889e-32
6.260000000000000009e-01,5.356666993819400607e-05,2.468152966747559298e-05,2.323162641967073984e-06,2.427961359085059390e-08,4.109231782144508654e-07,2.601128949485565796e-05,7.680472725892689284e-13,6.311217998885383463e-09,2.649555998065985473e-12,3.085683231103609915e-12,5.070657428690384566e-10,4.379533342448783384e-14,4.442260578247458603e-13,4.921038730299947222e-14,4.781377043021442327e-14,2.682959794079028712e-09,4.687275160369212030e-19,8.568943729141742771e-12,1.059684412782998329e-07,1.306717479478478330e-22,5.026318017042738284e-32
6.265000000000000568e-01,4.821225992543534721e-05,2.190868757562704019e-05,2.299110024445712634e-06,2.468299729445285488e-08,4.258789168393332964e-07,2.344974073667984441e-05,8.439883214507363800e-13,5.690094630217424311e-09,2.763422884837787864e-12,3.224757342183088048e-12,5.018157217004241119e-10,4.562007788239839348e-14,4.841187778578540468e-13,5.130604620379431665e-14,4.809159432148813578e-14,2.418747871739139349e-09,4.225924449445738210e-19,8.711306856112371736e-12,9.553284371298267649e-08,1.292693340007437064e-22,5.053531041692269436e-32
6.270000000000000018e-01,4.352460069740979483e-05,1.952249371617299667e-05,2.274870199205032393e-06,2.508598689387735591e-08,4.410104010227358220e-07,2.116707394195985729e-05,9.266746666694410301e-13,5.136481254009234429e-09,2.885349308430469322e-12,3.365268502470656214e-12,4.965245537282138221e-10,4.755211173332056799e-14,5.280441599212993970e-13,5.352337349585328363e-14,4.842408818192116924e-14,2.183342333217427217e-09,3.814820447189553511e-19,8.853531679442340660e-12,8.623339564608019609e-08,1.282151442379722906e-22,5.087402659226383346e-32
6.274999999999999467e-01,3.927058161888491200e-05,1.740328196629177226e-05,2.250446117964285158e-06,2.548831574325197991e-08,4.563074563913254339e-07,1.905035119176944753e-05,1.016493348216043401e-12,4.623023956221781711e-09,3.016812774101372402e-12,3.507453732837505702e-12,4.911930722277281493e-10,4.954538644979324595e-14,5.761556043357278916e-13,5.580980536399195924e-14,4.881579596885083642e-14,1.965092680136344005e-09,3.433637232969427697e-19,8.995524158969810042e-12,7.760999440529102075e-08,1.274298826472418018e-22,5.128100872147380056e-32
6.280000000000000027e-01,3.533001210315240588e-05,1.548478117142272360e-05,2.225841156404216553e-06,2.588972248140942156e-08,4.717604621682175856e-07,1.704589674541275246e-05,1.113817922954127696e-12,4.136754334050299655e-09,3.159121164874878995e-12,3.651600741811910307e-12,4.858221839923413961e-10,5.155604075448469135e-14,6.287179041897332854e-13,5.811585080389189746e-14,4.926538081500472103e-14,1.758451521021882396e-09,3.072712789542540502e-19,9.137191945010103717e-12,6.944396783676543462e-08,1.268678015944136045e-22,5.175188072663578114e-32
6.285000000000000586e-01,3.166711131381950382e-05,1.373985543684831881e-05,2.201059537254561411e-06,2.628995418156569883e-08,4.873620481204774754e-07,1.514510705076332916e-05,1.219019709404451269e-12,3.675634301287915022e-09,3.313420943988309776e-12,3.797875043466547394e-12,4.804129322554780517e-10,5.355821262498121264e-14,6.861090906053808872e-13,6.041290771413551197e-14,4.976703800426219867e-14,1.562515583315427426e-09,2.730494681380889953e-19,9.278445526291800200e-12,6.170026522565036962e-08,1.265086565972817063e-22,5.227802708597455528e-32
6.290000000000000036e-01,2.829786689931635668e-05,1.216496383792329937e-05,2.176106659908548211e-06,2.668877214662378718e-08,5.031079835082075382e-07,1.336742380266372809e-05,1.332486902715922876e-12,3.244415687250515628e-09,3.480846428130601962e-12,3.946173414366525668e-12,4.749665536456262906e-10,5.555435227135949246e-14,7.487817130387791697e-13,6.270470298164259392e-14,5.031340854681768689e-14,1.379274243310808808e-09,2.410475713433256476e-19,9.419200336585491132e-12,5.445809062023534854e-08,1.263508694151010354e-22,5.284986836483037913e-32
6.294999999999999485e-01,2.525982978622896255e-05,1.076634321158632287e-05,2.150989300280418272e-06,2.708596225809190479e-08,5.189968054703045413e-07,1.174401821738963773e-05,1.454645652728522075e-12,2.850677160775690365e-09,3.662776890709836492e-12,4.096052062614306909e-12,4.694845216194495396e-10,5.757623572875739907e-14,8.171872980437199020e-13,6.502814488801434197e-14,5.089933861228490123e-14,1.211930442269921189e-09,2.118258106895635153e-19,9.559380479089087263e-12,4.784443357320926180e-08,1.264072120982507813e-22,5.346090009169629425e-32
6.300000000000000044e-01,2.258846157527539484e-05,9.549654398127264355e-06,2.125715617454542485e-06,2.748134772349461578e-08,5.350282381178046091e-07,1.030455225692493543e-05,1.585975618352707503e-12,2.501612794750593206e-09,3.861128066880426032e-12,4.246755423514626923e-12,4.639685600709932388e-10,5.967603769491752194e-14,8.916821533360728483e-13,6.744296158352803938e-14,5.152549664861011917e-14,1.063537306776452380e-09,1.859171798815381032e-19,9.698923292537795205e-12,4.198013515651754326e-08,1.267026166398062452e-22,5.411146665808067773e-32
6.305000000000000604e-01,2.030187050213583646e-05,8.513713481746327925e-06,2.100294924424655141e-06,2.787479914794507272e-08,5.512009673658285797e-07,9.068225359180366387e-06,1.727013548240894565e-12,2.201864584255760103e-09,4.078587676655956781e-12,4.397339780550521449e-12,4.584206134330078707e-10,6.191030115340498480e-14,9.724435159841952588e-13,7.001341228977709853e-14,5.220076214227094067e-14,9.360749385845472898e-10,1.636664144386133497e-19,9.837782954861324100e-12,3.694341284232055983e-08,1.272725703468710295e-22,5.481115294180209908e-32
6.310000000000000053e-01,1.839391542213382233e-05,7.648067245253465469e-06,2.074737242029778300e-06,2.826623632009389527e-08,5.675106441678354866e-07,8.039325067976624571e-06,1.878342035522416150e-12,1.952450121700015734e-09,4.318718779777891849e-12,4.546854985519300482e-12,4.528427722769782044e-10,6.432222218376856977e-14,1.059427283851239382e-12,7.278823328154774595e-14,5.294251153298706306e-14,8.299901786181487960e-10,1.451500090793625016e-19,9.975931135923760222e-12,3.275173398609473223e-08,1.281602576049725283e-22,5.557890714193279377e-32
6.314999999999999503e-01,1.683435345860245607e-05,6.933612017040781947e-06,2.049052730064391284e-06,2.865561824573575180e-08,5.839489510786494884e-07,7.206759408361213287e-06,2.040565731223532056e-12,1.750656619940995831e-09,4.585897391030163087e-12,4.694527559169817299e-12,4.472371700460975408e-10,6.692842262274590030e-14,1.152389587321441538e-12,7.578578687274688405e-14,5.377444050806788213e-14,7.441460987063959774e-10,1.301678658916105359e-19,1.011335347333428191e-11,2.935991070047220020e-08,1.294112021823134212e-22,5.644055062619550463e-32
6.320000000000000062e-01,1.557397724088449204e-05,6.345189270882208612e-06,2.023251141287304548e-06,2.904292200848319281e-08,6.005041826289025215e-07,6.546587324587467641e-06,2.214282256437584632e-12,1.590660712903684803e-09,4.885108548925499597e-12,4.839886289198095741e-12,4.416058790045627217e-10,6.971500386440768015e-14,1.250975485837196935e-12,7.898978781693182648e-14,5.472227129683935366e-14,6.760805082514036746e-10,1.182888591392562093e-19,1.025004207947622589e-11,2.667040866812515047e-08,1.310654284559003146e-22,5.742407303232770492e-32
6.325000000000000622e-01,1.455247225476443066e-05,5.855073381882898824e-06,1.997341445638398797e-06,2.942811542575967906e-08,6.171632012454649800e-07,6.026367500556849486e-06,2.400057970340127109e-12,1.464586564913459647e-09,5.221678138143633512e-12,4.982788377099427901e-12,4.359508355123818067e-10,7.264459477380794961e-14,1.354854427239185751e-12,8.235748548570898667e-14,5.580840595858498620e-14,6.224524840966153345e-10,1.089290853015823158e-19,1.038598584180774567e-11,2.455106395518644128e-08,1.331486410580869392e-22,5.855385230328284839e-32
6.330000000000000071e-01,1.370691168970386103e-05,5.436428555619731321e-06,1.971331718147967070e-06,2.981113144174556246e-08,6.339140696173218272e-07,5.610171627598450563e-06,2.598418309436995008e-12,1.363721953147299521e-09,5.601046595433380100e-12,5.123335264055235210e-12,4.302738148018985566e-10,7.567235854994070992e-14,1.463861835712806448e-12,8.583794876631854892e-14,5.704707067670677488e-14,5.795583652245068151e-10,1.014420396594719064e-19,1.052116133070156566e-11,2.285550676465348511e-08,1.356650543558612064e-22,5.984543857670728680e-32
6.334999999999999520e-01,1.297925895540736848e-05,5.066077901063026730e-06,1.945229294334900087e-06,3.019185247618130541e-08,6.507483568460543521e-07,5.263294587637605771e-06,2.809858379885450852e-12,1.279658089819094851e-09,6.028682934266090740e-12,5.261702745637262504e-12,4.245764574464568925e-10,7.876579045859781456e-14,1.578097434115481518e-12,8.939457614199013623e-14,5.844155421325047064e-14,5.438175726457307999e-10,9.520332182527305976e-20,1.065552722721203681e-11,2.144235045895210038e-08,1.385947842206534451e-22,6.130259230694353120e-32
6.340000000000000080e-01,1.232183006852008642e-05,4.726227869291829044e-06,1.919041107339548300e-06,3.057011023277286328e-08,6.676622017855000017e-07,4.955974562638035521e-06,3.034872918909356103e-12,1.205187667764185619e-09,6.510193481232448605e-12,5.397938397119947953e-12,4.188603312629792302e-10,8.192171256984692830e-14,1.697938783226247409e-12,9.302436032642291963e-14,5.998468785994375626e-14,5.121572432230870538e-10,8.967752345495198241e-20,1.078902422273795710e-11,2.019034709149531335e-08,1.418978903297170765e-22,6.291777975647029882e-32
6.345000000000000639e-01,1.170026037378605902e-05,4.405069406289248788e-06,1.892774068177979053e-06,3.094570159482257279e-08,6.846556711987344807e-07,4.665748441425201145e-06,3.273997746842846581e-12,1.134871684578535751e-09,7.051612792769350602e-12,5.531791210061439740e-12,4.131270013182015634e-10,8.517467446323814072e-14,1.823952723035338281e-12,9.676735815418973948e-14,6.166281660790418769e-14,4.822566518680589053e-10,8.446057010981678421e-20,1.092158061765904182e-11,1.900798322228803268e-08,1.455253445959084014e-22,6.467637989006779686e-32
6.350000000000000089e-01,1.109403259027755391e-05,4.096394889375860556e-06,1.866435354948425078e-06,3.131841587313476998e-08,7.017306020929478214e-07,4.378360755103838958e-06,3.527849896375953009e-12,1.065256538495360527e-09,7.659797219125962016e-12,5.662629393140511604e-12,4.073780815111612907e-10,8.859376529489245220e-14,1.956721476597111895e-12,1.007029859949192260e-13,6.346240662750078051e-14,4.526424960893034465e-10,7.929605337145178397e-20,1.105312194859301341e-11,1.783718288807943062e-08,1.494348988866673327e-22,6.656369271311417343e-32
6.354999999999999538e-01,1.049499989516479242e-05,3.798508035617025978e-06,1.840032534174770664e-06,3.168806473407599455e-08,7.188877126593287644e-07,4.087381280255492977e-06,3.797152734262842200e-12,9.947799151738271310e-10,8.342798966053322505e-12,5.789474947236525281e-12,4.016152530434415335e-10,9.226871313893365792e-14,2.096633058120657314e-12,1.049341435178541715e-13,6.537746408501695065e-14,4.226505847709331679e-10,7.406834498004113158e-20,1.118358157975491607e-11,1.665174974943030545e-08,1.536077880908558384e-22,6.857281877437638625e-32
6.360000000000000098e-01,9.904555840243871700e-06,3.512760433397236852e-06,1.813573519798925989e-06,3.205450507977601395e-08,7.361240676240779798e-07,3.792846977337087744e-06,4.082736323597289824e-12,9.234422860590860868e-10,9.110097538525477695e-12,5.911146409175213221e-12,3.958402520684291528e-10,9.628979448863325417e-14,2.243705123024138098e-12,1.095643021179760140e-13,6.741545009073773812e-14,3.922861812548386132e-10,6.877816689011790870e-20,1.131290881775993593e-11,1.545183442355427084e-08,1.580612086672178169e-22,7.071096495835173898e-32
6.365000000000000657e-01,9.330167898963826362e-06,3.242034349815616099e-06,1.787066444380953960e-06,3.241764741026115857e-08,7.534318672210058649e-07,3.499322630629260599e-06,4.385511091879851249e-12,8.523392743984597331e-10,9.972609352080749689e-12,6.026466023624666420e-12,3.900548428176217683e-10,1.007282614983256247e-13,2.397508585737690435e-12,1.146751793069704290e-13,6.959959490544723768e-14,3.620235888975336007e-10,6.350770386366111646e-20,1.144107190434992769e-11,1.425603363055935512e-08,1.628520779243939593e-22,7.300196238209650504e-32
6.370000000000000107e-01,8.781929867964755033e-06,2.989426571784280568e-06,1.760519541353724738e-06,3.277744703833850766e-08,7.707990342501609999e-07,3.213778326305062289e-06,4.706422160291391908e-12,7.831505590152804018e-10,1.094247206172725003e-11,6.134466071568839843e-12,3.842607968836474705e-10,1.056239568613953431e-13,2.557230306262339829e-12,1.203125922477777592e-13,7.196645761138445125e-14,3.325861853026938205e-10,5.838241381360338615e-20,1.156805495036134565e-11,1.309274314337338351e-08,1.680697471987534531e-22,7.548377466002226222e-32
6.374999999999999556e-01,8.269639103619684707e-06,2.757295220857392874e-06,1.733941107179262419e-06,3.313388128323463815e-08,7.882113906633764594e-07,2.943626431976368445e-06,5.046399275805945709e-12,7.176673030055819850e-10,1.203268220093343782e-11,6.234528441907545862e-12,3.784598921773604674e-10,1.109845052672969987e-13,2.721869633939421839e-12,1.264855087814937271e-13,7.455901517476694019e-14,3.047425679711411759e-10,5.353569744538970029e-20,1.169384990752260813e-11,1.199216053835339939e-08,1.738185964948911658e-22,7.820128709579435243e-32
6.380000000000000115e-01,7.800710644512167560e-06,2.546732788040322623e-06,1.707339545087955191e-06,3.348692044397680758e-08,8.056556093759562974e-07,2.695166589455078484e-06,5.406320299797172023e-12,6.574173454966062062e-10,1.325672340264965017e-11,6.326412342157190464e-12,3.726539301859486839e-10,1.167966781331905906e-13,2.890515553854358674e-12,1.331790107274448733e-13,7.741706978625547173e-14,2.791448476163567714e-10,4.908090109222083129e-20,1.181844632794004213e-11,1.097995017484588795e-08,1.801948143075558861e-22,8.119625064616689151e-32
6.385000000000000675e-01,7.379041624964714835e-06,2.357441961516149411e-06,1.680723423942135484e-06,3.383650233635324360e-08,8.231218345718308942e-07,2.472576109350526688e-06,5.787003141412326880e-12,6.034208044715045241e-10,1.462833469860918993e-11,6.410160828787598121e-12,3.668447554318506624e-10,1.230464713658455930e-13,3.062616542885450003e-12,1.403772585566156402e-13,8.056783534180390966e-14,2.562236379007530233e-10,4.509313299640623063e-20,1.194182236472197298e-11,1.007313012072918624e-08,1.872640339842728503e-22,8.449738356429031164e-32
6.390000000000000124e-01,7.004767791925652842e-06,2.187928024273504672e-06,1.654101455057242333e-06,3.418251880610884916e-08,8.406049975870589129e-07,2.277474736337140764e-06,6.189232410335251426e-12,5.560829716754668444e-10,1.616152654747906018e-11,6.485916099064325102e-12,3.610342547689297067e-10,1.297414643591915684e-13,3.238148060684063080e-12,1.480891333386068446e-13,8.401979453208779500e-14,2.361429826519017652e-10,4.160142518700641498e-20,1.206393998667622987e-11,9.278299041964526623e-09,1.950469366107314473e-22,8.811387961017021023e-32
6.394999999999999574e-01,6.674730009682251720e-06,2.035887941939847479e-06,1.627482317991387055e-06,3.452481842437717954e-08,8.581043607920997119e-07,2.109002352676780285e-06,6.613815456293632754e-12,5.152100065172509140e-10,1.787086803212562282e-11,6.553703414951221493e-12,3.552243209066115113e-10,1.369281479233048056e-13,3.417608566114246934e-12,1.563681867104055253e-13,8.776214159875471281e-14,2.188089489156922777e-10,3.859014464322397222e-20,1.218474589772329019e-11,8.591952781537634736e-09,2.035180734791814223e-22,9.203476040787965344e-32
6.400000000000000133e-01,6.383401088666037545e-06,1.898670993916444594e-06,1.600874346037464800e-06,3.486322402394398476e-08,8.756214989694609548e-07,1.964285432489406818e-06,7.061651707963134953e-12,4.801181459420305053e-10,1.977197011860209631e-11,6.613254217614027503e-12,3.494167825793374848e-10,1.446984437546971072e-13,3.601828371340161677e-12,1.653202419332566782e-13,9.177050193701928376e-14,2.039189393610827358e-10,3.600742203313380178e-20,1.230417769471108801e-11,8.002384690100269008e-09,2.126193838978687931e-22,9.623480789765270529e-32
6.405000000000000693e-01,6.124010107242593274e-06,1.773703568931569674e-06,1.574285177855007999e-06,3.519755877822183025e-08,8.931575117408616117e-07,1.839136588127652577e-06,7.533793198651693360e-12,4.497997168090696008e-10,2.188201214027806185e-11,6.663926745940024284e-12,3.436133251888362250e-10,1.531831169643424244e-13,3.791640279625782146e-12,1.750959428893178781e-13,9.601761116161077672e-14,1.910353672556636537e-10,3.377779132540695205e-20,1.242217304728419794e-11,7.492535557908481607e-09,2.222852521871984439e-22,1.006857060449819024e-31
6.410000000000000142e-01,5.889632484390331419e-06,1.658803440411092289e-06,1.547721544546207747e-06,3.552767184325605042e-08,9.107105274855923282e-07,1.728829626308215778e-06,8.031475399452476505e-12,4.231086999791331791e-10,2.422013161984773980e-11,6.704751113334357775e-12,3.378154397995919550e-10,1.625340851488226922e-13,3.987514784916491367e-12,1.858704778506053924e-13,1.004858800566553021e-13,1.796670529627313355e-10,3.181619080826760259e-20,1.253867873510335699e-11,7.043151161096584880e-09,2.324719216706079258e-22,1.053691771901269350e-31
6.414999999999999591e-01,5.674074499132350116e-06,1.552347513704570931e-06,1.521189351153117040e-06,3.585345502309334046e-08,9.282744129970128396e-07,1.628814352885198077e-06,8.556106141222009604e-12,3.989335688811986381e-10,2.680753443988091773e-11,6.734585477064543144e-12,3.320244362195419120e-10,1.729013428568688170e-13,4.189285255411664266e-12,1.978170000625864765e-13,1.051778783842544529e-13,1.693439644367497551e-10,3.004086431318315468e-20,1.265365653026483621e-11,6.635694335725512921e-09,2.431820583321368844e-22,1.102879581066963121e-31
6.420000000000000151e-01,5.472454482530935885e-06,1.453293590786618705e-06,1.494694117595172787e-06,3.617484523890578660e-08,9.458391121196460633e-07,1.535272758229695015e-06,9.109214049429109701e-12,3.763337138246033234e-10,2.966727394855346561e-11,6.752333836886079677e-12,3.262415352851065293e-10,1.844121100570521676e-13,4.396068782675303454e-12,2.110824940396704523e-13,1.101211137544819149e-13,1.596748881362041870e-10,2.838337586988394249e-20,1.276708408162882761e-11,6.254610833204871527e-09,2.544760821960779827e-22,1.154708166919473452e-31
6.425000000000000711e-01,5.281454856587145339e-06,1.361085064909543352e-06,1.468241694406547678e-06,3.649181254478944946e-08,9.633924023016918847e-07,1.445462380986012716e-06,9.692372138039968651e-12,3.546259565198438913e-10,3.282376395847208010e-11,6.757155998789020478e-12,3.204680225403777991e-10,1.971592184897725269e-13,4.606429215672415911e-12,2.257742129136026903e-13,1.153650521900817774e-13,1.503823462084902520e-10,2.679475357942255542e-20,1.287895070676608555e-11,5.888728142763078734e-09,2.664655293120871649e-22,1.209694530175445017e-31
6.430000000000000160e-01,5.099278511421917391e-06,1.275484245403249546e-06,1.441839022576021154e-06,3.680433829522727724e-08,9.809223321696313846e-07,1.357835654468653905e-06,1.030712205444208972e-11,3.334176629933904381e-10,3.630219086925995354e-11,6.748602950410088347e-12,3.147054132718493409e-10,2.112028181580417658e-13,4.818747740025790090e-12,2.419614785972249676e-13,1.209707033984126926e-13,1.413137093430169010e-10,2.524756455029469179e-20,1.298924971170909866e-11,5.531741675174543674e-09,2.792891964346023284e-22,1.268476171907653644e-31
6.434999999999999609e-01,4.925383237383275168e-06,1.196384554532455683e-06,1.415494631935956949e-06,3.711239117709226594e-08,9.984193864662190695e-07,1.271959853831606160e-06,1.095492613954099288e-11,3.125914175674749941e-10,4.012803665684653881e-11,6.726635450738978745e-12,3.089555621627336158e-10,2.265851386997312867e-13,5.031690167750501910e-12,2.596926312616458906e-13,1.269955520072250644e-13,1.324313215646498570e-10,2.373438007807444376e-20,1.309796995522706874e-11,5.181888606933823854e-09,2.930784865284807998e-22,1.331653523693927989e-31
6.440000000000000169e-01,4.760087153198529116e-06,1.123645776683586250e-06,1.389218615669477107e-06,3.741590919355159757e-08,1.015877587957269835e-06,1.188287231055593389e-06,1.163716675621996111e-11,2.922522931900463462e-10,4.432689675946955458e-11,6.691521944703803726e-12,3.032206599390308505e-10,2.433536855357036063e-13,5.244616516274152836e-12,2.790218555052598886e-13,1.334783489996648322e-13,1.237871347408735242e-10,2.226354883326312664e-20,1.320508950730305115e-11,4.841011405785255344e-09,3.079223613314724093e-22,1.399630882482010259e-31
6.445000000000000728e-01,4.604138133970900336e-06,1.056983092820604115e-06,1.363021981891346242e-06,3.771479331939934993e-08,1.033294206725538850e-06,1.107837756039207843e-06,1.235519724731198747e-11,2.726521222962804892e-10,4.892468024126714695e-11,6.643651324076284246e-12,2.975030948359220983e-10,2.615853330565147273e-13,5.457785895797857428e-12,3.000371780043910573e-13,1.404286588673248884e-13,1.154886878115550979e-10,2.085342884913034403e-20,1.331057341746543905e-11,4.513265330543289071e-09,3.238431806103022772e-22,1.472507114621894097e-31
6.450000000000000178e-01,4.458325505667344046e-06,9.959237300755546687e-07,1.336915517548118329e-06,3.800891435881910331e-08,1.050668308115893352e-06,1.031858250675621200e-06,1.311043115395289477e-11,2.541059354704443438e-10,5.394814476594290010e-11,6.583323569187358928e-12,2.918052077648123615e-10,2.814033026827152313e-13,5.672269921453245807e-12,3.228803154050353014e-13,1.478248637047872496e-13,1.076633251449353620e-10,1.952624721400583699e-20,1.341437613246861761e-11,4.203729770912503805e-09,3.407919561916158403e-22,1.550054895110316672e-31
6.454999999999999627e-01,4.323188312473189364e-06,9.398285155647998540e-07,1.310908518291193200e-06,3.829813003038276573e-08,1.067998803170672249e-06,9.615136719679275915e-07,1.390444197215752429e-11,2.369142870949742014e-10,5.942559244123563572e-11,6.510587899206887706e-12,2.861290177654383713e-10,3.029812055748368240e-13,5.889583792516493570e-12,3.477515415617296263e-13,1.556218365669105804e-13,1.004265624782514818e-10,1.830259791671385042e-20,1.351644751452961971e-11,3.917150572652326632e-09,3.586658220963599651e-22,1.631801180538629193e-31
6.460000000000000187e-01,4.198846941754975986e-06,8.879625022415853789e-07,1.285007848371209720e-06,3.858230601507387038e-08,1.085282804125760353e-06,8.976517182061162359e-07,1.473904000783273212e-11,2.213020993051533686e-10,6.538748095549306222e-11,6.425181695014638655e-12,2.804760185568811097e-10,3.265325306077666227e-13,6.111144577983027723e-12,3.748976019932382761e-13,1.637664396755683968e-13,9.385880908527480244e-11,1.719730830023946324e-20,1.361674025219475668e-11,3.656981084204680829e-09,3.773434930140587283e-22,1.717189591886235016e-31
6.465000000000000746e-01,4.084958739579983150e-06,8.395910295534806991e-07,1.259217736711571324e-06,3.886133368921003295e-08,1.102514894671559546e-06,8.406639167173151744e-07,1.561629841085362331e-11,2.073805795116199107e-10,7.186671706244729397e-11,6.326589742406037551e-12,2.748471345708926062e-10,3.522888188527518275e-13,6.337735693926053106e-12,4.045863729305814885e-13,1.722163400824965490e-13,8.799260928854215448e-11,1.621706444455084826e-20,1.371521609902833578e-11,3.424816264918351459e-09,3.967283624477603153e-22,1.805777483394264252e-31
6.470000000000000195e-01,3.980777188337274026e-06,7.940757010954070352e-07,1.233540489789294887e-06,3.913513875343759034e-08,1.119687499901960621e-06,7.904479012597866956e-07,1.653851607301999361e-11,1.951343640003189699e-10,7.889849709072334578e-11,6.214203617672738399e-12,2.692428758645805284e-10,3.804736702822525655e-13,6.569167864557905352e-12,4.370765543196704641e-13,1.809562608666356336e-13,8.281052884673819045e-11,1.535984469312653477e-20,1.381184890107922324e-11,3.220239028627379447e-09,4.167857341164961408e-22,1.897406073985677618e-31
6.474999999999999645e-01,3.885280554078096720e-06,7.509482389313889041e-07,1.207977976670299587e-06,3.940367834893225462e-08,1.136792074361814898e-06,7.464593062814416776e-07,1.750812600213918292e-11,1.844319294219794932e-10,8.651971174618184304e-11,6.087528547103458239e-12,2.636636605445664110e-10,4.112813245762991959e-13,6.804271506016503540e-12,4.725926033240555789e-13,1.900062298127035193e-13,7.825208238765859581e-11,1.461591874986499165e-20,1.390662356635537979e-11,3.041031670323706366e-09,4.375617013287463715e-22,1.992286673617904710e-31
6.480000000000000204e-01,3.797330513707194675e-06,7.099475566766461319e-07,1.182533431773080559e-06,3.966692828550146517e-08,1.153820515399053163e-06,7.078295961404574613e-07,1.852757709471336596e-11,1.750540221711372977e-10,9.476808833667864660e-11,5.946370512121585195e-12,2.581102059096448681e-10,4.448672228028238286e-13,7.041248140683364447e-12,5.113136035903677829e-13,1.994186194925396318e-13,7.422689498324572431e-11,1.396996373886027108e-20,1.399953155190711288e-11,2.883655894295696201e-09,4.591763172318651738e-22,2.090969432161796828e-31
6.485000000000000764e-01,3.715823687693683261e-06,6.710147357193232439e-07,1.157212948565026533e-06,3.992486530927220522e-08,1.170766174278915441e-06,6.735194544046833742e-07,1.959922809053637120e-11,1.667327688872921870e-10,1.036813466933006024e-10,5.790944313949378383e-12,2.525838520067610083e-10,4.813540389570936659e-13,7.278283534230295175e-12,5.533802110958745743e-13,2.092641790478037037e-13,7.063073141818824914e-11,1.340374778075120936e-20,1.409056460833021396e-11,2.743877698466491032e-09,4.817915224789433596e-22,2.194196740939268326e-31
6.490000000000000213e-01,3.639807643646985953e-06,6.342498589495840924e-07,1.132026083237780556e-06,4.017745081245711617e-08,1.187624075998273699e-06,6.424764466051922214e-07,2.072529057762384150e-11,1.591934451634373827e-10,1.132966551960156460e-10,5.621870730696032512e-12,2.470866913126007617e-10,5.208514159115612907e-13,7.514225993344813464e-12,5.989176672569086050e-13,2.196108078343111302e-13,6.736111738674949006e-11,1.289883697294992205e-20,1.417970904045568619e-11,2.617409658393283651e-09,5.055624469462957035e-22,2.302680621148234173e-31
6.494999999999999662e-01,3.568545390703813144e-06,5.998421030020635925e-07,1.106985256252725447e-06,4.042462161590022934e-08,1.204390349810959821e-06,6.137699997186501413e-07,2.190784307973311599e-11,1.521915680791598861e-10,1.236505812594388145e-10,5.440068280029134609e-12,2.416214368415792067e-10,5.634828101094070807e-13,7.749096887928962608e-12,6.480671898339313728e-13,2.305013772749171930e-13,6.432991876812321610e-11,1.243887682848182274e-20,1.426694246928311205e-11,2.500460796459721276e-09,5.305865669456663126e-22,2.416870219163491359e-31
6.500000000000000222e-01,3.501525829719593716e-06,5.679889092341453231e-07,1.082104051029420802e-06,4.066629076635452292e-08,1.221061234303999734e-06,5.866849606832356244e-07,2.314891484923318513e-11,1.455397927814627845e-10,1.347795634274031484e-10,5.246579737155651230e-12,2.361910505931121378e-10,6.094101392596817582e-13,7.984244349978677887e-12,7.010148437627007645e-13,2.419375887598069254e-13,6.147125335227213280e-11,1.201115425843136893e-20,1.435223413038819038e-11,2.390117706633366581e-09,5.568667566872158892e-22,2.536782661077193891e-31
6.505000000000000782e-01,3.438429323563303742e-06,5.388209343116152190e-07,1.057394921433159445e-06,4.090235767285514949e-08,1.237632192601815330e-06,5.607651892169215674e-07,2.445061360847929822e-11,1.391216064810618422e-10,1.467207454173642099e-10,5.042393901504579449e-12,2.307982440288961731e-10,6.588473778384174261e-13,8.222065129365401189e-12,7.580074950213187286e-13,2.538753359901498725e-13,5.874424952486345578e-11,1.160732381632365732e-20,1.443554846696322843e-11,2.284522130158134251e-09,5.843007753345121556e-22,2.661954578585765800e-31
6.510000000000000231e-01,3.379065367555950304e-06,5.123470184141255659e-07,1.032867079151318203e-06,4.113272361012151403e-08,1.254097584786571005e-06,5.358087063770474481e-07,2.581525453669249934e-11,1.328915028933219942e-10,1.595128717635909059e-10,4.828322663793103109e-12,2.254450186605924220e-10,7.120578428013825329e-13,8.465367817997390910e-12,8.193496580150314084e-13,2.662336832935884492e-13,5.613120200846283326e-11,1.122334543968175905e-20,1.451685061254165088e-11,2.182851184614494513e-09,6.127020160038537725e-22,2.791536417256135617e-31
6.514999999999999680e-01,3.323302147524694843e-06,4.884283971958935698e-07,1.008525329890251575e-06,4.135730677706878280e-08,1.270451046021522929e-06,5.118240060965892445e-07,2.724544460954360935e-11,1.268636787538356763e-10,1.731969029984589716e-10,4.604972879881366026e-12,2.201324141696201613e-10,7.693355333096627380e-13,8.716582454762361316e-12,8.853816458344313779e-13,2.789153504805165370e-13,5.363241625372691763e-11,1.085880181823365983e-20,1.459611170999398431e-11,2.085139386998430463e-09,6.418466477774618930e-22,2.924507381413627286e-31
6.520000000000000240e-01,3.271005658719870523e-06,4.667850158408196251e-07,9.843703443735930365e-07,4.157605132506789971e-08,1.286686355225617868e-06,4.889620149429409583e-07,2.874408888096253587e-11,1.210929341394463074e-10,1.878160859790607821e-10,4.372819399179159757e-12,2.148605696273374025e-10,8.309766310456215970e-13,8.977088748789562291e-12,9.564461837812999480e-13,2.918328125550223917e-13,5.125937622190658066e-11,1.051582699748963418e-20,1.467331209465456037e-11,1.992001481101322871e-09,6.715335992474267883e-22,3.059949216579982821e-31
6.525000000000000799e-01,3.222000232336662794e-06,4.470304177519487647e-07,9.604003701009517319e-07,4.178892698462708430e-08,1.302798324009293541e-06,4.674394716341860570e-07,3.031431003723301809e-11,1.156521855552122194e-10,2.034153909066839608e-10,4.132351422434529089e-12,2.096290986342325537e-10,8.972510781465730915e-13,9.246909620479789967e-12,1.032855127780929032e-12,3.049320112115088729e-13,4.902781300719405623e-11,1.019788456938953240e-20,1.474844115236449656e-11,1.904320317091520547e-09,7.016389918707088833e-22,3.197294899092730902e-31
6.530000000000000249e-01,3.176054737536522096e-06,4.287264978713583570e-07,9.366138747943147727e-07,4.199591934963598850e-08,1.318783211351321482e-06,4.474676454604320783e-07,3.195930168899531143e-11,1.106108344260154992e-10,2.200404435607334337e-10,3.884240820323326086e-12,2.044376669206406518e-10,9.683845474419364439e-13,9.524901684674461797e-12,1.114868393940089332e-12,3.182059983183309371e-13,4.695188446857889399e-11,9.908597467632051016e-21,1.482149387539177736e-11,1.822956483063400444e-09,7.321473861553385319e-22,3.336471700727997979e-31
6.534999999999999698e-01,3.132891547096701137e-06,4.114463159957148325e-07,9.130122477347796339e-07,4.219701434621334355e-08,1.334638391364102756e-06,4.291963844556614970e-07,3.368215956818926998e-11,1.060173710516286722e-10,2.377362644447080781e-10,3.629475811539503163e-12,1.992865815658288928e-10,1.044557767471719862e-12,9.809405226103078842e-12,1.202693257223530249e-12,3.316936165591962363e-13,4.504014815084928531e-11,9.650772680935582715e-21,1.489246536420824510e-11,1.748520384393920666e-09,7.631486131202747804e-22,3.477887306513840094e-31
6.540000000000000258e-01,3.092210330999995880e-06,3.948325663204919487e-07,8.896016120050600122e-07,4.239218269344087831e-08,1.350361369096301683e-06,4.126787838053198496e-07,3.548574457235418044e-11,1.018883337029103583e-10,2.565462092555448207e-10,3.369417641587877963e-12,1.941771852690917718e-10,1.125924068172913325e-12,1.009915030059621305e-11,1.296505004867639268e-12,3.454628128433471344e-13,4.329348252881156391e-11,9.425703536328056107e-21,1.496134532833656829e-11,1.681228318886180167e-09,7.947992879211265770e-22,3.622254756261868744e-31
6.545000000000000817e-01,3.053716798698885861e-06,3.786410883082932423e-07,8.663930620779486382e-07,4.258137041183977513e-08,1.365948581092506017e-06,3.978574485101635477e-07,3.737262331466027854e-11,9.820439290561916089e-11,2.765114529495705095e-10,3.105766027681193400e-12,1.891119063844056248e-10,1.212639247523534077e-12,1.039411243123563704e-11,1.396481983274629821e-12,3.595830371339064460e-13,4.170471222851694335e-11,9.232783420515970808e-21,1.502811472690000981e-11,1.620846512887923891e-09,8.272592643771654632e-22,3.770302915140023153e-31
6.550000000000000266e-01,3.017147578090270303e-06,3.627624252459414253e-07,8.434011609882136668e-07,4.276449947618399155e-08,1.381394567719982565e-06,3.845701167620579196e-07,3.934510738737801051e-11,9.491313549382750298e-11,2.976711843676411759e-10,2.840450912178054480e-12,1.840939290127655366e-10,1.304892886769568982e-12,1.069601170088535705e-11,1.502842255717264763e-12,3.740948779484634945e-13,4.025948402659743473e-11,9.069432061769510667e-21,1.509274599694707184e-11,1.566714018962524826e-09,8.606217839447509915e-22,3.922457964296489675e-31
6.554999999999999716e-01,2.982285586775801111e-06,3.472190370504132924e-07,8.206411360672715286e-07,4.294147912978217411e-08,1.396691980315858405e-06,3.725705093079836153e-07,4.140537951196846410e-11,9.193722165137473384e-11,3.200634357131440748e-10,2.575492329808247111e-12,1.791265794465131825e-10,1.402929032926201951e-12,1.100825892772539369e-11,1.615867705092055941e-12,3.889863904655622274e-13,3.893791353830458628e-11,8.931314249367371833e-21,1.515520705266733104e-11,1.517827633182277046e-09,8.948590622662816156e-22,4.078595083570708272e-31
6.560000000000000275e-01,2.948964163340163532e-06,3.321403984652011581e-07,7.981256897629165864e-07,4.311222436781881744e-08,1.411832529170344810e-06,3.615594449473753929e-07,4.355566407399449224e-11,8.918602146208180660e-11,3.437262434106035068e-10,2.312878779035862510e-12,1.742126293725542097e-10,1.507047435559988288e-12,1.133533910451644889e-11,1.735905295239793209e-12,4.041839459667873497e-13,3.771661506225824402e-11,8.812812296605960171e-21,1.521546782164506565e-11,1.472968630733150059e-09,9.298013061388085617e-22,4.237942433403682928e-31
6.565000000000000835e-01,2.917061574307837755e-06,3.177220043620818944e-07,7.758625166383469338e-07,4.327667507236218016e-08,1.426808540078540178e-06,3.512210871492390163e-07,4.579838191573009230e-11,8.656858201177742363e-11,3.686987048420584434e-10,2.054505026866870965e-12,1.693537541330733508e-10,1.617583364170158418e-12,1.168182293458612510e-11,1.863343260392840471e-12,4.195612386581312529e-13,3.657085550308504983e-11,8.707690391821277880e-21,1.527350701502409227e-11,1.430850406013118325e-09,9.651575075047084398e-22,4.399175574151112227e-31
6.570000000000000284e-01,2.886489447377325398e-06,3.041766538914592395e-07,7.538534148288317844e-07,4.343480842396627112e-08,1.441614466197226173e-06,3.412592956998799880e-07,4.813623141000348648e-11,8.400578910450704052e-11,3.950215099561677534e-10,1.802186866239502426e-12,1.645503398275846758e-10,1.734872126489757204e-12,1.205134087527933736e-11,1.998569486265969858e-12,4.349645283569633604e-13,3.547666829396536438e-11,8.609860276445543870e-21,1.532931652473333681e-11,1.390266546952983365e-09,1.000573579859632482e-21,4.560682177976034767e-31
6.574999999999999734e-01,2.857179013801268113e-06,2.916870253142348715e-07,7.320953574323445057e-07,4.358663901377352255e-08,1.456247655344674115e-06,3.314293156574730622e-07,5.057216000804427901e-11,8.143983864436523364e-11,4.227366892778206291e-10,1.557741900244404477e-12,1.598017187146081843e-10,1.859210783856398004e-12,1.244588573908400398e-11,2.141926781889044988e-12,4.502469708274844972e-13,3.441279403261125750e-11,8.514130351252444050e-21,1.538290147575277137e-11,1.350219924430136141e-09,1.035711384886739234e-21,4.720922073547920240e-31
6.580000000000000293e-01,2.829068179739518657e-06,2.803675576659075452e-07,7.105832199268393638e-07,4.373220513683516825e-08,1.470707943274859725e-06,3.215605608417837736e-07,5.310922599777360823e-11,7.883960786844942418e-11,4.518865799867571935e-10,1.323102347734849933e-12,1.551067661415945045e-10,1.990831651549360232e-12,1.286571185571784839e-11,2.293682119776965519e-12,4.653016681905914443e-13,3.336229430784905672e-11,8.416806686410712282e-21,1.543427539409687858e-11,1.310015513943749468e-09,1.070324797113796176e-21,4.878773897954932800e-31
6.585000000000000853e-01,2.802091119247193757e-06,2.702413788131716793e-07,6.893132748320859799e-07,4.387154479018416980e-08,1.484996132689274881e-06,3.115672842797342433e-07,5.575038755908739379e-11,7.620119763420499018e-11,4.825122826640234068e-10,1.100416247842450355e-12,1.504646645703955429e-10,2.129898823371635763e-12,1.330989900718770545e-11,2.454022916886636272e-12,4.800829824246253631e-13,3.231365728921815704e-11,8.316026766590680022e-21,1.548345173270131889e-11,1.269303881305204015e-09,1.104308752368492684e-21,5.033758686780229396e-31
6.590000000000000302e-01,2.776170990237319363e-06,2.612349915795775462e-07,6.682862726869844706e-07,4.400466918994288970e-08,1.499111922627968011e-06,3.014456398418932032e-07,5.849828262234791488e-11,7.354374879155317211e-11,5.146520688404437358e-10,8.921002144347254977e-13,1.458755766185467371e-10,2.276530983943166137e-12,1.377741401404752028e-11,2.623084031273342277e-12,4.946088782572815567e-13,3.126122605609759320e-11,8.211750985137176792e-21,1.553043451387684241e-11,1.228069235379190639e-09,1.137704641469465942e-21,5.186064529979371479e-31
6.594999999999999751e-01,2.751215898477783636e-06,2.531902353480668135e-07,6.475090396551094831e-07,4.413154349463303988e-08,1.513052149028893908e-06,2.912579378388506715e-07,6.135506895337971176e-11,7.090150416525504532e-11,5.483402348156850342e-10,7.008268910480234933e-13,1.413409935220070060e-10,2.430843817649946875e-12,1.426831474654896465e-11,2.800997494038029143e-12,5.089427346472324032e-13,3.020486039784800323e-11,8.105407910860453006e-21,1.557521150998339578e-11,1.186565313172006000e-09,1.170658459259247014e-21,5.336355908692850994e-31
6.599999999999999201e-01,2.727118319717592940e-06,2.458902144123090852e-07,6.269940080438421725e-07,4.425208292425713740e-08,1.526810137042749930e-06,2.811073733855944978e-07,6.432237633890183477e-11,6.831382494608901963e-11,5.836067620436341326e-10,5.294555487198168368e-13,1.368636317281262660e-10,2.592997032944278001e-12,1.478467086400313979e-11,2.987947359558746982e-12,5.231595002237791931e-13,2.914888153152661393e-11,7.999270966332808276e-21,1.561775285673537004e-11,1.145212449080208632e-09,1.203342923218583761e-21,5.485418823406927695e-31
6.604999999999999760e-01,2.703758445334468942e-06,2.390938356850947999e-07,6.067567956780571095e-07,4.436616775190403881e-08,1.540376548266751167e-06,2.711085240363644906e-07,6.740138668933072431e-11,6.581529258731322261e-11,6.204778792073059722e-10,3.809352013943359053e-13,1.324469032306623329e-10,2.763227737223583580e-12,1.533085465651091400e-11,3.184208332208673114e-12,5.373062552680673641e-13,2.810050543272215952e-11,7.895713196277932278e-21,1.565801633050761273e-11,1.104477400627770832e-09,1.235866708427470416e-21,5.633747225651472084e-31
6.610000000000000320e-01,2.681011859644534227e-06,2.325725719537350174e-07,5.868126239959147479e-07,4.447367408577416974e-08,1.553741486999226536e-06,2.613598302098266025e-07,7.059301484082659194e-11,6.342799506048587005e-11,6.589773132719767546e-10,2.582184434102151107e-13,1.280941324518163915e-10,2.941855361884039933e-12,1.591306368414541725e-11,3.390151005874399038e-12,5.513694702804622502e-13,2.706808765354819072e-11,7.796520773651655667e-21,1.569595820530863945e-11,1.064761240598881963e-09,1.268199072121695284e-21,5.781199632315300493e-31
6.614999999999999769e-01,2.658761288123451697e-06,2.261431341609252470e-07,5.671727779136714422e-07,4.457451113209218093e-08,1.566897063343940503e-06,2.519236978041763219e-07,7.389812725104958345e-11,6.115757312653354689e-11,6.991277716330720121e-10,1.642179646822244996e-13,1.238077826367855648e-10,3.129252874475286242e-12,1.653820639338125335e-11,3.606207786972229461e-12,5.652596721974658091e-13,2.605953385153152080e-11,7.702431268245146641e-21,1.573154640544375749e-11,1.026318289041014838e-09,1.300134513564291341e-21,5.926838252978688279e-31
6.619999999999999218e-01,2.636910940965959749e-06,2.196908085105974924e-07,5.478423150752766064e-07,4.466865208292086881e-08,1.579839346811665616e-06,2.428178474791882684e-07,7.731772013090411059e-11,5.899368738274521653e-11,7.409521021703040250e-10,1.018191946769273821e-13,1.195889555901168740e-10,3.325791561338330450e-12,1.721251859506545835e-11,3.832808234262792216e-12,5.788191747680497309e-13,2.508116016139085038e-11,7.613000716295331184e-21,1.576477141601446918e-11,9.892208526900102575e-10,1.331310492927262838e-21,6.069009963814584993e-31
6.624999999999999778e-01,2.615400647017015090e-06,2.131800678544842815e-07,5.288198204509226767e-07,4.475614650695154903e-08,1.592568818590601743e-06,2.340186014833137517e-07,8.085298902833494003e-11,5.691448282158711667e-11,7.844736706480338602e-10,7.393922983642605449e-14,1.154373385312718628e-10,3.531777704751200642e-12,1.794039534450291178e-11,4.070305349364884013e-12,5.918514583624328659e-13,2.413713948675912606e-11,7.526810982596416492e-21,1.579565067042879681e-11,9.533725904590512692e-10,1.361274969964835430e-21,6.205654313199702669e-31
6.630000000000000338e-01,2.594216148890337720e-06,2.066513775632049450e-07,5.100993115642528345e-07,4.483710739544696388e-08,1.605089001364870147e-06,2.254737919543739990e-07,8.450525598304738798e-11,5.489366243427000064e-11,8.297157495497947452e-10,8.360331342318186558e-14,1.113516208847384504e-10,3.747404626898494425e-12,1.872387069946415768e-11,4.318920194994869511e-12,6.041638677488590579e-13,2.322949762607782620e-11,7.441933429545669722e-21,1.582422399418453789e-11,9.185610750039761658e-10,1.389584611760091978e-21,6.334751211078346441e-31
6.634999999999999787e-01,2.573392139182916520e-06,2.002055008612651114e-07,4.916736656448516505e-07,4.491167441905161148e-08,1.617403698020466260e-06,2.171207817131942263e-07,8.827576742720252966e-11,5.290820136133878367e-11,8.767000462019366253e-10,1.340030615969904526e-13,1.073302434637654511e-10,3.972740253667965654e-12,1.956296670406376862e-11,4.578728161639581074e-12,6.156107518952798686e-13,2.235848918296271716e-11,7.356496053538456718e-21,1.585054064984263131e-11,8.845311868590657312e-10,1.415904059321848641e-21,6.454773292822363004e-31
6.639999999999999236e-01,2.553006036398101921e-06,1.939786764660786173e-07,4.735384156527634111e-07,4.497996378643375635e-08,1.629513897971880243e-06,2.089043307960116878e-07,9.216542048652726303e-11,5.094469686588665253e-11,9.254447981173590954e-10,2.285081171566889119e-13,1.033722280080609212e-10,4.207758957985623884e-12,2.045683044795752026e-11,4.849696786827443585e-12,6.261235493787507986e-13,2.152313247559314344e-11,7.269180496220067082e-21,1.587464164726095462e-11,8.510578894652788798e-10,1.440075205568952535e-21,6.565001432429906056e-31
6.644999999999999796e-01,2.533162829858377152e-06,1.881134519298823845e-07,4.556946296645924094e-07,4.504202117206697833e-08,1.641415637316248161e-06,2.007898572622238220e-07,9.617450198404995784e-11,4.900285404029180451e-11,9.759630254186635509e-10,3.706220015877566093e-13,9.947780618916433021e-11,4.452410480889325103e-12,2.140528859528274524e-11,5.131766408338408296e-12,6.357179819481168971e-13,2.072172439592011338e-11,7.179508591651936842e-21,1.589654312946176883e-11,8.180002527298557140e-10,1.462133842359430550e-21,6.665600238863142368e-31
6.650000000000000355e-01,2.513973866777407527e-06,1.827304781562690912e-07,4.381498952272669656e-07,4.509779498052496097e-08,1.653099801456886096e-06,1.927696432807878489e-07,1.003025235022833980e-10,4.709548729791005079e-11,1.028261494359725050e-09,5.638960757617658999e-13,9.564863438760096395e-11,4.706703793893945276e-12,2.241027772910316279e-11,5.424947648745901778e-12,6.444754499289919113e-13,1.995226052888592806e-11,7.087853484171352632e-21,1.591622692898008995e-11,7.853267479606994348e-10,1.482266968254536445e-21,6.757423043226731792e-31
6.654999999999999805e-01,2.495534357913252377e-06,1.779061296054983489e-07,4.209170730037900587e-07,4.514714183685324159e-08,1.664554122900244758e-06,1.848619694009436788e-07,1.045482066038237415e-10,4.524539947174902504e-11,1.082340719395053152e-09,8.118334684352241204e-13,9.188752102876478171e-11,4.970775630369466291e-12,2.347662446046118269e-11,5.729400475347103720e-12,6.525038255795912615e-13,1.921279731045502651e-11,6.995202134564465602e-21,1.593364249338079348e-11,7.531117417502576117e-10,1.500722682401897273e-21,6.841600844646021177e-31
6.659999999999999254e-01,2.477904954897281057e-06,1.736595147120478364e-07,4.040112422378619739e-07,4.518986592401692266e-08,1.675766728438879447e-06,1.771051780669232597e-07,1.089096236424593014e-10,4.348029174194799462e-11,1.138195986971588568e-09,1.117820242498998897e-12,8.819775893186652420e-11,5.244915860461373663e-12,2.461185593579142793e-11,6.045462680193443681e-12,6.598895557996880794e-13,1.850185503948816339e-11,6.902773525382961478e-21,1.594872075559468489e-11,7.215113361856790097e-10,1.517700040346403965e-21,6.919040102005937609e-31
6.664999999999999813e-01,2.461101753280470332e-06,1.699505506204520770e-07,3.874458741577639166e-07,4.522578181828659170e-08,1.686729890981936591e-06,1.695496516675563908e-07,1.133844473519868463e-10,4.182724316134836790e-11,1.195819037605782148e-09,1.485111395793608790e-12,8.458228915229955420e-11,5.529535086191939347e-12,2.582505470848973065e-11,6.373611174896542861e-12,6.666561101889467168e-13,1.781894086631140118e-11,6.811634969932043593e-21,1.596139630010293603e-11,6.907307115528629700e-10,1.533253445804546897e-21,6.989987029637191446e-31
6.670000000000000373e-01,2.445096794226460731e-06,1.666886770311997282e-07,3.712295282511477087e-07,4.525478096525165480e-08,1.697442445734818618e-06,1.622504558618442148e-07,1.179702241893302758e-10,4.030820491009773810e-11,1.255199812730146369e-09,1.916877893773085935e-12,8.104297927768174586e-11,5.825079933041542158e-12,2.712511821970527791e-11,6.714362916054861737e-12,6.727422240607954754e-13,1.716517649438627553e-11,6.722446656165968664e-21,1.597163081928307483e-11,6.609941725827653510e-10,1.547242519004505346e-21,7.053799428568005240e-31
6.674999999999999822e-01,2.429828309272424114e-06,1.637498896304749866e-07,3.553641827802259798e-07,4.527687858533116951e-08,1.707909754922370181e-06,1.552622323568694849e-07,1.226645756885645587e-10,3.893746452614369287e-11,1.316327640665766630e-09,2.416295910990003781e-12,7.758025895764786744e-11,6.131921679870727168e-12,2.851901786924037186e-11,7.068145587665340606e-12,6.780074545938575917e-13,1.654389072198551930e-11,6.635408581355712781e-21,1.597942966891430997e-11,6.325243484122575694e-10,1.559344754565688748e-21,7.109004896331669107e-31
6.679999999999999272e-01,2.415217482621529770e-06,1.609984404696407046e-07,3.398457497565517767e-07,4.529222243884023020e-08,1.718141019829947600e-06,1.486364371197196156e-07,1.274652534257257891e-10,3.772134812379487089e-11,1.379191416992559258e-09,2.986640648419193485e-12,7.419323278582740697e-11,6.450256567244332427e-12,3.001068500253909185e-11,7.435182644957943341e-12,6.822640750602571517e-13,1.596094552090793226e-11,6.550405874048675491e-21,1.598484496806304247e-11,6.055309360667305721e-10,1.569128757061117594e-21,7.153635204352712165e-31
6.684999999999999831e-01,2.401187140479839001e-06,1.583090024041087508e-07,3.246665800668149018e-07,4.530105663081201920e-08,1.728144804851538234e-06,1.424198774577056396e-07,1.323700204437757968e-10,3.665978142787588559e-11,1.443778670778310391e-09,3.631342278055531931e-12,7.088022795889669181e-11,6.780055869943660326e-12,3.160095852909150939e-11,7.815436697185321855e-12,6.853259416880612296e-13,1.542456081747305904e-11,6.467276568214044399e-21,1.598796283414709618e-11,5.802047252745395692e-10,1.576166545938365795e-21,7.185738653090068753e-31
6.690000000000000391e-01,2.387677843098526251e-06,1.555853718567628369e-07,3.098190924562062206e-07,4.530364895649868127e-08,1.737924433333606389e-06,1.366531537721728093e-07,1.373763899919324995e-10,3.574891475107006930e-11,1.510073787464078550e-09,4.353973381429091881e-12,6.763958733309755399e-11,7.121089416681227114e-12,3.328866882676460757e-11,8.208638219775189425e-12,6.870593838273166187e-13,1.494450828516479070e-11,6.386085283321750454e-21,1.598887775049347255e-11,5.567112284673227639e-10,1.580150570823314051e-21,7.203913661227841886e-31
6.694999999999999840e-01,2.374658166827507965e-06,1.527727585658275477e-07,2.952992896116590271e-07,4.530020400750572521e-08,1.747475099246378787e-06,1.313681195527318232e-07,1.424813019140202080e-10,3.498391833220229156e-11,1.578055952820272690e-09,5.158161961772960573e-12,6.447043760538856987e-11,7.473021631861227030e-12,3.507252612901751767e-11,8.614397935247003308e-12,6.874202518019306261e-13,1.453073315944264355e-11,6.307289997615700206e-21,1.598766190583596808e-11,5.351803097491777888e-10,1.580978955767330023e-21,7.207697232319030206e-31
6.699999999999999289e-01,2.362127931646963767e-06,1.498621222318558551e-07,2.811089790706524039e-07,4.529079130574079857e-08,1.756783996481804016e-06,1.265845063751608975e-07,1.476808409808626482e-10,3.436123686440981555e-11,1.647697488685123824e-09,6.047452798114442648e-12,6.137317431571615129e-11,7.835552458788568099e-12,3.695317298265233130e-11,9.032370342132381477e-12,6.864653971657088201e-13,1.419167115015806754e-11,6.231733932744172395e-21,1.598433983339703314e-11,5.156924159332317941e-10,1.578781995597582153e-21,7.197685350944224302e-31
6.704999999999999849e-01,2.350115018749344436e-06,1.468865461815744605e-07,2.672559724565398782e-07,4.527531499087958391e-08,1.765833666697413512e-06,1.223068629848502770e-07,1.529700910263019366e-10,3.387992973190896877e-11,1.718963131187339510e-09,7.025161672578985411e-12,5.834950501011549092e-11,8.208556339125389526e-12,3.893466619103831269e-11,9.462413950401856019e-12,6.843348126861754393e-13,1.393267536792502538e-11,6.160462728611635974e-21,1.597887771104578312e-11,4.982660950786082692e-10,1.573881202434950531e-21,7.175345744032782273e-31
6.710000000000000409e-01,2.338667644346305708e-06,1.439109894301839039e-07,2.537522325900525768e-07,4.525353918273438625e-08,1.774607507861823562e-06,1.185234008683285504e-07,1.583431764092245673e-10,3.354206207814057552e-11,1.791810493721038019e-09,8.094273048768500275e-12,5.540204402256318769e-11,8.592168528151642233e-12,4.102481932780168021e-11,9.904689681708638019e-12,6.812099194448621440e-13,1.375499205107419632e-11,6.094433156916127604e-21,1.597119230748549425e-11,4.828532920801389176e-10,1.566693489379964430e-21,7.142580537774672186e-31
6.714999999999999858e-01,2.327844279304616952e-06,1.410177146329927977e-07,2.406106330616677062e-07,4.522516468888369928e-08,1.783095456459513210e-06,1.152079599991983847e-07,1.637934814374902396e-10,3.335233328048598803e-11,1.866191562859826902e-09,9.257418878173064128e-12,5.253360419699236951e-11,8.986782271233795682e-12,4.323421653641717246e-11,1.035965575636948163e-11,6.772610882350758949e-13,1.365560234825994222e-11,6.034219896148451961e-21,1.596117804834451002e-11,4.693473656519810551e-10,1.557610558378190981e-21,7.101176028234412528e-31
6.719999999999999307e-01,2.317703000665876037e-06,1.382901465231433802e-07,2.278414514061756479e-07,4.518993431345394731e-08,1.791297643034453627e-06,1.123252273103941494e-07,1.693139789480302948e-10,3.331719335039540974e-11,1.942054728863493654e-09,1.051694817066695299e-11,4.974643059498692082e-11,9.392949215625091815e-12,4.557417652337118807e-11,1.082795096523159178e-11,6.726009562304563721e-13,1.362801210283030369e-11,5.979827776249140962e-21,1.594874417717841583e-11,4.576043643788543176e-10,1.546891559122459471e-21,7.052313209480535846e-31
6.724999999999999867e-01,2.308291372656951163e-06,1.357978791087329517e-07,2.154497832196945324e-07,4.514773219827791487e-08,1.799224451125901217e-06,1.098380091015980420e-07,1.748975613019047604e-10,3.344364474062300482e-11,2.019346671755065413e-09,1.187506351735828710e-11,4.704163564405128437e-11,9.811209694642900455e-12,4.805433853620363891e-11,1.131019778742447529e-11,6.672582995291815124e-13,1.366379750552127486e-11,5.930679358394173480e-21,1.593384981259682930e-11,4.474726741439745978e-10,1.534602961766668574e-21,6.996293827156478591e-31
6.730000000000000426e-01,2.299637454762771056e-06,1.335851065368289171e-07,2.034347251195417630e-07,4.509864211193540802e-08,1.806892689569356346e-06,1.077143661347631124e-07,1.805372639686508387e-10,3.373784531573022046e-11,2.098013471891763949e-09,1.333397416233176281e-11,4.441902095313936250e-11,1.024190723378139456e-11,5.068071436213256836e-11,1.180678853225367198e-11,6.611807068388968782e-13,1.375449326364148961e-11,5.885786305737808286e-21,1.591652451976725010e-11,4.388221054274144686e-10,1.520624619322487524e-21,6.932568410924892972e-31
6.734999999999999876e-01,2.291742489966341649e-06,1.316640301506853183e-07,1.917905537291515769e-07,4.504294142015341480e-08,1.814319060488184304e-06,1.059322354590910938e-07,1.862263055882332260e-10,3.420360206063568047e-11,2.178000575803951213e-09,1.489600579973997737e-11,4.187733534616144565e-11,1.068505218036617755e-11,5.345492845117050602e-11,1.231772939904682330e-11,6.542651645140277085e-13,1.389331622190604952e-11,5.844050114452995931e-21,1.589686618443682470e-11,4.315627368677667816e-10,1.504719999474500902e-21,6.860056955802911368e-31
6.739999999999999325e-01,2.284576172728577160e-06,1.300139277920397189e-07,1.805094445577268998e-07,4.498102833469783614e-08,1.821513214711811888e-06,1.044799258547851640e-07,1.919579285133773895e-10,3.484090884942785493e-11,2.259251636123835677e-09,1.656361945167900150e-11,3.941486933639108005e-11,1.114028746879330373e-11,5.637498054536706729e-11,1.284260314000362370e-11,6.464068571611241693e-13,1.407628135008770240e-11,5.804595334537918746e-21,1.587501534025971654e-11,4.256469405310245072e-10,1.486648318097307029e-21,6.777660589440706930e-31
6.744999999999999885e-01,2.278075778316565712e-06,1.285856823263315879e-07,1.695847644778601326e-07,4.491330320073583731e-08,1.828472987977851148e-06,1.033523242755320310e-07,1.977250908072585826e-10,3.564480131038714776e-11,2.341706627533018457e-09,1.833932219320299664e-11,3.703017480052300864e-11,1.160697760302310534e-11,5.943733699653086706e-11,1.338067384099041296e-11,6.375508445803658708e-13,1.430246372984484022e-11,5.767030161645687794e-21,1.585111327481046191e-11,4.210539253134986282e-10,1.466283323348570044e-21,6.684803390453660649e-31
6.750000000000000444e-01,2.272150397834312191e-06,1.273107577761293408e-07,1.590138054489288958e-07,4.484004201136688105e-08,1.835183747321837619e-06,1.025442280798920961e-07,2.035201121869187256e-10,3.660489226566550836e-11,2.425299888873041706e-09,2.022549087547908922e-11,3.472266236385622314e-11,1.208439979653386158e-11,6.263967044256999077e-11,1.393110868454573055e-11,6.277305807529520210e-13,1.457341963623545865e-11,5.731556399671993370e-21,1.582525739104186103e-11,4.177625630535309674e-10,1.443701868694426262e-21,6.581836237201505086e-31
6.754999999999999893e-01,2.266690763585831166e-06,1.261129723100190252e-07,1.487990535006299709e-07,4.476130550952139416e-08,1.841622349217255845e-06,1.020432892034003894e-07,2.093343948204922685e-10,3.770592048745694221e-11,2.509958770507627079e-09,2.222416269466996886e-11,3.249287852317455046e-11,1.257197814792445001e-11,6.598329920576738041e-11,1.449324794442810725e-11,6.170816507928943955e-13,1.489201371931698950e-11,5.698902208139575934e-21,1.579746912677015201e-11,4.157226281692700838e-10,1.419215540424894298e-21,6.470180811318836537e-31
6.759999999999999343e-01,2.261583710775571389e-06,1.249210259689350657e-07,1.389476172548338540e-07,4.467691753479908683e-08,1.847764519378662960e-06,1.018251798848222247e-07,2.151583182903436085e-10,3.892944635813586436e-11,2.595603365799584636e-09,2.433686127447666457e-11,3.034238045352439491e-11,1.306948169037151865e-11,6.947443497030072767e-11,1.506683186816875496e-11,6.058271094792045642e-13,1.526103378099596146e-11,5.670108080502689207e-21,1.576768631118900044e-11,4.148350856052193730e-10,1.393337007502134099e-21,6.352175845279596848e-31
6.764999999999999902e-01,2.256728635974814786e-06,1.236796601055496132e-07,1.294690828545638502e-07,4.458652420104237796e-08,1.853593130248492562e-06,1.018527021042634261e-07,2.209813527875572145e-10,4.025649156261189753e-11,2.682147444180410403e-09,2.656451768069586983e-11,2.827326689551479910e-11,1.357711368588304588e-11,7.312372616652137780e-11,1.565210120311871992e-11,5.942397581253577537e-13,1.568197624430203708e-11,5.646239882048754694e-21,1.573578404822379093e-11,4.149484466826726187e-10,1.366693344013633042e-21,6.230681579629186938e-31
6.770000000000000462e-01,2.252052056846424506e-06,1.223575868661153521e-07,1.203725914831170344e-07,4.448971806166197308e-08,1.859104389634305126e-06,1.020790128015347455e-07,2.267923634888746505e-10,4.167055448071654923e-11,2.769500303435928449e-09,2.890751476445269535e-11,2.628753919517884407e-11,1.409545232884003354e-11,7.694416595117324319e-11,1.624972633337598723e-11,5.825936949390597675e-13,1.615427046649631619e-11,5.628119369623512761e-21,1.570161853633232052e-11,4.158718970075998097e-10,1.339914669368572438e-21,6.108571773083736679e-31
6.774999999999999911e-01,2.247516195240083507e-06,1.209509118382928150e-07,1.116641715897218855e-07,4.438618795719810657e-08,1.864309572117285349e-06,1.024535457198829284e-07,2.325800155486131968e-10,4.316018592497353604e-11,2.857568955920483779e-09,3.136584071438517205e-11,2.438651811167898154e-11,1.462525237028701796e-11,8.094802030200323758e-11,1.686057696236298236e-11,5.711203333015519924e-13,1.667503456253655437e-11,5.616149437804718491e-21,1.566507995353310256e-11,4.173994169925457526e-10,1.313533034457728090e-21,5.988272583696052177e-31
6.779999999999999361e-01,2.243118710176147771e-06,1.194815979882107126e-07,1.033452277775984863e-07,4.427584419600314155e-08,1.869231440116204396e-06,1.029282199955530084e-07,2.383331545875848441e-10,4.472030716600569896e-11,2.946259959387495448e-09,3.393929850893976107e-11,2.257051353517011872e-11,1.516716677362507844e-11,8.514381450719630760e-11,1.748540116004624955e-11,5.599820375574291423e-13,1.723929026318806270e-11,5.610275663636819190e-21,1.562613663830573690e-11,4.193350780059448293e-10,1.287921790927102760e-21,5.871486191646896393e-31
6.784999999999999920e-01,2.238883093194583206e-06,1.179914392222662812e-07,9.541264956458069818e-08,4.415887462876375158e-08,1.873896392254571311e-06,1.034615330981916627e-07,2.440410440500384040e-10,4.635174002495109837e-11,3.035480331851344329e-09,3.662769626670557827e-11,2.083884834394119127e-11,1.572147982610819793e-11,8.953444865975171713e-11,1.812451927463786936e-11,5.492704398105070910e-13,1.784046638795588612e-11,5.610081554167771602e-21,1.558485488212858251e-11,4.215097261955634206e-10,1.263291695545726372e-21,5.759173213253690456e-31
6.790000000000000480e-01,2.234842097630804814e-06,1.165328446374493139e-07,8.786042006985780699e-08,4.403570886113237739e-08,1.878324965643136352e-06,1.040191301406352311e-07,2.496933868932573725e-10,4.805893382637217072e-11,3.125137305991860810e-09,3.943094767531149004e-11,1.919021016200928012e-11,1.628794554617412259e-11,9.411716585858810996e-11,1.877764035546511299e-11,5.390285180894449148e-13,1.847101150785553488e-11,5.614977394779918938e-21,1.554138630168075443e-11,4.237833159498912441e-10,1.239741649569954401e-21,5.651784246591463968e-31
6.794999999999999929e-01,2.231018921603806410e-06,1.151583013254871913e-07,8.068208722394649040e-08,4.390689851807017052e-08,1.882524017196501862e-06,1.045710045702972564e-07,2.552801300611236651e-10,4.984645620663665490e-11,3.215137073505790064e-09,4.234904112710880256e-11,1.762319167725655307e-11,1.686579486699068049e-11,9.888547552248425161e-11,1.944387327445164418e-11,5.292882942366807647e-13,1.912299773163290153e-11,5.624422666765472670e-21,1.549592558265396608e-11,4.260335216465205262e-10,1.217345364872269185e-21,5.549655165080082925e-31
6.799999999999999378e-01,2.227411806702044940e-06,1.139105582326000166e-07,7.387318869972611859e-08,4.377295086159552966e-08,1.886483435049408499e-06,1.050869627335666249e-07,2.607911228152278009e-10,5.171526149644509919e-11,3.305383009207812005e-09,4.538188124007537837e-11,1.613682086173857862e-11,1.745392045551802641e-11,1.038324460162073326e-10,2.012194166937724740e-11,5.201118099621996100e-13,1.978868262481135269e-11,5.638123077578180035e-21,1.544865175921794344e-11,4.281372751845791416e-10,1.196245584348291470e-21,5.453436744089332845e-31
6.805000000000001048e-01,2.223986802938336737e-06,1.128153200647900307e-07,6.743278366536339797e-08,4.363417086078152954e-08,1.890178719468634227e-06,1.055327558924426821e-07,2.662157500818624221e-10,5.365989127159417572e-11,3.395774034619851814e-09,4.852905157353890056e-11,1.473089596457382284e-11,1.805118675872388950e-11,1.089542667759667747e-10,2.081054152250485368e-11,5.116229909234949749e-13,2.046105384311759774e-11,5.656161115861237455e-21,1.539967247478926824e-11,4.299550184408522024e-10,1.176727363305070184e-21,5.364428706331080932e-31
6.810000000000000497e-01,2.220680893772411688e-06,1.118776266656510962e-07,6.136360507078981499e-08,4.349056630047849539e-08,1.893578736018214504e-06,1.058690181010382117e-07,2.715426725168077300e-10,5.566752599942507727e-11,3.486203726190477268e-09,5.178957657140886159e-11,1.340601896090152927e-11,1.865676601104696880e-11,1.142528308896042224e-10,2.150872680145764769e-11,5.040217993317879472e-13,2.113437968667327426e-11,5.679044541281294483e-21,1.534899048951090989e-11,4.313263803161457443e-10,1.159250627323763055e-21,5.284728029355372767e-31
6.814999999999999947e-01,2.217414301227274437e-06,1.110822751577538315e-07,5.567086476765663513e-08,4.334185107720639213e-08,1.896656095491667329e-06,1.060539472288841818e-07,2.767597719326683061e-10,5.771925586506346685e-11,3.576560516020214191e-09,5.516176331419470376e-11,1.216333448091008894e-11,1.927038576919164339e-11,1.197363746988993030e-10,2.221619181481851810e-11,4.975781556571646756e-13,2.180473123783377347e-11,5.707680394776392789e-21,1.529650484009728620e-11,4.320810959702130016e-10,1.144436200107467163e-21,5.217165119442539083e-31
6.819999999999999396e-01,2.214107769027713461e-06,1.103978189298355085e-07,5.036022703401224920e-08,4.318754943257103200e-08,1.899396616802190793e-06,1.060490221134989202e-07,2.818543344989973723e-10,5.979324951044296098e-11,3.666728963313581446e-09,5.864317796789589560e-11,1.100408686867047739e-11,1.989239725715582110e-11,1.254178506480275393e-10,2.293334679677307956e-11,4.926093122114626661e-13,2.247036333553400928e-11,5.743296099360525979e-21,1.524204762371195610e-11,4.320622884640431873e-10,1.133013759900534607e-21,5.165066492540072731e-31
6.825000000000001066e-01,2.210699035458526314e-06,1.097830366755541804e-07,4.543573967129773479e-08,4.302716924652631517e-08,1.901804552783772442e-06,1.058256466172666548e-07,2.868134263119760436e-10,6.186890259977996525e-11,3.756591719632369876e-09,6.223076629125537704e-11,9.929167829086695657e-12,2.052363040625539111e-11,1.313114934877434673e-10,2.366114860883922901e-11,4.894486935205471994e-13,2.313179321358999238e-11,5.787332315898569382e-21,1.518544515622887409e-11,4.311535218706467975e-10,1.125750153179508032e-21,5.131928023780694404e-31
6.830000000000000515e-01,2.207153146450680282e-06,1.091944307481524019e-07,4.089848348821890357e-08,4.286038757956959752e-08,1.903901650835490375e-06,1.053700475335212992e-07,2.916243522415042739e-10,6.393074634796402932e-11,3.846031590027871493e-09,6.592107782055175347e-11,8.938820948591702203e-12,2.116507313133180727e-11,1.374286977806867304e-10,2.440073071443723516e-11,4.884155336081514694e-13,2.379143879625562435e-11,5.841327556796291581e-21,1.512658345521537126e-11,4.292987389226855824e-10,1.123379529119376602e-21,5.121096607583985148e-31
6.834999999999999964e-01,2.203463581021014125e-06,1.085933201340912657e-07,3.674639234207263730e-08,4.268718540611508146e-08,1.905720213741302880e-06,1.046842877023572400e-07,2.962750606829749609e-10,6.597098993703304297e-11,3.934933077025472421e-09,6.971051682719189402e-11,8.032601953433007789e-12,2.181747503195137465e-11,1.437746186556826536e-10,2.515294811536675142e-11,4.897929496480001794e-13,2.445278419491221394e-11,5.906807767384501126e-21,1.506545579279053279e-11,4.265063739017778306e-10,1.126552878957115076e-21,5.135540328556039844e-31
6.839999999999999414e-01,2.199644528164557997e-06,1.079513822675484268e-07,3.297523194611132414e-08,4.250788376230821031e-08,1.907292401874448230e-06,1.037827000848933815e-07,3.007543736862605525e-10,6.799002252678749385e-11,4.023182985537298184e-09,7.359553293794080973e-11,7.209592204703763196e-12,2.248100713126617274e-11,1.503467180894607031e-10,2.591798837844902547e-11,4.938184278592789431e-13,2.511919926999226819e-11,5.985190131579273023e-21,1.500217545615358439e-11,4.228348155950932968e-10,1.135816142308836477e-21,5.177748814290143944e-31
6.845000000000001084e-01,2.195717833576944420e-06,1.072539516519627647e-07,2.958028594729854244e-08,4.232306576524646879e-08,1.908639354399250736e-06,1.026848373952865466e-07,3.050519787204658742e-10,6.999484960313098539e-11,4.110669994355415693e-09,7.757268445464071623e-11,6.468766856629721253e-12,2.315509694951062817e-11,1.571358511450578840e-10,2.669518509395567966e-11,5.006866151456304833e-13,2.579269397178589027e-11,6.077711076817349235e-21,1.493694822946318938e-11,4.183636818969578877e-10,1.151616649660232714e-21,5.249762624770675195e-31
6.850000000000000533e-01,2.191699955611510844e-06,1.065008672061839817e-07,2.655804827022679438e-08,4.213340759165321331e-08,1.909763832808695389e-06,1.014074481977626849e-07,3.091581965689186574e-10,7.199606083600339577e-11,4.197283449555804497e-09,8.163855129906222525e-11,5.809364576898379115e-12,2.383850418680455098e-11,1.641296223609841860e-10,2.748310767003401784e-11,5.105612378877892838e-13,2.647296981124786174e-11,6.185391796774516323e-21,1.487001274467380215e-11,4.131611361326985704e-10,1.174330593865489401e-21,5.353298317437546192e-31
6.854999999999999982e-01,2.187594063082493582e-06,1.057050663916244991e-07,2.390725138832609696e-08,4.193947337589118369e-08,1.910648948212964910e-06,9.995845516508172880e-08,3.130636137804764838e-10,7.400431734112003754e-11,4.282911888016340232e-09,8.578952704260035747e-11,5.231112400522346870e-12,2.452962314713179852e-11,1.713169353882415414e-10,2.827991047533516232e-11,5.235916830255184004e-13,2.715709422535574438e-11,6.309055921725383059e-21,1.480156809753590047e-11,4.072593669994842019e-10,1.204301250645166281e-21,5.489922345398769140e-31
6.859999999999999432e-01,2.183390261930018736e-06,1.048893973933876618e-07,2.162885207396427729e-08,4.174154292400885676e-08,1.911263504523488789e-06,9.833521916160884426e-08,3.167587132422451418e-10,7.602739141935675783e-11,4.367441872654588252e-09,9.002156230290454464e-11,4.734223020145981507e-12,2.522691984255054431e-11,1.786921947293114900e-10,2.908383493579842375e-11,5.399301911665997489e-13,2.783996504309176732e-11,6.449408632864971215e-21,1.473171304391461215e-11,4.006475331280468850e-10,1.241878608737291354e-21,5.661231307088711389e-31
6.865000000000001101e-01,2.179073670568837697e-06,1.040822613269887965e-07,1.972502987904647701e-08,4.153953181925565926e-08,1.911572258815795215e-06,9.652777848884635590e-08,3.202336376961727695e-10,7.806850504692049351e-11,4.450757595791483821e-09,9.432994973107015001e-11,4.319176519030678365e-12,2.592936142432139858e-11,1.862576741313996047e-10,2.989370107378072079e-11,5.597469573962576304e-13,2.851549573932546501e-11,6.607172764217060612e-21,1.466041780213847493e-11,3.932849769838796281e-10,1.287454159961813808e-21,5.869010196338321884e-31
6.870000000000000551e-01,2.174636916279260813e-06,1.033127414501938361e-07,1.819765596807039633e-08,4.133303349874382965e-08,1.911547724617497755e-06,9.452587139646694375e-08,3.234781777787295728e-10,8.012622289378262567e-11,4.532741432364002538e-09,9.870922730489310038e-11,3.986386411096765528e-12,2.663669173471766963e-11,1.940231436938695267e-10,3.070922119923809493e-11,5.832417173948750262e-13,2.917821581511323001e-11,6.783257944378394746e-21,1.458753890100178926e-11,3.851298484663392085e-10,1.341487552101419687e-21,6.115353760789311955e-31
6.875000000000000000e-01,2.170091795503205940e-06,1.026058693874214619e-07,1.704690129992427693e-08,4.112147197522911670e-08,1.911179592858141037e-06,9.232711387715976822e-08,3.264820025339619380e-10,8.219564988242301681e-11,4.613275299044058559e-09,1.031532361428340271e-10,3.735895998202025981e-12,2.734945271349204795e-11,2.020027661174323832e-10,3.153102163344808365e-11,6.106509165785448220e-13,2.982482864351885318e-11,6.978920342001853977e-21,1.451287307647101338e-11,3.761724286198205315e-10,1.404523018040053083e-21,6.402741541723126390e-31
6.879999999999999449e-01,2.165475032710308611e-06,1.019786439822699677e-07,1.627058947895811382e-08,4.090431586147457249e-08,1.910478607694660794e-06,8.994327158846957938e-08,3.292350705588907356e-10,8.427033703592171806e-11,4.692242411168902266e-09,1.076553155919020989e-10,3.567237142484822630e-12,2.806873350021748922e-11,2.102102243081123353e-10,3.236035266537320364e-11,6.422492644830794816e-13,3.045525989195302339e-11,7.195861505443897971e-21,1.443623280320659853e-11,3.664606805360881281e-10,1.477192835434143408e-21,6.734054072241759833e-31
6.885000000000001119e-01,2.160845227705835070e-06,1.014373512123927833e-07,1.586458567111037175e-08,4.068128232836507648e-08,1.909473556744272915e-06,8.740229717495589547e-08,3.317281002987784286e-10,8.634421007724009288e-11,4.769528914133552292e-09,1.122085706476653279e-10,3.479515011954184842e-12,2.879572074764885870e-11,2.186536966714651322e-10,3.319857185482599165e-11,6.783439633441411279e-13,3.107287272788422916e-11,7.436221690445583461e-21,1.435751827343955509e-11,3.561085403217112544e-10,1.560203910707092191e-21,7.112512320837350247e-31
6.890000000000000568e-01,2.156271402243375675e-06,1.009766066156322463e-07,1.582407373537763000e-08,4.045246151421292539e-08,1.908202309772562246e-06,8.474540794511838601e-08,3.339529582122652299e-10,8.841299368478449186e-11,4.845024932627753998e-09,1.168061216812834381e-10,3.471686483637154705e-12,2.953119397200072931e-11,2.273324131816521409e-10,3.404656592596494058e-11,7.192600792367120140e-13,3.168377700578938865e-11,7.702447429903258058e-21,1.427676130155778081e-11,3.452839963071970194e-10,1.654304006264348974e-21,7.541524332289257525e-31
6.895000000000000018e-01,2.151816804398983708e-06,1.005803287735532262e-07,1.614518632728400141e-08,4.021831755874083840e-08,1.906699810312330528e-06,8.202032282305992232e-08,3.359028501064762671e-10,9.047490882195795078e-11,4.918624799160690023e-09,1.214412529469870954e-10,3.542915370283234160e-12,3.027513391634494339e-11,2.362360435642570932e-10,3.490430359517936575e-11,7.653170839306337156e-13,3.229543527483325532e-11,7.997049748493466477e-21,1.419412568752106943e-11,3.341815184769453494e-10,1.760227717115386458e-21,8.024439352995865800e-31
6.899999999999999467e-01,2.147523586464644569e-06,1.002245535307285363e-07,1.682627742970900929e-08,3.997956355361446197e-08,1.904986939730871405e-06,7.927314734545158959e-08,3.375722651085857174e-10,9.253072675003293577e-11,4.990226511353146307e-09,1.261074122801085554e-10,3.692849448973458406e-12,3.102657996057889689e-11,2.453472340671541709e-10,3.577067457972156199e-11,8.167995216072290945e-13,3.291497653724144789e-11,8.322307471048425193e-21,1.410986308394070401e-11,3.229889815679321667e-10,1.878629018788507583e-21,8.564240390285913927e-31
6.905000000000001137e-01,2.143403896966777823e-06,9.988165477547635448e-08,1.786824279848364515e-08,3.973695051241371072e-08,1.903063901046443940e-06,7.654177655635768918e-08,3.389567023075583737e-10,9.458344698327737172e-11,5.059730723564539803e-09,1.307980671943300378e-10,3.921689685139293826e-12,3.178379343539713097e-11,2.546465298614419170e-10,3.664367906290311755e-11,8.739281517203650635e-13,3.354770130024867528e-11,8.679996212169995108e-21,1.402423852055279953e-11,3.118607775244701699e-10,2.010014997484340016e-21,9.163241765265099433e-31
6.910000000000000586e-01,2.139440825142076198e-06,9.952522683958818814e-08,1.927366547989887781e-08,3.949104037039521814e-08,1.900910303932259795e-06,7.385296217472684386e-08,3.400522805084295126e-10,9.663787315999779307e-11,5.127039716279315241e-09,1.355064736271648560e-10,4.230003232018343753e-12,3.254468254881133023e-11,2.641180660203820629e-10,3.752091606751659049e-11,9.368402587756732371e-13,3.419617889040758384e-11,9.071226797393735376e-21,1.393745029447770742e-11,3.009058643088995248e-10,2.154700726935427807e-21,9.822882749331539198e-31
6.915000000000000036e-01,2.135599253367730118e-06,9.913469812667687123e-08,2.104505047250337036e-08,3.924203958861041878e-08,1.898491956208402031e-06,7.122368252814219595e-08,3.408553686681350430e-10,9.870022267837598176e-11,5.192056764997319025e-09,1.402254447741610981e-10,4.618338059737039828e-12,3.330735508289933407e-11,2.737540857756926107e-10,3.840021693073556007e-11,1.005587556208615284e-12,3.486013456777967032e-11,9.496452595164846511e-21,1.384957125071524207e-11,2.901933530423998550e-10,2.312804628758941340e-21,1.054370562108415505e-30
6.919999999999999485e-01,2.131843218097622172e-06,9.869875791317284777e-08,2.318282146434569744e-08,3.898975055586827681e-08,1.895772191613915234e-06,6.866577961476399946e-08,3.413623663677511428e-10,1.007777198743871331e-10,5.254686165225701561e-09,1.449472076747492663e-10,5.086786217002685177e-12,3.407061775896671659e-11,2.835566812359508313e-10,3.928021640639019112e-11,1.080156434883044371e-12,3.553707381671668518e-11,9.955658123574648241e-21,1.376053163662340491e-11,2.797714128945792061e-10,2.484295188651051375e-21,1.132556794680882441e-30
6.924999999999998934e-01,2.128154079083294449e-06,9.821691010078068454e-08,2.568391175164506476e-08,3.873365887376320748e-08,1.892724093301009193e-06,6.619164984499560670e-08,3.415697130659914082e-10,1.028780013381683018e-10,5.314833926767844148e-09,1.496634042967738477e-10,5.634677303346475121e-12,3.483425347768237034e-11,2.935360549109240791e-10,4.016066845756712890e-11,1.160508705318223580e-12,3.622337995156198181e-11,1.044868441542735771e-20,1.367014991142935386e-11,2.696904729004722164e-10,2.669084726075866716e-21,1.216806968890010716e-30
6.930000000000000604e-01,2.124543452615207884e-06,9.769887497835279263e-08,2.854161016023606135e-08,3.847312881994731935e-08,1.889339678358712947e-06,6.381853506343898712e-08,3.414741287658918699e-10,1.050081804971089917e-10,5.372408917990254901e-09,1.543652427292677982e-10,6.260546148475237757e-12,3.559897711262751889e-11,3.037057765000704578e-10,4.104239363760433507e-11,1.246633332641548026e-12,3.691551480352027635e-11,1.097559792761635070e-20,1.357820173141023921e-11,2.600207212571973812e-10,2.867148343116091048e-21,1.307109554785152768e-30
6.935000000000000053e-01,2.121056577150356223e-06,9.716204141039930480e-08,3.174686773756078154e-08,3.820764231561435478e-08,1.885633079605486285e-06,6.156970869619562386e-08,3.410730122903175943e-10,1.071735783023440142e-10,5.427324099636764618e-09,1.590437508951276651e-10,6.962419219603382494e-12,3.636607535665701125e-11,3.140765606457774687e-10,4.192686502910014669e-11,1.338593726200117076e-12,3.761097470107177760e-11,1.153698639710707586e-20,1.348450428463067141e-11,2.508569509976940833e-10,3.078632554000948830e-21,1.403531069823863918e-30
6.939999999999999503e-01,2.117764929201744632e-06,9.662759882795999634e-08,3.529069476874800157e-08,3.793700124737605280e-08,1.881636680224120240e-06,5.947224020357440483e-08,3.403648716916689657e-10,1.093763545600766548e-10,5.479497481868498323e-09,1.636900489084679689e-10,7.738338468484216173e-12,3.713684194707021172e-11,3.246506504616340017e-10,4.281556070374591343e-11,1.436553597712913088e-12,3.830878195684241640e-11,1.213407736805773194e-20,1.338898768843513835e-11,2.423094580987049279e-10,3.303914565548956870e-21,1.506243184407488774e-30
6.944999999999998952e-01,2.114750393341785421e-06,9.611623655187682020e-08,3.916680139036547881e-08,3.766142451477516648e-08,1.877391408040424836e-06,5.755245614439940866e-08,3.393496511414674869e-10,1.116144550379506936e-10,5.528852560965132231e-09,1.682955498385078550e-10,8.586937483085860042e-12,3.791199086614784387e-11,3.354187501476518225e-10,4.370929195092305294e-11,1.540768725495108570e-12,3.900946784949704607e-11,1.276862261932523580e-20,1.329172923028658148e-11,2.344855466909419853e-10,3.543583141173661743e-21,1.615514084188249204e-30
6.950000000000000622e-01,2.112085933783421804e-06,9.564432443346102761e-08,4.337345510535275042e-08,3.738150605888723085e-08,1.872934261989657177e-06,5.583110937888985173e-08,3.380288528739310556e-10,1.138813186939058120e-10,5.575318191516682945e-09,1.728520245768974031e-10,9.507845773541061111e-12,3.869124204180124003e-11,3.463606351709961897e-10,4.460772984714420550e-11,1.651541641115373192e-12,3.971465920899667390e-11,1.344256214153259961e-20,1.319293854517196981e-11,2.274698372657858943e-10,3.798334243256178307e-21,1.731660960886452310e-30
6.955000000000000071e-01,2.109818670134635750e-06,9.522129157728637124e-08,4.791373836659976780e-08,3.709804674965931069e-08,1.868287032690206851e-06,5.432027542590155728e-08,3.364054196830600071e-10,1.161666231772163055e-10,5.618828049578153937e-09,1.773515155603037796e-10,1.050174314353273427e-11,3.947322126322506422e-11,3.574493408746538497e-10,4.550929203827823338e-11,1.769148638904701729e-12,4.042646644999021951e-11,1.415755366787815465e-20,1.309289827742450060e-11,2.213116062792366771e-10,4.068803115195082730e-21,1.854973486833748993e-30
6.959999999999999520e-01,2.107960288642678543e-06,9.484857254240411267e-08,5.279393709907343290e-08,3.681181568177029736e-08,1.863449812719564316e-06,5.302315182665897547e-08,3.344834207774266306e-10,1.184580258393750265e-10,5.659319970299925274e-09,1.817861387708689805e-10,1.157000592302493621e-11,4.025571471618194996e-11,3.686576005091827171e-10,4.641143553649770574e-11,1.893759500167361816e-12,4.114686975529616503e-11,1.491450456808057569e-20,1.299187983445252130e-11,2.160239517258052151e-10,4.355379715415614105e-21,1.985629652260421120e-30
6.964999999999998970e-01,2.106487239539037422e-06,9.452010413262273655e-08,5.802049001404997713e-08,3.652332064679920743e-08,1.858401386796144495e-06,5.193663066192885699e-08,3.322676460357354738e-10,1.207434955314191304e-10,5.696735458531960749e-09,1.861478541015543728e-10,1.271403953988641602e-11,4.103620158348831103e-11,3.799643945410274468e-10,4.731126750298731187e-11,2.025375722763598827e-12,4.187723206132240788e-11,1.571325373167203398e-20,1.289006238565923180e-11,2.115942599338735209e-10,4.658066800303526132e-21,2.123631004942200816e-30
6.970000000000000639e-01,2.105350071177771922e-06,9.422404010565226913e-08,6.359652098570435345e-08,3.623266500285052396e-08,1.853106421769345616e-06,5.105531612822821280e-08,3.297632407327460193e-10,1.230135702294943879e-10,5.731019575349900082e-09,1.904282961218431683e-10,1.393452113745103815e-11,4.181249429711195478e-11,3.913593745290638864e-10,4.820627870260600153e-11,2.163810117781438664e-12,4.261797619492743642e-11,1.655251500799168485e-20,1.278748235911345846e-11,2.080005661976732988e-10,4.976433190821316999e-21,2.268781261330840149e-30
6.975000000000000089e-01,2.104488563091078113e-06,9.394517773254889260e-08,6.951922762649082483e-08,3.593953953365041538e-08,1.847527222880960384e-06,5.037507718237009866e-08,3.269754963230210369e-10,1.252628306195905462e-10,5.762121240584971060e-09,1.946187360214118186e-10,1.523083041251184657e-11,4.258327701602259970e-11,4.028435901129550213e-10,4.909495984540719008e-11,2.308719321762795044e-12,4.336839481619353259e-11,1.743011872354888760e-20,1.268403058260627748e-11,2.052260293776420970e-10,5.309688726411060157e-21,2.420720397189658245e-30
6.979999999999999538e-01,2.103847859344034023e-06,9.366757411810069731e-08,7.577918737449838236e-08,3.564335272394917684e-08,1.841636363116743753e-06,4.989449495039663120e-08,3.239098589916012462e-10,1.274900860918322234e-10,5.789993826981383936e-09,1.987101984625745488e-10,1.660090018952433490e-11,4.334836272265891897e-11,4.144261688110026612e-10,4.997709531631535411e-11,2.459684053378960698e-12,4.412654328144196889e-11,1.834349504447419916e-20,1.257949827444718534e-11,2.032648371460763722e-10,5.656868962127448091e-21,2.579008796124100341e-30
6.984999999999998987e-01,2.103390921357309463e-06,9.337693311041062369e-08,8.236201369631809931e-08,3.534345634342846358e-08,1.835426188242011455e-06,4.961355331954811916e-08,3.205721446747918242e-10,1.296971669577884320e-10,5.814595818018573372e-09,2.026937010046604235e-10,1.804158059390005138e-11,4.410857923079631931e-11,4.261179712126773599e-10,5.085363179009546243e-11,2.616315098402515017e-12,4.488919558890449703e-11,1.929026127288591430e-20,1.247365666591851500e-11,2.021168847304833089e-10,6.017078943965713894e-21,2.743238372914185287e-30
6.990000000000000657e-01,2.103104130523268770e-06,9.306249677967412359e-08,8.925195536931034172e-08,3.503939103390835927e-08,1.828912154037601078e-06,4.953019038626263632e-08,3.169688813367397591e-10,1.318866688446007894e-10,5.835891294425876556e-09,2.065605388386672520e-10,1.954942714391303334e-11,4.486531547435178800e-11,4.379243024221708449e-10,5.172615785110799123e-11,2.778351956268704752e-12,4.565189466015461008e-11,2.026873200153407733e-20,1.236634367520637035e-11,2.017737398553477004e-10,6.389720011411837846e-21,2.913136002169084856e-30
6.995000000000000107e-01,2.102995170754468843e-06,9.271831178191018232e-08,9.643627994046308713e-08,3.473106963600321893e-08,1.822128874507235744e-06,4.963632357230810984e-08,3.131076585402927632e-10,1.340593407407047285e-10,5.853850100580415302e-09,2.103025201410646101e-10,2.112165895689625333e-11,4.561987199979392571e-11,4.498391344497398554e-10,5.259615956585216606e-11,2.945720312138032016e-12,4.640916189224424675e-11,2.127818339708106442e-20,1.225752859904625568e-11,2.022024607430462197e-10,6.774621834879723391e-21,3.088623775854416324e-30
6.999999999999999556e-01,2.103084628395755778e-06,9.234382231606089364e-08,1.039089038763042616e-07,3.441883668268887457e-08,1.815120055503358227e-06,4.991524828517057600e-08,3.089973635169329033e-10,1.362119222859824442e-10,5.868447681790335594e-09,2.139120740452502009e-10,2.275695091004121815e-11,4.637282620711023800e-11,4.618428395734286089e-10,5.346429319614165360e-11,3.118525304505194529e-12,4.715491770806075093e-11,2.231877088242268210e-20,1.214733309359262977e-11,2.033350045122316239e-10,7.172026767086688051e-21,3.269811942993240412e-30
7.004999999999999005e-01,2.103394375318938482e-06,9.194377026914267298e-08,1.116718919191780759e-07,3.410338391313411207e-08,1.807925439343593557e-06,5.034176027203417138e-08,3.046482214200733892e-10,1.383360785073282050e-10,5.879664718037190441e-09,2.173821984309655118e-10,2.445575901942819443e-11,4.712362093540080426e-11,4.739042876911618626e-10,5.432991398260398799e-11,3.296977272932533140e-12,4.788309980528426855e-11,2.339110507731058910e-20,1.203600133866034737e-11,2.050687253851943881e-10,7.582418932253330269e-21,3.456921055089633610e-30
7.010000000000000675e-01,2.103936360638022971e-06,9.152739413802028268e-08,1.197341235217693324e-07,3.378554990113162547e-08,1.800568873589578789e-06,5.088519564604946716e-08,3.000716217868851838e-10,1.404187108141870882e-10,5.887486754644383912e-09,2.207062725018445060e-10,2.622002627884797068e-11,4.787051428542005133e-11,4.859866973482853726e-10,5.519101894892407131e-11,3.481269251443984052e-12,4.858837257335190600e-11,2.449560227454768658e-20,1.192382930612952112e-11,2.072787537014901352e-10,8.006242399177020988e-21,3.650153516763674723e-30
7.015000000000000124e-01,2.104704911236378593e-06,9.110695569597320265e-08,1.281074008545891085e-07,3.346607073391397935e-08,1.793051315914698529e-06,5.151431260342386364e-08,2.952797818412408056e-10,1.424434773540159430e-10,5.891904016892770901e-09,2.238778087553043895e-10,2.805232981223364600e-11,4.861091167525248181e-11,4.980553426221314790e-10,5.604462778286356139e-11,3.671443352869530611e-12,4.926674252543220268e-11,2.563180694884803406e-20,1.181107676090777420e-11,2.098378743710170228e-10,8.443593883599402476e-21,3.849553488140496273e-30
7.019999999999999574e-01,2.105674331601698929e-06,9.069571395987765249e-08,1.368012136714402780e-07,3.314536505773933481e-08,1.785351071845211565e-06,5.220210107394703074e-08,2.902853476881051552e-10,1.443929927486795183e-10,5.892911501813210647e-09,2.268902423812306666e-10,2.995473569820884458e-11,4.934197608252412401e-11,5.100845487458303716e-10,5.688748258408193434e-11,3.867289819478165185e-12,4.991587349153695343e-11,2.679790606883276346e-20,1.169789140176637791e-11,2.126361109926732341e-10,8.893990648727112888e-21,4.054901037525890458e-30
7.024999999999999023e-01,2.106801971689078186e-06,9.030560137320927775e-08,1.458179377214798994e-07,3.282342524996561202e-08,1.777431292502912184e-06,5.292856949939277375e-08,2.851010507520973266e-10,1.462510186360743794e-10,5.890509307043444926e-09,2.297368444365833297e-10,3.192775015873133891e-11,5.006132030945956878e-11,5.220615986235264287e-10,5.771684166900317525e-11,4.068314750211178215e-12,5.053495450460182490e-11,2.799060690551047290e-20,1.158427046743314981e-11,2.155920707296964935e-10,9.356296394371089400e-21,4.265678301714546583e-30
7.030000000000000693e-01,2.108035472167244440e-06,8.994499258553255486e-08,1.551502002682240145e-07,3.249985088882629238e-08,1.769252442323094161e-06,5.368035479940530564e-08,2.797395146528528402e-10,1.480040425618017882e-10,5.884703040550497852e-09,2.324108019103055358e-10,3.396974586794713777e-11,5.076755646899307437e-11,5.339861725818728828e-10,5.853110971784332748e-11,4.273791968981901613e-12,5.112410275073892291e-11,2.920544259388514047e-20,1.147007256985512005e-11,2.186513505220979523e-10,9.828840663375118691e-21,4.481123869229400951e-30
7.035000000000000142e-01,2.109321945278610053e-06,8.961702832167481390e-08,1.647814798127579332e-07,3.217401306691328833e-08,1.760785819192923248e-06,5.444731295610388893e-08,2.742132554289228751e-10,1.496419210649515695e-10,5.875504105940822627e-09,2.349054479871386620e-10,3.607709598558468180e-11,5.146052261836969788e-11,5.458654300943340645e-10,5.933009772361763993e-11,4.482887320688856388e-12,5.168344188660835547e-11,3.043743429353029139e-20,1.135507570602328129e-11,2.217726464386842416e-10,1.030970479223348968e-20,4.700363105776800388e-30
7.039999999999999591e-01,2.110616562615587023e-06,8.931891172127335879e-08,1.746899221314708618e-07,3.184529441848835968e-08,1.752023805336579950e-06,5.521753156424364376e-08,2.685348535444432795e-10,1.511576133717338395e-10,5.862929698416877271e-09,2.372145706447588425e-10,3.824501107890529440e-11,5.214111040579101552e-11,5.577063187809180421e-10,6.011482530178092303e-11,4.694818719285289506e-12,5.221212381482131684e-11,3.168191820853860328e-20,1.123906198489716302e-11,2.249074374246304685e-10,1.079709003667990204e-20,4.922575967781297246e-30
7.044999999999999041e-01,2.111888373919070262e-06,8.904241507362613612e-08,1.848542167898345443e-07,3.151332462876440502e-08,1.742983501962571684e-06,5.597292206431538634e-08,2.627172207887923199e-10,1.525463183048410390e-10,5.847002461795512122e-09,2.393326971021588107e-10,4.046882537513124534e-11,5.281074708448901739e-11,5.695076614959573264e-10,6.088692640748446477e-11,4.909001172895268069e-12,5.270760719578467449e-11,3.293528073715642693e-20,1.112190074845088269e-11,2.279820324415121312e-10,1.128965109490309949e-20,5.147149065998914404e-30
7.050000000000000711e-01,2.113122020348849653e-06,8.877555454470184508e-08,1.952595899581416810e-07,3.117813300117872149e-08,1.733702471187516349e-06,5.668738537070214654e-08,2.567738566821873658e-10,1.538044501331537946e-10,5.827749901355904359e-09,2.412552571193908014e-10,4.274530678496952032e-11,5.347069809394039438e-11,5.812546909101952591e-10,6.164784901894369692e-11,5.125128212890889057e-12,5.316544411052181417e-11,3.419536060758347079e-20,1.100360240725972748e-11,2.308901017333683956e-10,1.178668333167468171e-20,5.373761049229991180e-30
7.055000000000000160e-01,2.114315110375099428e-06,8.850508680126318283e-08,2.059018277268050585e-07,3.084016765214311401e-08,1.724227832415634302e-06,5.732854774260772903e-08,2.507189956599547905e-10,1.549288248035941726e-10,5.805203760905078663e-09,2.429785685757744437e-10,4.507353470304122725e-11,5.412141569168182265e-11,5.929179190439550855e-10,6.239810750109480781e-11,5.343159823011866071e-12,5.357967249441027437e-11,3.546137279831610951e-20,1.088432519474826380e-11,2.334997522026351395e-10,1.228809495241006358e-20,5.602369952352481769e-30
7.059999999999999609e-01,2.115472153261038195e-06,8.821925056299687056e-08,2.167878299855557465e-07,3.050017559730787605e-08,1.714602131798294740e-06,5.786262683314068042e-08,2.445675847068293131e-10,1.559162305884608093e-10,5.779399605732498952e-09,2.444996504911454944e-10,4.745501821492821581e-11,5.476214530208445089e-11,6.044567977879510341e-10,6.313683066822761511e-11,5.563216646796481638e-12,5.394371704428895946e-11,3.673335831629339404e-20,1.076433282161686649e-11,2.356733536874969382e-10,1.279416364076364181e-20,5.833102274723435890e-30
7.064999999999999059e-01,2.116596856894617793e-06,8.791009795902662994e-08,2.279323347609214864e-07,3.015898435513293669e-08,1.704850510728331676e-06,5.826069138133334494e-08,2.383350876186697724e-10,1.567633310192597377e-10,5.750376787045770474e-09,2.458159301757611463e-10,4.989297690634587556e-11,5.539091859279724325e-11,6.158270203904347225e-10,6.386175381244120754e-11,5.785411458007892810e-12,5.425153357080223692e-11,3.801132003887609932e-20,1.064391737603139269e-11,2.372930418531563648e-10,1.330514893517209394e-20,6.066076275491982028e-30
7.070000000000000728e-01,2.117685084474502524e-06,8.757486790631748036e-08,2.393517699638666838e-07,2.981725823199972800e-08,1.694973358214978016e-06,5.850395393843169386e-08,2.320371676731538508e-10,1.574666995468893902e-10,5.718178818498156728e-09,2.469249505949791626e-10,5.239099448659926863e-11,5.600493749741368171e-11,6.269890736398789520e-10,6.456965972834688220e-11,6.009671142890328953e-12,5.449865142594244815e-11,3.929431628288355109e-20,1.052331329822723826e-11,2.382822813231831829e-10,1.382088281148229180e-20,6.301215317271692449e-30
7.075000000000000178e-01,2.118720679347623470e-06,8.721611791396906995e-08,2.510572291250844056e-07,2.947531038986627376e-08,1.684946920602660667e-06,5.858604975827575123e-08,2.256893372267255498e-10,1.580227766513385198e-10,5.682854025104648808e-09,2.478241867738519195e-10,5.495148247419809226e-11,5.660122692426459138e-11,6.379151996289482071e-10,6.525712845670372145e-11,6.235607860945168536e-12,5.468280480857431103e-11,4.057981099873850176e-20,1.040263105636770691e-11,2.386151507460782975e-10,1.434047338754715801e-20,6.538112771268476282e-30
7.079999999999999627e-01,2.119675666506641151e-06,8.684066992258827976e-08,2.630489549376623827e-07,2.913303266308007950e-08,1.674731789142159915e-06,5.851139471043416747e-08,2.193066695274666065e-10,1.584276631400991579e-10,5.644456196119142151e-09,2.485110442677316473e-10,5.757447535013370740e-11,5.717734675370848803e-11,6.485924263054656229e-10,6.592135524118579827e-11,6.462484093278657992e-12,5.480398323126237958e-11,4.186350897069760505e-20,1.028183239310595709e-11,2.383096542371672053e-10,1.486222455902568320e-20,6.775995363147672282e-30
7.084999999999999076e-01,2.120515131984456636e-06,8.645773331726308901e-08,2.753142889360304198e-07,2.878996547531647620e-08,1.664286609548410969e-06,5.829023419634594591e-08,2.129036439543533494e-10,1.586768462952608692e-10,5.603044940841150248e-09,2.489830500804441343e-10,6.025718496915557635e-11,5.773193419538854801e-11,6.590206196642893028e-10,6.656077359623572861e-11,6.689286883498304452e-12,5.486392364398558272e-11,4.313975467682387008e-20,1.016075502643462277e-11,2.374075518817574714e-10,1.538380675176810273e-20,7.013801008993711425e-30
7.090000000000000746e-01,2.121205645292242201e-06,8.607675009112125359e-08,2.878299255581568569e-07,2.844548348116311011e-08,1.653582604034377822e-06,5.793229052902035512e-08,2.064941501328474365e-10,1.587650970872361654e-10,5.558685529884363153e-09,2.492381783360556998e-10,6.299449665487070107e-11,5.826490199362650896e-11,6.692061699927903012e-10,6.717528280744751913e-11,6.914891023597687754e-12,5.486524292752774102e-11,4.440239063467617893e-20,1.003917819429670177e-11,2.359484793073643966e-10,1.590263221798696133e-20,7.250349913484073679e-30
7.095000000000000195e-01,2.121724831945477152e-06,8.570551478361149815e-08,3.005678587087334405e-07,2.809903435614831029e-08,1.642614160375092307e-06,5.744147095494439110e-08,2.000916247202300734e-10,1.586867935728671647e-10,5.511448180100244144e-09,2.492752033048676455e-10,6.578027215176085588e-11,5.877722872958834988e-11,6.791533949197675167e-10,6.776600647649976724e-11,7.138260935833072390e-12,5.481050877509952317e-11,4.564581467595701333e-20,9.916906949675986987e-12,2.339483862485592852e-10,1.641631931464286862e-20,7.484556244957010282e-30
7.099999999999999645e-01,2.122069054158808254e-06,8.534896763073553189e-08,3.135031201317807871e-07,2.775035111818051476e-08,1.631401963975415386e-06,5.681368904245260825e-08,1.937092540443212079e-10,1.584367921319628961e-10,5.461406947816028036e-09,2.490939589343036424e-10,6.860904296737424490e-11,5.927040877529728114e-11,6.888565267108909198e-10,6.833465975315913343e-11,7.358626763737313024e-12,5.470153873357870755e-11,4.686589916222894166e-20,9.793847100727752794e-12,2.313906564483977361e-10,1.692309746579389203e-20,7.715612772461879676e-30
7.104999999999999094e-01,2.122256426913590366e-06,8.500880949269776955e-08,3.266207321613727508e-07,2.739956795036380157e-08,1.619987553982096381e-06,5.603863842934466925e-08,1.873601587478764942e-10,1.580117305941095850e-10,5.408638555354135379e-09,2.486954124399985570e-10,7.147753011835229510e-11,5.974573893899500620e-11,6.982949807153084984e-10,6.888272891300062384e-11,7.575576931046909755e-12,5.453911138679405893e-11,4.806046772039960235e-20,9.670046078166498008e-12,2.282333274318832096e-10,1.742202002740996434e-20,7.943087921588178400e-30
7.110000000000000764e-01,2.122323630650385302e-06,8.468383448405401018e-08,3.399194848099640029e-07,2.704720223619172816e-08,1.608420997778538861e-06,5.510481861266140335e-08,1.810574873886297658e-10,1.574114062546133009e-10,5.353221525817642308e-09,2.480815208876581488e-10,7.438546786118597036e-11,6.020367126648068271e-11,7.074335260518040857e-10,6.941072733216358596e-11,7.789035475339793024e-12,5.432311546912341396e-11,4.922916024045835622e-20,9.545686572323355753e-12,2.244295585311960904e-10,1.791291217565043753e-20,8.166902016584496830e-30
7.115000000000000213e-01,2.122316895680433823e-06,8.437070523303472194e-08,3.534111591357515435e-07,2.669401027316624338e-08,1.596745672538803347e-06,5.400585301643075515e-08,1.748143796014280982e-10,1.566397400133013421e-10,5.295235914550289309e-09,2.472549134935352817e-10,7.733543080140556105e-11,6.064344006558961165e-11,7.162273534025010536e-10,6.991776730773893674e-11,7.999129616492533683e-12,5.405301354354530263e-11,5.037271338631969281e-20,9.421035581805701880e-12,2.199533652005275517e-10,1.839606637712853129e-20,8.387188431538565383e-30
7.119999999999999662e-01,2.122279553939914175e-06,8.406485184881115479e-08,3.671153303437052919e-07,2.634076587546092670e-08,1.584985145862008567e-06,5.274565091003266604e-08,1.686438038572681475e-10,1.557048907425485407e-10,5.234763725951454339e-09,2.462185032976655696e-10,8.033169457885021757e-11,6.106308304249019655e-11,7.246304002628884751e-10,7.040158562400255328e-11,8.205989171713269510e-12,5.372841022293766485e-11,5.149187815456772674e-20,9.296366250592132632e-12,2.148206468219769348e-10,1.887178113173072573e-20,8.604083279044893626e-30
7.124999999999999112e-01,2.122239984236066360e-06,8.376125194318341781e-08,3.810513898924540801e-07,2.598803598979560787e-08,1.573136505556238481e-06,5.134042928043748425e-08,1.625583151863427978e-10,1.546183238739502570e-10,5.171889858423466762e-09,2.449751585600569802e-10,8.337848955011675144e-11,6.145984996585574620e-11,7.326041990046047943e-10,7.085901506401134086e-11,8.409542550845248519e-12,5.334951613554199003e-11,5.258632287365651555e-20,9.171878662292287927e-12,2.090974269080834074e-10,1.933989184697258796e-20,8.817511509220510706e-30
7.130000000000000782e-01,2.122204037773189797e-06,8.345499334482338351e-08,3.952304106832572519e-07,2.563602745712120952e-08,1.561172392016228507e-06,4.981683394484990519e-08,1.565698018000204895e-10,1.533929885709993315e-10,5.106703215965288452e-09,2.435275467216241495e-10,8.647822186568462487e-11,6.183086819298183620e-11,7.401243268823347430e-10,7.128675111197233630e-11,8.609376252779246151e-12,5.291737724624643499e-11,5.365388472365638239e-20,9.047645759811242656e-12,2.028922064659253035e-10,1.979944773083630638e-20,9.027039586317450641e-30
7.135000000000000231e-01,2.122154891296256273e-06,8.314166100054573284e-08,4.096495949920609509e-07,2.528455450122308550e-08,1.549051117090368826e-06,4.820689140693533167e-08,1.506892898601948079e-10,1.520410902366160692e-10,5.039297539534004040e-09,2.418782071184738236e-10,8.963026105017718347e-11,6.217385246791705143e-11,7.471823254688360609e-10,7.168216876128141048e-11,8.804704978089649521e-12,5.243385467562666348e-11,5.469042700104278179e-20,8.923601888675751960e-12,1.963354090077119309e-10,2.024864304554451599e-20,9.231844144776586127e-30
7.139999999999999680e-01,2.122060986384465410e-06,8.281766335689983632e-08,4.242912330127801081e-07,2.493313589725685498e-08,1.536731561636961439e-06,4.654169818288551455e-08,1.449268541030947158e-10,1.505721288417405073e-10,4.969771582481963183e-09,2.400298314326502115e-10,9.283071511041352545e-11,6.248763273618496654e-11,7.537824592292540484e-10,7.204392876065366507e-11,8.994463923054852750e-12,5.190144154454355147e-11,5.569036500704559757e-20,8.799577118418345513e-12,1.895536823231009867e-10,2.068502931721357566e-20,9.430808752806833318e-30
7.144999999999999130e-01,2.121889972912307855e-06,8.248059541385936742e-08,4.391266182226359424e-07,2.458118778503095965e-08,1.524187933946159424e-06,4.484616334562312432e-08,1.392916469468836491e-10,1.489918283778388261e-10,4.898228464748911845e-09,2.379856590872516106e-10,9.607328981663428219e-11,6.277233245052511829e-11,7.599343985835088677e-10,7.237218056454029533e-11,9.177495085380058484e-12,5.132304988503010194e-11,5.664770342239157431e-20,8.675365321254397088e-12,1.826484880530068099e-10,2.110594372661819371e-20,9.622719249346138206e-30
7.150000000000000799e-01,2.121624316578720281e-06,8.212964423406856905e-08,4.541237046833662589e-07,2.422824703809927358e-08,1.511419492273331630e-06,4.313662531982645958e-08,1.337920221761713258e-10,1.473023128161728433e-10,4.824774321411703542e-09,2.357498530320989239e-10,9.935096549539165051e-11,6.302914192554704675e-11,7.656442691752016173e-10,7.266829869276123554e-11,9.352768560100769418e-12,5.070187841584431053e-11,5.755725547677505587e-20,8.550803026913509081e-12,1.756863952210850951e-10,2.150901796356145387e-20,9.806495771365952513e-30
7.155000000000000249e-01,2.121273305078436905e-06,8.176593063961999271e-08,4.692560107624328713e-07,2.387415107475442728e-08,1.498451993024648610e-06,4.142198655970752709e-08,1.284357029762752506e-10,1.455034791908253588e-10,4.749516615462061302e-09,2.333277243889837655e-10,1.026579448945019731e-10,6.325976071942300599e-11,7.709070532134686414e-10,7.293423852068493195e-11,9.519568063399470553e-12,5.004139822295185334e-11,5.841564798260552335e-20,8.425832889722171345e-12,1.687036986512807056e-10,2.189260483032000163e-20,9.981387277335214654e-30
7.159999999999999698e-01,2.120877037842706219e-06,8.139261026509152844e-08,4.845098130663060555e-07,2.351911564802396644e-08,1.485330375341058409e-06,3.970763271533314359e-08,1.232299355243721422e-10,1.435951218795002725e-10,4.672562620391419312e-09,2.307257220175292109e-10,1.059912254406478785e-10,6.346568838189934367e-11,7.757028792700330933e-10,7.317171888448100413e-11,9.677581256226232457e-12,4.934540743470588244e-11,5.922178064628325282e-20,8.300531132418632550e-12,1.617223751978961302e-10,2.225598594239955604e-20,1.014706625563587481e-29
7.164999999999999147e-01,2.120500445727163904e-06,8.101457162991735285e-08,4.998872012400898173e-07,2.316368683251307604e-08,1.472105114256418236e-06,3.800037235458505374e-08,1.181815798331942540e-10,1.415791161753360503e-10,4.594018541929621221e-09,2.279511798993675667e-10,1.093512649915992336e-10,6.364759067804372153e-11,7.799984444769720398e-10,7.338149358914371230e-11,9.826866199137519150e-12,4.861805101216179925e-11,5.997658369241706759e-20,8.175090576498718775e-12,1.547701941974296280e-10,2.259929460493297762e-20,1.030359355754067691e-29
7.170000000000000817e-01,2.120218701234436289e-06,8.063767379311500097e-08,5.154039148685044712e-07,2.280858536725645860e-08,1.458816787582239570e-06,3.631233982157725142e-08,1.132971142316393681e-10,1.394609614012912240e-10,4.513989545762461982e-09,2.250118958699950372e-10,1.127415059696432147e-10,6.380494356885472356e-11,7.837531095522693714e-10,7.356294470486861651e-11,9.967705386662677849e-12,4.786370545926081205e-11,6.068214760977122148e-20,8.049765675701412271e-12,1.478966040771963774e-10,2.292318018931788749e-20,1.045126535686194121e-29
7.175000000000000266e-01,2.120098423144958819e-06,8.026762538379185006e-08,5.310826132214600636e-07,2.245449663440639551e-08,1.445483992466048882e-06,3.466233153114659368e-08,1.085825598220056014e-10,1.372502138827297759e-10,4.432580654015172961e-09,2.219156725887263917e-10,1.161669011394044763e-10,6.393606801233534974e-11,7.869276604757322595e-10,7.371412706258228243e-11,1.010039513375329034e-11,4.708669046329821741e-11,6.134050655991284230e-20,7.924798366401102294e-12,1.411781670579841257e-10,2.322832385932014011e-20,1.059039232472102669e-29
7.179999999999999716e-01,2.120180755727706131e-06,7.990875742495584369e-08,5.469437604370146122e-07,2.210187641086245834e-08,1.432098617174972633e-06,3.307414943987571071e-08,1.040433566749361164e-10,1.349597210383055505e-10,4.349898170675313931e-09,2.186699661392837468e-10,1.196319191231713106e-10,6.403854373806547086e-11,7.894928548445617309e-10,7.383224893033109215e-11,1.022503874875813564e-11,4.629086232802824546e-11,6.195247301156902926e-20,7.800349497016221895e-12,1.347118082015663920e-10,2.351496300539648225e-20,1.072108277250528543e-29
7.184999999999999165e-01,2.120472040309157785e-06,7.956302056400885449e-08,5.629971268195118964e-07,2.175083588332158343e-08,1.418630003003161924e-06,3.157273886349506245e-08,9.968423694682562009e-11,1.326039599949335425e-10,4.266051100797276076e-09,2.152817538695812988e-10,1.231386862271927339e-10,6.410986948617077230e-11,7.914349542949889734e-10,7.391443473090040211e-11,1.034141025838786001e-11,4.547922413491116633e-11,6.251690601541076341e-20,7.676458248862612509e-12,1.285990865819934768e-10,2.378257790704535462e-20,1.084309976680044866e-29
7.190000000000000835e-01,2.120945422067516692e-06,7.922950505957244238e-08,5.792367309773447713e-07,2.140114196094439255e-08,1.405036555064992028e-06,3.017974034616161928e-08,9.550913854489865788e-11,1.301970489059428139e-10,4.181152011904167124e-09,2.117576616941959628e-10,1.266858821396340765e-10,6.414815920401539633e-11,7.927564544926876358e-10,7.395852623331188616e-11,1.044893215467096050e-11,4.465371504597010496e-11,6.303065360009142413e-20,7.553042265291867438e-12,1.229280858302045864e-10,2.402984057581208911e-20,1.095583779524046206e-29
7.195000000000000284e-01,2.121553097009745273e-06,7.890464324146384721e-08,5.956409285952721865e-07,2.105233017326951446e-08,1.391280882625746250e-06,2.891020989024892813e-08,9.152118840333436383e-11,1.277510509573608726e-10,4.095316959678382646e-09,2.081043054480003293e-10,1.302687619040685063e-10,6.415265302754486176e-11,7.934718204553557846e-10,7.396366726694744244e-11,1.054677349788217883e-11,4.381529770965845164e-11,6.348918807107362535e-20,7.429937525884342437e-12,1.177600677827444270e-10,2.425484033985481537e-20,1.105842562523075719e-29
7.199999999999999734e-01,2.122245239312085983e-06,7.858305462469858458e-08,6.121776590488255183e-07,2.070389046479652437e-08,1.377343401309893065e-06,2.777167756513419351e-08,8.772276265674329149e-11,1.252750271878915020e-10,4.008664409076709365e-09,2.043287293059434675e-10,1.338803057528866320e-10,6.412388166683022119e-11,7.935996840155508178e-10,7.393048700168656981e-11,1.063403596325248019e-11,4.296436043918615270e-11,6.388772542049084231e-20,7.306963949101380200e-12,1.131256516351227464e-10,2.445551163796471856e-20,1.114992137197092825e-29
7.204999999999999183e-01,2.122989252352947426e-06,7.825880295568584306e-08,6.288131524415132531e-07,2.035546316763412137e-08,1.363229888669735534e-06,2.676568442883806543e-08,8.411560935123689644e-11,1.227749918264890365e-10,3.921313423270012374e-09,2.004387906296079489e-10,1.375131247941510248e-10,6.406343375214702759e-11,7.931541149942985798e-10,7.386082556476501629e-11,1.070996766152675548e-11,4.210132828523497765e-11,6.422246241374128887e-20,7.183994578451213381e-12,1.090310847441467390e-10,2.463012566610811369e-20,1.122953668786658624e-29
7.210000000000000853e-01,2.123782745202144712e-06,7.792671890937922062e-08,6.455212456869248629e-07,2.000698063093950846e-08,1.348970549426724950e-06,2.589090668131053076e-08,8.070100424225889443e-11,1.202546058484889021e-10,3.833381649479979218e-09,1.964433563054488691e-10,1.411614985211945671e-10,6.397340225752417470e-11,7.921378596095285612e-10,7.375709192285168250e-11,1.077413661887244276e-11,4.122728407513566361e-11,6.449152929644992542e-20,7.061005573757820986e-12,1.054709723212458959e-10,2.477768925437359782e-20,1.129681865520696266e-29
7.215000000000000302e-01,2.124655694536293582e-06,7.758344032069298216e-08,6.622902424036263013e-07,1.965870948515719939e-08,1.334611008121847822e-06,2.514637198217507682e-08,7.747990532386129836e-11,1.177162296396273310e-10,3.744983712762900096e-09,1.923522358771175750e-10,1.448228738248782795e-10,6.385568794556000480e-11,7.905397633269547597e-10,7.362146083733310711e-11,1.082650989053768834e-11,4.034437738344425137e-11,6.469535334928465922e-20,6.938091115988592441e-12,1.024413747757097663e-10,2.489812675132467482e-20,1.135173273601064062e-29
7.219999999999999751e-01,2.125660937200907640e-06,7.722792976832009679e-08,6.791250510964724084e-07,1.931118234388388717e-08,1.320198333911384017e-06,2.453333051806020143e-08,7.445307711903462263e-11,1.151619125936574039e-10,3.656230504345853550e-09,1.881758619819067867e-10,1.484983305299063597e-10,6.371138253747276700e-11,7.883371940180673410e-10,7.345516611121326895e-11,1.086741541951221759e-11,3.945586020911464498e-11,6.483632500541780070e-20,6.815439277500601195e-12,9.994741855422594843e-11,2.499219229157445452e-20,1.139462277997807647e-29
7.224999999999999201e-01,2.126856181746129821e-06,7.686140358764498432e-08,6.960438860416250443e-07,1.896504435725862716e-08,1.305766813774835305e-06,2.405501271035243842e-08,7.162116849452236454e-11,1.125940209925294575e-10,3.567229558940504058e-09,1.839248109290643397e-10,1.521918577086133182e-10,6.354042796266417812e-11,7.855026260987235720e-10,7.325811545263818620e-11,1.089740152465064631e-11,3.856571369291239317e-11,6.491788744174044251e-20,6.693277835136892710e-12,9.800229469199760345e-11,2.506114667950516659e-20,1.142606369692476296e-29
7.230000000000000870e-01,2.128283706210183173e-06,7.648678212558075263e-08,7.130706032443969398e-07,1.862086727228977787e-08,1.291328200089992425e-06,2.371448086012339869e-08,6.898474322736590234e-11,1.100154240928335432e-10,3.478086352379527313e-09,1.796093087173714058e-10,1.559086760414250687e-10,6.334165923941085152e-11,7.820121872342979505e-10,7.302894858613989023e-11,1.091704099877244688e-11,3.767797491280308542e-11,6.494335599551690230e-20,6.571808619764482349e-12,9.661849366104799177e-11,2.510630692312130936e-20,1.144665605306311755e-29
7.235000000000000320e-01,2.129954758016600085e-06,7.610788774821191222e-08,7.302251789975238877e-07,1.827899279425536841e-08,1.276869587976291560e-06,2.351163721691915807e-08,6.654427610703175276e-11,1.074293680813341828e-10,3.388906039478339554e-09,1.752388731631825426e-10,1.596531550981415205e-10,6.311321581123541729e-11,7.778533514424992701e-10,7.276551814936564018e-11,1.092674305833631984e-11,3.679598216702037254e-11,6.491485490043390487e-20,6.451152219797988460e-12,9.579560853143781619e-11,2.512861384005198606e-20,1.145682890042039769e-29
7.239999999999999769e-01,2.131844068649885867e-06,7.572864138886191795e-08,7.475154479675198509e-07,1.793945559003779968e-08,1.262359480750508622e-06,2.344082094102567229e-08,6.430013570575226350e-11,1.048392778350984753e-10,3.299794998648542987e-09,1.708221992697274361e-10,1.634270072728789829e-10,6.285318875988339506e-11,7.730292800912703491e-10,7.246563797077429880e-11,1.092663205289580164e-11,3.592178922280633490e-11,6.483271113585295798e-20,6.331320809932234470e-12,9.551054420288038413e-11,2.512835318922468280e-20,1.145671260506395587e-29
7.244999999999999218e-01,2.133896388816818902e-06,7.535244496412307076e-08,7.649328020504454254e-07,1.760200861067969628e-08,1.247759868227226589e-06,2.349016023242160750e-08,6.225257680534743130e-11,1.022486977196256648e-10,3.210861608253527407e-09,1.663673166677701564e-10,1.672283487769087658e-10,6.256029666111393731e-11,7.675584473805736752e-10,7.212785863601709701e-11,1.091652893433971399e-11,3.505594093531411010e-11,6.469548757892864940e-20,6.212227107485181615e-12,9.571488395484829464e-11,2.510511310179309174e-20,1.144611942024398866e-29
7.250000000000000888e-01,2.136042767848915676e-06,7.498182366428865525e-08,7.824532500580014866e-07,1.726623914890344292e-08,1.233040190608073078e-06,2.364306676325895674e-08,6.040176146368036547e-11,9.966144113903432001e-11,3.122215932206297762e-09,1.618819603377254443e-10,1.710519332531873107e-10,6.223437461027526315e-11,7.614697529081595983e-10,7.175202269279418956e-11,1.089603792702664794e-11,3.419767591204901795e-11,6.450062515135507322e-20,6.093725361690827403e-12,9.634098848937737139e-11,2.505798341555602512e-20,1.142463436358757726e-29
7.255000000000000338e-01,2.138220918573829233e-06,7.461829203400604413e-08,8.000434820833858813e-07,1.693173469245182022e-08,1.218188527223457491e-06,2.388130889392310251e-08,5.874781975215490954e-11,9.708184181736325704e-11,3.033968355141526292e-09,1.573740272818830936e-10,1.748904794561084512e-10,6.187652151211446945e-11,7.547947979764583647e-10,7.133942351546654814e-11,1.086470769089223612e-11,3.334547397487154341e-11,6.424546790550833116e-20,5.975669917957092327e-12,9.731452847819568514e-11,2.498592629219964469e-20,1.139178420025230728e-29
7.259999999999999787e-01,2.140392618010493029e-06,7.426234609358655736e-08,8.176699491829706203e-07,1.659824269720044732e-08,1.203216380051680757e-06,2.418839049338719228e-08,5.729095165264297302e-11,9.451488059825033044e-11,2.946227559072804108e-09,1.528519644364858033e-10,1.787366574574997647e-10,6.148886050607556129e-11,7.475599004482357534e-10,7.089251947527218263e-11,1.082221404290039736e-11,3.249775198869088247e-11,6.392832976319282475e-20,5.857971627328590223e-12,9.856826027253109857e-11,2.488819638930416870e-20,1.134722902898364017e-29
7.264999999999999236e-01,2.142552179573012172e-06,7.391348932216589301e-08,8.353079932051996133e-07,1.626577232881459187e-08,1.188155634510417512e-06,2.455180162032554491e-08,5.603156258953991007e-11,9.196596542390356558e-11,2.859098455577239744e-09,1.483249555457866238e-10,1.825850847882755865e-10,6.107399111776005463e-11,7.397804596905605063e-10,7.041429752568858015e-11,1.076850660125249461e-11,3.165347231030658616e-11,6.354926170845600929e-20,5.740633759504024217e-12,1.000512010715267420e-10,2.476467805311099779e-20,1.129091603915304580e-29
7.270000000000000906e-01,2.144723198673542452e-06,7.357025930384121628e-08,8.529480587338753484e-07,1.593460706923432629e-08,1.173048905670393845e-06,2.496316935750556240e-08,5.497041813671897154e-11,8.944027716502816912e-11,2.772680705441024290e-09,1.438028394750990958e-10,1.864336836757944979e-10,6.063430977046378577e-11,7.314594622913131979e-10,6.990749189935774324e-11,1.070387528196344502e-11,3.081247538934301430e-11,6.311028891401658787e-20,5.623756440440777149e-12,1.017292436390592198e-10,2.461603819527821553e-20,1.122314923042284023e-29
7.275000000000000355e-01,2.146944891101459341e-06,7.323029589223950529e-08,8.705969839482795778e-07,1.560522739547246279e-08,1.157936630718332705e-06,2.541622990511012288e-08,5.410879954021818977e-11,8.694180569237148617e-11,2.687068265300108087e-09,1.392957784544320958e-10,1.902839618060596347e-10,6.017141638180418579e-11,7.225905273289712125e-10,6.937390868999619364e-11,1.062891931530530461e-11,2.997546044162033510e-11,6.261506746786938659e-20,5.507509338714466986e-12,1.035768896471574959e-10,2.444365500404160476e-20,1.114455692209058547e-29
7.279999999999999805e-01,2.149252955913492877e-06,7.289053665525311906e-08,8.882739782510369314e-07,1.527817218833695009e-08,1.142845245414836718e-06,2.590349030949475580e-08,5.344864135234686600e-11,8.447239453868172110e-11,2.602350062710962110e-09,1.348137743175215420e-10,1.941401314286360165e-10,5.968579597815419163e-11,7.131643960838046927e-10,6.881407151982945222e-11,1.054443233833247476e-11,2.914367017306471287e-11,6.206809792111745942e-20,5.392082722736020133e-12,1.055636412833331898e-10,2.424935367088672353e-20,1.105597126675786549e-29
7.284999999999999254e-01,2.151661739950356455e-06,7.254761183005254453e-08,9.060026219544336195e-07,1.495388645845598663e-08,1.127780294369375728e-06,2.641304725244085019e-08,5.299263584414374614e-11,8.203119472304656518e-11,2.518611530502224201e-09,1.303661785795648089e-10,1.980073592478079089e-10,5.917687509988953764e-11,7.031766681405518520e-10,6.822729909549631315e-11,1.045124228381561347e-11,2.831843630434523240e-11,6.147376632394638141e-20,5.277633693317008422e-12,1.076410319981341170e-10,2.403503817910252562e-20,1.095826036810694090e-29
7.290000000000000924e-01,2.154153937596490068e-06,7.219843860400243571e-08,9.238015040789217688e-07,1.463260555779467865e-08,1.112726580397064714e-06,2.692702113864516878e-08,5.274429568017144520e-11,7.961484692524428568e-11,2.435936451656194125e-09,1.259613432827342401e-10,2.018897193333558156e-10,5.864343209675260954e-11,6.926342274161029780e-10,6.761218613088514519e-11,1.035005667775342549e-11,2.750077572431456114e-11,6.083552236516043048e-20,5.164245305387662847e-12,1.097362397478300108e-10,2.380233554450083412e-20,1.085216607131271657e-29
7.295000000000000373e-01,2.156681355817981681e-06,7.184091265813689694e-08,9.416765360384059891e-07,1.431431206871814538e-08,1.097655076448829394e-06,2.742243867041920887e-08,5.270797568403484154e-11,7.721848138910088888e-11,2.354408469574133866e-09,1.216065141235551390e-10,2.057885131770160651e-10,5.808422709525700647e-11,6.815582883358467189e-10,6.696732984130839717e-11,1.024135961563363246e-11,2.669118435009995381e-11,6.015544165584209126e-20,5.051911356042943327e-12,1.117556788460361784e-10,2.355235891127670061e-20,1.073819594167487956e-29
7.299999999999999822e-01,2.159176394185799785e-06,7.147451043207573404e-08,9.596174127212652256e-07,1.399877629683242928e-08,1.082534114252825876e-06,2.787440566520781458e-08,5.288886466191794711e-11,7.483732636216109271e-11,2.274111735697019290e-09,1.173079904398767067e-10,2.097014969446349809e-10,5.749864781822027818e-11,6.699831443723426366e-10,6.629206651352349694e-11,1.012538839720487615e-11,2.588967935889410892e-11,5.943428179115746718e-20,4.940550693821922893e-12,1.135979262508318116e-10,2.328565384331980511e-20,1.061659876877103067e-29
7.304999999999999272e-01,2.161570207616029919e-06,7.110059234633922365e-08,9.775993312868762693e-07,1.368566351268967640e-08,1.067341049995080404e-06,2.826045884466805775e-08,5.329296673642325782e-11,7.246846298086208529e-11,2.195130456071708548e-09,1.130714929412128743e-10,2.136232582381536622e-10,5.688716370232552563e-11,6.579511242190270762e-10,6.558698122534864491e-11,1.000219204459827289e-11,2.509603274749684647e-11,5.867197900777180094e-20,4.830045094629927713e-12,1.151714542922693033e-10,2.300233292369025960e-20,1.048742592839104065e-29
7.310000000000000941e-01,2.163811309506931625e-06,7.072225615031431310e-08,9.955893706883218703e-07,1.337467003492786152e-08,1.052070588740977526e-06,2.856446437106702809e-08,5.392709580938822722e-11,7.011216129712171636e-11,2.117547462802388498e-09,1.089026161078352628e-10,2.175466114510741277e-10,5.625144374488455456e-11,6.455054815567775946e-10,6.485402859641773287e-11,9.871749083209665483e-12,2.431006483268406105e-11,5.786839826082217270e-20,4.720287316942312832e-12,1.164105186430521375e-10,2.270234663924515355e-20,1.035065488316092853e-29
7.315000000000000391e-01,2.165878361578318997e-06,7.034371796476988195e-08,1.013555437121390352e-06,1.306564254920335596e-08,1.036737181988833088e-06,2.877856252548389312e-08,5.479890457808157019e-11,6.777232970398543343e-11,2.041442254352844235e-09,1.048072177585735551e-10,2.214645535241614144e-10,5.559410256527028748e-11,6.326835680663893329e-10,6.409622886769857889e-11,9.734105550943011612e-12,2.353185408842850184e-11,5.702408513898779452e-20,4.611223232099348752e-12,1.172830862701111686e-10,2.238580078137769408e-20,1.020633389233029759e-29
7.319999999999999840e-01,2.167783025504244181e-06,6.996935336496163466e-08,1.031474873806325397e-06,1.275864264945427723e-08,1.021370942424990651e-06,2.890239801364215794e-08,5.591696046997738834e-11,6.545588397041007076e-11,1.966889116621460845e-09,1.007916203687700804e-10,2.253721457758962000e-10,5.491815888304862294e-11,6.195124781552507994e-10,6.331704048747161459e-11,9.589490616348619880e-12,2.276177130323855326e-11,5.614078808697659750e-20,4.502874607821420022e-12,1.177877035324123585e-10,2.205322234924706031e-20,1.005470324224923735e-29
7.324999999999999289e-01,2.169562221549458854e-06,6.960265467959934256e-08,1.049339970085363340e-06,1.245393827373580827e-08,1.006008649107911272e-06,2.893993211925013689e-08,5.729086657074012673e-11,6.317119949760365552e-11,1.893955902304454751e-09,9.686255954055162128e-11,2.292677175608911085e-10,5.422638233034462189e-11,6.060084828827187587e-10,6.251961346815631958e-11,9.438376585029337997e-12,2.200033627494462031e-11,5.522161012969875772e-20,4.395336075315587060e-12,1.179405104312675751e-10,2.170569755579427851e-20,9.896258164304587128e-30
7.330000000000000959e-01,2.171262716655787023e-06,6.924540459625689748e-08,1.067158629816660342e-06,1.215192845088948691e-08,9.906829451702948790e-07,2.889508447315607714e-08,5.893140980613546022e-11,6.092612371801400154e-11,1.822703824669737699e-09,9.302689485509678646e-11,2.331530116993690883e-10,5.352073883068728892e-11,5.921802957323136330e-10,6.170616405238138835e-11,9.281468663549886136e-12,2.124798340826865578e-11,5.427077532400611154e-20,4.288748548083789509e-12,1.177574844705014802e-10,2.134484828743088711e-20,9.731738099531380660e-30
7.335000000000000409e-01,2.172923424618732406e-06,6.889730948128219564e-08,1.084950032108209512e-06,1.185302920506588043e-08,9.754132865546529821e-07,2.876791728800305715e-08,6.085070620664034984e-11,5.872618063497747360e-11,1.753188289909168801e-09,8.929117195073533348e-11,2.370322354764281531e-10,5.280211102631187054e-11,5.780349636180884001e-10,6.087766953646314523e-11,9.119631381618447749e-12,2.050486975883973863e-11,5.329311321314540740e-20,4.183258927663743993e-12,1.172388930175721608e-10,2.097266288468990604e-20,9.562049546040683063e-30
7.339999999999999858e-01,2.174561353792408424e-06,6.855619518956118376e-08,1.102736726212568498e-06,1.155755970545347962e-08,9.602014839957038674e-07,2.855286647680274520e-08,6.306230862335198856e-11,5.657353887202826948e-11,1.685460460443839547e-09,8.566116938195011878e-11,2.409103325468110617e-10,5.207037985007408318e-11,5.635843607585632055e-10,6.003397663356057849e-11,8.953776451914601023e-12,1.977084454042196381e-11,5.229343841526164226e-20,4.078979899791240693e-12,1.163620842431653416e-10,2.059123822822614436e-20,9.388148472051879711e-30
7.344999999999999307e-01,2.176165680383813958e-06,6.821869195609286070e-08,1.120535730107505338e-06,1.126566562094465222e-08,9.450330776237591692e-07,2.823972406919175386e-08,6.558124835680520171e-11,5.446705921138320955e-11,1.619569017616678002e-09,8.214156646487819204e-11,2.447910373962627203e-10,5.132483600635419160e-11,5.488501337202470611e-10,5.917428225535395504e-11,8.784746147732532245e-12,1.904562879012849282e-11,5.127601410501163770e-20,3.975962872110589051e-12,1.150854874102984110e-10,2.020251150651239184e-20,9.210918029682253221e-30
7.350000000000000977e-01,2.177701544210128983e-06,6.788118522486662116e-08,1.138351493302005880e-06,1.097730252987045321e-08,9.298838542608085022e-07,2.781700178111248293e-08,6.842399814044034212e-11,5.240337872202861788e-11,1.555561545483517166e-09,7.873582909121614690e-11,2.486753374551374728e-10,5.056478404603195489e-11,5.338655226392167694e-10,5.829782589429760775e-11,8.613225050402575651e-12,1.832915764396297707e-11,5.024424147748790782e-20,3.874192121274582175e-12,1.133623151071899108e-10,1.980805722053280519e-20,9.031076016773281038e-30
7.355000000000000426e-01,2.179121897443074616e-06,6.754073809864237161e-08,1.156172956235209600e-06,1.069228140810273480e-08,9.147291996330786107e-07,2.727638056596747126e-08,7.160836562964281740e-11,5.037865327720109882e-11,1.493485097519155133e-09,7.544634247785619449e-11,2.525608305746387324e-10,4.979014113447802284e-11,5.186735538299842959e-10,5.740456651728165085e-11,8.439702556164708850e-12,1.762195674692456824e-11,4.920063421194766610e-20,3.773600862347250365e-12,1.111586908798824999e-10,1.940900092349200868e-20,8.849135563678350870e-30
7.359999999999999876e-01,2.180383195602935458e-06,6.719572107789071003e-08,1.173975604063128224e-06,1.041035787537702868e-08,8.995531762730829042e-07,2.661653689490607190e-08,7.515334732640534707e-11,4.839038401460073537e-11,1.433385783697575061e-09,7.227474456437996633e-11,2.564421739051107740e-10,4.900183669650181043e-11,5.033222956069344300e-10,5.649562491147180920e-11,8.264492650393781161e-12,1.692539407888964030e-11,4.814704781202319617e-20,3.674102769615365467e-12,1.084692382609235914e-10,1.900606467127029036e-20,8.665425868897796742e-30
7.364999999999999325e-01,2.181459703697137161e-06,6.684600099800250322e-08,1.191727807257843530e-06,1.013133366871347691e-08,8.843544489844537623e-07,2.584488934385475061e-08,7.907898560118234721e-11,4.643875808963867147e-11,1.375307533405555768e-09,6.922235440884361724e-11,2.603124694544813086e-10,4.820188587380709847e-11,4.878587965101388909e-10,5.557335125892041508e-11,8.087801110463304997e-12,1.624168369332618366e-11,4.708506620196073749e-20,3.575627813120215552e-12,1.053241969849209794e-10,1.859972156546985103e-20,8.480162666955177232e-30
7.370000000000000995e-01,2.182351937417954950e-06,6.649269771521605006e-08,1.209399381242041142e-06,9.855136673455658473e-09,8.691473171599128116e-07,2.497662026329943450e-08,8.340627102684250077e-11,4.452712776476457115e-11,1.319290446753473301e-09,6.629056405310858889e-11,2.641651344698360284e-10,4.739311679634866330e-11,4.723236900679923606e-10,5.464100088010390635e-11,7.909818041653306564e-12,1.557360648357998856e-11,4.601641862528688512e-20,3.478150520674401136e-12,1.017854371071485054e-10,1.819040857953365899e-20,8.293545259725268328e-30
7.375000000000000444e-01,2.183086905237761029e-06,6.613765566405884767e-08,1.226969612722160759e-06,9.581854840311392561e-09,8.539577479067531489e-07,2.403137098327882290e-08,8.815711750958771079e-11,4.266155593709952978e-11,1.265369263660446013e-09,6.348107681827718705e-11,2.679956552881103010e-10,4.657864382274538082e-11,4.567481546958966129e-10,5.370212799993277861e-11,7.730808416840602543e-12,1.492402096453384266e-11,4.494331061557053808e-20,3.381701953139135818e-12,9.793299406836690515e-11,1.777873481656192536e-20,8.105851454526145467e-30
7.379999999999999893e-01,2.183710562070713630e-06,6.578284946519627399e-08,1.244432200726489803e-06,9.311715848320691522e-09,8.388158909375400686e-07,2.302887463120708963e-08,9.335441240341087322e-11,4.084965787323730096e-11,1.213572425519033424e-09,6.079592431336040372e-11,2.718026671186086034e-10,4.576125966250275159e-11,4.411540834493318318e-10,5.275989677732643572e-11,7.551175794969329186e-12,1.429532164360482501e-11,4.386859295562253116e-20,3.286362519024490459e-12,9.384727482366980693e-11,1.736562810028324965e-20,7.917504378138477698e-30
7.384999999999999343e-01,2.184275294928820275e-06,6.542992787885380205e-08,1.261795570413246788e-06,9.045022559852858307e-09,8.237475956770931626e-07,2.198514682658350218e-08,9.902211564005205055e-11,3.909916447587952173e-11,1.163922003262488085e-09,5.823726277051185832e-11,2.755880228959047267e-10,4.494294283324079044e-11,4.255572399659154912e-10,5.181653220976092833e-11,7.371483231142924596e-12,1.368902996993681765e-11,4.279574494179692364e-20,3.192239176904393595e-12,8.959353669787782982e-11,1.695238312041633565e-20,7.729094402999687201e-30
7.390000000000001013e-01,2.184826589699199465e-06,6.508001253376883798e-08,1.279078506111065842e-06,8.782068085651012753e-09,8.087676442642530363e-07,2.091057776114844053e-08,1.051853602659899790e-10,3.741666455177460011e-11,1.116434488409106880e-09,5.580701566608835287e-11,2.793558394788619271e-10,4.412463638005257793e-11,4.099722164053216217e-10,5.087308430835519750e-11,7.192427687861249481e-12,1.310566135019028717e-11,4.172869621559627473e-20,3.099435437571546842e-12,8.521411331311955160e-11,1.654060263086534410e-20,7.541352315783023747e-30
7.395000000000000462e-01,2.185392946915866553e-06,6.473374806422452778e-08,1.296302538240452195e-06,8.523059385292831639e-09,7.938767453205048367e-07,1.981048725055102208e-08,1.118704995567324970e-10,3.580685897163142063e-11,1.071122180695328551e-09,5.350647426314668191e-11,2.831108345458900083e-10,4.330636332010702348e-11,3.944174756003753817e-10,4.992957433064205814e-11,7.014776593730938472e-12,1.254491630459416325e-11,4.067154392733603207e-20,3.008024381380460928e-12,8.073067622125943163e-11,1.613205157253842871e-20,7.355082794636687789e-30
7.399999999999999911e-01,2.185981779121425970e-06,6.439149899712572034e-08,1.313483534758808525e-06,8.268073641335828498e-09,7.790630580631115957e-07,1.868773871275294401e-08,1.191050566342382324e-10,3.427244110170863077e-11,1.027994738271830591e-09,5.133597812765425907e-11,2.868564894728580179e-10,4.248763408550743491e-11,3.789188093055558647e-10,4.898546684265518777e-11,6.839284514726812310e-12,1.200613020637573971e-11,3.962823564951909760e-20,2.918033250852635092e-12,7.615488642114792571e-11,1.572846542882035360e-20,7.171077032783814311e-30
7.404999999999999361e-01,2.186581973097995882e-06,6.405354520735159050e-08,1.330625175516531668e-06,8.017059331340016190e-09,7.643075649812862373e-07,1.754624118304441992e-08,1.269175588843106287e-10,3.281449572794501252e-11,9.870604306378097647e-10,4.929477178213592337e-11,2.905936232611169885e-10,4.166800750991571132e-11,3.635101358633059170e-10,4.804030701234046117e-11,6.666612174102591075e-12,1.148882652877095247e-11,3.860228596872407958e-20,2.829443829771748777e-12,7.150266517736982393e-11,1.533136395181516853e-20,6.990027824684875222e-30
7.410000000000001030e-01,2.187171744132786804e-06,6.372015489005778095e-08,1.347716364764383171e-06,7.769878524688451521e-09,7.495914447849404306e-07,1.639389082241961813e-08,1.353372735604705356e-10,3.143316373794557516e-11,9.483267501351360519e-10,4.738108014338906953e-11,2.943198265306457343e-10,4.084761987209676721e-11,3.482314764111551331e-10,4.709431240054971045e-11,6.497268601730769046e-12,1.099318565253909980e-11,3.759658146358708796e-20,2.742207382269242609e-12,6.680618181699217620e-11,1.494191805870065454e-20,6.812468904956989247e-30
7.415000000000000480e-01,2.187728974998764606e-06,6.339149450072011908e-08,1.364733369901842819e-06,7.526373713695027913e-09,7.349030623557547242e-07,1.524380166332375665e-08,1.443938916905161668e-10,3.012829338293063106e-11,9.118002509234968736e-10,4.559238069486688108e-11,2.980299278819857940e-10,4.002751064285722970e-11,3.331248746811431597e-10,4.614872786851141451e-11,6.331590676793031582e-12,1.052027558849629619e-11,3.661330962415939195e-20,2.656268257407902156e-12,6.211887108807953783e-11,1.456090271651960831e-20,6.638753496828566160e-30
7.419999999999999929e-01,2.188240780042039710e-06,6.306743008533751358e-08,1.381645970928856469e-06,7.286435651211881404e-09,7.202424214252479580e-07,1.411340575919792401e-08,1.541172241399141176e-10,2.889988084496827884e-11,8.774857241061979698e-10,4.392579361545460195e-11,3.017173365434684479e-10,3.920964311037421197e-11,3.182296580097099555e-10,4.520583332248202601e-11,6.169764492549156424e-12,1.007197761184137147e-11,3.565402475396412490e-20,2.571587849876938630e-12,5.751176849080566793e-11,1.418874601762802328e-20,6.469076713984010683e-30
7.424999999999999378e-01,2.188709580433837492e-06,6.274734055062950547e-08,1.398425641946864859e-06,7.050050020047845115e-09,7.056218088290294559e-07,1.302185712549224222e-08,1.645369699471169769e-10,2.774824119655496440e-11,8.453850102962770860e-10,4.237847854014418395e-11,3.053758293104044096e-10,3.839661921752962887e-11,3.035785830514447045e-10,4.426860911364446801e-11,6.011882218387702863e-12,9.650645163253142207e-12,3.471983894950293708e-20,2.488161084980699865e-12,5.306293258414561847e-11,1.382565991544831711e-20,6.303535183823880411e-30
7.430000000000001048e-01,2.189154236219566768e-06,6.243007126708681604e-08,1.415053159210617105e-06,6.817309294675483157e-09,6.910625921402177029e-07,1.198680837936650095e-08,1.756825929808286921e-10,2.667397787149677357e-11,8.154958424047263345e-10,4.094792702619196674e-11,3.090012127770181775e-10,3.759118709748322527e-11,2.891960443556768692e-10,4.334017473404245310e-11,5.858019020077888378e-12,9.258619599890288865e-12,3.381170020590011710e-20,2.406020610166560480e-12,4.884430907792908187e-11,1.347181712336439085e-20,6.142207703236875706e-30
7.435000000000000497e-01,2.189606302527160229e-06,6.211410244315870011e-08,1.431523230778794028e-06,6.588388553658692420e-09,6.765893201745471469e-07,1.102180381215558257e-08,1.875833056831857885e-10,2.567788097027362023e-11,7.878110822038790659e-10,3.963207221630690655e-11,3.125923355161039503e-10,3.679570465702114001e-11,2.750987920201604458e-10,4.242318698195383859e-11,5.708309326124252707e-12,8.897762384293814835e-12,3.293069626080786073e-20,2.325228253796797764e-12,4.491110458702745669e-11,1.312752654423667630e-20,5.985235208913954974e-30
7.439999999999999947e-01,2.190102803915617742e-06,6.179791424957453983e-08,1.447844700080254548e-06,6.363495910456027543e-09,6.622230574525424746e-07,1.013520304564351977e-08,2.002681201444921654e-10,2.476086448134511116e-11,7.623185818541309185e-10,3.842919162446505111e-11,3.161511337812691835e-10,3.601173276331883616e-11,2.612987642377084459e-10,4.151939200974996536e-11,5.563001673029103030e-12,8.569141203202270872e-12,3.207830843642318753e-20,2.245857518017960371e-12,4.129739581118225859e-11,1.279335946236295835e-20,5.832878286511281980e-30
7.444999999999999396e-01,2.190677722017737209e-06,6.148043952815256748e-08,1.464036282013451292e-06,6.142815752536361558e-09,6.479760395619606083e-07,9.330875561883652395e-09,2.137659000061526346e-10,2.392397259096643705e-11,7.390017120842204153e-10,3.733763943768500907e-11,3.196817013454227085e-10,3.523988511375460560e-11,2.478069728969121759e-10,4.062947051575359744e-11,5.422476720592991583e-12,8.272940691516833564e-12,3.125654184817913060e-20,2.167973529701667657e-12,3.801895477642384603e-11,1.247019104574398248e-20,5.685536061537283354e-30
7.450000000000001066e-01,2.191354532879168233e-06,6.116144450164231610e-08,1.480119200373100654e-06,5.926463957062751217e-09,6.338492471290832646e-07,8.610179572716959596e-09,2.281053413109139990e-10,2.316839527938116313e-11,7.178404102850544431e-10,3.635549391515412739e-11,3.231886820711377387e-10,3.447997527927605157e-11,2.346370958649230676e-10,3.975321645743978409e-11,5.287222667657102043e-12,8.008585801866013950e-12,3.046788166858440268e-20,2.091617219603865404e-12,3.508130936643936620e-11,1.215914387164873621e-20,5.543720422193477115e-30
7.455000000000000515e-01,2.192141667574554094e-06,6.084169070460318943e-08,1.496109066386257633e-06,5.714468833882017319e-09,6.198335381430804697e-07,7.974257444910893021e-09,2.433148291732500068e-10,2.249538504135697386e-11,6.988124668494039089e-10,3.548022957522760788e-11,3.266754959879801748e-10,3.373140399421047779e-11,2.218076017484639203e-10,3.888998048691124262e-11,5.157773900287933143e-12,7.774999446102673896e-12,2.971506818834313470e-20,2.016798587208662426e-12,3.248909698918084398e-11,1.186144687123036111e-20,5.407991689306885094e-30
7.459999999999999964e-01,2.193031894714129116e-06,6.052280377461363414e-08,1.512009568366472477e-06,5.506782001502210553e-09,6.059138620583551546e-07,7.425627938766704782e-09,2.594221547079163260e-10,2.190598892855873358e-11,6.818947192605891904e-10,3.470851634866875654e-11,3.301429601448481264e-10,3.299365359018286189e-11,2.093417810772985920e-10,3.803922572502776551e-11,5.034629235958202273e-12,7.570888272210985353e-12,2.900073679636593974e-20,1.943500538036505242e-12,3.025255654915534814e-11,1.157824731516481934e-20,5.278872891358087774e-30
7.464999999999999414e-01,2.194005586874684992e-06,6.020687870398479084e-08,1.527809963659211271e-06,5.303313188358437228e-09,5.920751495616258018e-07,6.968431343776553749e-09,2.764541211162825237e-10,2.140059611522332222e-11,6.670638668130862470e-10,3.403621112421645546e-11,3.335887393358114543e-10,3.226672579249532531e-11,1.972657814097404738e-10,3.720101198369720795e-11,4.918172587101431134e-12,7.394966158664224709e-12,2.832701688955582583e-20,1.871691173021005065e-12,2.838853407953795761e-11,1.131042832723913348e-20,5.156766576035217496e-30
7.470000000000001084e-01,2.195036878803551250e-06,5.989594584314200360e-08,1.543487161347442788e-06,5.103975507809528176e-09,5.783080047182676941e-07,6.607308799720351779e-09,2.944361044917899901e-10,2.097841080234790545e-11,6.542967356280477763e-10,3.345855165006285521e-11,3.370077993305757369e-10,3.155138259528380418e-11,1.856053948616538910e-10,3.637625378086424644e-11,4.808619140492823940e-12,7.246071172314564920e-12,2.769520867937442974e-20,1.801339780012292589e-12,2.691592389747230903e-11,1.105848505017695746e-20,5.041898376064618658e-30
7.475000000000000533e-01,2.196101048021250384e-06,5.959147048566304768e-08,1.559011736570068664e-06,4.908725342586023629e-09,5.646124474837225239e-07,6.345497207957643337e-09,3.133916511877529833e-10,2.063703887375494135e-11,6.435699780208487842e-10,3.297050429960874415e-11,3.403937191635688478e-10,3.084911830147938703e-11,1.743827142087789125e-10,3.556667600026484661e-11,4.706003727801397465e-12,7.123184515932536733e-12,2.710564635607892981e-20,1.732430924428152280e-12,2.584791198988439841e-11,1.082249782835311535e-20,4.934304814245550562e-30
7.479999999999999982e-01,2.197181174669019241e-06,5.929404312734665088e-08,1.574355978645922013e-06,4.717584019556772513e-09,5.509986085569571213e-07,6.183043383838697838e-09,3.333421833820365027e-10,2.037238037525337080e-11,6.348593405885361875e-10,3.256717233220026371e-11,3.437404484314629332e-10,3.016188034497712397e-11,1.636137522922330476e-10,3.477449161292892476e-11,4.610216379353979504e-12,7.025395798810546119e-12,2.655780828556870014e-20,1.664972110543284804e-12,2.518470171190680012e-11,1.060221390670204325e-20,4.833870582167329438e-30
7.484999999999999432e-01,2.198272318583857211e-06,5.900334499741894152e-08,1.589501432872530643e-06,4.530635538257397593e-09,5.374842501147098381e-07,6.115959128720632517e-09,3.543068504077744186e-10,2.017893632197581874e-11,6.281387446884108418e-10,3.224415284583100458e-11,3.470439550327099394e-10,2.949163731635551731e-11,1.533077378775664753e-10,3.400191497670521032e-11,4.521076247887154749e-12,6.951864586196356941e-12,2.605066123479631837e-20,1.598992985560200620e-12,2.491006889594747625e-11,1.039721739490890502e-20,4.740406051686480855e-30
7.490000000000001101e-01,2.199382059269142492e-06,5.871837376064974124e-08,1.604443550762620237e-06,4.348003074239646510e-09,5.240899697174169182e-07,6.136701593231993140e-09,3.763025162457368652e-10,2.005049422428881343e-11,6.233794669566904317e-10,3.199774420416019112e-11,3.503032422924764003e-10,2.883993863469536135e-11,1.434682061470430717e-10,3.325067324440923566e-11,4.438423206396515595e-12,6.901805747447105375e-12,2.558314831850962694e-20,1.534537045436502677e-12,2.499331299968898208e-11,1.020713991269376317e-20,4.653743318764550449e-30
7.495000000000000551e-01,2.200527164932440346e-06,5.843782652865404218e-08,1.619191967676016225e-06,4.169813883804805838e-09,5.108336391884440727e-07,6.235769005976108152e-09,3.993438287383781214e-10,1.998100795503001455e-11,6.205496783459794842e-10,3.182494795101379511e-11,3.535204115890172155e-10,2.820760775713780201e-11,1.340954031554791912e-10,3.252167284587951845e-11,4.362200228061923199e-12,6.874491018388682930e-12,2.515467575309362313e-20,1.471649240773458685e-12,2.539575068614953627e-11,1.003185007330073547e-20,4.573822582341706638e-30
7.500000000000000000e-01,2.201727194521039395e-06,5.816049430870928846e-08,1.633766299128467971e-06,3.996165392456759303e-09,4.977258291033512623e-07,6.403710682464241909e-09,4.234432886299348703e-10,1.996539637708067514e-11,6.196145066313658135e-10,3.172326852583904583e-11,3.566997461295281753e-10,2.759466228242153794e-11,1.251891199730328704e-10,3.181492174436709764e-11,4.292501408194521422e-12,6.869232147032396487e-12,2.476544274591646325e-20,1.410363996653017970e-12,2.607889771063618777e-11,9.871563981561187884e-21,4.500742497875158842e-30
7.600000000000000089e-01,2.220467034335188954e-06,5.336450041581504609e-08,1.886752177767316704e-06,1.483657813943979984e-09,2.647485170956448482e-07,1.143051155210888429e-08,1.119908993835762192e-09,2.619064398651715862e-11,9.430952970428641874e-10,4.037489630157887881e-11,4.119203854813828436e-10,1.909794778266802825e-11,4.447570223890407980e-11,2.201866610780476340e-11,4.404591650741326757e-12,9.106567296329874440e-12,2.564611390546441968e-20,5.236343504832613384e-13,4.655236424870079955e-11,1.012935456912043808e-20,4.618270623629261556e-30
7.700000000000000178e-01,2.204814684222145354e-06,5.056874316269535073e-08,2.048003899302275120e-06,8.364004687949988023e-10,9.950553766293472264e-08,1.475019204174457427e-09,1.987562269667917683e-09,3.902241005301791510e-11,1.743983850975466175e-09,6.653533425744015702e-11,4.471787994505888918e-10,1.564949963279641001e-11,8.064267154449679790e-11,1.804264794101610294e-11,6.941033658393340735e-12,1.322108008360831161e-11,4.017277400368991779e-20,2.952008863217864342e-13,6.009623063657962127e-12,1.596246427100025713e-20,7.277762224314530435e-30
7.800000000000000266e-01,2.182013179875965137e-06,5.022793993025880005e-08,2.104067610763008900e-06,1.969889172208707409e-09,1.323624521210251820e-08,6.498027294034414073e-09,2.421207366289020679e-09,6.946691600395156814e-11,2.769622236256148956e-09,1.169264262332000462e-10,4.594947417844821677e-10,1.203451393661559331e-11,8.991142531359781047e-11,1.387464369123088713e-11,1.013675033668750850e-11,2.362131199776188472e-11,5.911134341600288089e-20,6.952397379673986718e-13,2.647593268835715802e-11,2.331176289829118388e-20,1.062851168437991712e-29
7.900000000000000355e-01,2.133730103536648774e-06,5.248756779588907558e-08,2.053158203370572457e-06,4.631523232850460528e-09,8.605741219059274949e-09,8.299548720391747394e-09,2.197325169331611276e-09,9.116985919200136035e-11,3.536338643066330357e-09,1.536790518543107223e-10,4.484144493503938450e-10,6.967365605884085383e-12,2.776611204225767458e-11,8.032379408335000429e-12,1.140456306606343690e-11,3.098468037348689018e-11,6.693017189452963764e-20,1.634601644182627842e-12,3.380232285721240478e-11,2.622741720577966907e-20,1.195782891989092284e-29
8.000000000000000444e-01,2.065380826063389684e-06,5.727678982024488795e-08,1.904473838211102533e-06,8.439299924951153725e-09,8.015232456392941584e-08,9.009862450256924886e-09,2.010308051743147543e-09,5.875579812925803766e-11,3.339055625370787533e-09,9.759975566243720056e-11,4.159204737156699500e-10,3.483748276077135154e-12,3.009225945170881958e-11,4.015805089855985698e-12,9.732653047294162846e-12,2.006101674544091673e-11,5.653271979420328331e-20,2.978467531941278552e-12,3.670743806256213451e-11,2.238244191371415862e-20,1.020481095845637203e-29
8.100000000000000533e-01,1.992085694197775778e-06,6.432010727897001060e-08,1.676080797507299934e-06,1.293010657156434118e-08,2.153713192764248571e-07,1.799236867956561799e-08,2.383023940318551475e-09,5.406671393369356100e-11,1.948422952882223875e-09,8.504245443164909942e-11,3.659160561415419372e-10,2.713230348929877433e-12,4.486475477704916591e-10,3.127280440103573424e-12,3.507210348981005328e-12,1.867249098775182227e-11,2.155812652829409623e-20,4.563392355373801618e-12,7.329161396253257066e-11,8.065701814041851127e-21,3.677354252178684504e-30
8.200000000000000622e-01,1.908697549329960349e-06,7.310048294338895454e-08,1.392297226413533438e-06,1.760960984694089988e-08,3.963293642647797713e-07,1.879444684748502062e-08,2.532612658155963639e-09,7.891095026535714410e-10,1.396066922820898732e-09,1.348519021098647838e-09,3.044195596628092052e-10,1.137522449971311034e-11,3.799821907506303823e-09,1.311387061934977288e-11,2.139561293963931810e-11,2.672056573777552081e-10,1.451788346995530832e-19,6.214913822247500781e-12,7.656416248106074406e-11,4.920555007509101906e-20,2.243356113512155103e-29
8.299999999999999600e-01,1.865509892136627327e-06,8.298404306689389194e-08,1.081154649698910647e-06,2.199834316175070829e-08,6.019550979288051643e-07,2.580357602456797340e-08,5.903652282809010856e-09,4.765715965191692154e-09,9.646483978009937361e-09,8.190499414325321895e-09,2.411741268160688075e-10,1.052689237468852412e-10,2.070554073401223519e-08,1.213672149860022864e-10,2.096347314765898825e-10,1.611896605272930993e-09,1.326990597424212559e-18,7.763815184283361149e-12,1.051844620588545818e-10,4.821102826607466288e-19,2.198046245361965675e-28
8.399999999999999689e-01,1.928387903987042717e-06,9.325045696360592709e-08,7.717198997927352058e-07,2.567590679903777834e-08,8.104247915410449838e-07,2.957329177419129973e-08,3.312731656291402009e-08,1.703243856919922259e-08,3.878997190107605071e-08,2.930958051642362741e-08,1.866340463767957380e-10,6.413037089434982781e-10,7.129377309918541419e-08,7.393809339622047412e-10,7.340332251892494031e-10,5.759519571305904287e-09,4.656982191603469614e-18,9.061726693184111436e-12,1.205432488132074049e-10,1.688103448334860910e-18,7.696429671415688640e-28
8.499999999999999778e-01,2.160803607772554380e-06,1.031566886643253548e-07,4.912068634757918185e-07,2.831738884371996580e-08,1.001051106947705694e-06,3.095476182588057066e-08,1.177944398331058001e-07,4.240426697828808666e-08,8.388676154914553693e-08,7.299768789362437079e-08,1.397498675395505165e-10,2.565813542649972256e-09,1.675829274331145207e-07,2.958217387893479003e-09,1.312622477739428138e-09,1.433800070653834754e-08,8.707130020937716250e-18,9.993981797841637407e-12,1.263163519681557668e-10,3.018749381077511849e-18,1.376300783840032777e-27
8.599999999999999867e-01,2.515383481317079786e-06,1.120223763045924221e-07,2.624113519547771353e-07,2.971311436960356046e-08,1.155956140125318058e-06,3.487902412062979870e-08,2.601823515289328964e-07,7.836350982541223783e-08,1.079929503093337823e-07,1.349172397760277467e-07,8.620096927906052782e-11,7.164266057937722865e-09,2.956186849920683741e-07,8.259938449703965540e-09,1.166941476578874955e-09,2.649623515796384927e-08,9.032625276713159462e-18,1.048657403185275165e-11,1.426693131725423740e-10,2.683806482647560546e-18,1.223551755097285208e-27
8.699999999999999956e-01,2.862104306267294629e-06,1.192891269996103262e-07,1.019996611865102770e-07,2.977701076747928108e-08,1.261673252538508064e-06,3.289046689565022474e-08,3.872194495129794670e-07,1.117051319449089200e-07,1.073900643755148300e-07,1.923322963364976486e-07,3.217142978535111790e-11,1.462506007869141009e-08,4.479946119309696515e-07,1.686175541316306124e-08,3.997230228197914502e-10,3.776945127860006217e-08,5.789943432922038504e-18,1.050911404133744974e-11,1.345634348552826814e-10,9.195006316493498642e-19,4.191127753384637843e-28
8.800000000000000044e-01,3.295425684458072271e-06,1.245433532093968039e-07,1.955546479016792743e-08,2.854730909148334681e-08,1.310198977774518418e-06,3.283412577469831040e-08,4.151844163136258808e-07,1.286551170246646569e-07,2.330534659314501121e-07,2.215205219458038429e-07,4.043286434225305000e-11,2.285473050372008959e-08,6.869840512710286317e-07,2.635003649758061360e-08,1.458972105626929024e-09,4.350048384225501062e-08,1.226765477431816886e-17,1.007512208402759069e-11,1.341503800023760599e-10,3.355506730964519189e-18,1.529748748894828206e-27
8.900000000000000133e-01,4.217764034327154894e-06,1.275843625697624583e-07,1.718469060708935012e-08,2.617479279141302276e-08,1.299155552382557037e-06,3.014681011095553000e-08,3.825187718985057121e-07,1.310751625923794858e-07,7.499753803140747008e-07,2.256893840184706587e-07,1.923515708916565771e-10,2.926889213527376983e-08,1.112992740102243338e-06,3.374515279396970559e-08,7.608703278078999307e-09,4.431861785210357931e-08,4.682627483805081903e-17,9.237869408614990511e-12,1.234313756537360176e-10,1.749812195362779409e-17,7.977820791914769613e-27
9.000000000000000222e-01,5.880459183149961807e-06,1.284183338189264841e-07,8.983270116514854996e-08,2.289983643662819681e-08,1.231376112854947978e-06,2.573031379203998163e-08,4.532721590544650440e-07,1.361937234502587955e-07,1.717288272984532096e-06,2.345050534073144289e-07,4.835891364648021949e-10,3.429565546983645452e-08,1.701741591073643524e-06,3.954069108186253872e-08,1.871839820171022616e-08,4.604924504269450343e-08,1.092812334443919179e-16,8.082180742450950840e-12,1.054238464170715410e-10,4.304723087152084855e-17,1.962647845007357858e-26
9.100000000000000311e-01,7.753018057340448690e-06,1.272512958135210057e-07,2.263052307183809521e-07,1.902463314213079060e-08,1.114445961202124339e-06,2.272922772138453726e-08,7.168269712960636026e-07,1.545347274989912545e-07,2.725962532418138515e-06,2.660880758439227755e-07,7.809899541800428609e-10,4.079987446068568317e-08,2.209363984952764025e-06,4.703964300098593812e-08,2.951472890180942569e-08,5.225059992037673975e-08,1.703991843006703867e-16,6.714618430097038284e-12,9.286563828515832875e-11,6.787572232406825234e-17,3.094656946485063275e-26
9.200000000000000400e-01,8.702187486995589832e-06,1.244809868294387133e-07,4.106560555808774959e-07,1.488422849786134555e-08,9.599996577394581153e-07,1.694015711637371955e-08,1.028508331038692277e-06,1.731943225644342603e-07,3.143764540188766784e-06,2.982208465218875760e-07,9.206871748610159566e-10,4.850858067399416762e-08,2.334020264711331324e-06,5.592728851464424288e-08,3.352723403911601611e-08,5.855941538218408325e-08,1.934901156191063890e-16,5.253370607746457784e-12,6.963678046803381601e-11,7.710337025452660729e-17,3.515373228463208416e-26
9.299999999999999378e-01,8.032062217359265836e-06,1.206572148350132603e-07,6.237480728824930860e-07,1.081760439589502120e-08,7.822820281970060320e-07,1.307381039409422747e-08,1.134538848812746533e-06,1.685110146585906063e-07,2.701279947928280849e-06,2.901580716968159846e-07,8.491783828751308945e-10,5.163114632219980666e-08,1.989187891746241704e-06,5.952740354646670102e-08,2.876598629558299605e-08,5.697578646577652701e-08,1.666448340977282348e-16,3.818095923881639421e-12,5.439247046620915524e-11,6.615386172578130952e-17,3.016150298613538881e-26
9.399999999999999467e-01,6.142385735424667883e-06,1.164225177518622356e-07,8.450667051472235324e-07,7.139177280389573978e-09,5.964879251091260670e-07,8.782723093543097001e-09,9.393531015477678192e-07,1.328496427083812508e-07,1.734777441686605445e-06,2.287534810169548284e-07,6.531400308340267831e-10,4.484469065536735368e-08,1.371686400736590796e-06,5.170305342679339612e-08,1.890841429437182773e-08,4.491821228281432234e-08,1.102402149012888645e-16,2.519800691633894302e-12,3.658870162698933940e-11,4.348420578496925788e-17,1.982571282657784923e-26
9.499999999999999556e-01,4.088978419856187580e-06,1.124786047786860742e-07,1.054682911708041607e-06,4.113180618376954518e-09,4.175930740303411466e-07,4.765560085248747374e-09,5.818735222287218446e-07,8.220421106916347991e-08,8.180172200583915291e-07,1.415472380701183733e-07,4.637997321392656958e-10,3.010745348438803482e-08,7.691800188671780595e-07,3.471201423258468379e-08,9.424120113893518252e-09,2.779430932543696678e-08,5.545285843733169218e-17,1.451762231679495096e-12,1.972961411985738131e-11,2.167294666780599341e-17,9.881309454218494162e-27
9.599999999999999645e-01,2.651706230084784929e-06,1.095223609565342451e-07,1.234906385405126118e-06,1.935378335087194884e-09,2.593216264370258460e-07,2.894679045165927429e-09,2.658620530067907779e-07,3.895260109587769747e-08,2.711122264447692965e-07,6.707216596877550680e-08,3.543156689855379603e-10,1.496749481364608775e-08,3.509450910337721924e-07,1.725656628556719981e-08,3.420251723520756823e-09,1.317036362789740391e-08,2.041479700329197521e-17,6.830935370452299860e-13,1.198711442572678756e-11,7.865681518718997751e-18,3.586177151532027805e-27
9.699999999999999734e-01,1.940750142644514460e-06,1.081786153899414228e-07,1.371384087028066534e-06,7.224425883182881490e-10,1.329476741840958504e-07,6.634989816556657299e-10,8.627348615783501800e-08,1.366157271539761766e-08,5.819473832926645767e-08,2.351188796134239210e-08,3.196205411296559074e-10,5.189491579263104541e-09,1.282788642730268196e-07,5.983168202479355986e-09,8.188052026360237195e-10,4.619143044573632291e-09,5.024867832306775603e-18,2.549856810211287958e-13,2.791472897796861466e-12,1.883046534748629869e-18,8.585274978413828269e-28
9.799999999999999822e-01,1.684743345811697851e-06,1.089757509897913795e-07,1.453949646662285168e-06,5.091225703798037709e-10,4.649678479738780360e-08,6.638372431348591812e-10,1.825412653909263003e-08,3.318002270798876041e-09,7.320044818210023600e-09,5.711734674112472761e-09,3.197859466649683884e-10,1.117380818596723303e-09,3.559658965190834879e-08,1.288006896098148752e-09,9.780478509028327788e-11,1.121870884526106249e-09,6.537862588378723907e-19,1.796924586810548598e-13,2.676570283159770743e-12,2.249301889256557258e-19,1.025495102436297455e-28
9.899999999999999911e-01,1.608768382863041479e-06,1.122886612210881409e-07,1.477426547237701886e-06,1.251334130908811193e-09,4.484459793207973647e-09,1.299101634680570698e-09,2.306538858722832790e-09,5.783770990746113645e-10,8.856402399276182720e-10,8.751581488228994837e-10,3.225033658256323583e-10,1.135835094084099197e-10,6.603179914033677346e-09,1.308632840567145627e-10,1.134302766660525724e-12,1.955830660819335425e-10,2.256618356553215412e-20,4.416382412769193660e-13,5.275418466322158943e-12,2.609861358853667458e-21,1.189330122137655486e-30
1.000000000000000000e+00,1.575012737561189922e-06,1.183241103672075860e-07,1.441882060025091498e-06,2.830386467819064671e-09,7.658628302148824904e-09,2.634029166877458200e-09,9.031567400919620803e-11,4.838159814024291222e-11,4.749208148943872970e-10,6.694282577508500957e-11,3.148326656970916435e-10,8.236857829731103195e-12,6.373204275833338138e-10,9.518184856936995629e-12,4.907685364934173037e-12,1.641430215196644265e-11,2.929191726099754105e-20,9.989281633684596869e-13,1.073326753899386330e-11,1.128926849911101064e-20,5.145958874612725935e-30
1.010000000000000009e+00,1.543558273080761066e-06,1.271018262299084849e-07,1.351982028665126228e-06,5.067069220665137789e-09,5.297377916141448364e-08,5.452327406406579944e-09,3.173437905979634138e-11,7.798277938697675888e-11,1.402485627963745881e-10,6.486525746000139430e-11,2.952566879858803090e-10,9.658979199776169337e-12,2.908220638426404556e-10,1.237622781996631802e-11,7.817040944484858613e-12,2.648199306994693750e-11,4.330068440826705692e-20,1.788313374494830955e-12,2.221011223868756705e-11,1.799020625577406196e-20,8.197247943349230385e-30
1.020000000000000018e+00,1.506045321486038553e-06,1.384642994846351031e-07,1.216069905935648352e-06,7.746809369347199748e-09,1.343398059084343437e-07,7.938486306974561119e-09,6.902678911702131314e-11,7.891668806613155669e-12,3.072789206330455696e-11,1.033739861714625610e-11,2.654898469945488810e-10,2.717756645044301586e-12,1.053788765349620828e-09,5.676886631269812683e-12,2.447331554524352733e-12,2.835532389786032268e-12,1.523811331507474230e-20,2.734065208287278540e-12,3.234054760055019889e-11,5.619959566494672369e-21,2.565433251280360135e-30
1.030000000000000027e+00,1.463546885228575205e-06,1.520911987826458292e-07,1.045549156469412528e-06,1.063711342909717420e-08,2.435044677085937578e-07,1.135141325962202668e-08,1.037776504976837134e-11,5.670511732262513728e-12,2.001002686068385985e-11,5.014491588064516114e-12,2.282258044214542650e-10,1.006986261874105183e-12,8.907698452347802741e-11,1.233432370060466823e-12,7.639834859665567233e-13,2.157207111555634191e-12,5.260965010573484089e-21,3.754129783184675240e-12,4.624425600878202269e-11,1.755936057315478762e-21,8.009481880755104507e-31
1.040000000000000036e+00,1.420497434402060921e-06,1.675441615110805258e-07,8.541514447343505189e-07,1.350000513968325048e-08,3.704841306287182179e-07,1.450881208813764677e-08,5.029372377044711071e-12,7.024522319175260062e-12,1.029359933590563492e-11,3.238104507780052379e-12,1.864405279759397449e-10,6.731939396960802464e-13,2.846538236387702568e-11,7.810942581271576481e-13,3.815832620316734915e-13,2.681206242560722786e-12,2.504982343663852865e-21,4.764520035715055309e-12,5.910719346942509295e-11,8.769527338793525631e-22,4.000517348630639088e-31
1.050000000000000044e+00,1.378698232263805628e-06,1.842033215349880194e-07,6.565652285604400475e-07,1.610891951008997691e-08,5.042475973534749458e-07,1.731080120059777840e-08,3.410939012121164042e-12,6.550703153780053586e-12,6.373997999337992734e-12,1.743851236924074886e-12,1.433130597549519857e-10,4.006359440143987391e-13,2.087486548238970171e-11,6.261960358773277412e-13,2.804520192293465561e-13,2.580172440256230924e-12,2.488531555200465126e-21,5.685274832332766729e-12,7.052395630036612295e-11,6.430792535711284326e-22,2.939018652830598773e-31
1.060000000000000053e+00,1.340989937972567017e-06,2.013830940431198476e-07,4.670943592347860109e-07,1.826389723333501898e-08,6.338464611224473490e-07,2.016788328737018275e-08,3.675366886509142781e-12,9.196562677350876455e-12,6.039268818459682928e-12,3.470251853734279752e-12,1.019559682578258912e-10,2.572330205169932769e-13,1.683842362522713916e-11,3.997352374047435169e-13,2.656148235328819659e-13,3.535482794952601455e-12,1.028132254762857236e-21,6.445823207933176157e-12,8.216332030366294750e-11,6.113988082806959469e-22,2.785670551063748610e-31
1.070000000000000062e+00,1.309391674805308513e-06,2.185604905072185989e-07,2.990642385759927805e-07,1.982354837932148492e-08,7.493585673459283859e-07,2.185499012585812716e-08,4.218737737883703190e-10,3.131392693222447660e-11,1.041538326818843530e-11,5.970168555869398822e-11,6.528035956151381339e-11,2.667150794645495163e-13,3.318666631552627893e-11,4.876732179864716234e-13,2.316777077220392555e-13,1.104915155957699668e-11,2.029257229700960963e-21,6.996265730416597150e-12,8.903659226666584683e-11,5.327002699945511248e-22,2.429266905929207503e-31
1.080000000000000071e+00,1.285632368605252811e-06,2.353524591073851954e-07,1.635829243219964038e-07,2.071255372533332601e-08,8.423736639473551504e-07,2.307249933358961604e-08,1.524613017070211555e-10,5.448694509305656332e-11,1.575431364021377262e-11,1.110227352796659688e-10,3.593786972672097962e-11,4.499449907078279539e-12,2.995239186752996699e-11,4.971286659872863880e-12,8.965602018819465642e-12,1.891043499056939935e-11,4.489767911197984286e-20,7.310018106060590083e-12,9.399582053132390760e-11,2.062674960264265035e-20,9.401396085256038051e-30
1.090000000000000080e+00,1.270240991931212212e-06,2.513520157628559127e-07,6.716085326767244119e-08,2.101932737230661807e-08,9.071886210058992533e-07,2.316518050981707441e-08,1.885348994043142881e-10,1.183261617566320653e-11,2.147022705859981939e-12,5.384003850545975839e-12,1.470525344189438139e-11,9.502755883380548703e-13,2.236893738042484827e-11,1.063103901896083568e-12,1.726969626030738580e-12,4.489863656692187719e-12,9.327578588063038433e-21,7.418286395463319681e-12,9.437278052066200757e-11,3.960306104479975143e-21,1.809963451727522161e-30
1.100000000000000089e+00,1.284552635736942144e-06,2.675657242818865892e-07,1.695721702519357616e-08,2.228915478267326441e-08,9.541571717197218542e-07,2.229507963307858975e-08,7.181912293419123489e-10,1.425642476821227040e-10,5.956008389427894648e-11,1.048271810269017062e-10,3.734687602538906026e-12,8.233188953494730025e-13,1.090048582050875273e-10,9.125650583417733553e-13,1.300592789909668615e-12,4.867380318439884039e-11,6.892951927822567881e-21,7.866443269086568625e-12,9.082928342836656092e-11,3.001998721804306832e-21,1.364568046268485894e-30
1.109999999999999876e+00,1.421372162471956682e-06,2.903432650886710912e-07,4.446586870379842538e-08,3.106421708519600233e-08,1.034172857035590938e-06,2.100110591081724892e-08,1.138591332384104019e-11,1.211025372538633631e-11,8.731890886858162747e-11,2.634196722852951212e-11,9.724368365049920712e-12,6.130100416521277496e-13,7.348778195076437025e-11,1.032606820783358136e-12,1.775712148602139428e-12,4.537975979028549837e-12,9.956516718176034194e-21,1.096339798287145188e-11,8.555675143399285008e-11,4.072634467252490091e-21,1.861086854496815922e-30
1.120000000000000107e+00,1.816362579439795155e-06,3.336651867381882640e-07,2.067790269583835444e-07,6.102629146753867190e-08,1.195581441348652686e-06,1.884557600528328130e-08,1.376413178266934162e-11,1.337876984417064402e-11,6.861371871151104120e-12,1.016635689073300769e-11,4.514283697645537158e-11,4.520037934014134595e-13,2.700913330134746770e-10,1.253320118907994347e-12,7.117328384247383059e-13,4.921753751957055459e-12,6.431156346657869858e-21,2.153782039007825233e-11,7.677549046930711111e-11,1.628144131434658678e-21,7.455646936084731728e-31
1.129999999999999893e+00,2.454872188704564448e-06,4.116702140724240319e-07,4.830950194328160634e-07,1.258373235290523824e-07,1.417435810984567235e-06,1.659404663971783269e-08,6.629121640555087857e-12,6.184366281089888757e-12,2.444536983590229739e-12,1.892999593719164176e-12,1.054440209162334496e-10,2.635583095069626321e-14,2.469997127562792676e-12,4.658564516494395071e-14,1.803761279624641808e-13,2.440674453834331998e-12,7.516339928763529566e-22,4.441137831313884876e-11,6.760363307169889236e-11,4.190046235387420276e-22,1.894506878306338172e-31
1.140000000000000124e+00,3.636821108872032251e-06,5.248693382305943387e-07,7.131580280251087117e-07,2.258052907106512153e-07,2.158524108037145314e-06,1.402435343216479623e-08,2.299478633847055944e-12,3.429525162145095112e-11,1.097471028355828320e-11,2.114428748824396124e-11,1.556839449788040606e-10,2.305770439444279072e-13,6.562995328380621340e-11,3.088897772225082203e-13,7.048321875930430638e-13,1.189122883950185559e-11,6.130249525416716673e-21,7.969276460052577468e-11,5.713451762318257456e-11,1.620191867746179004e-21,7.389125725921940171e-31
1.149999999999999911e+00,8.134795793550050395e-06,6.649922397727465662e-07,1.043134139610918361e-06,3.526865987585411499e-07,6.030523606352935318e-06,1.129871336488272249e-08,1.099695454134628620e-09,3.872350000939244325e-09,4.587119193568652466e-09,4.363033379177112599e-09,2.346220303969250036e-10,4.639323761275595441e-11,1.630553584011160404e-08,3.316527386737090667e-11,1.385349884976224433e-10,1.309524120062292483e-09,8.489749304096015443e-19,1.244725899790514378e-10,4.604958051361469378e-11,3.185360828685198226e-19,1.452515790644436989e-28
1.160000000000000142e+00,2.295225153255002717e-05,8.508383072799081921e-07,2.748791495047097582e-06,5.245272856347470062e-07,1.859201156788316077e-05,8.748578750041072837e-09,8.269871803353068695e-09,1.868641783331099361e-08,1.978294589299058414e-08,1.865371702606700412e-08,6.478853002700051670e-10,2.431467975173921296e-10,1.524759778005301677e-07,3.963451912977395284e-10,1.638867945861053446e-09,6.318274996032305646e-09,9.586138896831815171e-18,1.851198141391452067e-10,3.572754035809449145e-11,3.768660912182063844e-18,1.718350799628110764e-27
1.169999999999999929e+00,5.480137493778347010e-05,1.144453375824366949e-06,7.921167721090949926e-06,8.012098785714716294e-07,4.434438566672143961e-05,6.035462771472826405e-09,2.766822485592635506e-08,8.298993235850892714e-09,7.788097531928492993e-09,1.170598266973404390e-08,1.823487939223316905e-09,6.418816754576886248e-10,5.132460524527484199e-07,2.340467056336349670e-09,7.496128954159421793e-09,2.806116616190896623e-09,4.233308952603951254e-17,2.827685973575966743e-10,2.463115928669573389e-11,1.723907236262769855e-17,7.859792584770729784e-27
1.179999999999999938e+00,9.888469177907103591e-05,1.578946941649234192e-06,1.700712084014488877e-05,1.214071346412483000e-06,7.890793780245287654e-05,3.809985735629821644e-09,5.326753269616871698e-08,1.928206369125047954e-08,8.679056355518087214e-09,2.131716744213708531e-08,3.824997370512176168e-09,6.064176610235911121e-10,5.728323277594789620e-08,6.341649234348197311e-10,9.465692242073640326e-10,6.519573973219233255e-09,5.687004923380658649e-18,4.284785807480241172e-10,1.560797385618682952e-11,2.177012756262065290e-18,9.925007723426830448e-28
1.189999999999999947e+00,1.380616143496081374e-04,2.046042201256614203e-06,2.656449931290150943e-05,1.656406834740143263e-06,1.067612348679329668e-04,2.229567181169849317e-09,4.917551853771114109e-07,1.869455050706205146e-07,4.598225377592582735e-08,1.594043136879275884e-07,6.213558872511514652e-09,8.218582073056235788e-09,6.489173433978785995e-08,2.692501592284159801e-09,1.294943450958676213e-09,6.320847411205609773e-08,1.018815523283956217e-17,5.845908471086536618e-10,9.922383236174604047e-12,2.978208443506622371e-18,1.357763535861632566e-27
1.199999999999999956e+00,1.467547036557859531e-04,2.307553112452222737e-06,3.099006407137301020e-05,1.894780344659227857e-06,1.115204938004826980e-04,9.172102439224622514e-10,1.850488355026241912e-08,4.979807283052728945e-09,1.311690223046237563e-09,5.031273319921804591e-09,6.784134725902599713e-09,3.198522438633603761e-10,1.400194410962502915e-09,1.177382922274125991e-10,8.931640623529634737e-11,1.683749992559971648e-09,5.925373441128297402e-19,6.687191120466755240e-10,3.757013936663797761e-12,2.053993208677775619e-19,9.364860739422019837e-29
1.209999999999999964e+00,1.224523469812582323e-04,2.184465135926008876e-06,2.747956576765075201e-05,1.753435526887677750e-06,9.034558914948507353e-05,9.509513285153791721e-10,2.011934404364433627e-07,1.217211806302884654e-07,4.097500819938392972e-08,2.296218610999858752e-07,6.057008089945072235e-09,9.026364903964411723e-10,1.583724139424983643e-08,1.049730235547249712e-08,1.975618650823519172e-08,4.115534157753241464e-08,1.150057799990490181e-16,6.188347117752730218e-10,4.408326056230904975e-12,4.543389283342215771e-17,2.071461472122921845e-26
1.219999999999999973e+00,8.096875599867383374e-05,1.725988058546214446e-06,1.863762615916135024e-05,1.286371875449335543e-06,5.636975753128257744e-05,3.111237817487090552e-09,2.910993133437393658e-07,7.757002628280478371e-09,2.096964331405518657e-07,2.580920023355335863e-07,5.236636610272757655e-09,3.375216658614310206e-09,2.102081258892288804e-06,3.987150986782300395e-09,6.148657129565055590e-08,2.622833493074504363e-09,3.494325421473395114e-16,4.539958050922145191e-10,1.272073613627201440e-11,1.414020805209769901e-16,6.446948145444567387e-26
1.229999999999999982e+00,4.048403690814453715e-05,1.203507096929478379e-06,9.707693203295707931e-06,7.337447857949725002e-07,2.655590710138646933e-05,1.453131869953698754e-09,1.052938902433432230e-07,5.808912815150327690e-08,5.938397154744595506e-08,1.758486022759052735e-07,2.880071110543136866e-09,5.734294772795970979e-09,1.823394097267781271e-06,6.520997195368246888e-09,2.468072818943806874e-08,1.964064096041502531e-08,1.415278539467060621e-16,2.589586336622178790e-10,6.208321468528928898e-12,5.675907034252270655e-17,2.587807981945206081e-26
1.239999999999999991e+00,1.430285078061472364e-05,8.172278823152708637e-07,4.035177098213615423e-06,3.169514487091280434e-07,9.126948400824085175e-06,2.547956949576078020e-09,6.785024375324207345e-11,1.363552420262565427e-11,1.371421752909851786e-11,9.245912600119197631e-11,8.814516027202399868e-10,5.283956701480289534e-12,2.741515975700204066e-09,1.931762727668861045e-11,3.585894983850220151e-11,4.663792424068336993e-12,1.999106978460731984e-19,1.118607198533515184e-10,1.038186676454437064e-11,8.249028927548686378e-20,3.760040826622560217e-29
1.250000000000000000e+00,4.594730957122478199e-06,6.441421686790893681e-07,1.628804528116498252e-06,1.006858610086538886e-07,2.216180200125635547e-06,4.170087169218978162e-09,1.214720288228488577e-11,9.808045186983562270e-12,2.528057278729395971e-12,1.957050817742108347e-11,3.555897438319094203e-10,8.523191943903440052e-13,2.858844946020783195e-10,2.149461673551085083e-12,3.655373713675686715e-12,3.404271200478224575e-12,2.263495189541846730e-20,3.553475675610943330e-11,1.698778885535882740e-11,8.396340317088298468e-21,3.831943147246525638e-30
1.260000000000000009e+00,2.054548434018274016e-06,6.238000220314566210e-07,9.337139971833970406e-07,2.514452506266576917e-08,4.654487125315014899e-07,6.168464530113669230e-09,1.719340905834540198e-12,1.762122873329577225e-12,1.585920156787684676e-13,9.311717358477509055e-13,2.038049714296434944e-10,7.025177643545644447e-14,2.901658008273857309e-11,1.088566829348806054e-13,4.109828080205770578e-13,7.260429019400970575e-13,1.458959064618889833e-21,8.874182550209211986e-12,2.512958337409136226e-11,9.471211470839704050e-22,4.310929088300883911e-31
1.270000000000000018e+00,1.682089990015970872e-06,6.747906236082110080e-07,7.404308827231473279e-07,9.831709712266201814e-09,2.486351285528778769e-07,8.198607613875782868e-09,4.476221171091462207e-14,2.289560973501902752e-12,4.528362535929685458e-14,3.970947835690293833e-13,1.616100374420742321e-10,6.542085453201605989e-15,7.885485140665684603e-13,2.511096074489923364e-14,1.323929348836734189e-14,9.472286927003234001e-13,3.529020252566120899e-22,3.469879113532581157e-12,3.340051789619369684e-11,3.031833656164200325e-23,1.386759888377155411e-32
1.280000000000000027e+00,1.677558555241107658e-06,7.521504885606571878e-07,6.095054717512846526e-07,9.814544636345168942e-09,2.955715483943798599e-07,1.033209254563949592e-08,9.074068222579182340e-14,2.634232033782958237e-12,3.316725570340513788e-14,2.475212323188165519e-13,1.330340118037297840e-10,1.023363789731875404e-14,1.657324106530279526e-12,1.908619927533455052e-14,1.865019414686476333e-14,1.108682693434594192e-12,9.966582659669059311e-23,3.463820280195225204e-12,4.209188268202834899e-11,4.388942558656821446e-23,1.963300081456691433e-32
1.290000000000000036e+00,1.719534038257745379e-06,8.412091742005847288e-07,4.775670346715098750e-07,1.149700487470118907e-08,3.768021464206671491e-07,1.229537478333126074e-08,5.085543712424560997e-14,2.999171518782281350e-12,9.104636483416212846e-15,3.384273322442520143e-14,1.042361528649547283e-10,4.696182598553122648e-15,5.328979173798961727e-13,4.975911978115968696e-15,9.934506726100402963e-15,1.273387286220604976e-12,4.560176104689572380e-22,4.057604899338163016e-12,5.009068305588530940e-11,2.264707080937010238e-23,1.039561808723905907e-32
1.300000000000000044e+00,1.800787367871115998e-06,9.584699874360846277e-07,3.515677145503927282e-07,1.293971465051235031e-08,4.630125113387840799e-07,1.465126758027697273e-08,8.211777791692959298e-15,3.577002087790076043e-12,6.414471170172070351e-15,3.353271771063006786e-14,7.673495852220259308e-11,3.134880788340893803e-15,3.056806668485800459e-14,3.840294949553804323e-15,2.285407456170005224e-15,1.518004104405846810e-12,2.631616166154321178e-22,4.566775989037230108e-12,5.968758674456167589e-11,5.220391933241910262e-24,2.393887498828016804e-33
1.310000000000000053e+00,1.875564756036344002e-06,1.066767074430198812e-06,2.378397750281120130e-07,1.406056976965737681e-08,5.414868751123853438e-07,1.528585437946591820e-08,1.061740794126901320e-14,3.719068605925343351e-12,6.218924736298322684e-15,2.238328346386705975e-14,5.191200838419361342e-11,3.086224142359635148e-15,1.116184410253473552e-13,3.450763026682093962e-15,2.416676556393889890e-15,1.580017946619460455e-12,3.425143095891629424e-22,4.962355060107074983e-12,6.227407480643672711e-11,5.289523461740428215e-24,2.511958423844881145e-33
1.320000000000000062e+00,1.982690570209303937e-06,1.202528292633669643e-06,1.421372295755264434e-07,1.479792992236503847e-08,6.070482119048574994e-07,1.607155124548344825e-08,7.966378987802096328e-15,3.901198838573968123e-12,4.529213196800596618e-15,5.904058347250958819e-15,3.102357374795854066e-11,2.255216079566161515e-15,5.011959005110584570e-14,1.996336172603530019e-15,1.883953544536045193e-15,1.658340667792727225e-12,2.380991791662755154e-22,5.222588513980674515e-12,6.547457088663615392e-11,4.384291599793936224e-24,1.980485008493491842e-33
1.330000000000000071e+00,2.117602410439077227e-06,1.360192513304951729e-06,6.931437629663714056e-08,1.510764806463246422e-08,6.563544936724300925e-07,1.653978805447743996e-08,3.099339877983810377e-15,4.015036152320698853e-12,4.111109837344092972e-15,7.627119437087201391e-15,1.512896244931266541e-11,1.746318263772960844e-15,7.303871677760103406e-15,1.587137034438434309e-15,9.585521400796317367e-16,1.706936903137144090e-12,3.016164243348184361e-22,5.331895817030406354e-12,6.738178117819883905e-11,2.246035957559475316e-24,1.007259045764360675e-33
1.339999999999999858e+00,2.285013562700841839e-06,1.544307557428264062e-06,2.256528375559682398e-08,1.497684711047558893e-08,6.865773327666217348e-07,1.650335365720145097e-08,3.439535509420366992e-15,4.005271933432999976e-12,4.154366943155215103e-15,5.344919555055300103e-15,4.925274846692219889e-12,1.399228858913815120e-15,1.939393835587312549e-14,1.117846639568607691e-15,7.478490900133558883e-16,1.702726763486006868e-12,2.743495104979337288e-22,5.285731599597693005e-12,6.723337985298632350e-11,1.839609185663585836e-24,7.930012042357004814e-34
1.350000000000000089e+00,2.492623184299162612e-06,1.762478634561796149e-06,3.465131085637222908e-09,1.442162272769800107e-08,6.963104839277350945e-07,1.587129760205451734e-08,2.644287169204247544e-15,3.850704532449984746e-12,3.693341591266430087e-15,2.778576963596521820e-15,7.563330794828086240e-13,9.736090222506898159e-16,1.042184439338610236e-14,6.186389948912248710e-16,5.185144190582718649e-16,1.637231521019512738e-12,3.070560759282426091e-22,5.089777760374464973e-12,6.465869853538866824e-11,1.199046613611717699e-24,5.427625226717845937e-34
1.359999999999999876e+00,2.753188300804502231e-06,2.026540603360587012e-06,1.191947458489983427e-08,1.348317412063227663e-08,6.854388901207079908e-07,1.572926537931909170e-08,1.707719418046702474e-15,3.816992406633941709e-12,3.652160735019447426e-15,3.515670286998670355e-15,2.601623362224262390e-12,7.156388101923914860e-16,3.153794445365274454e-15,3.729812289276515980e-16,2.337304265064883373e-16,1.622733498456842560e-12,2.804999177717313648e-22,4.758574396802334730e-12,6.407996299591345437e-11,5.352485343916419318e-25,2.442889859397089999e-34
1.370000000000000107e+00,3.076255464320116517e-06,2.348700393842871584e-06,4.624167787011374574e-08,1.222286743459577570e-08,6.550360336986425461e-07,1.397828744454859287e-08,2.063798708531753510e-15,3.391933876164736827e-12,3.646647951819625787e-15,2.718833474228829508e-15,1.009294749521908296e-11,4.902435265505881616e-16,6.435295776661001301e-15,1.570628325152233046e-16,1.193207800883183937e-16,1.442645545976577721e-12,2.576407556031022025e-22,4.313789848029892720e-12,5.694708137562430216e-11,2.393880224414815105e-25,1.217271946376834120e-34
1.379999999999999893e+00,3.461711194237608395e-06,2.723024714912124135e-06,1.033409479088056887e-07,1.072399196898706294e-08,6.072718022832224955e-07,1.724715475738015279e-08,1.657341043991125627e-15,4.186031312553545441e-12,4.043819041721935524e-15,2.365640136647077963e-15,2.255589047401600828e-11,4.168953652556045178e-16,5.721355942710152433e-15,7.967199985774383111e-17,1.231809676317886660e-16,1.778151671171408882e-12,2.940562399827362496e-22,3.784803041649413738e-12,7.026312268433027291e-11,2.865919322666074768e-25,1.292609922482695262e-34
1.390000000000000124e+00,4.019742544387166887e-06,3.270884390446715661e-06,1.788757370348697974e-07,9.053158789221286774e-09,5.452054479682466948e-07,1.561256388201376874e-08,1.036361035486053248e-15,3.788468908815440375e-12,3.358866470362385279e-15,2.522290395075284682e-15,3.904308597576736864e-11,3.830515848172880730e-16,2.200476141594708074e-15,9.627485461537122842e-17,5.044087602684430527e-17,1.610721769782102733e-12,2.770515316906640178e-22,3.195103711626545447e-12,6.359923797206278097e-11,1.279061727895650182e-25,5.320936577303060949e-35
1.399999999999999911e+00,4.782517713166690726e-06,4.012618122288252734e-06,2.677581106424490099e-07,7.326653103800928293e-09,4.726305908646019330e-07,2.202587311946922012e-08,9.078461961351225693e-16,5.326988696157012740e-12,2.995598555982950534e-15,1.937126688106679976e-15,5.844288322266569643e-11,4.431734919820238946e-16,2.566267574045356652e-15,1.828339242515960365e-16,1.046529882543521988e-16,2.270432951206054916e-12,3.931361536613037971e-22,2.585775310435741332e-12,8.972793043561235242e-11,2.747708377842651288e-25,1.119324795495008165e-34
1.410000000000000142e+00,6.779923809934702080e-06,5.607947916857268371e-06,3.642861646398734605e-07,5.638485525266282939e-09,3.937941726412394909e-07,4.063796233283930050e-07,8.489797473538592656e-16,9.850812646540542485e-11,2.930829322636668636e-15,1.698032473075245115e-15,7.951924243821375644e-11,5.932226152280765753e-16,1.876043442816012336e-15,3.953188948803942744e-16,2.429257408312612549e-16,4.190515153236660466e-11,7.325725250551121571e-21,1.989998976852159594e-12,1.655515837888045525e-09,8.839018132381776059e-25,2.582799932387411664e-34
1.419999999999999929e+00,7.673255559090954523e-06,6.591652355998363847e-06,4.624773232222487131e-07,4.073030491378335456e-09,3.131026196555346687e-07,3.005197631312456716e-07,6.596009955165222851e-16,7.284585814910616763e-11,2.522343836871637954e-15,1.705479621454940073e-15,1.009534248188102525e-10,8.082930668601268221e-16,1.655944976147084945e-15,6.573849444657539527e-16,3.874702399557153399e-16,3.099020651000718650e-11,5.405918365871920164e-21,1.437479462829969478e-12,1.224231226721240016e-09,1.129636282316998239e-24,4.088236519498056406e-34
1.430000000000000160e+00,6.321087491433217173e-05,3.907141604008398814e-05,5.625804577227002260e-07,1.847834933309635552e-08,2.646853990294942784e-07,2.319108888793642860e-05,7.850849619601840831e-16,5.625196367578790373e-09,2.692026104811641704e-15,1.456156256882702204e-15,1.226827884466553683e-10,1.279024105405192956e-15,2.918439104468910747e-15,9.794960608477396692e-16,6.207593837734812987e-16,2.391587515582212112e-09,4.176509776196122429e-19,6.521330759777571775e-12,9.447978149271415128e-08,1.987879000263249809e-23,7.590524096948956018e-34
1.439999999999999947e+00,5.442951081190568717e-04,2.266819938684655608e-04,6.513711017380272307e-07,1.781506846215990294e-08,2.016144755545286714e-07,3.153484476959486898e-04,7.631680366963639790e-15,7.648771320233579688e-08,4.834124254908055670e-15,5.121142990264813191e-15,1.424884327478521727e-10,1.730688678215779024e-15,4.592314647281727928e-14,1.338175859947234612e-15,1.389574061961904442e-15,3.252061720963851454e-08,5.678797605460899120e-18,6.287105611664735946e-12,1.284708734963471054e-06,2.543691467168244765e-22,3.244545774457151932e-33
1.450000000000000178e+00,3.883253183778820209e-04,6.999418779571466931e-05,7.218212196190563745e-07,2.014381839981508867e-08,1.193692925934137223e-07,3.160727151580522225e-04,7.982845151907199057e-15,7.666212215984127900e-08,6.101548783282576581e-15,7.101957732365611973e-15,1.579994443865111137e-10,1.794372409290357658e-15,4.421231430084812484e-14,1.690572307714432860e-15,1.607095609567479817e-15,3.259522113192371660e-08,5.692262941332751609e-18,7.109259378604913678e-12,1.287658571010865244e-06,2.554347482317807425e-22,3.811333577349266149e-33
1.459999999999999964e+00,9.483882897730087436e-04,7.465548495190821635e-05,1.338101540416521066e-06,2.219569266972556348e-07,1.726483593046792902e-07,8.681627884643918804e-04,2.075234396710223539e-14,2.105694795961147642e-07,9.629657081938875844e-15,1.127726834988136936e-14,2.927713058833809028e-10,2.321443149495397959e-15,1.062474999308278895e-13,2.057300525287488155e-15,2.865024444472816236e-15,8.952978210822787292e-08,1.563397061844959570e-17,7.833446654558896645e-11,3.536839007647279182e-06,6.979811233861594130e-22,8.230795807713834020e-33
1.469999999999999973e+00,1.842139582521698212e-03,3.068117890983633532e-04,2.491034790250559702e-06,6.590688273298969575e-07,3.517526232859053260e-07,1.525084876653388238e-03,3.410816052072755926e-14,3.699076902901295829e-07,3.230342240216265368e-14,2.086278784237567230e-14,5.444942539812735988e-10,1.605086286454699834e-15,1.976065569269204162e-13,2.385149094519034543e-15,4.289519840801783594e-15,1.572755347500938268e-07,2.746422337321755006e-17,2.326042277505626147e-10,6.213099912370041974e-06,1.224393464603188812e-21,1.446525485284436185e-32
1.479999999999999982e+00,6.514598720613983332e-03,1.346430265296132416e-04,9.951751106518570128e-07,1.210175433438137921e-08,8.123680828440651210e-09,6.350871665169491656e-03,1.300331166702412886e-13,1.540394135532350370e-06,8.271540893899996081e-14,8.332134150591729621e-14,2.168651941122426458e-10,2.688998477257923821e-15,7.423926223861814921e-13,2.666545274797355019e-15,1.349794603151724604e-14,6.549372361308766945e-07,1.143686616652473255e-16,4.271666151080079687e-12,2.587307480311007093e-05,5.088617584392674702e-21,5.537553468321473935e-32
1.489999999999999991e+00,4.871593574869467064e-02,9.652170017804970886e-03,8.522185840106586178e-06,1.185792039487285949e-06,9.474164223254993963e-07,3.888126793142741844e-02,7.822968236315461943e-13,9.430492031873885755e-06,1.329078089355891113e-13,3.787387446417539052e-13,1.857586843759037072e-09,5.605211883990274486e-15,4.214610934758323277e-12,2.862358345652401906e-15,7.470082218239072822e-14,4.009643848912897739e-06,7.001548804587668484e-16,4.185002490656675787e-10,1.583999876000627503e-04,3.113316522734978091e-20,3.604869117972369982e-31
1.500000000000000000e+00,4.969815965297515875e-02,6.084643363929899060e-03,2.681933066685120044e-06,9.704765877551058373e-08,2.528889680445972044e-06,4.341632446026861408e-02,8.695622859615798611e-13,1.053045825820002874e-05,1.403077769520636617e-13,3.993928571704049485e-13,5.797326604436496185e-10,6.581392800476516684e-15,4.586532924753588145e-12,2.987104806347302528e-15,8.331867668635755964e-14,4.477322803440681725e-06,7.818231983481437703e-16,3.424996653091211564e-11,1.768755572370305830e-04,3.476306858849371411e-20,3.863080138148775094e-31
1.510000000000000009e+00,8.839744571340429902e-03,7.130873891775256533e-04,8.599104084204888334e-07,2.494745213518538980e-07,4.199002634442166841e-07,8.089375733531745105e-03,1.650982916224126267e-13,1.962027952360030278e-06,1.010904364512490099e-13,1.338364762417273444e-13,1.867903308875765380e-10,2.623403128595728408e-15,7.969351914523379157e-13,3.025895362294918420e-15,1.703341079838597390e-14,8.342178689201596411e-07,1.456805190142682927e-16,8.804683972625815415e-11,3.295564155970215190e-05,6.481310895218697377e-21,7.280703191175676300e-32
1.520000000000000018e+00,3.691157407189491792e-03,8.899129559399479952e-05,6.520772059330312219e-07,4.506074554460782110e-09,8.892177743122052167e-08,3.585573636642734943e-03,7.889416207619897834e-14,8.696533018489057556e-07,5.086490284855056880e-14,4.467503638122508772e-14,1.431637336773405180e-10,2.961104484889636699e-15,3.677238857680219247e-13,2.984312144621044809e-15,8.568529995491886745e-15,3.697625636269208249e-07,6.456985158438954328e-17,1.590334200208897992e-12,1.460740871856265410e-05,2.875149357007231579e-21,3.308436582016203572e-32
1.530000000000000027e+00,1.441779023264395856e-03,3.483015991456313537e-05,5.722396918490593528e-07,5.310936269357362963e-09,1.401487266123100377e-07,1.400043397834486395e-03,3.344535274463365470e-14,3.395704042548894712e-07,1.808187233330057438e-14,1.781267179345833353e-14,1.257753054740613982e-10,2.861167577807167003e-15,1.603290763616060883e-13,2.895015243644430022e-15,4.400210202429887746e-15,1.443797897836754142e-07,2.521233321926230197e-17,1.874371428287151771e-12,5.703688077049683533e-06,1.125115398295565213e-21,1.414328505481229078e-32
1.540000000000000036e+00,4.812555276037926719e-04,1.835124352405937835e-05,4.863109879170546715e-07,6.598136159120769029e-09,1.981744312104547193e-07,4.601792800694079455e-04,1.201046090938492018e-14,1.116149972987387395e-07,4.753652400078402328e-15,6.990696991038515195e-15,1.065937777298831631e-10,2.729585124334086554e-15,6.561101488508286853e-14,2.726264801232732597e-15,2.528051347390423161e-15,4.745630078080227106e-08,8.287192714181924837e-18,2.328648006914449426e-12,1.874740137175377151e-06,3.723114830832413421e-22,5.792493502459776579e-33
1.550000000000000044e+00,1.176880251568028176e-04,1.194903392066086663e-05,3.973677775197063293e-07,7.838575120392642589e-09,2.594576592545545237e-07,1.046118929391906522e-04,2.887156840672733419e-15,2.537441969628884348e-08,1.287092089665509757e-15,1.597990475561661936e-15,8.683008058185923150e-11,2.524901640721214670e-15,2.144498213830856591e-14,2.476345909105068901e-15,1.717416198555343743e-15,1.078827720089569043e-08,1.883879012271991606e-18,2.766446331616419901e-12,4.261819576947542908e-07,8.725873195727190126e-23,2.494739243434741021e-33
1.560000000000000053e+00,2.230655208556704764e-05,8.734002881541625383e-06,3.092918034448706651e-07,8.959058667366922341e-09,3.205910273605090880e-07,1.287672590007605449e-05,4.654498459631930796e-16,3.123724903933565125e-09,6.338149125471965042e-16,5.256306515640478977e-16,6.749862769732012123e-11,2.291570621235286923e-15,5.275826343489473607e-15,2.198158716672433675e-15,1.373225551955349569e-15,1.327963154325661401e-09,2.318901778810950116e-19,3.161894879378936196e-12,5.245905313187554601e-08,1.341037522886512915e-23,1.514789620002077489e-33
1.570000000000000062e+00,7.726507746423209413e-06,6.564604691245775903e-06,2.262957655568435340e-07,9.906052481031749012e-09,3.783298402079077596e-07,5.449100909411674601e-07,2.174591259920403117e-16,1.322591471244894634e-10,5.829944232260427532e-16,4.838837917892413468e-16,4.938860315096737481e-11,2.010756848409789865e-15,1.804160032719234019e-15,1.872810724030511664e-15,1.154864613165613175e-15,5.620172222955466186e-11,9.816215178405637548e-21,3.496117282841588492e-12,2.219952273756362355e-09,3.088746849773283865e-24,1.212721009847666068e-33
1.580000000000000071e+00,5.778615086474382411e-06,5.035249958959524686e-06,1.523942232439416470e-07,1.063259414441760172e-08,4.297201805728652471e-07,1.499185006554434054e-07,2.599151771540910718e-16,3.639237983792282579e-11,7.101244665198328057e-16,2.065009162211195415e-15,3.326394182050782763e-11,1.708420800035773180e-15,1.448625203235388077e-15,1.529308867573892603e-15,9.532420690598573717e-16,1.546371898735519582e-11,2.703127345090278843e-21,3.752529464431583919e-12,6.107476534309944900e-10,2.309609766885079435e-24,1.000392562478821351e-33
1.589999999999999858e+00,4.606173604195389758e-06,3.990479744958574858e-06,9.091575075130472265e-08,1.110608143035316407e-08,4.722302986825410644e-07,4.123564268882464737e-08,8.536430923691261401e-16,1.001568772260494620e-11,9.271029826150382772e-16,5.373846957110224951e-14,1.984342062103982661e-11,1.412654714267646905e-15,1.123460433257783570e-15,1.198379675015328375e-15,7.592109720035226854e-16,4.253926687383579515e-12,7.447782920119573406e-22,3.919635250505829560e-12,1.679930005872818783e-10,1.777496845667669086e-24,7.961551091006338374e-34
1.600000000000000089e+00,3.807284843463734579e-06,3.233630583784536238e-06,4.439422136318031964e-08,1.130769407890039390e-08,5.038600061117727028e-07,1.401654180085452744e-08,1.101795781941067837e-15,3.399776543436929610e-12,1.247595571334426860e-15,1.610607227342458116e-13,9.689722344068285179e-12,1.125529975727958451e-15,6.933970751084604074e-16,9.976992286498990354e-16,1.248760338805501433e-15,1.446077195821588652e-12,2.593189474037677728e-22,3.990788195716170521e-12,5.710248470985087931e-11,2.882619990605640141e-24,1.309721175301851161e-33
1.609999999999999876e+00,3.234255782775201168e-06,2.668684619675903246e-06,1.454938130120181988e-08,1.123232834754595583e-08,5.232188791925866049e-07,1.649048415758962240e-08,2.429031979031860976e-16,3.999994792209057378e-12,1.200256019272670669e-15,6.126813648890742124e-14,3.175846124839388251e-12,8.745803286983988766e-16,6.712470481168511165e-16,1.251181163573261963e-15,3.698444600764939647e-15,1.700969966179620210e-12,3.149196740548217514e-22,3.964190578862907433e-12,6.717989216367431501e-11,8.519630194904510153e-24,3.878018122157724608e-33
1.620000000000000107e+00,2.798105999663889811e-06,2.243280540442618239e-06,2.226826971466747354e-09,1.088870083175041594e-08,5.295686196064969412e-07,1.208356873877553120e-08,8.915262510687766091e-17,2.931499879222150887e-12,1.213896560537227186e-15,3.046080779688010093e-15,4.860538219253119267e-13,6.794723840677489716e-16,5.205693701977167559e-16,8.229943099774891648e-16,2.164116586978057255e-15,1.246364973453683584e-12,2.265445300802069907e-22,3.842915264127882195e-12,4.922770255991152469e-11,4.987241490572086344e-24,2.269352790581693710e-33
1.629999999999999893e+00,2.467656474354125394e-06,1.915265230470844418e-06,7.386184833375864323e-09,1.029833034901563279e-08,5.228340676518572994e-07,1.181519081143330848e-08,6.633869262159632444e-17,2.866825233677509422e-12,1.301675258698691449e-15,1.189725612360348455e-15,1.612170784728632368e-12,5.246659406997815931e-16,1.380659940435393827e-16,2.785108166927444009e-16,2.109023241860961984e-16,1.218714440122950444e-12,2.103343854533641225e-22,3.634558247976629398e-12,4.813425900799942051e-11,4.944325788035932983e-25,2.215729650274652219e-34
1.640000000000000124e+00,2.209656808863679067e-06,1.656714327294311487e-06,2.914248561692172621e-08,9.493823956225955016e-09,5.035817624842560939e-07,1.066754684940274113e-08,7.041559186184990889e-17,2.588605304275981663e-12,1.325189122914236486e-15,1.084404764978520067e-15,6.360749492282596380e-12,3.882956628979428170e-16,1.634835289751689086e-16,1.232212971550078761e-16,3.860821025917477973e-17,1.100367180019223582e-12,1.892356965336132182e-22,3.350626021649853047e-12,4.345912094478968227e-11,9.626854314601520892e-26,4.073308586700910642e-35
1.649999999999999911e+00,2.009341589812732731e-06,1.452540509331793766e-06,6.584040298950604797e-08,8.517015508914471937e-09,4.729657366479897040e-07,9.418917341587646750e-09,5.556371805213829791e-17,2.285007274311615505e-12,1.312081906271644238e-15,8.353591238886809481e-16,1.437066069783567999e-11,3.658571891056312226e-16,2.869417088333809435e-16,1.202907729297086448e-16,3.379770434284355433e-17,9.714911672229789505e-13,1.667681910213250322e-22,3.005884200607654343e-12,3.837193970839793582e-11,8.441070099097235740e-26,3.566010543053434127e-35
1.660000000000000142e+00,1.852011329506244834e-06,1.288367320023649432e-06,1.151639796294525382e-07,7.416620236329321729e-09,4.326495982590161345e-07,8.349153928462601899e-09,9.395824648581201862e-17,2.025614606404976733e-12,1.327701099842659778e-15,7.475039028354100543e-16,2.513633867000982974e-11,5.920566781071781599e-16,3.533617649262574943e-16,3.971402310058223439e-16,2.149882497040727297e-17,8.612083137497066889e-13,1.484858622683111183e-22,2.617525174523758938e-12,3.401320934958380562e-11,5.567949519413290358e-26,2.277438659836818721e-35
1.669999999999999929e+00,1.724638703110578745e-06,1.152413078522405429e-06,1.742730145415586272e-07,6.245543418013434622e-09,3.847083641679052796e-07,6.927836099840692389e-09,9.849759138161699282e-17,1.681268218383631837e-12,1.351408918181395766e-15,1.246299616665040851e-15,3.803764488445422553e-11,9.242705206483857163e-16,5.710125940435053732e-16,8.092646485708562072e-16,2.911639489743633059e-17,7.146961119607783581e-13,1.231955357060132015e-22,2.204221186137764748e-12,2.822350058372791483e-11,7.278679886989634507e-26,3.079264307046156309e-35
1.680000000000000160e+00,1.623294849480983040e-06,1.041056285577007529e-06,2.399569326815369244e-07,5.058317273627843355e-09,3.315126550871671857e-07,5.631601866813449364e-09,1.355315896295335295e-16,1.366857250273428148e-12,1.304911044183576636e-15,2.335853380931421940e-15,5.237415160681474187e-11,9.521270205031811368e-16,1.166278291854634671e-15,8.989710277156592916e-16,2.097970430658645136e-16,5.811976596198217821e-13,1.008704008847509424e-22,1.785217604995051468e-12,2.294256723838681484e-11,4.871632579216663487e-25,2.201932757835950699e-34
1.689999999999999947e+00,1.540743697033229031e-06,9.479854650136424922e-07,3.088012270165507754e-07,3.908545917776768608e-09,2.756058542934056612e-07,4.354552442089328912e-09,1.193495242066958589e-15,1.057960241691252072e-12,1.184048645250575187e-15,1.855605369019680579e-14,6.740044393839499264e-11,5.679990036971671668e-16,2.287410954618382673e-15,5.081468762696895285e-16,6.255816891659076764e-16,4.497095882108684095e-13,7.959512755930203426e-23,1.379432904821615967e-12,1.773988035460221839e-11,1.442122923211881463e-24,6.561135308180227806e-34
1.700000000000000178e+00,1.471741783162267456e-06,8.686985876889438822e-07,3.773547954273643365e-07,2.846313952995557541e-09,2.195790721330237518e-07,3.165464330978536054e-09,4.866776717940260875e-15,7.701248267336323429e-13,1.129563006006315156e-15,1.767594320055163439e-13,8.236321233951155838e-11,3.492880232632852093e-16,3.598141930954802704e-15,2.882692906037773518e-16,1.528415728913904465e-15,3.272570742300785609e-13,6.604218670533375230e-23,1.004543046798716742e-12,1.289597178776715374e-11,3.517312526454663849e-24,1.602692656638264390e-33
1.709999999999999964e+00,1.412854188799441872e-06,8.004601237183433161e-07,4.422924477814785870e-07,1.916063888110008372e-09,1.659472522883182473e-07,2.131439536903931056e-09,2.855348274469290333e-15,5.185618854434072001e-13,1.042388710357029570e-15,2.141620850673620472e-13,9.653680779416992365e-11,8.434090929517421816e-16,3.052804908895734095e-15,9.274598823354169013e-16,3.302207561149963677e-15,2.204039722082567462e-13,5.857649342659390745e-23,6.762331586706519154e-13,8.683393773987536966e-12,7.595662094528101764e-24,3.462633068146159465e-33
1.719999999999999973e+00,1.360713851489527981e-06,7.405767631910618754e-07,5.005641107867601574e-07,1.154852109874487841e-09,1.170354369003607210e-07,1.267383850161916891e-09,3.144239403245174773e-16,3.081285199156780996e-13,8.975576314713636068e-16,3.142420163707019684e-14,1.092554505481005914e-10,1.666060870647901263e-15,1.309353759882196226e-15,1.740717691195574942e-15,1.953420069652762841e-15,1.309672143025697389e-13,3.322414058843157043e-23,4.075813851832914278e-13,5.163217905764529080e-12,4.493194856206867132e-24,2.048364855380378265e-33
1.729999999999999982e+00,1.312994243665384766e-06,6.872501500794528332e-07,5.495249153031959216e-07,5.908284225749291936e-10,7.487930835338494868e-08,6.261161139013116897e-10,1.348444268956723019e-16,1.523812395739984069e-13,7.375168496186322720e-16,9.104670638541382357e-16,1.199418304538238911e-10,1.962008822087927778e-15,5.773241511769077217e-16,2.016557196236669125e-15,7.186565954465731214e-16,6.470196192701031495e-14,1.508951573959815937e-23,2.085225637806403721e-13,2.550899280733601559e-12,1.653266450850567908e-24,7.536406264397508625e-34
1.739999999999999991e+00,1.267786240512055998e-06,6.390130636774144899e-07,5.870419220631291323e-07,2.422938363107356853e-10,4.114185882191253065e-08,2.179155700316544158e-10,1.910914362586301163e-16,5.326340065986920840e-14,5.215214063989041867e-16,7.415394989801394280e-16,1.281304781059634965e-10,1.648412699387435115e-15,1.110117033003411708e-15,1.689341693613118281e-15,8.959964578069524952e-16,2.261072147452636915e-14,9.215153389295887866e-24,8.551557978366650748e-14,8.878774290195241195e-13,2.060750277093962919e-24,9.395667106383938204e-34
1.750000000000000000e+00,1.223635275154027836e-06,5.947071247211947739e-07,6.115717601792963823e-07,1.173182744990535091e-10,1.705139243636109052e-08,5.390596245193997608e-11,2.493000992718531925e-16,1.389108000107402397e-14,3.738955476319186793e-16,1.252672350489241546e-15,1.334845006835834288e-10,1.615501435850605107e-15,2.025082731750946657e-15,1.625769664172124056e-15,1.235826716156517425e-15,5.806164605832226583e-15,8.183643237180568950e-24,4.140848154915881635e-14,2.195957662843686405e-13,2.842128078576098429e-24,1.295872848472788192e-33
1.760000000000000009e+00,1.179834314187758487e-06,5.537750365976083916e-07,6.222089086446200981e-07,2.137000714315158191e-10,3.362153063334041621e-09,1.380114461796828009e-10,2.528574586780489778e-16,3.475676726318331235e-14,3.411165435300772551e-16,1.915893170212397129e-15,1.358061986799177611e-10,2.503719708520119463e-15,2.118631520890024425e-15,2.566111600501077257e-15,1.322199666189910620e-15,1.462015088617008166e-14,1.009636944733198292e-23,7.542428375930352485e-14,5.623441732838437704e-13,3.040830924395591413e-24,1.386427211570285049e-33
1.770000000000000018e+00,1.135494548533895130e-06,5.153462740498424915e-07,6.187040080861625556e-07,5.194470148828880169e-10,3.372126504496692712e-10,4.503770332729131337e-10,1.532200959275189723e-16,1.106118805170082898e-13,3.497239345222919397e-16,2.247959439032861707e-15,1.350412092929468408e-10,3.742748611977496579e-15,1.250440949422702210e-15,3.943734026328598703e-15,1.137542212978492592e-15,4.688678196393986309e-14,1.489873860366519129e-23,1.833305697930043356e-13,1.834835390267671253e-12,2.616488893853829582e-24,1.192806181751306313e-33
1.780000000000000027e+00,1.090489141577465003e-06,4.791584542418962654e-07,6.014503928302351407e-07,1.013687212602111499e-09,7.754633847000850429e-09,9.760124512477839408e-10,7.530925588837466913e-17,2.379794177553404857e-13,3.426849369185707378e-16,2.034862172183560379e-15,1.312753628704760561e-10,4.184361309339182045e-15,5.297174768563555859e-16,4.496298489558127836e-15,9.981002318671824330e-16,1.010530244479080219e-13,2.394700885161498044e-23,3.577611473696181988e-13,3.976176688770031457e-12,2.296242044225624463e-24,1.046596983066445586e-33
1.790000000000000036e+00,1.044833820929983314e-06,4.449750559598993597e-07,5.714430990891501173e-07,1.667881809552782146e-09,2.493492730484650044e-08,1.680099793396477539e-09,1.339682602872756828e-16,4.084984324175138159e-13,3.098322060539747159e-16,6.280218555486076745e-15,1.247258314234673816e-10,3.380251451332005234e-15,7.927262471425551434e-16,3.675166883009760625e-15,1.232915825544426129e-15,1.735679245194178336e-13,3.817776060001943155e-23,5.886438142652431944e-13,6.844626463967523889e-12,2.836680602268581778e-24,1.292803148703289934e-33
1.800000000000000044e+00,9.987869081086042542e-07,4.126456607049139597e-07,5.302144042879095382e-07,2.447395060430301385e-09,5.078740347966286930e-08,2.525119031493879587e-09,3.016760744989646659e-13,6.888794692398814461e-13,1.133555297526388070e-14,3.758148478956477919e-11,1.157270799936208139e-10,1.951910646648835335e-15,1.173959358371925985e-13,8.854184695437889531e-14,9.700364728677014095e-13,2.862346943737040435e-13,6.177795032759719764e-21,8.637547533619220640e-13,1.028717269127325143e-11,2.230858577194991438e-21,1.017094114897991098e-30
1.810000000000000053e+00,9.535920450714403580e-07,3.821237203615847377e-07,4.797462289934701405e-07,3.313206541082067499e-09,8.387320808352823453e-08,3.472365498808633153e-09,6.953382997358239294e-12,3.026305717578890380e-12,3.185469809443362810e-13,9.035030392687689571e-10,1.047116731421553528e-10,1.153340948581364562e-15,2.817674681522312588e-12,2.209609137474336216e-12,2.336215412513660691e-11,1.096547689650408762e-12,1.477229240656788154e-19,1.169322562396721951e-12,1.414618312129213099e-11,5.372741154744682448e-20,2.449548496762088185e-29
1.820000000000000062e+00,9.091479774506998572e-07,3.534160679243868261e-07,4.223667477010857243e-07,4.223734441472740674e-09,1.224806714894294221e-07,4.470313456645513937e-09,1.477100906523163629e-11,6.761917811154042523e-12,8.292974941889219831e-13,1.991924483897707290e-09,9.218774979683710078e-11,2.302061774750448443e-15,6.237110916163080474e-12,5.083220792009931955e-12,5.056218595170235824e-11,2.380676883687965744e-12,3.203251640432071868e-19,1.490672000943604155e-12,1.821181057167191318e-11,1.162810591154854867e-19,5.301505661918904608e-29
1.830000000000000071e+00,8.632052752373966778e-07,3.265743815587434860e-07,3.606378321355124097e-07,5.136778978455840867e-09,1.647095053144849119e-07,5.478227632723535596e-09,3.858590856180103147e-12,3.124707609216273668e-12,2.746071539092104383e-13,5.407001122645496963e-10,7.871449474093306376e-11,6.005492454240263880e-15,1.700211531037738465e-12,1.444129249589810301e-12,1.342367970006646388e-11,1.172190313329944938e-12,8.533346394032060818e-20,1.812909583864066186e-12,2.231797886519797511e-11,3.087130807016288600e-20,1.407490498871832385e-29
1.840000000000000080e+00,8.200115084693154521e-07,3.016511495054054387e-07,2.972349784924764176e-07,6.011288317103726133e-09,2.085603269522445251e-07,6.447042232846461982e-09,9.139771167302637096e-14,1.640900520762521850e-12,5.624239709235809250e-14,1.062960335062916313e-11,6.487589141267508214e-11,1.176027184402626891e-14,3.601413859190603050e-14,4.290048812865374676e-14,2.609033004691026533e-13,6.909521791033120686e-13,1.771287633518306407e-21,2.121547086917530671e-12,2.626485637873095731e-11,6.000209053875251983e-22,2.735636814939149791e-31
1.850000000000000089e+00,7.797995047932475549e-07,2.787161889153540287e-07,2.348283927402378249e-07,6.809083398492160659e-09,2.520238055206781818e-07,7.335413988271921053e-09,5.012311890204322750e-14,1.881759022717979229e-12,1.282126607840547018e-13,1.783448030555769297e-13,5.125477386298409122e-11,1.871017048830928411e-14,6.774433253424990414e-15,2.151574553618661347e-14,1.714065408858512060e-15,7.911470758121855852e-13,1.565379013792841961e-22,2.403110035173890032e-12,2.988404521930722281e-11,3.948867777618696164e-24,1.797275756373164232e-33
1.860000000000000098e+00,7.426415464331227086e-07,2.578234331715181112e-07,1.759700021940654266e-07,7.496564047266929144e-09,2.931662805637867471e-07,8.107196243986075926e-09,1.084455023524803159e-13,2.202794591800740580e-12,2.657360842014227300e-13,4.074863775767005166e-13,3.840817182521391035e-11,2.859271202703329012e-14,1.981086162710228426e-14,3.365637517573241841e-14,5.590266534992119922e-15,9.159464417765357961e-13,2.161847762303743837e-22,2.645740090144354694e-12,3.302824137075619330e-11,1.286463055866976927e-23,5.861532214940914148e-33
1.870000000000000107e+00,7.090425995103089284e-07,2.390017183942117222e-07,1.229858112932476400e-07,8.045857230569073826e-09,3.302107755946138425e-07,8.727980997369029011e-09,1.916863849132995694e-13,2.564545597452197176e-12,4.778196724871633225e-13,7.709672070390683046e-13,2.684375238250751704e-11,4.964492387492669726e-14,3.948951231024310030e-14,5.811510355455920795e-14,1.168820184603018268e-14,1.051414761214087338e-12,2.648690629665621290e-22,2.839600076452711091e-12,3.555727647371684588e-11,2.688812553085624481e-23,1.225529775614003517e-32
1.880000000000000115e+00,6.794323404642582369e-07,2.222626275258029878e-07,7.788380195732844637e-08,8.435603675393889387e-09,3.616095170638538583e-07,9.176824752436008463e-09,2.710199636693204357e-13,2.919151476719699385e-12,7.585322816530019544e-13,1.193638930206995869e-12,1.699970213864194785e-11,9.019568348985855025e-14,6.875644415913056003e-14,1.038698217899317531e-13,1.682493850315810867e-14,1.180801177423550589e-12,2.682513656813837702e-22,2.977151803683092683e-12,3.738584478290339015e-11,3.869955162653033389e-23,1.764123598413399213e-32
1.890000000000000124e+00,6.541062571466630667e-07,2.075754886218750737e-07,4.228377653766991085e-08,8.651692462109949694e-09,3.861019175857245159e-07,9.434898137994736916e-09,3.073143544718521056e-13,3.171968997810866198e-12,1.042533939247981927e-12,1.521025381619743465e-12,9.229521788081188749e-12,1.394258347367847995e-13,1.313782311003338057e-13,1.592709966522227590e-13,1.898184745824037342e-14,1.271745606643278535e-12,2.414716792852428759e-22,3.053415115630070961e-12,3.843721919504648304e-11,4.365825794201393619e-23,1.990276140158483734e-32
1.900000000000000133e+00,6.332344275190054407e-07,1.948824778437999226e-07,1.736347471598167750e-08,8.687403557470788306e-09,4.027527057557203027e-07,9.494582076248796581e-09,2.815000749016542684e-13,3.236902412999606437e-12,1.201758628155859569e-12,1.608670007613425743e-12,3.790338750145548920e-12,1.657091970740900128e-13,2.473078968789239391e-13,1.893691297390999924e-13,2.060939381181872228e-14,1.295019501403429830e-12,2.460498703052921717e-22,3.066018386354854244e-12,3.868036640491335655e-11,4.740202790349447981e-23,2.160926199148126999e-32
1.909999999999999920e+00,6.168333503379744320e-07,1.840879062991788168e-07,3.821426990560455126e-09,8.543226186800556651e-09,4.109724549941606526e-07,9.358533875064595711e-09,2.106426641275772353e-13,3.092748162438862420e-12,1.126321118883114313e-12,1.418101576610015667e-12,8.346742085325070780e-13,1.491671622830567507e-13,3.905276820278889758e-13,1.712976327523261282e-13,2.391068618479232558e-14,1.243352433628045446e-12,3.073127412347663419e-22,3.015134231984043747e-12,3.812611464956742297e-11,5.499717767250855338e-23,2.507071249776644080e-32
1.919999999999999929e+00,6.047717126032356874e-07,1.750687623334524143e-07,1.862513462644195862e-09,8.227537523848491321e-09,4.105343622488983600e-07,9.031746779547849934e-09,1.432909306781540692e-13,2.789876940395139891e-12,8.284245809090418840e-13,1.033094851315486539e-12,4.071626389608624163e-13,1.054089063715704346e-13,5.031368526805331132e-13,1.216666439995996615e-13,2.571111181086407275e-14,1.133960825780405345e-12,3.615109420143320754e-22,2.903719214131797956e-12,3.679480134697265210e-11,5.913958540672044430e-23,2.695850503157665913e-32
1.929999999999999938e+00,5.968040454534487182e-07,1.676659878477371425e-07,1.120885244966685112e-08,7.757516672188393331e-09,4.015915631711262682e-07,8.534840236208959807e-09,1.476256141631995870e-13,2.417596905599410482e-12,4.535684993005783998e-13,5.990786991186968799e-13,2.447049070568098786e-12,6.513373572668214292e-14,5.518971095509501096e-13,7.516548572170153683e-14,2.205466726369722737e-14,9.976373268282063259e-13,3.329819521179352816e-22,2.737836268259632188e-12,3.477043313848490220e-11,5.072922319132725538e-23,2.312468493388319775e-32
1.939999999999999947e+00,5.925959146573916410e-07,1.617048092626507289e-07,3.113089681466151447e-08,7.157713135599241166e-09,3.846689114424227616e-07,7.887819880542506452e-09,2.928937366126955786e-13,2.061884594420128298e-12,1.818871789105402498e-13,2.561481092194469220e-13,6.795154077314532244e-12,4.304075798715140084e-14,5.442519945213011575e-13,4.938250767945172576e-14,1.510348434897975578e-14,8.637159450340186316e-13,2.384925844920505980e-22,2.526149595154284152e-12,3.213450953343114289e-11,3.474010375529427883e-23,1.583627740060313432e-32
1.949999999999999956e+00,5.916959448721882262e-07,1.569811543364867209e-07,6.048621805394390184e-08,6.455332231129114034e-09,3.606055271430975588e-07,7.119250617002210678e-09,6.181630022394847571e-13,1.790786693299961034e-12,1.185260011138158746e-13,1.103942515588488642e-13,1.320227248972815706e-11,3.642129064141375126e-14,4.958624157287004492e-13,4.180036861259468728e-14,1.076173598411804912e-14,7.558376616522932540e-13,1.711536988594822206e-22,2.278260659822522589e-12,2.900340395822863324e-11,2.475357218165115047e-23,1.128388716165547258e-32
1.959999999999999964e+00,5.935246326742323011e-07,1.532880167072397622e-07,9.777035727814278239e-08,5.675910184453578957e-09,3.304742129788694961e-07,6.262843777184595392e-09,1.108520538324565899e-12,1.644850737036184952e-12,2.592704091704378901e-13,2.172927374525796056e-13,2.134007300206602341e-11,4.217223891427633384e-14,4.143612041881909340e-13,4.850425455150918006e-14,1.067831726747339215e-14,6.883876062123996223e-13,1.771560587358293714e-22,2.003181900780426570e-12,2.551445539568125214e-11,2.456284458849337390e-23,1.119642331546169240e-32
1.969999999999999973e+00,5.973916807662085181e-07,1.504088998788336458e-07,1.411965374888320891e-07,4.844927885075724379e-09,2.955296950823294902e-07,5.351772447430738939e-09,1.705491469288511619e-12,1.614698089862659144e-12,5.254079430555730953e-13,5.460992462348931037e-13,3.081847064286764569e-11,6.047369267047117030e-14,3.255417508468143328e-13,6.923152955697391177e-14,1.090657971866128241e-14,6.589524035697477202e-13,2.010857899384905816e-22,1.709906174644685481e-12,2.180280418451056962e-11,2.508894062714813018e-23,1.143575866737292069e-32
1.979999999999999982e+00,6.026109381985421228e-07,1.481348657844824850e-07,1.887946789280975877e-07,3.994112373080004513e-09,2.571957427317920628e-07,4.424014654427209751e-09,2.303507530392330971e-12,1.646793427703616458e-12,8.185323652589416801e-13,9.881085245405139672e-13,4.120741121113502466e-11,7.933502438147010451e-14,2.975515353125774746e-13,9.059146311950002358e-14,8.912597402692711406e-15,6.501787219255092432e-13,1.776508074981305917e-22,1.409630799168553611e-12,1.802317346236852252e-11,2.050221060950201476e-23,9.345032673089770489e-33
1.989999999999999991e+00,6.085536078883719020e-07,1.462564118944304144e-07,2.385023417170255064e-07,3.162485490214022928e-09,2.170420246976615192e-07,3.514581426929576328e-09,2.636719440274826010e-12,1.732749877234697886e-12,1.093736271708886857e-12,1.514678652034158288e-12,5.205680611219131782e-11,8.365218154226039310e-14,4.467160228886289751e-13,9.562320685218370798e-14,7.561944567806097293e-15,6.600911762260241820e-13,1.278583924617031977e-22,1.116127606996433611e-12,1.431819961830344051e-11,1.739376077250409350e-23,7.928831882832609097e-33
2.000000000000000000e+00,6.146419317326799725e-07,1.445803371476947459e-07,2.882304558824363737e-07,2.387597080210485749e-09,1.767010702764636967e-07,2.657453180340253983e-09,2.213581250092331471e-12,2.072688995768223912e-12,1.553780938200362278e-12,2.456288037888557496e-12,6.291098430125376856e-11,1.534708985263623815e-13,1.036112825491340770e-12,1.759434678604302476e-13,1.938340869199487007e-14,7.569709524211722919e-13,1.620905195633125637e-22,8.426489480484979181e-13,1.082631151003572980e-11,4.457879316641418532e-23,2.032377391974506827e-32
2.009999999999999787e+00,6.202671025562868805e-07,1.429253393009575856e-07,3.359149389977998495e-07,1.696817674826162227e-09,1.377463390047402944e-07,1.884834914536640376e-09,1.043082807543742021e-12,3.205202615784739471e-12,3.073501878121225538e-12,4.727350930541260482e-12,7.332036298184923531e-11,5.727511951891868702e-13,2.748094609319798408e-12,6.597160489945808293e-13,8.156073029572622246e-14,1.123470305365664593e-12,5.200214302753564110e-22,5.988546061123156773e-13,7.678714716560050033e-12,1.875708790949263907e-22,8.551746180533004653e-32
2.020000000000000018e+00,6.248062112679683103e-07,1.411406097577649299e-07,3.796014175440156879e-07,1.108596497212810582e-09,1.016074394553797840e-07,1.222232449400607746e-09,1.986343208266613654e-12,5.905622082880083618e-12,7.521228012955895582e-12,9.654987044806060387e-12,8.285898124071879798e-11,1.517920583195905021e-12,7.106304042125873109e-12,1.753452302679093692e-12,2.174745148698469449e-13,2.022668084379806481e-12,1.378052909717237521e-21,3.912558101679654004e-13,4.979327265708623078e-12,5.001411990620795337e-22,2.280247557889278114e-31
2.030000000000000249e+00,6.277298638349464781e-07,1.390985697947619273e-07,4.175674665747667721e-07,6.393527003283926699e-10,6.955216640103532553e-08,6.936620749329496712e-10,1.346468509279629049e-11,1.047893091875176340e-11,1.693151209622940423e-11,1.775347027379824959e-11,9.114753098080462082e-11,2.049760971304627663e-12,1.754631724818256659e-11,2.371146389477016174e-12,2.935086637748021145e-13,3.557794635299244157e-12,2.009408133383621040e-21,2.256473009109197594e-13,2.825984547345041284e-12,6.750119245522833922e-22,3.077474624517288328e-31
2.040000000000000036e+00,6.286836827618266253e-07,1.367020977138235001e-07,4.484069565979230446e-07,3.056083063631327894e-10,4.268486819941323355e-08,3.138773547623990488e-10,4.722855705782219506e-11,1.576268825201582457e-11,3.142132777000476098e-11,2.701005923737074463e-11,9.787523433708697318e-11,7.868497801051440654e-13,4.239725120888371944e-11,9.122696207780672201e-13,1.579759305351712782e-13,5.335734068170953428e-12,1.454896903034278989e-21,1.078601274257551503e-13,1.278782149352629953e-12,3.633386957368368945e-22,1.656395708212485558e-31
2.049999999999999822e+00,6.274791867853300015e-07,1.338788522472971417e-07,4.710435486137039782e-07,1.191564459111211062e-10,2.190875295174911742e-08,9.377800780581178888e-11,1.063320070805321958e-10,2.056775555285148691e-11,4.981179301875960473e-11,3.537639802977717066e-11,1.028339433684546437e-10,5.670574964843717085e-12,9.969205935380213088e-11,6.547694221385170193e-12,8.857380790325274175e-13,6.956362511665623051e-12,5.638433506589412483e-21,4.205639264493534628e-14,3.821362814892961209e-13,2.036988970729847609e-21,9.287074231840599242e-31
2.060000000000000053e+00,6.241026001586952143e-07,1.305960758759356910e-07,4.847183813070086456e-07,8.255390592619737670e-11,7.861774994546436867e-09,4.661129274706089740e-11,1.704357659903667905e-10,3.024039159181158106e-11,7.868572290324173186e-11,5.205419418359421829e-11,1.059689106652269732e-10,5.735150960227947068e-11,2.189134865640431435e-10,6.617407125616053635e-11,6.933511427641718439e-12,1.022603230837077246e-11,3.979886284045875879e-20,2.913850554097186111e-14,1.900474770333577612e-13,1.594514444360726170e-20,7.269875235540021279e-30
2.070000000000000284e+00,6.213480426669257705e-07,1.281490143234684519e-07,4.890005909378357469e-07,1.907358140847878537e-10,8.800496176431748082e-10,1.491291858904158714e-09,1.995986107003857411e-10,6.317337712879300794e-11,1.449775034398650904e-10,1.081598137480246300e-10,1.073864458231858341e-10,2.457600140917982891e-10,4.299514071068013119e-10,2.834328455006662440e-10,2.638590695246279099e-11,2.139095367289203880e-11,1.499277484369211788e-19,6.731901415478413822e-14,6.075917599853613722e-12,6.068012515494962818e-20,2.766596115422105258e-29
2.080000000000000071e+00,3.156247217494223421e-06,1.368058825883415244e-06,4.838572809427178912e-07,4.354662779346305850e-10,1.011877484938997383e-09,1.293922749650406161e-06,1.679194062067279251e-10,4.550096978523422453e-10,2.901816940553773464e-10,2.430916855718632976e-10,1.072407590297127555e-10,6.713113271363656127e-10,7.338180593445758906e-10,7.739758040309728800e-10,6.574793695763790679e-11,1.811920999872009509e-10,3.963532870243070781e-19,1.536913376476224963e-13,5.271375092752784592e-09,1.512026577488316426e-19,6.893756215479029187e-29
2.089999999999999858e+00,4.182599334603896951e-05,2.053525897042547286e-05,4.698180786553881666e-07,8.128983655449749299e-10,8.044166513775759284e-09,2.071488700643964414e-05,1.008258629405009620e-10,5.292078775335335931e-09,5.312717496046444831e-10,4.610550008379066808e-10,1.055393896528344181e-10,1.334082101080991322e-09,1.070349046173058654e-09,1.537891223025509464e-09,1.207430122796178547e-10,2.226869224824142999e-09,1.058406790851280870e-18,2.868978149796888791e-13,8.439123335423299276e-08,2.776912354564012305e-19,1.266007655010631768e-28
2.100000000000000089e+00,6.174596053945605168e-05,3.075700454099769511e-05,4.472198952351434335e-07,1.293830584878950687e-09,2.151034871213959913e-08,3.037656851712463145e-05,6.874863861189659333e-11,7.772713952466814871e-09,8.161713609995942563e-10,6.972971779510214191e-10,1.018706562728023147e-10,2.039711941796756789e-09,1.321192580318722595e-09,2.351330019865199413e-09,1.720042188532893981e-10,3.269611450350280270e-09,1.524430334701195649e-18,4.566321719652675845e-13,1.237522981699812527e-07,3.955852612703456049e-19,1.803488852277432405e-28
2.110000000000000320e+00,1.018770768239579860e-05,4.942894154823158800e-06,4.167195843895395088e-07,1.839021785898461779e-09,4.072168377014885899e-08,4.754896446544776883e-06,1.278370892755149285e-10,1.643267400194449536e-09,1.030472228492567834e-09,8.436827685161259314e-10,9.576146709554057666e-11,2.462204724444825214e-09,1.372993472536946376e-09,2.838631102591582592e-09,1.941363485817231407e-10,6.560262856598670513e-10,1.190257838249594207e-18,6.490448869184880139e-13,1.937112914836459033e-08,4.464625909756909880e-19,2.035544797931283589e-28
2.120000000000000107e+00,6.276096649348541092e-07,1.347776680860888331e-07,3.801500822225440953e-07,2.456304766713045466e-09,6.480810454544304193e-08,3.589244098968047155e-08,2.623403911722554206e-10,4.878649887141741115e-10,1.070350758882446117e-09,8.250752321411450813e-10,8.728860763839216703e-11,2.369796238501262908e-09,1.203018996244235170e-09,2.732413284926229272e-09,1.741181201030752500e-10,1.657092837187244600e-10,9.927350217036962571e-19,8.669001341412025784e-13,1.462215208153609370e-10,4.004226445074515049e-19,1.825650761646768601e-28
2.129999999999999893e+00,5.420001555985887499e-07,9.645817048745759832e-08,3.388682798299871705e-07,3.113187517768646171e-09,9.271290273230959352e-08,3.344542979230498434e-09,3.912737191203877803e-10,3.817769844397035350e-10,9.196801003215239702e-10,6.559897219285170247e-10,7.700117022962152117e-11,1.814928630215005702e-09,9.032181456154787456e-10,2.092801746173485017e-09,1.225221229089000383e-10,1.291537704787503020e-10,6.991968168555928557e-19,1.098730756250352740e-12,1.362720866683329841e-11,2.817664366595531381e-19,1.284660124507304350e-28
2.140000000000000124e+00,5.212368300963171383e-07,9.077973488504491148e-08,2.944471558629134875e-07,3.779438428987991427e-09,1.232460812350978260e-07,4.032762686500423231e-09,4.351801165442161668e-10,2.470301070603847172e-10,6.569738631822468312e-10,4.236763106448102742e-10,6.589253656154084681e-11,1.090492378643227628e-09,6.080946473027485351e-10,1.257425272739518679e-09,6.551860853902807928e-11,8.360894096437967578e-11,3.747442705130258965e-19,1.333867715979401701e-12,1.643034734907530603e-11,1.506744486922625201e-19,6.869709803718142908e-29
2.150000000000000355e+00,5.008373128366392907e-07,8.525544956280194178e-08,2.485201832985303897e-07,4.428358201648504831e-09,1.551528293471498904e-07,4.748772516443360755e-09,3.760468454006810841e-10,1.291612631404565171e-10,3.914797196830341813e-10,2.204226475551354198e-10,5.486444108831800594e-11,4.985862397328253488e-10,3.966075544932688513e-10,5.748191754196306189e-10,2.505044730381161576e-11,4.377189630486949635e-11,1.440730732690408058e-19,1.562888329622158702e-12,1.934679141166925561e-11,5.760907869322806409e-20,2.626571335317189227e-29
2.160000000000000142e+00,4.815822858097331952e-07,7.993477405703269523e-08,2.026969365503036321e-07,5.036198157642793038e-09,1.871821253984684305e-07,5.423879537868626988e-09,2.578776898318469930e-10,5.404953333708365282e-11,1.947961988350028246e-10,9.080821389944630667e-11,4.439753070625743650e-11,1.643020506786145525e-10,2.642199405433928167e-10,1.893649643282806126e-10,6.292266637856857635e-12,1.838950663079807336e-11,3.688083595520355742e-20,1.777411004933105212e-12,2.209680193190524682e-11,1.447052146259108996e-20,6.597521406731630274e-30
2.169999999999999929e+00,4.638013721304750605e-07,7.490897935082810556e-08,1.585587293787828706e-07,5.581865736171792745e-09,2.181306988678567751e-07,6.031754350228208503e-09,1.411041422970034731e-10,1.822195987930915617e-11,8.073344110431780645e-11,2.886000650445247244e-11,3.464368069983599010e-11,3.695508219857510278e-11,1.719740714067134428e-10,4.257256088248993364e-11,1.448315136324287616e-12,6.288113014949815820e-12,8.864479143624963763e-21,1.969991495310885397e-12,2.457308197577236219e-11,3.330759981994613438e-21,1.518576775667844779e-30
2.179999999999999716e+00,4.476363994109071876e-07,7.025875325441268326e-08,1.176615580311847850e-07,6.045726050503774034e-09,2.468433541617342668e-07,6.551481710429165880e-09,6.114792651547093221e-11,5.593256423126758520e-12,2.762257699469510202e-11,6.895030704162509314e-12,2.571033629753795302e-11,8.381594895894865021e-12,9.850363721111905399e-11,9.649272389721279540e-12,1.168999281108808747e-12,2.029506569121048404e-12,6.916992120214069891e-21,2.133700025856656293e-12,2.669036532507423666e-11,2.688382484959287526e-21,1.225710753692408411e-30
2.189999999999999947e+00,4.332341061095708991e-07,6.605231190351641753e-08,8.140866820083956983e-08,6.411240520830726447e-09,2.722581550381637658e-07,6.964445294528253215e-09,2.055801667076903355e-11,2.434900320606835124e-12,7.658025949277614769e-12,1.283263945406988151e-12,1.779389766593117568e-11,5.396462076389798528e-12,4.532124186903912196e-11,6.211412493559034482e-12,1.022132155131452328e-12,9.703596271632054409e-13,5.914464783109155561e-21,2.262699685107225651e-12,2.837273922553090625e-11,2.350617359671620987e-21,1.071718698919620915e-30
2.200000000000000178e+00,4.207854511367792116e-07,6.234243535665496810e-08,5.094038695462672057e-08,6.666003270447378799e-09,2.935026507961480836e-07,7.257337664925820019e-09,5.163295648720531664e-12,1.901571126781160771e-12,1.672359276995944954e-12,2.430795650367252052e-13,1.113176551107910785e-11,3.558921667522537379e-12,1.561414900444264398e-11,4.098736882127926991e-12,5.384814022651037943e-13,7.961599258274015132e-13,3.152219319736295519e-21,2.352612101467833218e-12,2.956596185954741034e-11,1.238357322906477328e-21,5.646046738660037900e-31
2.209999999999999964e+00,4.104922263235403211e-07,5.916625726970596541e-08,2.718799947220091121e-08,6.801639027887033834e-09,3.098660900780019529e-07,7.420951409349002215e-09,9.074834478839247312e-13,1.834004421698200937e-12,2.798866794269726237e-13,5.889501552689047428e-14,5.938514141309673886e-12,1.375184937546739971e-12,3.723289887448996638e-12,1.586450713509539180e-12,1.755449402231835897e-13,7.768161574221616976e-13,1.119245354304895644e-21,2.400481446981203057e-12,3.023251460486782161e-11,4.037086520056318826e-22,1.840611638749569459e-31
2.219999999999999751e+00,4.024427170892603899e-07,5.654306316581919552e-08,1.082918164717985812e-08,6.815646557366233884e-09,3.207645427831020571e-07,7.451256017111032239e-09,9.944195781743169094e-14,1.814803746460686662e-12,3.482607278537268412e-14,1.303927483456907614e-14,2.364505121423691086e-12,2.778461526109952718e-13,5.333272109039605786e-13,3.216295957208693167e-13,3.513684405211491172e-14,7.709640521443630412e-13,3.321921601554219076e-22,2.405424974758725903e-12,3.035597367808219982e-11,8.081062395525016463e-23,3.684149024388375377e-32
2.229999999999999982e+00,3.966758674932404326e-07,5.447479244288649218e-08,2.224512743194794046e-09,6.710673744987903294e-09,3.258813717080234064e-07,7.349089139926597438e-09,6.041917472732273224e-15,1.783905743359705638e-12,3.019964422106389827e-15,2.406451431588312292e-15,4.856290711933680272e-13,2.017773928556186274e-14,3.300141277034165354e-14,2.337349296149556486e-14,3.674275038596695657e-15,7.583551555422620087e-13,1.506120062068480928e-22,2.368377197484082155e-12,2.993975180011052652e-11,8.455513798572551111e-24,3.852582560032755672e-33
2.240000000000000213e+00,3.932278755446782921e-07,5.294634280082209827e-08,1.479641937040866440e-09,6.490883134200017326e-09,3.251573537061173313e-07,7.119566751232552312e-09,7.595042459487948024e-16,1.727058486261385132e-12,1.251353274811573781e-15,4.246390423885024079e-16,3.229621628043149768e-13,5.270481672764134393e-16,3.800213866842205939e-15,4.273627236905498241e-16,2.149157915416276457e-16,7.342911552162826832e-13,1.274717668493758707e-22,2.290807178033160633e-12,2.900469124587557608e-11,4.998070677643515753e-25,2.253953335245102099e-34
2.250000000000000000e+00,3.919177334071299994e-07,5.192862201335555884e-08,8.394587788784366624e-09,6.165603836414948800e-09,3.186227996564964518e-07,6.772174376728881867e-09,2.500045174065260421e-16,1.643076278806024982e-12,1.062454911632637812e-15,8.789344945073703127e-16,1.832249194072155074e-12,8.509033484876834066e-16,2.366353616362461810e-15,8.063828903728356540e-16,1.970717375943468011e-16,6.985549945986722048e-13,1.215359394414261675e-22,2.176007412244379638e-12,2.758943536448562300e-11,4.584724493996756194e-25,2.066831064923750027e-34
2.259999999999999787e+00,3.925919506592696482e-07,5.137537617156891489e-08,2.255764851462620893e-08,5.748752877228999576e-09,3.065537186070655382e-07,6.321559517605620838e-09,3.296808771128040226e-17,1.533967482726802682e-12,6.270996805824540021e-16,1.197810959143007010e-15,4.923539905011186756e-12,3.589641258766876160e-16,2.810636573056556927e-16,2.172084742376956651e-16,4.897095438147220137e-17,6.521528906449196396e-13,1.118834660578288934e-22,2.028889586361651666e-12,2.575365722358849581e-11,1.174693856237651931e-25,5.139421406695410245e-35
2.270000000000000018e+00,3.953297558812578875e-07,5.123266589366072332e-08,4.329074226557038965e-08,5.241867583355735455e-09,2.897429740301769657e-07,5.784638851005101411e-09,6.349293037523479491e-18,1.403497338981017920e-12,8.355164497119619008e-16,7.755328673882750877e-16,9.448839034838822043e-12,2.063794002042956695e-16,6.663289486505733661e-17,5.375709878441636403e-17,1.037975601491843895e-17,5.966960172846610518e-13,1.020917341779717471e-22,1.849996264443948612e-12,2.356627428542047679e-11,2.831445836445025854e-26,1.092999039709434144e-35
2.280000000000000249e+00,4.001307489069213899e-07,5.144935322449902486e-08,6.935808629835242576e-08,4.664265790395540528e-09,2.694390964231269036e-07,5.180265215223840683e-09,1.248338932547813477e-17,1.256920385864997024e-12,8.502324872018649684e-16,8.004708547899545552e-16,1.513841719069045988e-11,2.121818522342437955e-16,4.520779382709523632e-17,6.518342115210655882e-17,1.773914777216163353e-17,5.343768319451465313e-13,9.159361288288464201e-23,1.646145219304589537e-12,2.110409219677245157e-11,4.480104442409906705e-26,1.864551691682045819e-35
2.290000000000000036e+00,4.076072554017779854e-07,5.194835369846946270e-08,1.005737541190797485e-07,4.119660158713025780e-09,2.463937165065457713e-07,4.528348830591901434e-09,1.948957039242490385e-17,1.098871591214033528e-12,7.330316610274035667e-16,9.043951578599660541e-16,2.195169252153800638e-11,2.758746142901006609e-16,8.317289314074699517e-17,1.485658925477911325e-16,2.979467359783084756e-17,4.671670349025060843e-13,7.986530304007168721e-23,1.453939439673666507e-12,1.844822346616431631e-11,7.201188140719899172e-26,3.128410154558211000e-35
2.299999999999999822e+00,4.165570780030993009e-07,5.259662559701527180e-08,1.377899059908839086e-07,3.668786759957786642e-09,2.185994802894909583e-07,3.853874614363174773e-09,1.332352297793975242e-17,9.351238241206899893e-13,8.471005265681790620e-16,6.443467776026368154e-16,3.007466249329814960e-11,2.484473161928024707e-16,1.577027287427527896e-16,1.316734218926638805e-16,9.155210599798057930e-17,3.975610233625229835e-13,6.832013492965805908e-23,1.294814324403658603e-12,1.570045557662238572e-11,2.135113251941692836e-25,9.603350604431121318e-35
2.310000000000000053e+00,4.173276440821629590e-07,5.330644152750449764e-08,1.755380157515441651e-07,3.107164053906466631e-09,1.821410794773045596e-07,3.181469300475878206e-09,1.757352608752390419e-17,7.719826016885718832e-13,8.253644089991312077e-16,5.412630521294099948e-16,3.831373979500678417e-11,3.593096914796444317e-16,1.774920038777487118e-16,2.655430247860290914e-16,1.465011854954176132e-16,3.281967658718295598e-13,5.683094125312081639e-23,1.096602808863527427e-12,1.296111640905710865e-11,3.393411753273761419e-25,1.536441590310871471e-34
2.320000000000000284e+00,4.030290743926115293e-07,5.412346656024819536e-08,2.038773763653733600e-07,2.253702054113914136e-09,1.401872777198892873e-07,2.530768914113137649e-09,2.979877004982377502e-17,6.141712303849876896e-13,6.637407696372990841e-16,5.678484359735539835e-16,4.449922054060350512e-11,4.863384963854689187e-16,3.025434026453953087e-16,4.273184867577095830e-16,2.145739360279479172e-16,2.611000186187512450e-13,4.564353864151336498e-23,7.953932943516670544e-13,1.031020162737118144e-11,4.953766022971261844e-25,2.250152886065931563e-34
2.330000000000000071e+00,3.992387611871847248e-07,5.503073535386309137e-08,2.319967916095540445e-07,1.450153808810244842e-09,1.087819366757447076e-07,1.919508548095351370e-09,3.314653848406239246e-17,4.658648380781285276e-13,5.933281295433298624e-16,4.738110387207140439e-16,5.063669569144396166e-11,5.280374778082372007e-16,3.979165277121099549e-16,4.854475639153908759e-16,3.126865939912400553e-16,1.980434564134050096e-13,3.538078592369201810e-23,5.117996707211690883e-13,7.819963086694699584e-12,7.205386822027765631e-25,3.278853448869438181e-34
2.339999999999999858e+00,4.458860167433781158e-07,5.578270321012072219e-08,2.855500568115299358e-07,1.068152672190471849e-09,1.020457899945594994e-07,1.370550840477148390e-09,4.141439348431619704e-17,3.326807392482378173e-13,5.137493641312212057e-16,4.116649322712600845e-16,6.232547961572177689e-11,6.727684334691154945e-16,4.365870384628187878e-16,6.360202029679518865e-16,3.972562381760303837e-16,1.414210132459042064e-13,2.620866450863826654e-23,3.769815174633532157e-13,5.583542154033492090e-12,9.146159643742701440e-25,4.165565513317876780e-34
2.350000000000000089e+00,5.178038716494393290e-07,5.626392558372711689e-08,3.482926510487714543e-07,7.228006165436893970e-10,1.115405041630973124e-07,9.037172058004198888e-10,5.322461718349545187e-17,2.194430720614687730e-13,4.062124198960913954e-16,3.800405682007564376e-16,7.601996892941860520e-11,8.669031065966298977e-16,5.399641848349947906e-16,8.360633353453198305e-16,4.784548765627834712e-16,9.327126199884596883e-14,1.840902158510755726e-23,2.550978865506903764e-13,3.681689485977613204e-12,1.100993217545319401e-24,5.016927687783571903e-34
2.360000000000000320e+00,5.241192364963033834e-07,5.679483519504284598e-08,3.523711491566937999e-07,1.343975965950755721e-10,1.142133510713082969e-07,5.262161000982333497e-10,6.186045369480473419e-17,1.278246627524069848e-13,3.482039518415283324e-16,2.872015670059206640e-16,7.691016324159774953e-11,9.785120875067276203e-16,6.549134434937109222e-16,9.504798166155579939e-16,5.764667784050478556e-16,5.432400044307014716e-14,1.234046367330369493e-23,4.743465614046479434e-14,2.143772366118415169e-12,1.326107209411718169e-24,6.044556809981873467e-34
2.370000000000000107e+00,4.502481693001829977e-07,5.765826459515391359e-08,2.905455826717227290e-07,2.425365646148964219e-10,1.014932255817406564e-07,2.439758149732837608e-10,7.652522832809189925e-17,5.932353923078563142e-14,2.877904405485765439e-16,2.117157445353427769e-16,6.341583303964024394e-11,1.099912105810152828e-15,7.505024066983664780e-16,1.081433370850581469e-15,6.636345536696318039e-16,2.520203303614343186e-14,7.914513010550330866e-24,8.559936938912265821e-14,9.939424822698447523e-13,1.526348930525621364e-24,6.958474721519484284e-34
2.379999999999999893e+00,4.234536880135207975e-07,5.865001623647777261e-08,2.766571006778879379e-07,1.809408962419642857e-09,8.620358060847231884e-08,7.223451578932623733e-11,9.090133914240052959e-17,1.763662976911790879e-14,2.127747892928137885e-16,1.656823226046151717e-16,6.038447155262098030e-11,1.249493589782444055e-15,8.506501647721167189e-16,1.248139905322577867e-15,7.345118299725522196e-16,7.482851151618306622e-15,5.341397583301883521e-24,6.385906582840683105e-13,2.942786280070162968e-13,1.689216138098793695e-24,7.701621838430496133e-34
2.390000000000000124e+00,5.371364602465719534e-07,5.947246956490841322e-08,3.928273789850517472e-07,3.765213802003710658e-09,8.096420655464429662e-08,2.002874574093678138e-11,9.298885656605685513e-17,4.951997335162194229e-15,1.558827661618429702e-16,1.097294803391240606e-16,8.574033411199740336e-11,1.335809139552974676e-15,9.324378493625854141e-16,1.341672066088258064e-15,8.096307352956629665e-16,2.087242806018830286e-15,4.912068948506359775e-24,1.328847587886866231e-12,8.159513203961063076e-14,1.861934761800339402e-24,8.489293769383977035e-34
2.399999999999999911e+00,6.841624944856745579e-07,5.996095335885925084e-08,5.358546753727078792e-07,4.812710647463825592e-09,8.333900445433935800e-08,7.615238157702980993e-11,9.446742690815948915e-17,1.854872161085940587e-14,1.017676647523928458e-16,6.701290328511014111e-17,1.169581328096731120e-10,1.409227293197530848e-15,9.827092052285762861e-16,1.414195405164176374e-15,8.748234719606417475e-16,7.867150293920833546e-15,6.343462946737843097e-24,1.698538419285113000e-12,3.102394231291264913e-13,2.011911923954506870e-24,9.172881820249922606e-34
