energy_au,total_recorded_SI,n1_l0_m+0,n2_l0_m+0,n2_l1_m-1,n2_l1_m+0,n2_l1_m+1
1.000000000000000021e-02,9.831373924475185488e-02,5.493052219227153796e-03,4.986332506360366401e-02,6.343945938782761737e-03,3.656877958526135591e-02,4.463643787690998088e-05
1.499999999999999944e-02,7.395871980759022302e-02,5.044210930557832540e-03,2.586558265443101440e-02,5.048019284507470478e-03,3.797903758360935550e-02,2.186935448456124896e-05
1.999999999999999695e-02,6.526273568411972148e-02,4.805863850410593135e-03,1.775937826110165346e-02,4.711302429020102975e-03,3.793990446179790199e-02,4.628668178946065303e-05
2.499999999999999792e-02,5.375064121221004992e-02,3.867957092429451238e-03,1.223236552149485103e-02,3.834209891514818880e-03,3.374722563559489491e-02,6.888307117603764977e-05
2.999999999999999889e-02,4.467356149988863795e-02,2.959638518176447176e-03,1.088212646313503965e-02,3.148136426700704447e-03,2.760245654064796481e-02,8.120355122848287748e-05
3.499999999999999639e-02,3.811775075888630682e-02,2.133108834055976073e-03,9.045661234850524424e-03,1.928321898976769096e-03,2.494454277218909055e-02,6.611601881394976255e-05
3.999999999999999389e-02,3.202150059421140366e-02,1.530945069181576619e-03,7.919037991307036756e-03,1.693143725415389468e-03,2.083738736780884823e-02,4.098644049855591580e-05
4.499999999999999833e-02,2.586804459007182797e-02,1.012278538367817476e-03,5.989284287414387530e-03,9.421673780760651861e-04,1.790803620873918089e-02,1.627817747437531996e-05
4.999999999999999584e-02,2.231744583584386113e-02,6.767794459068774684e-04,5.487069033970263035e-03,6.896330398341341894e-04,1.546166196021805765e-02,2.302355914531108431e-06
5.499999999999999334e-02,1.737002558037575514e-02,4.237367414766571696e-04,3.794718612306800624e-03,4.333979837249740089e-04,1.271173870469570824e-02,6.433538171616505286e-06
5.999999999999999084e-02,1.422910975727125805e-02,2.674662446380334131e-04,3.312723777018168614e-03,2.657042832930897949e-04,1.035628447549082759e-02,2.693097683113784325e-05
6.499999999999998834e-02,1.139278801803499629e-02,1.633799909879149470e-04,2.501927742144923351e-03,1.503108393506301127e-04,8.519511462396519089e-03,5.765798315500924795e-05
6.999999999999999278e-02,8.651617087729582614e-03,1.046459750368181833e-04,1.881313134698724089e-03,1.302723575974264311e-04,6.445274903050260407e-03,9.011071734635263701e-05
7.499999999999998335e-02,6.830996794650432899e-03,6.261255121766015586e-05,1.562653033375623664e-03,4.268999120852829852e-05,5.050414418420646687e-03,1.126268004279742696e-04
7.999999999999998779e-02,5.149620557797769498e-03,4.367655868372598402e-05,1.115839020781902438e-03,5.930759957776072448e-05,3.813544217346464919e-03,1.172531614079148357e-04
8.499999999999997835e-02,3.642221227094968872e-03,2.752295561549777605e-05,8.696240845715855683e-04,2.775516248839804631e-05,2.616459777348002606e-03,1.008592470714848985e-04
8.999999999999998279e-02,2.759680920548735795e-03,1.939029588151701988e-05,6.388147571199319884e-04,1.660423116062702265e-05,2.017887338730020054e-03,6.698429765663967334e-05
9.499999999999998723e-02,1.751178678495512531e-03,1.433947379469376838e-05,4.576954371977002851e-04,2.311125924413299951e-05,1.226909621194026325e-03,2.912288706495908859e-05
9.999999999999997780e-02,1.185243497329253621e-03,9.055672511908727744e-06,2.956078634894336327e-04,4.375479541588546528e-06,8.710233428074322468e-04,5.181138978890374753e-06
1.049999999999999822e-01,7.814174225031561213e-04,7.254918326662558885e-06,2.332854965349293161e-04,1.071359869625821941e-05,5.147999998315170873e-04,1.536340911378887531e-05
1.099999999999999728e-01,4.743112390857359565e-04,4.258510689515880433e-06,1.015247980689587906e-04,3.780558277626329211e-06,2.915134018346923371e-04,7.323397021494261494e-05
1.149999999999999772e-01,4.475882585732402505e-04,3.017157051847712952e-06,9.870589019882297882e-05,2.738708366610223492e-06,1.653079019542368110e-04,1.778186010017225344e-04
1.199999999999999817e-01,4.197694410437477052e-04,1.697846391220259388e-06,3.067954827041663847e-05,1.853516612907114088e-06,7.689819367821400481e-05,3.086403360909896736e-04
1.249999999999999722e-01,4.837904131161533750e-04,1.031312467904975074e-06,2.661630397834258952e-05,1.460725506123469698e-06,2.902568301013168205e-05,4.256563881536506652e-04
1.299999999999999767e-01,5.071387223248132120e-04,4.663315775889237149e-07,1.202544807730828347e-05,8.077684239618516082e-08,1.498175998374335068e-05,4.795844058437764672e-04
1.349999999999999811e-01,4.414066861006572806e-04,3.457095910979511964e-07,3.147132082921308869e-06,1.522874770618637947e-06,4.884423349425993282e-06,4.315065463065933995e-04
1.399999999999999856e-01,2.878762305098328533e-04,1.479324811270365210e-07,4.243954449195927807e-06,5.827576984186065669e-07,1.581544248014762954e-06,2.813200416330765403e-04
1.449999999999999900e-01,1.025414686692425001e-04,2.048823665701893593e-07,6.020036181265390056e-07,1.114045805049677506e-06,8.521486940648463138e-06,9.209904993884762670e-05
1.499999999999999944e-01,1.110484859935457961e-05,9.405423630234032281e-08,4.639061385316504428e-07,9.740998247993006464e-07,5.049397305934998333e-06,4.523391093786290046e-06
1.549999999999999989e-01,2.268852614996438183e-04,1.175023366282207162e-07,9.417594209339378898e-07,1.226968677602077848e-06,4.939503448373059257e-06,2.196595276161065178e-04
1.599999999999999756e-01,9.601694959695230213e-04,1.494104508567418014e-07,1.429553197979757070e-06,4.541507477768029410e-07,1.070627349492528871e-05,9.474301080779844696e-04
1.649999999999999800e-01,2.326673982608441684e-03,3.016604273474984196e-07,9.841812869126501763e-07,1.643024946204141769e-06,4.029043545878870984e-06,2.319716072402098518e-03
1.699999999999999845e-01,4.304419774821721840e-03,2.341424803215383131e-07,1.427125623060294293e-06,5.142169138254214642e-07,9.616413087363505556e-06,4.292627876717151382e-03
1.749999999999999889e-01,6.571344083422905533e-03,3.888023985410425109e-07,1.194847266242875809e-06,9.441362198802155473e-07,1.975565112301120059e-06,6.566840732425940214e-03
1.799999999999999933e-01,8.601355833236254064e-03,4.103009074666844185e-07,1.356220936797971063e-06,3.545502167957477471e-07,3.460971179658390388e-06,8.595773789995535263e-03
1.809999999999999942e-01,8.913796310722154476e-03,4.722621080900691346e-07,1.116315169463068338e-06,5.952691048877220690e-07,7.489464751353000312e-07,8.910863517864579114e-03
1.819999999999999951e-01,9.188851156166280912e-03,4.528494697109880355e-07,1.785207254526719524e-06,4.157771999239407714e-07,2.245419086123845235e-06,9.183951903155995397e-03
1.829999999999999960e-01,9.413744615363909066e-03,4.432715583425891576e-07,1.599968661139790783e-06,2.353511566893337934e-07,2.676668529722945807e-06,9.408789355458014453e-03
1.839999999999999969e-01,9.582482290095227159e-03,5.062185157034919406e-07,1.491172209120418966e-06,4.902763239448167296e-07,5.311745183078798420e-07,9.579463448528150252e-03
1.849999999999999978e-01,9.697345788477277836e-03,5.026295804287685081e-07,1.879781443862109824e-06,4.138445456257451413e-07,1.043691596682956170e-06,9.693505841310678939e-03
1.859999999999999987e-01,9.750768095573165636e-03,4.661812210563965040e-07,1.557933672740166725e-06,1.246653070642704118e-07,1.696203036666957511e-06,9.746923112335638406e-03
1.869999999999999996e-01,9.738274933273300543e-03,4.951352205302243049e-07,1.620630237801752776e-06,2.751924686271228889e-07,3.516106632296695752e-07,9.735532364683111700e-03
1.880000000000000004e-01,9.662579826534754834e-03,4.984016245802613277e-07,2.301232694620567147e-06,3.747349465847295177e-07,4.633775702600603275e-07,9.658942079698709660e-03
1.890000000000000013e-01,9.520162095248486597e-03,4.569225014483491613e-07,1.919305489738629982e-06,1.493747383800595294e-07,1.035703193533976484e-06,9.516600789325386361e-03
1.900000000000000022e-01,9.310058224953373165e-03,4.519524834575132803e-07,1.571720427187496257e-06,1.214777857369789211e-07,2.458293479980516544e-07,9.307667244908992762e-03
1.910000000000000031e-01,9.038316079801834643e-03,4.461503023889702267e-07,2.277440993387732236e-06,2.125741988540673558e-07,2.498426870062067121e-07,9.035130071620198211e-03
1.920000000000000040e-01,8.706607927799564495e-03,4.131433670106164366e-07,2.229891659102259271e-06,1.171339910280934779e-07,7.038885550122928149e-07,8.703143870227410955e-03
1.930000000000000049e-01,8.318248979246937319e-03,3.996232386905805298e-07,1.674698048031291879e-06,6.686462109889367589e-08,2.171015771685780935e-07,8.315890691761947465e-03
1.940000000000000058e-01,7.883941552845899481e-03,3.859748046516754031e-07,2.103607839312723529e-06,1.159554299414502568e-07,1.226862794085670804e-07,7.881213328492585324e-03
1.950000000000000067e-01,7.412388010978676091e-03,3.537306722369257901e-07,2.349020440199362235e-06,7.672856276954753564e-08,4.174234227094281706e-07,7.409191107880760616e-03
1.960000000000000075e-01,6.913022283923236054e-03,3.328718446424415697e-07,1.902158106322550192e-06,3.216924177028461784e-08,1.460882349044601725e-07,6.910608996495596484e-03
1.970000000000000084e-01,6.402173396899573689e-03,3.130087539734846939e-07,2.018186327240706923e-06,4.899650037010426809e-08,4.727204688048862727e-08,6.399745933271108918e-03
1.980000000000000093e-01,5.896647544631413405e-03,2.838059342231828245e-07,2.308156028088420427e-06,3.715504477530016711e-08,1.997196639538297327e-07,5.893818707960372938e-03
1.989999999999999825e-01,5.413978701377707495e-03,2.639471740366103491e-07,2.079972240049040331e-06,1.295416866741305821e-08,6.245825478141567130e-08,5.411559369540173449e-03
1.999999999999999833e-01,4.977439087508394797e-03,2.459280576603064120e-07,2.026222367102462298e-06,1.407586041165093318e-08,2.172081542289973802e-08,4.975131140407797192e-03
2.009999999999999842e-01,4.612520706479951958e-03,2.257954121366021981e-07,2.199110677908325440e-06,1.021059615086254495e-08,8.165196767750044926e-08,4.610003937826078618e-03
2.019999999999999851e-01,4.346284425515149763e-03,2.162003648786868470e-07,2.143692884443130719e-06,2.740949304719155883e-09,9.836960527015129511e-09,4.343911954355995919e-03
2.029999999999999860e-01,4.210365464281144547e-03,2.115629184623392960e-07,2.071849934166998778e-06,2.453874524271731288e-09,2.620185757150694281e-08,4.208053395696419001e-03
2.039999999999999869e-01,4.239384378509802181e-03,2.115746502149961406e-07,2.085399604330362985e-06,2.408629626341440112e-09,3.360314664815081570e-08,4.237051392478981965e-03
2.049999999999999878e-01,4.470683141710452869e-03,2.244045844873914695e-07,2.095734629523733861e-06,3.323212508329391250e-09,2.437136028632620009e-09,4.468357242147905084e-03
2.059999999999999887e-01,4.945324125376078517e-03,2.480408119777209394e-07,2.098198784715934605e-06,6.135886742104463231e-09,6.022603695089953953e-08,4.942911523855691817e-03
2.069999999999999896e-01,5.707330111049632206e-03,2.845102401882358887e-07,1.994997091994874177e-06,1.288666438804286312e-08,2.358145300268994503e-08,5.705014135600058531e-03
2.079999999999999905e-01,6.804519711784570712e-03,3.357186671453393921e-07,1.968970681713094132e-06,1.802042077694443521e-08,3.083601697407761653e-08,6.802166165997961152e-03
2.089999999999999913e-01,8.287870679388010392e-03,4.056428321310289832e-07,2.065147016628033652e-06,2.122849109215931969e-08,1.326799076073733668e-07,8.285245981140552593e-03
2.099999999999999922e-01,1.021071068110625431e-02,5.001596795373506610e-07,1.926194293555944808e-06,3.701268898319229090e-08,3.562181436076471921e-08,1.020821169262981637e-02
2.109999999999999931e-01,1.263102247809033164e-02,6.102083810266882210e-07,1.804906252613235856e-06,4.796277474624100103e-08,7.123949859208101980e-08,1.262848816118335334e-02
2.119999999999999940e-01,1.560957512142832800e-02,7.469839842688913853e-07,1.957408030221460791e-06,4.724411081757851278e-08,2.480234882001182772e-07,1.560657546181482003e-02
2.129999999999999949e-01,1.920834075880761133e-02,9.259934036620980253e-07,1.859097472314769149e-06,6.975940573058282745e-08,7.319856133240032047e-08,1.920541270996457134e-02
2.139999999999999958e-01,2.349459246800687101e-02,1.120748371254377276e-06,1.637789190243261063e-06,9.103027258208873996e-08,9.821961563406816006e-08,2.349164468055715826e-02
2.149999999999999967e-01,2.853821595881492548e-02,1.346864658094646708e-06,1.783419120262551893e-06,8.503500402888637260e-08,3.973996844959441601e-07,2.853460324034804221e-02
2.159999999999999976e-01,3.440852090611434821e-02,1.640342542209859340e-06,1.769248078916666103e-06,1.078841094912286052e-07,1.535028024009815240e-07,3.440484992858133112e-02
2.169999999999999984e-01,4.118050342719222628e-02,1.951943256773930298e-06,1.486015108357483695e-06,1.427876252656442072e-07,9.708267874685817864e-08,4.117682559852308549e-02
2.179999999999999993e-01,4.893200782555414546e-02,2.291604421069735431e-06,1.567415202886802734e-06,1.348088922128396646e-07,5.572666361249054235e-07,4.892745673040185123e-02
2.190000000000000002e-01,5.773779453223019248e-02,2.730545524422866712e-06,1.639343179572812547e-06,1.503546296560980389e-07,2.959895514507251882e-07,5.773297829934508768e-02
2.200000000000000011e-01,6.767818376610888753e-02,3.197477218028923669e-06,1.351430997670472518e-06,1.976011546852165934e-07,6.950447273083611037e-08,6.767336775226577561e-02
2.210000000000000020e-01,7.883733568116386980e-02,3.677377333912148583e-06,1.338400824250211830e-06,1.939970913528102388e-07,6.926352405040476861e-07,7.883143327067385076e-02
2.220000000000000029e-01,9.129319468693479489e-02,4.291035520672243645e-06,1.465480904880163120e-06,1.973399445411451046e-07,5.116358844721299633e-07,9.128672919468022728e-02
2.230000000000000038e-01,1.051281211036703134e-01,4.957238745403240191e-06,1.224654556645700423e-06,2.514282606444955740e-07,3.861585704866915383e-08,1.051216491662505664e-01
2.239999999999999769e-01,1.204303528591728067e-01,5.608513698506368254e-06,1.120504005728729263e-06,2.590725068429450483e-07,7.710243519097842569e-07,1.204225937446098127e-01
2.249999999999999778e-01,1.372786259334818904e-01,6.421736623492609204e-06,1.257316517659145267e-06,2.498712747288597967e-07,7.960917854782877881e-07,1.372699009172805296e-01
2.259999999999999787e-01,1.557532894234448240e-01,7.333161129468643286e-06,1.093006416262266322e-06,3.020438135891308283e-07,4.105268827447579568e-08,1.557445201593972428e-01
2.269999999999999796e-01,1.759436440015220982e-01,8.193120064276228774e-06,9.273935255148502596e-07,3.247655769959485475e-07,7.681848931556277475e-07,1.759334305374621599e-01
2.279999999999999805e-01,1.979269104581615479e-01,9.224969028199482684e-06,1.033449980539146807e-06,3.073453896319483179e-07,1.124433399380663925e-06,1.979152202603637889e-01
2.289999999999999813e-01,2.217769213989244093e-01,1.042459552465771469e-05,9.475603446189042898e-07,3.488084237040185362e-07,1.189779871154710527e-07,2.217650814566443085e-01
2.299999999999999822e-01,2.475800645802120892e-01,1.153816950667630080e-05,7.614359501401934757e-07,3.861504001872660362e-07,6.784256392739207973e-07,2.475667003987158110e-01
2.309999999999999831e-01,2.754098978634995087e-01,1.280292491119735964e-05,8.150176037806408524e-07,3.677989049137518723e-07,1.455105324353635504e-06,2.753944570167552452e-01
2.319999999999999840e-01,3.053292605401517479e-01,1.432422039100062592e-05,7.867922097430743031e-07,3.903074272443611068e-07,3.105453522892810865e-07,3.053134486747714482e-01
2.329999999999999849e-01,3.374166148423074496e-01,1.574250180961037760e-05,6.117844421071962640e-07,4.364637961628175047e-07,5.087271627504040162e-07,3.373993153650968191e-01
2.339999999999999858e-01,3.717397636026123497e-01,1.725346957290948237e-05,6.135658500637852222e-07,4.341582204357481253e-07,1.698083166197204748e-06,3.717197643258027262e-01
2.349999999999999867e-01,4.083467109981891441e-01,1.911672451120663532e-05,6.293255787904137556e-07,4.464602338617813133e-07,6.081296557767523464e-07,4.083259103582095317e-01
2.359999999999999876e-01,4.473020939637413207e-01,2.089352726637151920e-05,4.970200897905493938e-07,4.830961965025914956e-07,3.537294792405944621e-07,4.472798665907093962e-01
2.369999999999999885e-01,4.886655090816094948e-01,2.266455745111631260e-05,4.475322866389167059e-07,4.797796133194725558e-07,1.921295069925239855e-06,4.886399959171884855e-01
2.379999999999999893e-01,5.324673161349813277e-01,2.487042195119772083e-05,4.607805209106078069e-07,4.829057733856527710e-07,1.066689092551819009e-06,5.324404353376432919e-01
2.389999999999999902e-01,5.787521174579496330e-01,2.705705704588352189e-05,3.782783349872024093e-07,5.196281803131313687e-07,2.013911137860324066e-07,5.787239611032746200e-01
2.399999999999999911e-01,6.275683550943457201e-01,2.911140820852688984e-05,3.148483931908936291e-07,5.250278477774786868e-07,1.973437109616400556e-06,6.275364303727866133e-01
2.409999999999999920e-01,6.789272185841619400e-01,3.164188052925767951e-05,3.136253610455266877e-07,5.195846661322232555e-07,1.613831726335197625e-06,6.788931296618792022e-01
2.419999999999999929e-01,7.328471960193079227e-01,3.427443204777389749e-05,2.688998252280512129e-07,5.478423247335647052e-07,1.499100188234814702e-07,7.328119549350913253e-01
2.429999999999999938e-01,7.893617067152564060e-01,3.664426163951925772e-05,2.123210855026800701e-07,5.601029854900759732e-07,1.877249827897611626e-06,7.893224127797180412e-01
2.439999999999999947e-01,8.484626224361851987e-01,3.946775441438841558e-05,1.931560266156673016e-07,5.502717011772202496e-07,2.202897402886883953e-06,8.484202083566401154e-01
2.449999999999999956e-01,9.101373648708929176e-01,4.255973039795294527e-05,1.695853920986916058e-07,5.680162366872665768e-07,2.566399916801545602e-07,9.100938108988745334e-01
2.459999999999999964e-01,9.743994733383168905e-01,4.528537742609823908e-05,1.364640008466866930e-07,5.872934613368349018e-07,1.654434389760430722e-06,9.743518097690389013e-01
2.469999999999999973e-01,1.041222286185383483e+00,4.836403432913000610e-05,1.108016864149324971e-07,5.778761796280655005e-07,2.775987286148354028e-06,1.041170457485902201e+00
2.479999999999999982e-01,1.110559088585932885e+00,5.189795656675531827e-05,8.675925613407449445e-08,5.768281448011192632e-07,5.717668197353518574e-07,1.110505955275145507e+00
2.489999999999999991e-01,1.182397984234507815e+00,5.502003749900928755e-05,6.798471446691630221e-08,5.909812959842638796e-07,1.352753347450325336e-06,1.182340952477650919e+00
2.500000000000000000e-01,1.256694992622418683e+00,5.831879199315713881e-05,5.326292380879755956e-08,5.926519181816173360e-07,3.258639642592415307e-06,1.256632769275940920e+00
2.510000000000000009e-01,1.333368694336122484e+00,6.224650950723491878e-05,3.782080610897427211e-08,5.922867271036874776e-07,1.105831300019962979e-06,1.333304711887782101e+00
2.520000000000000018e-01,1.412376011139581777e+00,6.579835585712444390e-05,2.765302989083340031e-08,5.973843030732885843e-07,1.033821185254808514e-06,1.412308553925206489e+00
2.530000000000000027e-01,1.493656536348318520e+00,6.929017871983517770e-05,1.958145105897026499e-08,5.895326879701740860e-07,3.583567433437745998e-06,1.493583053488026113e+00
2.540000000000000036e-01,1.577096396681079593e+00,7.353041194330479436e-05,1.105454803484108256e-08,5.840749452084938840e-07,1.856731199738926488e-06,1.577020414408443205e+00
2.550000000000000044e-01,1.662616408519845823e+00,7.752600244917217482e-05,8.571039690392699727e-09,5.984859289097229740e-07,7.831440071096687838e-07,1.662537492316420895e+00
2.560000000000000053e-01,1.750139701229757483e+00,8.120279079016379264e-05,9.589603453477631404e-09,5.968823818756858383e-07,3.637779505119578829e-06,1.750054254187476843e+00
2.570000000000000062e-01,1.839524706232562146e+00,8.565292342497683709e-05,9.641153785980861416e-09,5.720993253584662301e-07,2.686572762330909847e-06,1.839435784995895773e+00
2.580000000000000071e-01,1.930653106429169874e+00,9.006983036239018332e-05,1.188592738494402382e-08,5.727468274405274044e-07,6.914327390295828650e-07,1.930561760533313631e+00
2.590000000000000080e-01,2.023430370056669592e+00,9.393570841946955797e-05,1.958506257383587665e-08,5.851380677156365773e-07,3.465613122492353853e-06,2.023332364011997342e+00
2.600000000000000089e-01,2.117693766780338827e+00,9.848787745670657180e-05,2.985498676897242950e-08,5.629708098001479144e-07,3.532208688038279114e-06,2.117591153868397580e+00
2.610000000000000098e-01,2.213285625454839423e+00,1.032664619668723321e-04,3.828019216539605155e-08,5.475785867562087704e-07,8.559104509240072090e-07,2.213180917223642741e+00
2.620000000000000107e-01,2.310091568551384533e+00,1.073311931204087497e-04,5.113500371849157344e-08,5.627913889673400325e-07,3.164922285941944919e-06,2.309980458509585333e+00
2.630000000000000115e-01,2.407934986905317043e+00,1.118812696864817188e-04,6.775800083105826683e-08,5.444671782240278116e-07,4.335772754709100524e-06,2.407818157637696910e+00
2.640000000000000124e-01,2.506622070678280245e+00,1.169201229321555156e-04,7.807007709188367078e-08,5.082215764677283974e-07,1.305456807648596371e-06,2.506503258806886958e+00
2.650000000000000133e-01,2.606016160425304484e+00,1.211887865845817766e-04,9.984581878416745337e-08,5.229122998689231805e-07,2.797418719610909732e-06,2.605891551461881672e+00
2.660000000000000142e-01,2.705933742720333157e+00,1.256525005155181330e-04,1.351987408686513208e-07,5.332257298657406056e-07,5.018041436292598242e-06,2.705802403753910568e+00
2.670000000000000151e-01,2.806151406547015004e+00,1.308181856751948306e-04,1.451110254991962134e-07,4.917442994054753719e-07,2.037841575007395376e-06,2.806017913664439867e+00
2.680000000000000160e-01,2.906508281577713237e+00,1.352760876567870858e-04,1.520811174302763769e-07,4.730595425031788190e-07,2.397377973465676847e-06,2.906369982971423127e+00
2.690000000000000169e-01,3.006819871685230794e+00,1.395889516359990123e-04,1.976682067809388073e-07,4.834964244184178183e-07,5.394115636806142559e-06,3.006674207453326808e+00
2.700000000000000178e-01,3.106842896286539979e+00,1.447256201778617641e-04,2.289054743788793688e-07,4.614958329938445272e-07,2.948165267845267200e-06,3.106694532099786965e+00
2.710000000000000187e-01,3.206391884712255003e+00,1.493342038861317092e-04,2.338923231313559583e-07,4.406727724459673845e-07,2.133173287981160980e-06,3.206239742769985135e+00
2.720000000000000195e-01,3.305285199762411530e+00,1.534607345701826059e-04,2.740502919575589338e-07,4.415108956715021557e-07,5.519447538492663490e-06,3.305125504019115201e+00
2.730000000000000204e-01,3.403271357166281597e+00,1.584032055112932530e-04,3.099847449715857843e-07,4.138202305774409647e-07,3.973738092455139886e-06,3.403108256417702204e+00
2.740000000000000213e-01,3.500142720972933663e+00,1.630815828218829379e-04,3.150849393141382712e-07,3.879905291270685826e-07,2.094610045429581380e-06,3.499976841704597774e+00
2.750000000000000222e-01,3.595722652290805677e+00,1.670073249966962711e-04,3.676186821637687273e-07,4.012119911985214942e-07,5.415645762573488803e-06,3.595549460489372962e+00
2.760000000000000231e-01,3.689763572526935764e+00,1.716089833276213290e-04,4.235192945736573548e-07,3.886267949134325187e-07,5.002595657102742546e-06,3.689586148801861754e+00
2.770000000000000240e-01,3.782041030090400380e+00,1.762397555720464077e-04,4.104269540780152466e-07,3.458224798465092709e-07,2.312965172909851876e-06,3.781861721120221453e+00
2.780000000000000249e-01,3.872384224992416968e+00,1.799528068886140986e-04,4.376399556556985696e-07,3.394187371039325067e-07,5.067607631237859374e-06,3.872198427519204511e+00
2.790000000000000258e-01,3.960561019732435906e+00,1.840919034688263056e-04,5.185076971503188733e-07,3.404654295106541604e-07,5.827143643647925676e-06,3.960370241712196648e+00
2.800000000000000266e-01,4.046338654968058890e+00,1.885317173221914746e-04,5.269263362623819194e-07,3.093819888177932045e-07,2.788087581600134900e-06,4.046146498854829687e+00
2.810000000000000275e-01,4.129552267477297534e+00,1.920189773653204206e-04,5.296803189225949080e-07,2.914907355383141517e-07,4.655928204689276448e-06,4.129354771400673307e+00
2.820000000000000284e-01,4.209994442340767584e+00,1.956104896965609765e-04,6.051780968671314495e-07,2.901412928835616179e-07,6.427259244681142636e-06,4.209791509272436727e+00
2.830000000000000293e-01,4.287435168084325454e+00,1.996978292216927307e-04,6.358437508861840862e-07,2.675644926659971092e-07,3.489514538206238349e-06,4.287231077332322116e+00
2.840000000000000302e-01,4.361716325244690218e+00,2.029274728203445805e-04,6.292057291336793478e-07,2.463884938423037083e-07,4.286119932783083038e-06,4.361508236057714427e+00
2.849999999999999756e-01,4.432661663575503397e+00,2.059265686919850439e-04,6.900340790379277188e-07,2.416578085197649307e-07,6.745755067188338220e-06,4.432448059559856546e+00
2.859999999999999765e-01,4.500056103426467224e+00,2.095044089487973300e-04,7.364886098385050552e-07,2.250031318207947967e-07,4.311437434958952233e-06,4.499841326088342086e+00
2.869999999999999774e-01,4.563750491835413037e+00,2.124191605984881081e-04,7.301557303068388930e-07,2.038873117694129600e-07,4.046653959908254057e-06,4.563533091977812539e+00
2.879999999999999782e-01,4.623603268477125994e+00,2.148132312083302368e-04,7.728774857929105117e-07,1.959155843463922629e-07,6.785768297288506182e-06,4.623380700684550426e+00
2.889999999999999791e-01,4.679426190467369295e+00,2.177471942523855400e-04,8.263934902398673802e-07,1.832370667425324174e-07,5.133338302990526967e-06,4.679202300304257101e+00
2.899999999999999800e-01,4.731083159672635041e+00,2.202651010310989390e-04,8.271250790260476514e-07,1.642878975927399372e-07,3.994959327192074277e-06,4.730857908199300077e+00
2.909999999999999809e-01,4.778468324865396077e+00,2.220621969324737760e-04,8.533878647397206238e-07,1.540114791460573378e-07,6.603251395895245986e-06,4.778238652017724242e+00
2.919999999999999818e-01,4.821430457600874853e+00,2.242550403657299373e-04,9.045851311708893690e-07,1.436266114501335423e-07,5.839648901835579580e-06,4.821199314699864402e+00
2.929999999999999827e-01,4.859852391203397737e+00,2.262772906079038322e-04,9.148298381705259846e-07,1.278696743075721436e-07,4.138876992669511632e-06,4.859620932336285115e+00
2.939999999999999836e-01,4.893663323067349857e+00,2.274924800180771090e-04,9.301156828477517871e-07,1.167130830803415557e-07,6.287561862781484125e-06,4.893428496196703392e+00
2.949999999999999845e-01,4.922756340602624903e+00,2.288918004425492120e-04,9.716112456459547035e-07,1.074735552658476305e-07,6.343862178797562163e-06,4.922520025855202874e+00
2.959999999999999853e-01,4.947040235438925571e+00,2.303163836479026126e-04,9.890988649761691465e-07,9.501624385448973892e-08,4.436465368834787763e-06,4.946804398474800024e+00
2.969999999999999862e-01,4.966477896146431981e+00,2.309599084995572771e-04,1.000206005196149797e-06,8.441727504635956816e-08,5.936830056290309778e-06,4.966239914784595477e+00
2.979999999999999871e-01,4.981010536390470200e+00,2.315577873171912248e-04,1.028646319417712793e-06,7.586425540580694249e-08,6.605131673198317194e-06,4.980771268960904941e+00
2.989999999999999880e-01,4.990580021791137355e+00,2.322958010426188851e-04,1.047665940546758973e-06,6.625805250222311934e-08,4.808809723067219085e-06,4.990341803256378661e+00
2.999999999999999889e-01,4.995181729920973090e+00,2.323661552854644095e-04,1.059950493125427263e-06,5.728279404361725818e-08,5.632980240734322935e-06,4.994942613552159294e+00
3.009999999999999898e-01,4.994805324409777647e+00,2.321915239801470047e-04,1.076491108258339671e-06,4.954867893195002427e-08,6.633090975165722892e-06,4.994565373755035509e+00
3.019999999999999907e-01,4.989431708930026410e+00,2.321823117107201634e-04,1.090272699669156589e-06,4.219321974234874718e-08,5.161936800636495448e-06,4.989193232215595408e+00
3.029999999999999916e-01,4.979088194741403406e+00,2.316659367767289000e-04,1.105686579367853678e-06,3.536433353373940380e-08,5.422751552175653035e-06,4.978849965002162037e+00
3.039999999999999925e-01,4.963810296786927978e+00,2.307721451612607978e-04,1.114898819592994388e-06,2.890760196972831503e-08,6.479862398312147490e-06,4.963571900972946871e+00
3.049999999999999933e-01,4.943621645977122725e+00,2.299937419715205515e-04,1.118251976067110439e-06,2.337282681479904661e-08,5.411469866759533961e-06,4.943385099140481742e+00
3.059999999999999942e-01,4.918581593848203148e+00,2.288711253475566730e-04,1.134815374123046988e-06,1.872484422518560541e-08,5.309196015341157314e-06,4.918346259986622115e+00
3.069999999999999951e-01,4.888766919123385790e+00,2.273221844350783918e-04,1.142397720528542683e-06,1.400315790909001556e-08,6.221686594895126996e-06,4.888532218851477040e+00
3.079999999999999960e-01,4.854244646263713214e+00,2.257948073618743499e-04,1.133571816008631982e-06,1.015935426580386937e-08,5.503394906616794626e-06,4.854012204330274471e+00
3.089999999999999969e-01,4.815106492042307451e+00,2.240510604010158269e-04,1.146477683737584848e-06,7.460417432896686104e-09,5.255812577443575830e-06,4.814876031231228204e+00
3.099999999999999978e-01,4.771464961687795991e+00,2.219101144715159468e-04,1.156811192413291333e-06,4.699700602241682207e-09,5.935963996199133052e-06,4.771235954098434817e+00
3.109999999999999987e-01,4.723427912347569091e+00,2.196922063418758333e-04,1.137903926565955009e-06,2.654093711672570021e-09,5.425651260637777064e-06,4.723201653931946353e+00
3.119999999999999996e-01,4.671119224780671431e+00,2.173289631474213321e-04,1.141616880678345316e-06,1.653278333722027904e-09,5.201436608876578832e-06,4.670895551110755939e+00
3.130000000000000004e-01,4.614681529608773758e+00,2.146516007215952993e-04,1.156068492568219225e-06,7.742809802787310808e-10,5.679871445271898528e-06,4.614460041293833470e+00
3.140000000000000013e-01,4.554258096168274150e+00,2.118297532455918437e-04,1.131982189240835609e-06,6.887315490171304890e-10,5.207544499733508792e-06,4.554039926199608068e+00
3.150000000000000022e-01,4.490003426805569298e+00,2.088749646603713919e-04,1.122490590447055318e-06,1.286826259022052153e-09,5.081183308623513404e-06,4.489788346880184022e+00
3.160000000000000031e-01,4.422085144420500491e+00,2.057084991563767440e-04,1.139068491854292205e-06,1.995030322207605742e-09,5.476592807594330049e-06,4.421872818265014438e+00
3.170000000000000040e-01,4.350674476841677851e+00,2.023840369075832779e-04,1.115545246655941223e-06,3.892749036472758030e-09,4.908088330025845816e-06,4.350466065278444816e+00
3.180000000000000049e-01,4.275953034013559417e+00,1.988968759790646769e-04,1.091848745157890303e-06,6.166238198741498716e-09,4.847443618478461803e-06,4.275748191678978571e+00
3.190000000000000058e-01,4.198108871425074717e+00,1.952849375166901442e-04,1.106138727618897400e-06,8.127743607746071022e-09,5.312476057959132919e-06,4.197907159745028594e+00
3.200000000000000067e-01,4.117332766794325138e+00,1.915604991153306515e-04,1.087711069999274206e-06,1.179076429351467617e-08,4.596793195532765684e-06,4.117135510000180076e+00
3.210000000000000075e-01,4.033827708968118486e+00,1.876299172890324670e-04,1.052142183559676042e-06,1.589066534041740528e-08,4.484664778081318921e-06,4.033634526353202077e+00
3.220000000000000084e-01,3.947797926966962745e+00,1.836202340060628523e-04,1.059085505888565927e-06,1.889255433172017722e-08,5.145180337101108229e-06,3.947608083574559501e+00
3.230000000000000093e-01,3.859445451926122317e+00,1.795894368164857244e-04,1.047684390441470672e-06,2.388422285244744518e-08,4.332913586016411684e-06,3.859260458007106376e+00
3.240000000000000102e-01,3.768986941524619105e+00,1.753266637741127229e-04,1.005003815122465805e-06,2.988562385402111730e-08,4.014446833427801618e-06,3.768806565524572605e+00
3.249999999999999556e-01,3.676638345388090201e+00,1.709791426530718949e-04,1.000691486484901203e-06,3.391295032754185501e-08,4.920204686843328214e-06,3.676461411436313664e+00
3.259999999999999565e-01,3.582605591499609332e+00,1.667213184006249762e-04,9.953583603775932793e-07,3.969132653387343755e-08,4.149066186082057756e-06,3.582433686065335632e+00
3.269999999999999574e-01,3.487109996889493857e+00,1.622480975844125108e-04,9.512361624124479639e-07,4.746104294096656922e-08,3.489551774781445690e-06,3.486943260542929135e+00
3.279999999999999583e-01,3.390374086224920980e+00,1.576403175983414132e-04,9.341263597340646808e-07,5.267386729370519997e-08,4.589985144499450009e-06,3.390210869121951021e+00
3.289999999999999591e-01,3.292601708014644579e+00,1.532207643802104675e-04,9.316575959566890156e-07,5.875303789264246726e-08,4.043152658545110274e-06,3.292443453686971999e+00
3.299999999999999600e-01,3.194009508189039170e+00,1.486561435696379975e-04,8.910520377522736831e-07,6.789769376563976629e-08,2.979075694809189754e-06,3.193856914020043014e+00
3.309999999999999609e-01,3.094820445981542267e+00,1.438842687404694599e-04,8.622813019174118797e-07,7.452328723717067496e-08,4.130340542417615168e-06,3.094671494567670322e+00
3.319999999999999618e-01,2.995231712810241032e+00,1.393589654023960622e-04,8.584993709919891455e-07,8.059573093433495477e-08,3.980816266801339326e-06,2.995087433933469878e+00
3.329999999999999627e-01,2.895446688814758307e+00,1.348076657015414973e-04,8.246597603856770273e-07,9.048683149956784688e-08,2.549624585016612267e-06,2.895308416377879723e+00
3.339999999999999636e-01,2.795681668838100542e+00,1.299821154516767594e-04,7.875664921525918051e-07,9.870432481170095872e-08,3.549588381336476175e-06,2.795547250863450461e+00
3.349999999999999645e-01,2.696123689531868539e+00,1.254046832374153687e-04,7.782472162424518355e-07,1.047320066175286651e-07,3.906503622026410915e-06,2.695993495365786252e+00
3.359999999999999654e-01,2.596955911880840961e+00,1.209494583978440533e-04,7.522493093200295988e-07,1.145628495842934382e-07,2.247262138669500500e-06,2.596831848348145400e+00
3.369999999999999662e-01,2.498380318144179935e+00,1.161861685246557666e-04,7.123721529133456116e-07,1.243777481875146876e-07,2.888413919817911468e-06,2.498260406811834144e+00
3.379999999999999671e-01,2.400570874947176137e+00,1.116144762446710109e-04,6.943305810792250438e-07,1.307025549578791455e-07,3.760935083174568578e-06,2.400454674502712216e+00
3.389999999999999680e-01,2.303685780128658322e+00,1.073137166880308016e-04,6.731746975995116862e-07,1.395183324466280379e-07,2.087232532842770634e-06,2.303575566486407489e+00
3.399999999999999689e-01,2.207905218886697885e+00,1.027229768242006794e-04,6.366622566871506767e-07,1.503589920822669904e-07,2.214870822843584250e-06,2.207799494017802289e+00
3.409999999999999698e-01,2.113387280800471668e+00,9.822308567562837358e-05,6.119430232961809716e-07,1.579512697612198333e-07,3.505440914024826015e-06,2.113284782379588833e+00
3.419999999999999707e-01,2.020262801153725807e+00,9.411357297673486361e-05,5.909070264993708154e-07,1.656015348320793282e-07,2.054668878427926519e-06,2.020165876403309468e+00
3.429999999999999716e-01,1.928683691503704223e+00,8.978906299086201483e-05,5.588130763878657571e-07,1.758538804600460623e-07,1.604489347665678379e-06,1.928591563284408839e+00
3.439999999999999725e-01,1.838789190347193347e+00,8.543497718240536864e-05,5.312936505679662368e-07,1.846930501527145290e-07,3.126799710724312565e-06,1.838699912583599438e+00
3.449999999999999734e-01,1.750682461558021652e+00,8.153821525027680843e-05,5.091504720559710319e-07,1.922115444607286306e-07,2.104090484654402089e-06,1.750598117890270311e+00
3.459999999999999742e-01,1.664482450215451603e+00,7.754892151294575438e-05,4.810911641754846488e-07,2.012587551820417009e-07,1.115964900175462593e-06,1.664403102979119087e+00
3.469999999999999751e-01,1.580306390914238079e+00,7.341837549646460436e-05,4.532321587325817849e-07,2.103349504382399587e-07,2.635209115879419162e-06,1.580229673762516551e+00
3.479999999999999760e-01,1.498231017185945202e+00,6.974817653667428688e-05,4.294712908143480249e-07,2.181008423155126636e-07,2.172407283702057752e-06,1.498158449029991734e+00
3.489999999999999769e-01,1.418339947989337713e+00,6.613443100612434607e-05,4.047396364166043271e-07,2.260582692047692039e-07,7.858448499458172267e-07,1.418272396915575939e+00
3.499999999999999778e-01,1.340725351207400440e+00,6.230175524443777482e-05,3.790579782573470636e-07,2.345343988453749220e-07,2.069832744700969157e-06,1.340660366027034200e+00
3.509999999999999787e-01,1.265439649559443103e+00,5.887114830789724626e-05,3.542928803498985601e-07,2.424320862610354680e-07,2.198051272505115843e-06,1.265377983634896175e+00
3.519999999999999796e-01,1.192531300802027294e+00,5.564550311876989867e-05,3.312026733188163816e-07,2.497593848751272003e-07,6.217973813125440914e-07,1.192474452539469043e+00
3.529999999999999805e-01,1.122064903803416058e+00,5.217330750219200053e-05,3.087397615880845234e-07,2.572932764211750844e-07,1.490475883555129549e-06,1.122010673986992391e+00
3.539999999999999813e-01,1.054070951324604044e+00,4.899881174173969709e-05,2.849019752282672078e-07,2.646434820196028281e-07,2.137050357775147021e-06,1.054019265917047310e+00
3.549999999999999822e-01,9.885652337901532638e-01,4.615104722079519848e-05,2.629954680815022882e-07,2.712320233208266531e-07,6.019897887199825889e-07,9.885179465256523912e-01
3.559999999999999831e-01,9.255833671139147567e-01,4.308287707533466060e-05,2.435780774652485963e-07,2.780029878528964903e-07,9.612482300748718294e-07,9.255388014075440761e-01
3.569999999999999840e-01,8.651361289545287381e-01,4.018539143268980509e-05,2.217618327150948306e-07,2.848105282476708226e-07,1.971198314002329653e-06,8.650934657924210791e-01
3.579999999999999849e-01,8.072109433340212137e-01,3.769023531755823843e-05,2.011078193248369584e-07,2.903469075513893378e-07,6.811491150037558505e-07,8.071720804948617767e-01
3.589999999999999858e-01,7.518145472392258055e-01,3.504595160932596674e-05,1.846754506055615313e-07,2.959727397181224792e-07,5.332898392234968738e-07,7.517784873495869657e-01
3.599999999999999867e-01,6.989398826172933399e-01,3.244821791410842107e-05,1.658865599888834077e-07,3.022978425336482871e-07,1.707791787159019999e-06,6.989052584231895127e-01
3.609999999999999876e-01,6.485513989283311354e-01,3.027365964944240615e-05,1.467022770101704946e-07,3.069284347436484401e-07,8.033345336442568728e-07,6.485198683034363309e-01
3.619999999999999885e-01,6.006287795013134367e-01,2.804874737724831859e-05,1.327940130976741339e-07,3.110317158449707667e-07,2.370597549218420907e-07,6.006000498684522793e-01
3.629999999999999893e-01,5.551487441799313194e-01,2.577069935429064369e-05,1.177548532989049113e-07,3.166414523226110083e-07,1.376953888049367966e-06,5.551211621303833166e-01
3.639999999999999902e-01,5.120585027211206341e-01,2.388491186526567946e-05,1.007214350791255915e-07,3.206463719888928810e-07,9.155518327518365464e-07,5.120332808896155274e-01
3.649999999999999911e-01,4.713141531109353299e-01,2.205350072441523285e-05,8.880962219514673398e-08,3.230899322471081326e-07,7.776244296928753563e-08,4.712916099482135079e-01
3.659999999999999920e-01,4.328777693701316154e-01,2.010712303610258614e-05,7.764712324042761860e-08,3.275725224542010934e-07,1.021977638805701662e-06,4.328562350498110223e-01
3.669999999999999929e-01,3.966847602631310976e-01,1.848285715280187857e-05,6.366027567719624433e-08,3.311735653884702026e-07,9.785823589778597229e-07,3.966649039897782725e-01
3.679999999999999938e-01,3.626724025031644039e-01,1.700355778226196409e-05,5.352014656885906784e-08,3.320974281919906616e-07,3.729615723769623755e-08,3.626549760316501447e-01
3.689999999999999947e-01,3.307899396073654685e-01,1.538877774140092651e-05,4.582931614603355017e-08,3.349979539392461499e-07,6.877220246749921416e-07,3.307734822803293229e-01
3.699999999999999956e-01,3.009656914111744630e-01,1.400476938450439970e-05,3.562783481235320800e-08,3.382173533352768697e-07,9.729990863150091284e-07,3.009503397975155092e-01
3.709999999999999964e-01,2.731236352753094732e-01,1.282784846196730798e-05,2.747505841680079754e-08,3.379633649119025590e-07,8.132833149208522838e-08,2.731103606600926992e-01
3.719999999999999973e-01,2.472024512045765954e-01,1.153063712309756916e-05,2.259328908890873591e-08,3.389344761471605022e-07,4.102759142749130064e-07,2.471901487637739869e-01
3.729999999999999982e-01,2.231271656995751640e-01,1.037050157493806448e-05,1.647422215243741968e-08,3.415797752924430449e-07,8.996602152361386339e-07,2.231155374837875405e-01
3.739999999999999991e-01,2.008141228584126026e-01,9.444852301674962084e-06,1.086795941579917822e-08,3.406183039932059793e-07,1.692043507916610635e-07,2.008041573154967230e-01
3.750000000000000000e-01,1.801942283359732333e-01,8.437962159044661497e-06,8.214380448937386889e-09,3.395709093835251675e-07,2.105278314984202721e-07,1.801852320606928681e-01
3.760000000000000009e-01,1.611921173432030174e-01,7.487498218994927427e-06,5.940140233605893821e-09,3.412489136428542683e-07,7.754409752428285737e-07,1.611835072149548909e-01
3.770000000000000018e-01,1.437217451619976494e-01,6.766014508325863530e-06,3.508790323223189511e-09,3.399624534231443475e-07,2.634356181322871916e-07,1.437143722406274415e-01
3.780000000000000027e-01,1.277094581860860611e-01,6.012008266442237929e-06,2.835383502418709678e-09,3.370831605445124034e-07,9.204973633858644103e-08,1.277030142095392229e-01
3.790000000000000036e-01,1.130816723628385312e-01,5.256179393701438852e-06,3.769036893769712734e-09,3.373508544698414607e-07,6.256682300031145949e-07,1.130754493953234630e-01
3.800000000000000044e-01,9.975435392173349902e-02,4.698921317764293239e-06,4.902604574268405295e-09,3.359941429318312385e-07,3.365626743773920385e-07,9.974897754099384950e-02
3.810000000000000053e-01,8.765269184989374351e-02,4.154711549182177807e-06,6.345227145782090602e-09,3.317560743597931262e-07,4.370908618896330845e-08,8.764815532795686148e-02
3.820000000000000062e-01,7.670653859694741283e-02,3.575374777964683690e-06,9.717268047315657140e-09,3.301152922430192736e-07,4.768520509829310821e-07,7.670214653755817735e-02
3.830000000000000071e-01,6.683719710729492391e-02,3.150389841524771891e-06,1.436112739330792150e-08,3.284740407944325916e-07,3.751634184877032970e-07,6.683332871886672744e-02
3.840000000000000080e-01,5.797197086501656993e-02,2.772093235040995784e-06,1.832157709919554641e-08,3.235720628357210808e-07,4.492878338655665269e-08,5.796881194935820519e-02
3.850000000000000089e-01,5.004547544924944913e-02,2.347153985304645988e-06,2.355648749996780698e-08,3.201054185572111756e-07,3.486275113955455297e-07,5.004243600584669383e-02
3.860000000000000098e-01,4.298656832567352565e-02,2.029551560386307646e-06,3.117918770388486971e-08,3.178184694496333860e-07,3.776324001187531173e-07,4.298381214405586764e-02
3.870000000000000107e-01,3.672749362333475875e-02,1.776623411098455479e-06,3.800499029840979199e-08,3.126316797218112658e-07,7.271287661938108764e-08,3.672529365037702220e-02
3.880000000000000115e-01,3.120873569505067807e-02,1.480636136905698305e-06,4.489678551513210900e-08,3.075673886688108046e-07,2.524610509620614734e-07,3.120665013368862512e-02
3.890000000000000124e-01,2.636793494897942194e-02,1.250694422984611676e-06,5.470060797074418548e-08,3.042644858483099716e-07,3.521862054405990408e-07,2.636597310325717800e-02
3.900000000000000133e-01,2.214441556322670202e-02,1.088753044534660943e-06,6.442732662671159429e-08,2.990510615563193864e-07,1.068129248622949000e-07,2.214285651886912371e-02
3.910000000000000142e-01,1.848543604324659820e-02,8.947420655886313622e-07,7.312229905605192611e-08,2.928980713954263989e-07,1.897616907072284281e-07,1.848398551911984919e-02
3.920000000000000151e-01,1.533786546101475155e-02,7.358499653054456860e-07,8.432760687601374206e-08,2.882892877529832300e-07,3.111804141139809662e-07,1.533644581374070393e-02
3.930000000000000160e-01,1.264943743464688047e-02,6.377659546251160458e-07,9.653951517485799140e-08,2.829657834239303033e-07,1.336284647664356443e-07,1.264828653492888928e-02
3.940000000000000169e-01,1.037484243397662417e-02,5.195288974863175774e-07,1.073896378167903018e-07,2.763377661525287110e-07,1.546869881873032014e-07,1.037378449068698111e-02
3.950000000000000178e-01,8.470069150805935657e-03,4.167020970672931173e-07,1.195557902014926421e-07,2.704887294280188547e-07,2.666958404777673159e-07,8.468995708348761586e-03
3.960000000000000187e-01,6.891785664727083371e-03,3.623237676287101365e-07,1.333292817357894923e-07,2.647410910573852255e-07,1.471136009856718403e-07,6.890878156985675781e-03
3.970000000000000195e-01,5.602449913652797313e-03,2.965936269143727105e-07,1.464030987821696810e-07,2.579893710728311658e-07,1.375270782193657603e-07,5.601611400477808297e-03
3.980000000000000204e-01,4.566704361328681808e-03,2.357854992616496159e-07,1.596410212409927485e-07,2.512392602619973830e-07,2.271728040407387866e-07,4.565830522743876720e-03
3.990000000000000213e-01,3.749986708453764261e-03,2.107041291467024239e-07,1.741181123455530271e-07,2.448656352532739585e-07,1.475416791090440691e-07,3.749209478897909485e-03
4.000000000000000222e-01,3.122476271711679529e-03,1.786432356048431980e-07,1.889965604031143354e-07,2.381414317461710067e-07,1.285089373363311996e-07,3.121741981546589158e-03
4.010000000000000231e-01,2.656785539516142748e-03,1.468441536327116023e-07,2.035788933113667786e-07,2.309201101146430849e-07,1.963900059155387935e-07,2.656007806353168424e-03
4.020000000000000240e-01,2.326447848370840742e-03,1.407822897967975001e-07,2.181688405573050910e-07,2.238369135046186309e-07,1.389901909511334058e-07,2.325726070136030846e-03
4.030000000000000249e-01,2.108926313287409152e-03,1.285259426638117239e-07,2.340319308567450254e-07,2.170924494367007633e-07,1.202449857443765254e-07,2.108226417978707572e-03
4.040000000000000258e-01,1.983981872925506297e-03,1.143654912022382347e-07,2.501878718512535522e-07,2.098312263409623072e-07,1.739044877175666212e-07,1.983233583848394155e-03
4.050000000000000266e-01,1.932257816221028207e-03,1.197397080458301851e-07,2.647572850413370553e-07,2.021709662198445427e-07,1.266653427841569499e-07,1.931544482918937143e-03
4.060000000000000275e-01,1.937721431283856172e-03,1.180548906910716612e-07,2.805607302363537642e-07,1.952461502647506975e-07,1.089613336976796997e-07,1.937018608178966376e-03
4.070000000000000284e-01,1.986361590521959746e-03,1.124901680039024370e-07,2.981612017004475762e-07,1.882257372815129151e-07,1.566580744541808425e-07,1.985606055340519496e-03
4.080000000000000293e-01,2.064809343034539925e-03,1.234291384231353458e-07,3.130135262946371821e-07,1.803038250405280366e-07,1.147078586620859352e-07,2.064077888686119584e-03
4.090000000000000302e-01,2.162514720630902103e-03,1.267619373652227036e-07,3.278379876917343861e-07,1.730796642743087455e-07,9.426738840132722557e-08,2.161792773653169360e-03
4.100000000000000311e-01,2.270696865396749052e-03,1.235192070227362360e-07,3.462444562903758378e-07,1.663874317348380812e-07,1.409697694235548087e-07,2.269919744532277427e-03
4.110000000000000320e-01,2.380844364216117351e-03,1.354086690316901582e-07,3.618722024300444946e-07,1.585836759565504409e-07,1.051317968957663716e-07,2.380083367871803184e-03
4.120000000000000329e-01,2.486754438254914872e-03,1.406917030790591252e-07,3.752315157524556791e-07,1.510746771345074696e-07,7.796206572216765592e-08,2.486009478293226601e-03
4.130000000000000338e-01,2.583828445064331996e-03,1.362655188380216376e-07,3.933752676753510977e-07,1.446480498146261069e-07,1.240856712092435163e-07,2.583030070556794830e-03
4.140000000000000346e-01,2.667350818927044422e-03,1.456919346108616367e-07,4.101113260107091998e-07,1.372885027861472126e-07,9.781910616782070357e-08,2.666559908057468831e-03
4.150000000000000355e-01,2.734342473037874779e-03,1.512586217898095384e-07,4.220958888785690565e-07,1.296694058932517050e-07,6.254613634409522346e-08,2.733576902984969064e-03
4.160000000000000364e-01,2.783331334032578507e-03,1.444625413644420307e-07,4.387701170878866084e-07,1.233935829016313332e-07,1.049917098734275738e-07,2.782519716081351124e-03
4.170000000000000373e-01,2.812438670936159499e-03,1.493260858713755497e-07,4.564853106779946721e-07,1.166673665816678606e-07,9.129560423922337795e-08,2.811624896568789243e-03
4.180000000000000382e-01,2.820897925711734859e-03,1.541537431064994238e-07,4.676496280805928648e-07,1.092195035491126579e-07,4.995653634854824065e-08,2.820116946300649935e-03
4.190000000000000391e-01,2.809358240287117975e-03,1.453713128710088290e-07,4.818853147041845243e-07,1.030251540657515551e-07,8.436409358154960109e-08,2.808543594411895290e-03
4.199999999999999845e-01,2.777930240704361026e-03,1.449441772093868466e-07,4.998921514315316079e-07,9.697313731045125826e-08,8.379388204399827731e-08,2.777104637356365459e-03
4.209999999999999853e-01,2.727221493579935329e-03,1.482860300844614517e-07,5.109537700364632563e-07,8.999882780035358873e-08,4.091164984925868509e-08,2.726431343302164988e-03
4.219999999999999862e-01,2.659109498980788758e-03,1.386461879664653336e-07,5.223115011480143110e-07,8.392298700902335824e-08,6.392953156135002588e-08,2.658300688773103816e-03
4.229999999999999871e-01,2.574958727416215391e-03,1.334377916450843211e-07,5.394978725878120565e-07,7.848223027015471458e-08,7.414652611583041544e-08,2.574133162995596337e-03
4.239999999999999880e-01,2.476104657059392377e-03,1.347662567289651896e-07,5.509663626565501148e-07,7.221538011225653914e-08,3.490544001162128064e-08,2.475311803619882883e-03
4.249999999999999889e-01,2.364924873811005777e-03,1.254551463082164506e-07,5.596313345654940824e-07,6.640070813954088241e-08,4.559901798996040567e-08,2.364127787604002572e-03
4.259999999999999898e-01,2.243417095221986700e-03,1.168622520848096160e-07,5.747889291064014796e-07,6.148407543386539374e-08,6.222550099060191193e-08,2.242601734464371149e-03
4.269999999999999907e-01,2.113178162454678894e-03,1.159681142475086783e-07,5.866878033476613304e-07,5.604864140027791547e-08,3.067547796974838561e-08,2.112388782417713717e-03
4.279999999999999916e-01,1.976551775961652574e-03,1.078100888157780259e-07,5.933132835170559181e-07,5.069464330220631447e-08,3.074925002474052201e-08,1.975769208695992828e-03
4.289999999999999925e-01,1.835671526288458867e-03,9.763223810625884074e-08,6.055090922101631832e-07,4.625300346185348421e-08,4.889970566817612675e-08,1.834873232249012442e-03
4.299999999999999933e-01,1.692078599638788998e-03,9.472123904704394358e-08,6.173186399418360092e-07,4.166742215568952019e-08,2.685864930434859920e-08,1.691298033688340028e-03
4.309999999999999942e-01,1.547744963966642172e-03,8.805515969738244615e-08,6.227026215590707188e-07,3.696659735612978481e-08,1.984476258175954628e-08,1.546977394825447888e-03
4.319999999999999951e-01,1.404575742548067442e-03,7.800840563273844847e-08,6.315248341179586474e-07,3.301870581699356699e-08,3.559959621500648052e-08,1.403797591006284741e-03
4.329999999999999960e-01,1.263855223270902994e-03,7.368887673377122778e-08,6.423487747203216666e-07,2.923805604873575931e-08,2.254524816996116511e-08,1.263087402315230152e-03
4.339999999999999969e-01,1.127018225311605124e-03,6.847024495734751600e-08,6.471080772848005230e-07,2.532620326570808112e-08,1.249955754897393854e-08,1.126264821228548357e-03
4.349999999999999978e-01,9.955142960490043994e-04,5.982770203969093398e-08,6.527186960670021777e-07,2.194751793690617767e-08,2.376882803174690146e-08,9.947560333049289792e-04
4.359999999999999987e-01,8.702573293799583526e-04,5.496588845611606657e-08,6.615684963237502971e-07,1.891233272623053520e-08,1.752722949429601470e-08,8.695043554329579157e-04
4.369999999999999996e-01,7.521115994024508197e-04,5.097328484034822984e-08,6.658949650981642366e-07,1.584827184040509417e-08,7.809812309640770031e-09,7.513710730683622599e-04
4.380000000000000004e-01,6.419738990763531900e-04,4.440519658455318893e-08,6.688902047015083475e-07,1.313612652023573946e-08,1.441808258125627624e-08,6.412330494659656708e-04
4.390000000000000013e-01,5.403428996565025864e-04,3.989528889634968042e-08,6.750265506863187776e-07,1.081154845260866986e-08,1.224989449392210512e-08,5.396049163739733995e-04
4.400000000000000022e-01,4.475651233447047587e-04,3.692127416511213723e-08,6.786446643225715060e-07,8.590600842979441813e-09,4.806349626418787153e-09,4.468361604557476901e-04
4.410000000000000031e-01,3.639963891737575674e-04,3.253672045052035270e-08,6.797452564083647270e-07,6.622247056134190941e-09,7.905303019866917185e-09,3.632695796468226679e-04
4.420000000000000040e-01,2.897318876752479175e-04,2.907155965202820710e-08,6.828723469603768740e-07,5.005423652918269414e-09,7.501259577534455004e-09,2.890074370854050665e-04
4.430000000000000049e-01,2.246984960470308802e-04,2.701864620086721780e-08,6.852076485455788156e-07,3.590844273501847798e-09,2.821701804580679361e-09,2.239798572062063448e-04
4.440000000000000058e-01,1.687998509922462561e-04,2.454534111545581379e-08,6.849923623345848300e-07,2.402088096097926978e-09,4.013900147168561602e-09,1.680838973005529483e-04
4.450000000000000067e-01,1.217860228443584604e-04,2.246982033317924933e-08,6.852736664230363170e-07,1.509001880930747720e-09,4.042214609934005364e-09,1.210727281411113796e-04
4.460000000000000075e-01,8.327800698904397141e-05,2.133585829721692049e-08,6.856881237118007109e-07,8.594549064830870654e-10,1.641835335894146043e-09,8.256848171679258058e-05
4.470000000000000084e-01,5.285668603096809376e-05,2.034405406440787318e-08,6.844216911671170362e-07,4.416805190813715817e-10,2.210983961057554560e-09,5.214926762125643238e-05
4.480000000000000093e-01,3.001986366301746787e-05,1.963380090682120269e-08,6.823548958735755593e-07,2.843202506539528969e-10,2.318818133174820733e-09,2.931527182785324245e-05
4.490000000000000102e-01,1.419478240660958499e-05,1.942309391718685083e-08,6.803819724498464019e-07,3.698232793788093858e-10,1.434813139350869455e-09,1.349317270382382130e-05
4.500000000000000111e-01,4.776288823959363196e-06,1.950615145530230605e-08,6.779838065505640330e-07,6.844816493265618713e-10,1.963582783890715080e-09,4.076150801520279587e-06
4.510000000000000120e-01,1.121140354034490764e-06,1.986295942590581204e-08,6.741970007170518887e-07,1.251317746970610532e-09,2.361415132543128245e-09,4.234676610120192966e-07
4.520000000000000129e-01,2.565683645744412070e-06,2.048743482090311188e-08,6.697058344522537687e-07,2.051752103368132134e-09,2.523872137904000751e-09,1.870914752229982887e-06
4.530000000000000138e-01,8.438481080729360326e-06,2.135020484488468785e-08,6.658449882848840474e-07,3.050284319600744887e-09,2.967156499965920613e-09,7.745268446780024466e-06
4.540000000000000147e-01,1.806600327593044667e-05,2.236353225634108541e-08,6.608588971325411468e-07,4.299798709353742628e-09,3.876761194435655830e-09,1.737460428663777445e-05
4.550000000000000155e-01,3.078462569143177347e-05,2.358994776426393279e-08,6.540768921803240432e-07,5.792668164548032659e-09,5.132819772388639190e-09,3.009603336355024905e-05
4.560000000000000164e-01,4.594702990746991867e-05,2.504140391098484975e-08,6.483815051058598945e-07,7.430823326471290453e-09,5.210516244943683100e-09,4.526096565888165768e-05
4.570000000000000173e-01,6.294176143806939515e-05,2.634886561473667267e-08,6.424909415173534869e-07,9.297278763702672832e-09,6.461323838292324421e-09,6.225716302833530830e-05
4.580000000000000182e-01,8.118211283709255756e-05,2.782100032898336629e-08,6.338929198223799684e-07,1.144357676898069447e-08,9.217153127399394867e-09,8.049973818704481902e-05
4.590000000000000191e-01,1.001044414457606858e-04,2.970762528296965654e-08,6.260959403062399091e-07,1.368646945386610903e-08,8.875912169638391542e-09,9.942607549854797172e-05
4.600000000000000200e-01,1.192206585390085760e-04,3.109799209189027899e-08,6.193365957046611305e-07,1.609456914292445288e-08,9.827243688772451738e-09,1.185443021383803230e-04
4.610000000000000209e-01,1.380801293443139656e-04,3.242413198811462105e-08,6.095201302452238894e-07,1.882954157657702106e-08,1.444805821530870117e-08,1.374049074822887378e-04
4.620000000000000218e-01,1.562371004281059509e-04,3.455479449633918620e-08,5.996003433028276418e-07,2.164404215647664336e-08,1.414024472311627671e-08,1.555671610034271802e-04
4.630000000000000226e-01,1.733524408109019031e-04,3.598564564443717644e-08,5.917994663251755916e-07,2.452305346898934573e-08,1.393095881342548470e-08,1.726862016866498773e-04
4.640000000000000235e-01,1.891480245016798588e-04,3.685487379322623544e-08,5.812940295087988111e-07,2.775932207255205853e-08,2.034044513623279394e-08,1.884817758311690570e-04
4.650000000000000244e-01,2.033127172271117209e-04,3.896501593556190598e-08,5.694997350915846987e-07,3.110434466016338618e-08,2.099250405648350749e-08,2.026521556273679233e-04
4.660000000000000253e-01,2.156501996096878387e-04,4.050418327030433888e-08,5.604225960153098875e-07,3.439506295891491986e-08,1.896268833670132619e-08,2.149959150791066163e-04
4.670000000000000262e-01,2.260643921157203418e-04,4.078066076653074785e-08,5.495951413382790726e-07,3.802953553555101792e-08,2.644424827884894524e-08,2.254095425298011232e-04
4.680000000000000271e-01,2.343841750133578887e-04,4.255487600103650337e-08,5.363851967583889820e-07,4.184593512869931635e-08,2.913856132590776118e-08,2.337342504441438664e-04
4.689999999999999725e-01,2.405284984647544969e-04,4.428274864020016662e-08,5.258479669959651032e-07,4.550319035005073348e-08,2.521413280949706176e-08,2.398876504259587952e-04
4.699999999999999734e-01,2.445652831931292934e-04,4.404115352364237508e-08,5.148519420971153828e-07,4.943112392408872285e-08,3.252210141403088327e-08,2.439244368721704291e-04
4.709999999999999742e-01,2.464601340699926245e-04,4.518737962482325489e-08,5.007994052714425043e-07,5.363574620948928345e-08,3.804401473277180014e-08,2.458224675241540806e-04
4.719999999999999751e-01,2.462111547455612861e-04,4.710823552197597997e-08,4.887811867460569064e-07,5.762110127248501926e-08,3.288743641415064699e-08,2.455847567856065923e-04
4.729999999999999760e-01,2.440090188976129135e-04,4.659325093057662675e-08,4.775831606741846450e-07,6.174819439210103448e-08,3.861913640299519491e-08,2.433844751552130536e-04
4.739999999999999769e-01,2.399436793631097163e-04,4.693238723047069075e-08,4.632467795828886191e-07,6.623563616424833227e-08,4.708301800258641304e-08,2.393201815421295339e-04
4.749999999999999778e-01,2.340589150231540494e-04,4.893553312455959853e-08,4.499333939309304812e-07,7.050812515871868994e-08,4.194272128626600854e-08,2.334475952496535664e-04
4.759999999999999787e-01,2.266129299149847824e-04,4.846524674948977443e-08,4.383915123040590223e-07,7.476005353772197498e-08,4.501373763326196906e-08,2.260062993647602532e-04
4.769999999999999796e-01,2.177971234055876306e-04,4.799499720595212011e-08,4.242060815312611652e-07,7.941056531667145226e-08,5.572904624117758734e-08,2.171897827152925742e-04
4.779999999999999805e-01,2.076767424421949171e-04,4.987811581956649967e-08,4.099751183278786135e-07,8.391474502354102632e-08,5.203908499901168223e-08,2.070809353780249298e-04
4.789999999999999813e-01,1.965203289706835075e-04,4.972896846177732031e-08,3.979584797169785420e-07,8.823837131723234927e-08,5.206266542980403574e-08,1.959323404857577053e-04
4.799999999999999822e-01,1.845872884350230987e-04,4.863107208298592579e-08,3.841795122233056977e-07,9.293093151698699741e-08,6.370642487193444965e-08,1.839978404943278976e-04
4.809999999999999831e-01,1.719505227466581944e-04,5.017129489008286821e-08,3.695070601237920725e-07,9.759133448735222242e-08,6.260435738826802531e-08,1.713706486997686868e-04
4.819999999999999840e-01,1.588413484110200657e-04,5.049007689895583718e-08,3.569764732488568257e-07,1.019517207018123401e-07,6.001995214488666847e-08,1.582719101880255652e-04
4.829999999999999849e-01,1.455462768078628780e-04,4.907701031545856136e-08,3.437011581794002605e-07,1.065764174671324151e-07,7.103702497117381523e-08,1.449758851969297133e-04
4.839999999999999858e-01,1.321392167124732736e-04,5.011444847995723540e-08,3.290835122232619638e-07,1.112927464620740299e-07,7.298367926331968715e-08,1.315757423260446683e-04
4.849999999999999867e-01,1.187843196693140295e-04,5.088481669423939659e-08,3.161348406641938382e-07,1.156639964043945275e-07,6.889817950992664571e-08,1.182327378360412769e-04
4.859999999999999876e-01,1.057530305215977567e-04,4.950520519643551147e-08,3.033368901275559717e-07,1.201365512253525844e-07,7.798622718377143168e-08,1.052020656478646401e-04
4.869999999999999885e-01,9.311577165227464929e-05,5.000287949682055673e-08,2.891990758351683998e-07,1.247863035377575315e-07,8.262037174246435141e-08,9.256916302166244082e-05
4.879999999999999893e-01,8.095977007945702496e-05,5.107236403656826444e-08,2.760656221197202825e-07,1.291371341699351743e-07,7.840719324857864709e-08,8.042508776588222518e-05
4.889999999999999902e-01,6.950578799618110286e-05,5.001175925494731921e-08,2.636692967183236623e-07,1.334138554937368114e-07,8.490997610898271622e-08,6.897378310860510797e-05
4.899999999999999911e-01,5.881433819682821141e-05,5.007183326027581056e-08,2.503219853763385202e-07,1.378660721197499661e-07,9.121929897396154921e-08,5.828485900709788820e-05
4.909999999999999920e-01,4.890305943808607449e-05,5.122039752255667007e-08,2.373586050519120532e-07,1.421307355069614568e-07,8.803804745562932803e-08,4.838431165254901260e-05
4.919999999999999929e-01,3.991996578753329565e-05,5.062387913024514116e-08,2.253032889743448067e-07,1.462033409743826748e-07,9.206258330680984356e-08,3.940577269514751024e-05
4.929999999999999938e-01,3.190615107181941760e-05,5.045535541280253403e-08,2.128784477950944113e-07,1.503605040609509883e-07,9.876856866722972698e-08,3.139368819588333960e-05
4.939999999999999947e-01,2.482716368867647234e-05,5.148446770589650555e-08,2.004854760493794974e-07,1.544383370776997628e-07,9.722477932736381249e-08,2.432353062851613345e-05
4.949999999999999956e-01,1.875351384216128621e-05,5.132636436570855555e-08,1.888347005686135684e-07,1.582925400098044583e-07,9.949537440919629506e-08,1.825556486280796353e-05
4.959999999999999964e-01,1.369631007940162436e-05,5.116995772553987873e-08,1.773343170594150765e-07,1.620973961988337641e-07,1.054701646285733730e-07,1.320023824378926210e-05
4.969999999999999973e-01,9.588601594116918120e-06,5.197719812654193765e-08,1.658333835972900338e-07,1.658863931360918606e-07,1.054741544028453342e-07,9.099430464854149761e-06
4.979999999999999982e-01,6.435239774012389014e-06,5.209052420640806588e-08,1.547621631440886708e-07,1.694972016058159768e-07,1.069922577722943354e-07,5.951897627283781978e-06
4.989999999999999991e-01,4.209907119817300622e-06,5.212935664426369948e-08,1.441505095987171627e-07,1.729163114724790026e-07,1.116128953916706003e-07,3.729098046710170541e-06
5.000000000000000000e-01,2.828391574515887140e-06,5.273977036066052161e-08,1.337556697087655261e-07,1.763082072467827872e-07,1.125508220750522833e-07,2.353037105124626061e-06
5.010000000000000009e-01,2.253237579941385566e-06,5.289517847412846107e-08,1.235143251543520788e-07,1.796358943034099750e-07,1.142228238935121825e-07,1.782969358115982670e-06
5.020000000000000018e-01,2.420543827550109154e-06,5.318853459501596671e-08,1.137723873048164219e-07,1.826834797919372252e-07,1.174176537336212028e-07,1.953481772124718364e-06
5.030000000000000027e-01,3.236784690635720484e-06,5.373136010136950387e-08,1.045604468954318220e-07,1.855964923432266451e-07,1.183407757601132503e-07,2.774555615535579474e-06
5.040000000000000036e-01,4.649538002287163347e-06,5.372964020250594680e-08,9.540732215316003961e-08,1.885564152175662435e-07,1.207102230520865327e-07,4.191134401661844598e-06
5.050000000000000044e-01,6.566720699524734339e-06,5.418812196044412492e-08,8.660087536275970581e-08,1.912463689808030364e-07,1.230215143689595963e-07,6.111663818851767975e-06
5.060000000000000053e-01,8.886774018895863303e-06,5.482638071290441260e-08,7.856011814079114429e-08,1.936498508242526070e-07,1.230343597009622946e-07,8.436703309516953612e-06
5.070000000000000062e-01,1.156569752025781097e-05,5.457685229147837591e-08,7.067788371208931444e-08,1.961517563379817731e-07,1.260308154182101987e-07,1.111826021249805115e-05
5.080000000000000071e-01,1.450146766061284696e-05,5.500428115414888667e-08,6.293995584204325020e-08,1.984802697336206463e-07,1.283082851002055211e-07,1.405673486878282900e-05
5.090000000000000080e-01,1.758276812722784141e-05,5.585207252724658928e-08,5.604012558139770515e-08,2.003803972991076715e-07,1.269240331233173491e-07,1.714357149869677037e-05
5.100000000000000089e-01,2.078761953007422057e-05,5.539329906496181989e-08,4.951700673432659892e-08,2.023430216662954897e-07,1.299398382604243614e-07,2.035042636434821221e-05
5.110000000000000098e-01,2.402708680129522209e-05,5.556595924012500583e-08,4.300709724954567730e-08,2.042802138262450169e-07,1.329781202706726340e-07,2.359125541070863328e-05
5.120000000000000107e-01,2.717991079715192690e-05,5.663613808011010243e-08,3.724255831348442821e-08,2.057111160261520153e-07,1.302866973024173047e-07,2.675003428742976427e-05
5.130000000000000115e-01,3.024787429277119643e-05,5.610443960785998780e-08,3.207694986222916526e-08,2.070856383247757678e-07,1.324295285234882093e-07,2.982017773645284338e-05
5.140000000000000124e-01,3.317694234924968767e-05,5.584936637420978933e-08,2.692976002819188347e-08,2.085768637664734782e-07,1.366416851287661694e-07,3.274894467395204526e-05
5.150000000000000133e-01,3.584064253500914222e-05,5.704565541108977828e-08,2.234415727098806635e-08,2.095742676028924922e-07,1.332551293091996390e-07,3.541842332541497013e-05
5.160000000000000142e-01,3.825630165475391801e-05,5.661464449908199022e-08,1.848518848977303863e-08,2.103507702049146489e-07,1.336970546102273043e-07,3.783715399694992078e-05
5.170000000000000151e-01,4.041939294765497880e-05,5.585964453199620578e-08,1.476918847712069741e-08,2.113343795785446292e-07,1.389611318874228082e-07,3.999846860317989256e-05
5.180000000000000160e-01,4.220865920842736693e-05,5.700988717504848335e-08,1.143728352576670038e-08,2.119239135866364518e-07,1.357801305522563866e-07,4.179250799358766105e-05
5.190000000000000169e-01,4.364355612513012714e-05,5.683704366311432609e-08,8.827259227404262218e-09,2.121292814638787252e-07,1.340507183744896209e-07,4.323171182240124089e-05
5.200000000000000178e-01,4.477249141652442745e-05,5.562538649954967882e-08,6.537461844393447620e-09,2.125492627021868495e-07,1.397409005950449219e-07,4.435803840488325493e-05
5.210000000000000187e-01,4.549350487840910591e-05,5.651999903212350173e-08,4.535856091537914713e-09,2.127324463383757975e-07,1.376409273610010826e-07,4.508207564958606885e-05
5.220000000000000195e-01,4.581530934812644800e-05,5.670010624014837795e-08,3.139170873826315390e-09,2.124203973818059274e-07,1.338004824468473031e-07,4.540924919118381964e-05
5.230000000000000204e-01,4.583077215062161293e-05,5.518753528814092665e-08,2.208205824645183441e-09,2.122487862398757352e-07,1.389978923877500213e-07,4.542212973088120235e-05
5.240000000000000213e-01,4.547088426825827685e-05,5.563022706707602830e-08,1.578789800090611042e-09,2.120060425905244439e-07,1.385311004215609693e-07,4.506313810837902725e-05
5.250000000000000222e-01,4.472594815274667394e-05,5.615751968265183856e-08,1.391743824267254021e-09,2.112357332931572136e-07,1.331427462559689841e-07,4.432402040969063184e-05
5.260000000000000231e-01,4.371566863780413856e-05,5.458761335407430177e-08,1.722573191693216092e-09,2.104771341580791871e-07,1.369313521896206371e-07,4.331194996491066871e-05
5.270000000000000240e-01,4.241276781504908273e-05,5.446160549271628416e-08,2.449543275343982242e-09,2.097782558415498244e-07,1.381646304100543155e-07,4.200791378002941934e-05
5.280000000000000249e-01,4.078875337819392558e-05,5.520821316742688701e-08,3.485775468645725649e-09,2.086018126029459348e-07,1.321190137747749629e-07,4.038933856318013165e-05
5.290000000000000258e-01,3.896855495700890558e-05,5.384400569153967521e-08,4.983838668762951081e-09,2.072953836601141541e-07,1.338668709432626615e-07,3.856856485804522618e-05
5.300000000000000266e-01,3.696745091027460695e-05,5.317994750303383896e-08,6.990344511630318917e-09,2.061145684524768322e-07,1.363716036326194352e-07,3.656479444617484508e-05
5.310000000000000275e-01,3.474418095233728650e-05,5.393087602944468024e-08,9.252768232987791534e-09,2.045644792686987513e-07,1.306012427797297974e-07,3.434583158602642309e-05
5.320000000000000284e-01,3.240910290395150801e-05,5.294971080951220792e-08,1.184765753058847528e-08,2.027702139617983812e-07,1.301406347219937546e-07,3.201139468692761313e-05
5.329999999999999183e-01,3.001239110343939539e-05,5.193990114750757046e-08,1.501585552129724935e-08,2.010999013622130256e-07,1.331681808596226456e-07,2.961116726454875387e-05
5.340000000000000302e-01,2.750934400237746704e-05,5.250189315677656541e-08,1.847058387848750567e-08,1.991941760444540427e-07,1.283786828936199435e-07,2.711079866640412931e-05
5.349999999999999201e-01,2.498228634360813894e-05,5.192152616575843950e-08,2.211502570614838031e-08,1.969831807625294486e-07,1.260031929039358283e-07,2.458526341806976584e-05
5.360000000000000320e-01,2.250227765465256450e-05,5.083402725557860203e-08,2.631230964574436212e-08,1.948376311104058202e-07,1.287283771567703972e-07,2.210156530948406632e-05
5.369999999999999218e-01,2.003003039902049939e-05,5.115685170437765831e-08,3.087567546671220616e-08,1.925794220023294356e-07,1.252380239659977224e-07,1.963018042588108382e-05
5.380000000000000338e-01,1.761479804920544563e-05,5.087809739466804207e-08,3.553199409956822817e-08,1.900215164255794459e-07,1.215769567099499853e-07,1.721678948457568131e-05
5.389999999999999236e-01,1.533198383259533343e-05,4.991322829848437018e-08,4.063816377458766718e-08,1.874439762648992970e-07,1.233426760555187322e-07,1.493064578820184404e-05
5.400000000000000355e-01,1.315304838809933651e-05,5.010206934469441956e-08,4.618022904236792376e-08,1.848342049397566627e-07,1.210494040478136043e-07,1.275088248072470375e-05
5.409999999999999254e-01,1.109709400048117513e-05,5.005656639880567387e-08,5.179558348287867882e-08,1.819857123294603867e-07,1.168453820775537488e-07,1.069641075619247578e-05
5.420000000000000373e-01,9.229027776911849631e-06,4.929162544856727965e-08,5.771606402967203333e-08,1.790404208207427208e-07,1.173255613588670514e-07,8.825654105254001367e-06
5.429999999999999272e-01,7.531390350408889428e-06,4.948245004408397251e-08,6.407895788884667951e-08,1.760877281995938122e-07,1.158149093576229443e-07,7.125926304918742284e-06
5.440000000000000391e-01,6.001582485129409005e-06,4.974072671578084494e-08,7.056450312340673872e-08,1.729872704027279152e-07,1.117055178508828338e-07,5.596584467036610884e-06
5.449999999999999289e-01,4.684365408553695567e-06,4.925603062877961294e-08,7.723139311598017958e-08,1.697520380858920021e-07,1.109458016686176850e-07,4.277180145054425862e-06
5.460000000000000409e-01,3.568937480324194077e-06,4.949449472083234874e-08,8.425940606662428043e-08,1.664863520701599035e-07,1.096725025674045268e-07,3.159024724899172971e-06
5.469999999999999307e-01,2.641420204103280259e-06,5.017127261536428822e-08,9.147753052361386031e-08,1.631566124454229213e-07,1.060283567999852260e-07,2.230586431718894109e-06
5.480000000000000426e-01,1.924027034765731064e-06,5.023193170863363724e-08,9.882526495018373742e-08,1.597024431244767874e-07,1.043667055962950741e-07,1.510900689386141642e-06
5.489999999999999325e-01,1.405386415781073941e-06,5.059256399408870442e-08,1.063898286214866021e-07,1.561746876760286254e-07,1.028601717128420115e-07,9.893691637766280508e-07
5.500000000000000444e-01,1.068915787129033858e-06,5.165460287621595256e-08,1.141707771698683105e-07,1.526388260711380078e-07,9.974028768535063713e-08,6.507112933264609636e-07
5.509999999999999343e-01,9.190657704124133989e-07,5.266674935374693930e-08,1.221150156569188177e-07,1.490277773008903371e-07,9.764236860236465474e-08,4.976138594984926434e-07
5.520000000000000462e-01,9.371511581028065752e-07,5.359788966592840492e-08,1.301198703080811111e-07,1.453014515699719444e-07,9.564393576454549913e-08,5.124880107942796157e-07
5.529999999999999361e-01,1.107741631769806974e-06,5.493991693764517093e-08,1.382791200826968876e-07,1.415836117043583710e-07,9.285766665177416066e-08,6.800813163933322908e-07
5.540000000000000480e-01,1.426908252552359418e-06,5.709112258511767829e-08,1.466964127540695902e-07,1.378638448417033757e-07,9.074704145061218583e-08,9.945098309208565752e-07
5.549999999999999378e-01,1.866083648746898819e-06,5.956327021815160388e-08,1.550742616864745400e-07,1.340137338539821734e-07,8.826127189687355937e-08,1.429171111091417022e-06
5.560000000000000497e-01,2.409767054341978030e-06,6.163666138021097363e-08,1.634477103094232556e-07,1.301518650087968339e-07,8.550231181297831530e-08,1.969028505830568824e-06
5.569999999999999396e-01,3.054812491148860593e-06,6.473938244083932068e-08,1.721728600497515234e-07,1.263569522634857538e-07,8.362835953487784547e-08,2.607914936859906176e-06
5.580000000000000515e-01,3.766236059400387900e-06,6.974914959655303197e-08,1.808561109087888128e-07,1.224519527563460545e-07,8.086882214043096600e-08,3.312310023998269061e-06
5.589999999999999414e-01,4.525405604039776148e-06,7.432219852763022878e-08,1.893126282428566773e-07,1.184976422762514628e-07,7.786535310302101694e-08,4.065407781890016723e-06
5.600000000000000533e-01,5.334423153936939288e-06,7.871166493796976499e-08,1.981551199952881957e-07,1.146585715247337610e-07,7.626553192022034816e-08,4.866632265558727245e-06
5.609999999999999432e-01,6.158897889520620210e-06,8.654048150553126310e-08,2.070644438640386419e-07,1.107600994542530185e-07,7.354493812300416704e-08,5.680987926573792762e-06
5.620000000000000551e-01,6.977148316025701531e-06,9.650772428936666218e-08,2.155168137083776442e-07,1.067733767590109510e-07,7.016330715751355165e-08,6.488187094111433080e-06
5.629999999999999449e-01,7.796411968848083072e-06,1.051498005280544487e-07,2.242738939095255254e-07,1.029189669202435723e-07,6.869505100671491366e-08,7.295374256483545128e-06
5.640000000000000568e-01,8.587070079156136024e-06,1.161749368110504309e-07,2.332895984173567085e-07,9.907637119125953893e-08,6.630012211361879985e-08,8.072229050622850970e-06
5.649999999999999467e-01,9.328772966658496887e-06,1.339903817959100915e-07,2.416903930632464002e-07,9.512454651066677441e-08,6.259104569766142553e-08,8.795376599591013029e-06
5.660000000000000586e-01,1.003624524723872614e-05,1.541628528995994625e-07,2.501871832769843176e-07,9.129011856881385521e-08,6.102796644858096405e-08,9.479577126044747140e-06
5.669999999999999485e-01,1.068249739802767329e-05,1.734651810377358670e-07,2.591473719174029955e-07,8.753919772405972508e-08,5.912158809892977486e-08,1.010322405924954546e-05
5.680000000000000604e-01,1.124831852000585363e-05,2.008509604865079219e-07,2.674603448394242798e-07,8.368645106490587877e-08,5.528493804321387577e-08,1.064103582557180155e-05
5.689999999999999503e-01,1.176817003401949253e-05,2.427601449017672940e-07,2.755654923671504851e-07,7.991632712639429021e-08,5.342202708165447129e-08,1.111650604254252534e-05
5.700000000000000622e-01,1.222135795348877681e-05,2.885013047732170316e-07,2.842765559989128357e-07,7.628514606044810731e-08,5.200837431526660762e-08,1.152028657234093208e-05
5.709999999999999520e-01,1.257072971750520168e-05,3.351672617653245691e-07,2.924547433410669232e-07,7.258672421105132639e-08,4.831876706542433442e-08,1.182220222112233398e-05
5.720000000000000639e-01,1.287931860308690930e-05,4.088331544960846400e-07,3.000960764238018712e-07,6.893238407010464359e-08,4.605714756085788040e-08,1.205539984053606097e-05
5.729999999999999538e-01,1.317483486814136335e-05,5.192015577780853922e-07,3.083603607855075696e-07,6.544718528301463179e-08,4.500141032153679589e-08,1.223682435397321886e-05
5.740000000000000657e-01,1.337963060727311089e-05,6.330304514301751513e-07,3.163185797970064368e-07,6.194632421623708400e-08,4.170827284248715899e-08,1.232662697898720514e-05
5.749999999999999556e-01,1.353216836446406714e-05,7.620677273408238307e-07,3.234639518177902446e-07,5.846035405811161093e-08,3.908882569804842204e-08,1.234908750554929319e-05
5.760000000000000675e-01,1.379855544299185891e-05,9.932672960149766390e-07,3.311086643813573965e-07,5.514882968834868463e-08,3.819294396106254918e-08,1.238083770894611388e-05
5.769999999999999574e-01,1.416387736942709307e-05,1.324144246581070896e-06,3.387304926889538363e-07,5.187888595783372142e-08,3.545182740706555840e-08,1.241367191679216853e-05
5.780000000000000693e-01,1.447525995540923193e-05,1.648903779379127552e-06,3.453762788344785800e-07,4.861244235022389135e-08,3.262802172142548139e-08,1.239973943312397624e-05
5.789999999999999591e-01,1.497805994274553507e-05,2.091993291815279331e-06,3.522665920577815066e-07,4.550518245686992583e-08,3.170388378779533707e-08,1.245659099262780878e-05
5.800000000000000711e-01,1.624895100388615572e-05,2.985002374061317288e-06,3.593969190759006068e-07,4.248852619226986682e-08,2.954975615890225086e-08,1.283251342839776706e-05
5.809999999999999609e-01,1.808226680188687211e-05,4.183405779432173512e-06,3.655437745292079824e-07,3.948497680205264381e-08,2.673644554903527669e-08,1.346709582557440415e-05
5.820000000000000728e-01,1.975979450906368120e-05,5.251376919844584226e-06,3.716089602040516826e-07,3.661810276968787091e-08,2.566872614874753042e-08,1.407452180009660832e-05
5.829999999999999627e-01,2.301173477019286429e-05,7.125248721288626483e-06,3.780829025477856831e-07,3.387397494066477104e-08,2.402811919019904143e-08,1.545050105222558830e-05
5.840000000000000746e-01,3.172767112375897273e-05,1.180070111083766937e-05,3.837090468180797926e-07,3.116521776485914553e-08,2.143057300789423590e-08,1.949066517533047413e-05
5.849999999999999645e-01,4.553704563677092739e-05,1.886489863840589050e-05,3.889253485269710548e-07,2.857278358070835578e-08,2.020315951156781833e-08,2.623444570674578912e-05
5.860000000000000764e-01,6.438037230333653325e-05,2.830836806580256835e-05,3.945931004269420441e-07,2.611911593964880100e-08,1.894457455986827573e-08,3.563234744660750275e-05
5.869999999999999662e-01,1.106392084431250065e-04,5.238312079428618427e-05,3.997193106984038844e-07,2.372918929360292533e-08,1.670655713043570507e-08,5.781593259171637729e-05
5.880000000000000782e-01,2.007726993798621237e-04,1.004903770883264745e-04,4.041946063494034738e-07,2.144290760192799505e-08,1.538777763795637400e-08,9.984129699994637348e-05
5.889999999999999680e-01,2.157620001605110480e-04,1.117020554771610007e-04,4.087599926058974766e-07,1.929677965651339625e-08,1.437694668737037299e-08,1.036175109644002609e-04
5.900000000000000799e-01,3.758596066304816137e-05,2.066308264698335479e-05,4.146303857530719213e-07,1.724024304670957784e-08,1.256005447239616617e-08,1.647844733279262784e-05
5.909999999999999698e-01,1.069790098975918324e-03,5.121419643059064216e-04,4.336569119797132450e-07,1.528528865302241316e-08,1.126385516702015609e-08,5.571879286142122217e-04
5.920000000000000817e-01,1.033664138028192285e-02,5.049677844168098083e-03,5.047434093192899530e-07,1.346473339680549417e-08,1.040509012239200100e-08,5.286434922880986487e-03
5.929999999999999716e-01,4.635216455287029247e-02,2.277798607566036693e-02,7.075055949627388842e-07,1.175153713038207552e-08,8.999048874161497263e-09,2.357345022102896176e-02
5.940000000000000835e-01,1.420559796728184665e-01,6.999599586551677466e-02,1.163045550682086389e-06,1.014483003631222925e-08,7.842070849091162033e-09,7.205880277485011975e-02
5.949999999999999734e-01,3.376540871363017948e-01,1.666833765291795832e-01,1.999794641140436623e-06,8.665378868106241792e-09,7.095785777154068743e-09,1.709686950513164549e-01
5.960000000000000853e-01,6.598392155694385863e-01,3.262993235722526086e-01,3.278178937216742548e-06,7.302007769885520156e-09,6.046699710472517377e-09,3.335366004695412556e-01
5.969999999999999751e-01,1.094393883392448918e+00,5.421973626982513617e-01,4.909354261746904285e-06,6.052627260480108666e-09,5.113267845615894158e-09,5.521916001740406754e-01
5.979999999999999760e-01,1.569822456732931526e+00,7.792925380438195937e-01,6.621897528680405052e-06,4.926137524990171592e-09,4.489251289648859079e-09,7.905232873761944834e-01
5.989999999999999769e-01,1.969616621603335060e+00,9.797897813711635706e-01,8.016823840569088538e-06,3.917800141874761078e-09,3.736946417165309717e-09,9.898188157535843246e-01
5.999999999999999778e-01,2.175289139893084034e+00,1.084325368398431966e+00,8.709465373190622084e-06,3.028645793687512381e-09,3.066624626755059432e-09,1.090955055934008655e+00
6.009999999999999787e-01,2.120109592819936495e+00,1.058831832051251087e+00,8.493999008856404639e-06,2.260380022202373438e-09,2.597197334139522787e-09,1.061269261912099360e+00
6.019999999999999796e-01,1.822017047867930062e+00,9.114207646239285143e-01,7.436801685028798027e-06,1.609343864867048810e-09,2.098311950469269660e-09,9.105888427346606750e-01
6.029999999999999805e-01,1.374816631682260759e+00,6.885110659780679931e-01,5.844960959009576012e-06,1.079158060270220742e-09,1.696037155599683104e-09,6.862997179680383475e-01
6.039999999999999813e-01,9.031805467269116150e-01,4.525457294674929964e-01,4.130100450709961208e-06,6.685404890928887804e-10,1.412301649694121929e-09,4.506306850781258144e-01
6.049999999999999822e-01,5.092991891295612916e-01,2.550980120020256425e-01,2.644362356868485611e-06,3.736010257576078453e-10,1.146048109168542290e-09,2.541985312455297130e-01
6.059999999999999831e-01,2.408115703333923996e-01,1.204334196521902045e-01,1.573925125426189561e-06,1.979879356591307638e-10,9.994928759575623875e-10,1.203765755585959607e-01
6.069999999999999840e-01,9.169868337884504172e-02,4.571226281190526874e-02,9.292545898681075074e-07,1.388582751856823941e-10,9.158121871781916267e-10,4.598549025767943721e-02
6.079999999999999849e-01,2.601210257658837649e-02,1.288913642375642821e-02,6.086698249723275501e-07,1.939490153718729189e-10,8.764730539162791801e-10,1.312235641258490543e-02
6.089999999999999858e-01,4.552236000679546132e-03,2.228116189242230864e-03,4.809589540198496919e-07,3.658269866496011395e-10,9.746571894471750512e-10,2.323637511999119241e-03
6.099999999999999867e-01,2.342648759567760594e-04,1.111260882756503728e-04,4.423479579705987367e-07,6.480116919330836614e-10,1.087157729410844969e-09,1.226947045537337560e-04
6.109999999999999876e-01,1.049994344666803131e-04,5.666629833158716564e-05,4.337985636242002396e-07,1.041559830193307288e-09,1.268251556798461091e-09,4.789702776008195186e-05
6.119999999999999885e-01,2.204680511306744055e-04,1.123515569385013211e-04,4.313499080883642688e-07,1.550426226376248035e-09,1.610118139721486432e-09,1.076819837397186062e-04
6.129999999999999893e-01,1.527802841803894366e-04,7.607495130896135111e-05,4.289500810031331904e-07,2.161297063220432609e-09,1.907409022665120006e-09,7.627231408433906700e-05
6.139999999999999902e-01,8.086800012036015521e-05,3.901155006686577109e-05,4.260535119713790359e-07,2.876922759383388882e-09,2.289477790052934716e-09,4.142523014097357700e-05
6.149999999999999911e-01,4.976335576286098158e-05,2.292412788719378131e-05,4.228929982789518978e-07,3.707683783926061038e-09,2.879865431375572008e-09,2.640974732817294836e-05
6.159999999999999920e-01,3.344470290084511366e-05,1.465006382836966488e-05,4.196312105613151830e-07,4.632631033228122173e-09,3.357010923432867924e-09,1.836701821995747651e-05
6.169999999999999929e-01,2.176782079242444166e-05,8.941582828621395270e-06,4.160978394360091737e-07,5.650606712708409993e-09,3.905670016249504273e-09,1.240058384763807571e-05
6.179999999999999938e-01,1.571170618738240102e-05,5.952097791677121819e-06,4.122082269119209983e-07,6.783003765671771126e-09,4.742571136177351686e-09,9.335874593891508428e-06
6.189999999999999947e-01,1.303231593449918037e-05,4.518567054952844676e-06,4.081788316077597327e-07,8.005259895436202705e-09,5.409118120784854537e-09,8.092155669922356431e-06
6.199999999999999956e-01,1.088257735101047388e-05,3.374711839453459004e-06,4.039389542134923449e-07,9.304349953395738558e-09,6.084913871846416748e-09,7.088537293518281301e-06
6.209999999999999964e-01,8.989762937450745630e-06,2.415561178010065925e-06,3.993517424859832000e-07,1.071282770582189836e-08,7.147678864553238596e-09,6.156989510384322506e-06
6.219999999999999973e-01,7.791606896329359970e-06,1.797234085118599650e-06,3.946204682305488417e-07,1.221176683390816706e-08,8.024087358630956503e-09,5.579516488787672238e-06
6.229999999999999982e-01,7.045334023059263910e-06,1.396675855175715379e-06,3.897237689624242276e-07,1.377076502571445706e-08,8.796234382120788936e-09,5.236367399513288802e-06
6.239999999999999991e-01,6.414781489491562925e-06,1.081414365054098987e-06,3.845035133457213878e-07,1.542687629003749465e-08,1.004180557134038456e-08,4.923394929230364880e-06
6.250000000000000000e-01,5.880669496467765231e-06,8.397807071510935155e-07,3.791389023461201413e-07,1.717704456176553483e-08,1.114831622892741742e-08,4.633424526179858766e-06
6.260000000000000009e-01,5.477537028680816844e-06,6.678160316834554359e-07,3.736402589706117047e-07,1.897391473201683225e-08,1.200669908013980505e-08,4.405100124214592831e-06
6.270000000000000018e-01,5.146392950007500922e-06,5.385568930199631160e-07,3.678542393158037668e-07,2.084746972087205699e-08,1.337529415005544686e-08,4.205759053800806172e-06
6.280000000000000027e-01,4.832505889712680369e-06,4.383504182189907189e-07,3.619409013102021097e-07,2.281851225150258839e-08,1.471538218164989724e-08,3.994680675750335183e-06
6.290000000000000036e-01,4.536172824356405597e-06,3.619606071836026746e-07,3.559093966114142635e-07,2.483094397828586155e-08,1.567378726653929216e-08,3.777798089316563969e-06
6.300000000000000044e-01,4.264629308273668527e-06,3.013899622753580187e-07,3.496159083631814789e-07,2.689274620363305980e-08,1.710572347034779253e-08,3.569624967961147902e-06
6.310000000000000053e-01,4.000971060344289193e-06,2.534453116634983980e-07,3.432361228717681189e-07,2.904858293716027372e-08,1.865476871492967833e-08,3.356586274156932916e-06
6.320000000000000062e-01,3.734279413320343354e-06,2.174576199792836772e-07,3.367602553876238011e-07,3.125077651005022089e-08,1.974072363792320604e-08,3.129070037805462558e-06
6.330000000000000071e-01,3.473648956558281749e-06,1.887221347937965001e-07,3.300223491553218452e-07,3.347510671743591472e-08,2.119408516286933973e-08,2.900235280728858153e-06
6.340000000000000080e-01,3.218455872839193435e-06,1.640863091367108930e-07,3.232488436312858449e-07,3.577790201709878909e-08,2.289954041324783252e-08,2.672443277640850089e-06
6.350000000000000089e-01,2.961180500455389593e-06,1.448236858237299021e-07,3.164286406605615805e-07,3.813830415645835222e-08,2.413649263620744909e-08,2.437653377178432296e-06
6.360000000000000098e-01,2.709355472369119272e-06,1.304981703004964156e-07,3.093213610786093494e-07,4.050098116272342379e-08,2.559863943641299745e-08,2.203436320390877311e-06
6.370000000000000107e-01,2.466702481731097886e-06,1.182425367893606243e-07,3.022139977948620683e-07,4.291417760182687805e-08,2.739266918067546570e-08,1.975939100364372783e-06
6.380000000000000115e-01,2.227066008365524119e-06,1.074486842842585297e-07,2.951503175661226538e-07,4.539644907652937303e-08,2.878111479158303523e-08,1.750289442647030706e-06
6.390000000000000124e-01,1.996647323142866829e-06,9.924693069570043892e-08,2.877683740235195306e-07,4.787356992054855206e-08,3.026750044317108193e-08,1.531490948059927431e-06
6.400000000000000133e-01,1.781827334645652854e-06,9.311729810715650529e-08,2.803795788425702792e-07,5.036316484414474860e-08,3.208799952370798968e-08,1.325879293328073265e-06
6.410000000000000142e-01,1.576976407456014130e-06,8.756248785018038262e-08,2.731614185373703552e-07,5.292616274633535995e-08,3.359419241386113637e-08,1.129732145908266856e-06
6.420000000000000151e-01,1.385094475021221409e-06,8.259039693358643414e-08,2.656204964387043747e-07,5.549297918736100383e-08,3.513304178711930010e-08,9.462575606744503489e-07
6.430000000000000160e-01,1.213498737548769226e-06,7.904072230234979710e-08,2.580067829029952416e-07,5.803097063841613958e-08,3.694556840152084119e-08,7.814746933034871929e-07
6.440000000000000169e-01,1.058362698572070279e-06,7.642634342429337396e-08,2.506973312777549622e-07,6.063043913825617056e-08,3.850679907802455319e-08,6.321017856537412650e-07
6.450000000000000178e-01,9.195632732913187953e-07,7.376671537195216492e-08,2.431209356838568405e-07,6.325663855963239747e-08,4.011483170725753033e-08,4.993041519686198158e-07
6.460000000000000187e-01,8.026916656364282646e-07,7.148079148255072557e-08,2.353609722277858902e-07,6.582091719437200637e-08,4.192043475362079746e-08,3.881085499780988317e-07
6.470000000000000195e-01,7.057957440831842473e-07,7.012380936733976142e-08,2.280063669289676763e-07,6.841516233112308543e-08,4.346304874640705992e-08,2.957873567093466510e-07
6.480000000000000204e-01,6.275846152620405718e-07,6.899345022980200295e-08,2.205088883353899979e-07,7.106458285129307350e-08,4.512735782667275245e-08,2.218903360188827317e-07
6.490000000000000213e-01,5.705920481775529755e-07,6.771491239221976388e-08,2.126987887746459247e-07,7.363609206037542450e-08,4.695969566710654313e-08,1.695825592832053921e-07
6.500000000000000222e-01,5.332088190203273602e-07,6.686059697938353524e-08,2.053315329960557401e-07,7.618813988522811958e-08,4.842263663139957375e-08,1.364059125282603651e-07
6.510000000000000231e-01,5.147602913985141606e-07,6.643923310445250486e-08,1.980122416826793996e-07,7.881878612898488400e-08,5.008661154314175441e-08,1.214034189392556441e-07
6.520000000000000240e-01,5.153009208827729903e-07,6.597193370451868630e-08,1.902749511980344857e-07,8.137942570697899764e-08,5.199238876666948992e-08,1.256822215065713969e-07
6.530000000000000249e-01,5.318031424976849017e-07,6.551750267771217102e-08,1.829261518691274557e-07,8.386092097664979339e-08,5.335491908413950262e-08,1.461436478900559260e-07
6.540000000000000258e-01,5.648260831601722774e-07,6.531107751090610327e-08,1.758475476911497139e-07,8.642726917328770102e-08,5.492606815347398587e-08,1.823141206313547337e-07
6.550000000000000266e-01,6.135613013724669137e-07,6.528177483121116848e-08,1.683168391607788799e-07,8.895539519962714508e-08,5.693452225046672907e-08,2.340727699303829912e-07
6.560000000000000275e-01,6.725295605583276894e-07,6.524158163801220009e-08,1.610383096147155516e-07,9.134681684551752414e-08,5.822615386525377129e-08,2.966766985948286953e-07
6.570000000000000284e-01,7.431614396099869894e-07,6.515129293981227693e-08,1.542341262499150167e-07,9.380374667319876026e-08,5.959812955875317178e-08,3.703741441883077571e-07
6.580000000000000293e-01,8.255822420237964824e-07,6.522940361945426652e-08,1.470369901513188479e-07,9.627184452594344968e-08,6.169569821951985287e-08,4.553483055075600390e-07
6.590000000000000302e-01,9.116927386452642058e-07,6.547606738163188716e-08,1.399038168026895557e-07,9.856197827018064591e-08,6.299295335222866066e-08,5.447579228385334960e-07
6.599999999999999201e-01,1.002832692083174359e-06,6.555902215530358221e-08,1.333843775968622853e-07,1.008698521846662537e-07,6.407799281521343714e-08,6.389414473311288271e-07
6.610000000000000320e-01,1.101649226430610817e-06,6.562133647568143808e-08,1.266259456682248984e-07,1.032428388672721789e-07,6.619067882980438661e-08,7.399684265896279287e-07
6.619999999999999218e-01,1.198065234935092931e-06,6.595876593765073862e-08,1.197409731604476755e-07,1.054242293513884568e-07,6.759208750253449508e-08,8.393491789830714591e-07
6.630000000000000338e-01,1.291948668266178843e-06,6.621117142204998961e-08,1.135104138927694223e-07,1.075525508575020817e-07,6.835479756814963614e-08,9.363197345257076607e-07
6.639999999999999236e-01,1.389526746958380753e-06,6.627811899013305995e-08,1.072597049582495715e-07,1.097900286340074447e-07,7.035396470149790120e-08,1.035844929674492894e-06
6.650000000000000355e-01,1.480238860103210719e-06,6.658549083536862961e-08,1.007411984804362329e-07,1.118560689553755561e-07,7.194317690956722015e-08,1.129112924922463133e-06
6.659999999999999254e-01,1.560972262607458923e-06,6.692672246800724818e-08,9.481431943308626209e-08,1.137862309241973554e-07,7.241926750089901867e-08,1.213025722281269145e-06
6.670000000000000373e-01,1.641611624526175922e-06,6.702665279531344984e-08,8.910345601571767603e-08,1.158444513550233875e-07,7.414739197826256837e-08,1.295489672381858907e-06
6.679999999999999272e-01,1.713304901312460356e-06,6.728108862900487364e-08,8.306910360046938944e-08,1.177832599760715112e-07,7.595724244058085318e-08,1.369214206666333741e-06
6.690000000000000391e-01,1.768899003186571713e-06,6.763511457371434082e-08,7.748195193594730549e-08,1.195086500904628963e-07,7.625106269491485504e-08,1.428022223891532421e-06
6.699999999999999289e-01,1.820760250804688937e-06,6.774716641913262588e-08,7.231343540048350053e-08,1.213476634370212535e-07,7.755949760376499494e-08,1.481792487944286416e-06
6.710000000000000409e-01,1.864074072348547112e-06,6.795268923697600563e-08,6.686487660285977570e-08,1.231410026802904994e-07,7.954894497286918281e-08,1.526566558855551715e-06
6.719999999999999307e-01,1.887635821047480606e-06,6.829501094869955936e-08,6.167829879783355517e-08,1.246634500035783706e-07,7.981248251280065658e-08,1.553186578784568530e-06
6.730000000000000426e-01,1.904077975228915472e-06,6.839008090704693024e-08,5.703539955100378532e-08,1.262492687216982766e-07,8.060223918439000950e-08,1.571800986864776497e-06
6.739999999999999325e-01,1.914285450669887001e-06,6.852872225054978001e-08,5.224240028734741799e-08,1.278707968516608658e-07,8.264983971541399367e-08,1.582993691564914871e-06
6.750000000000000444e-01,1.904271591848381945e-06,6.885637387773521259e-08,4.754042053995014111e-08,1.291985500472940845e-07,8.304174993032164348e-08,1.575634497453080771e-06
6.759999999999999343e-01,1.884374958293945120e-06,6.893466547851279157e-08,4.340849355524191136e-08,1.305100167447898506e-07,8.329646145778293832e-08,1.558225321057617740e-06
6.770000000000000462e-01,1.861525921288462358e-06,6.897743353495055841e-08,3.930015933985072371e-08,1.319269719641147792e-07,8.522311617789935748e-08,1.536098240271647032e-06
6.779999999999999361e-01,1.821184540804850770e-06,6.926834017158007380e-08,3.517074444219539857e-08,1.330666409459610493e-07,8.586383379887808873e-08,1.497814981446236127e-06
6.790000000000000480e-01,1.769350381839889763e-06,6.935308329849497544e-08,3.155164049305165286e-08,1.340951704746994108e-07,8.565723296597575405e-08,1.448693254607667878e-06
6.799999999999999378e-01,1.717883552025733015e-06,6.929730485903763356e-08,2.812453660829069552e-08,1.352737796771506064e-07,8.726305356584517896e-08,1.397924877315408940e-06
6.810000000000000497e-01,1.654172366293325923e-06,6.950832503161413211e-08,2.464413656668987287e-08,1.362292320272567688e-07,8.819945934438613151e-08,1.335591213323379143e-06
6.819999999999999396e-01,1.578951660659532067e-06,6.960824029519785838e-08,2.156150718040890864e-08,1.369789174002487849e-07,8.768364504483563984e-08,1.263119350738840921e-06
6.830000000000000515e-01,1.506786224851419859e-06,6.948378097576268329e-08,1.879031018194671476e-08,1.378865571965555077e-07,8.879534953186134872e-08,1.191830226965293700e-06
6.839999999999999414e-01,1.428984205850929704e-06,6.958189645071073166e-08,1.600803940644191333e-08,1.386538379543995180e-07,8.998217043905432617e-08,1.114758261600323169e-06
6.850000000000000533e-01,1.341404706120297213e-06,6.967629375031393310e-08,1.350463535060651817e-08,1.391396895947266053e-07,8.935122832987581372e-08,1.029732859094774455e-06
6.859999999999999432e-01,1.258642339733724358e-06,6.952021306540899084e-08,1.136014393402942791e-08,1.397522776192931230e-07,8.986257096933517818e-08,9.481471341456576480e-07
6.870000000000000551e-01,1.176883835794254353e-06,6.950199908032644281e-08,9.291203567846651490e-09,1.403197363914294598e-07,9.116942365039027790e-08,8.666014731042615376e-07
6.879999999999999449e-01,1.088594965675299234e-06,6.955398628827203732e-08,7.416753184528986481e-09,1.405614914681918945e-07,9.061598648593871003e-08,7.804467482483675694e-07
6.890000000000000568e-01,1.006004755995680002e-06,6.938473740205938981e-08,5.879653497595768052e-09,1.408653179850446273e-07,9.051429219362009779e-08,6.993607549173601531e-07
6.899999999999999467e-01,9.299065092144670307e-07,6.927229971467888684e-08,4.506928271083983190e-09,1.412162912797953465e-07,9.175195282794012108e-08,6.231590371209686699e-07
6.910000000000000586e-01,8.514411068116837690e-07,6.925500584307395367e-08,3.302356554462914334e-09,1.412357537079540141e-07,9.141981393362546028e-08,5.462281767725674114e-07
6.919999999999999485e-01,7.789495939308694920e-07,6.906894633777377412e-08,2.372244743062424553e-09,1.412283283934446577e-07,9.078918874085755286e-08,4.754908857157311001e-07
6.930000000000000604e-01,7.164868882778644131e-07,6.888883232212195961e-08,1.658163632566151898e-09,1.413422331462178391e-07,9.175436603903140373e-08,4.128432931379270505e-07
6.939999999999999503e-01,6.558866543729754116e-07,6.879408535327141367e-08,1.140468839373990224e-09,1.411603438514846363e-07,9.170693961301405491e-08,3.530848167158312850e-07
6.950000000000000622e-01,6.012656784295338772e-07,6.857743933473402396e-08,8.333803025636885892e-10,1.408525246673067614e-07,9.070792722270462283e-08,3.002944069022248126e-07
6.959999999999999520e-01,5.579822950382017530e-07,6.834819003769247513e-08,7.359911984737409575e-10,1.407073593916724247e-07,9.122853275019826027e-08,2.569622216601648821e-07
6.970000000000000639e-01,5.199516516565752075e-07,6.818193410274532826e-08,8.909597118284468061e-10,1.403383787834972082e-07,9.143545261666004605e-08,2.191049264418441210e-07
6.979999999999999538e-01,4.878745906102503540e-07,6.792202732175836539e-08,1.228718148049051204e-09,1.397536142404903071e-07,9.026687587198769603e-08,1.887033550279649877e-07
6.990000000000000657e-01,4.664684632922161003e-07,6.765211646764919286e-08,1.716320364535173709e-09,1.393332345636595797e-07,9.024074607063333529e-08,1.675260458257388220e-07
6.999999999999999556e-01,4.521375024669081338e-07,6.742532081029141683e-08,2.500954132960437770e-09,1.387830399588299029e-07,9.059074482368606380e-08,1.528374427411402988e-07
7.010000000000000675e-01,4.437278779595530605e-07,6.711445462221140480e-08,3.496471680359908416e-09,1.379511167171744183e-07,8.944602009145873862e-08,1.457198148483485722e-07
7.019999999999999574e-01,4.439804402653646133e-07,6.680784642511884386e-08,4.555571581911250254e-09,1.372479246912793392e-07,8.885908155665410934e-08,1.465100160104010466e-07
7.030000000000000693e-01,4.512192037730476970e-07,6.653494209313603174e-08,5.907967683263219890e-09,1.365165006535263285e-07,8.918626006861512698e-08,1.530735332745070048e-07
7.039999999999999591e-01,4.641574119574790825e-07,6.616896466058804213e-08,7.550812289981030237e-09,1.354711027125885777e-07,8.821258998325731400e-08,1.667539423110641018e-07
7.050000000000000711e-01,4.831858832584474559e-07,6.582273080818385374e-08,9.186098312906042728e-09,1.344870258271972255e-07,8.714158834594162429e-08,1.865484399642187262e-07
7.059999999999999609e-01,5.073327806570684481e-07,6.551942987021913781e-08,1.104210910924733554e-08,1.335684274684756416e-07,8.726881500405832283e-08,2.099339992050680285e-07
7.070000000000000728e-01,5.364800994048877694e-07,6.510190176327295054e-08,1.329024662009210897e-08,1.323438505194637293e-07,8.653851821996062933e-08,2.392055822820983381e-07
7.079999999999999627e-01,5.692656561740061170e-07,6.470841668235989528e-08,1.551432293209319281e-08,1.310929514863885552e-07,8.512538878339269595e-08,2.728245762897718308e-07
7.090000000000000746e-01,6.040811459899502401e-07,6.438797681872007644e-08,1.782254107112609388e-08,1.299776951805299118e-07,8.490220745469587353e-08,3.069907254648782117e-07
7.099999999999999645e-01,6.424917484999155824e-07,6.393143269326292740e-08,2.060279083369967440e-08,1.286036630747121439e-07,8.440834244561347907e-08,3.449455194526273279e-07
7.110000000000000764e-01,6.826395392814075314e-07,6.348014188822841311e-08,2.342147456750453802e-08,1.271116049780801672e-07,8.283223944370720155e-08,3.857940784038872115e-07
7.119999999999999662e-01,7.213162641993294080e-07,6.314716494979489401e-08,2.615500241084001570e-08,1.257917336483201064e-07,8.216532958873783081e-08,4.240570336016365810e-07
7.130000000000000782e-01,7.614341361722610685e-07,6.267366636719913430e-08,2.937377857977467740e-08,1.242914925963987791e-07,8.182598956433278357e-08,4.632692090645556974e-07
7.139999999999999680e-01,8.020699552190228980e-07,6.216038224982686680e-08,3.276885560312375240e-08,1.225922344868216170e-07,8.026259785412633471e-08,5.042858850251243999e-07
7.150000000000000799e-01,8.381563819612780349e-07,6.180755801481532559e-08,3.592486307536723645e-08,1.210631707436339527e-07,7.913509138962976858e-08,5.402256987378317384e-07
7.159999999999999698e-01,8.729938169822943245e-07,6.133951146787715574e-08,3.948503853626225461e-08,1.194525819341272239e-07,7.882290574964659473e-08,5.738937792943811220e-07
7.170000000000000817e-01,9.077021741107030305e-07,6.077190983197873385e-08,4.340538444010737468e-08,1.175877072372866747e-07,7.741214787502501296e-08,6.085250247263052476e-07
7.179999999999999716e-01,9.358461568658316106e-07,6.038540155027648266e-08,4.699798471736930572e-08,1.158523801419898264e-07,7.587875588549851204e-08,6.367316345706975102e-07
7.190000000000000835e-01,9.599367436466083247e-07,5.993850093791042826e-08,5.081581482732152126e-08,1.141377045737425555e-07,7.544883903304693862e-08,6.595958842745868016e-07
7.199999999999999734e-01,9.835994798631288058e-07,5.933655080668339399e-08,5.517370017415001226e-08,1.121503213320517465e-07,7.427421964742941575e-08,6.826646879028141513e-07
7.210000000000000853e-01,1.000071906501932150e-06,5.890351439160483143e-08,5.921861719105821677e-08,1.102225966371274071e-07,7.245039355461020094e-08,6.992767847275316128e-07
7.219999999999999751e-01,1.010093082473149187e-06,5.848115393990687250e-08,6.323865834310907013e-08,1.084045495022834062e-07,7.177254709175597036e-08,7.081961735960937619e-07
7.230000000000000870e-01,1.019514209729211852e-06,5.787071243271700840e-08,6.791750619068528242e-08,1.063355927861507955e-07,7.085009344658281762e-08,7.165403048730759549e-07
7.239999999999999769e-01,1.022478735075200854e-06,5.738685149099314160e-08,7.241409765639718124e-08,1.042397607552937753e-07,6.888657862225912724e-08,7.195514465502576021e-07
7.250000000000000888e-01,1.017475413716376699e-06,5.698293406867029801e-08,7.661602386698893101e-08,1.023148220888505958e-07,6.787106762107808512e-08,7.136905660707887887e-07
7.259999999999999787e-01,1.011705119075086110e-06,5.638906042658549451e-08,8.148643606538751494e-08,1.001989075763965664e-07,6.715324833096453737e-08,7.064774666757520097e-07
7.270000000000000906e-01,1.001254341019529741e-06,5.586037772742309687e-08,8.640071211022743623e-08,9.797045483686644978e-08,6.520801622596762722e-08,6.958147801190450908e-07
7.279999999999999805e-01,9.824923562632505625e-07,5.546303903868439929e-08,9.079352502824728789e-08,9.593638544038115096e-08,6.382407278684541919e-08,6.764753339690922920e-07
7.290000000000000924e-01,9.628063236035182601e-07,5.490435489205230521e-08,9.573427277713729343e-08,9.379869228851481347e-08,6.321641898802095530e-08,6.551525846577929126e-07
7.299999999999999822e-01,9.407789160292670226e-07,5.434641324701974694e-08,1.009944425075099146e-07,9.148014468433805050e-08,6.142417498936370886e-08,6.325337406010356017e-07
7.310000000000000941e-01,9.112979190273884225e-07,5.394441099958292080e-08,1.056044081726693950e-07,8.933910614334549416e-08,5.970079268014356724e-08,6.027092010316470453e-07
7.319999999999999840e-01,8.808449607543622862e-07,5.343140381857765283e-08,1.105169592402104637e-07,8.719441563165245649e-08,5.908664440765875686e-08,5.706155376562629365e-07
7.330000000000000959e-01,8.504664807400904925e-07,5.286526255943523306e-08,1.160119649804898920e-07,8.483255014743827199e-08,5.754254491024789761e-08,5.392141581424791648e-07
7.339999999999999858e-01,8.144586750548621253e-07,5.245049173555935242e-08,1.208672554804715958e-07,8.259641153903195754e-08,5.556207879420692674e-08,5.029824375055922927e-07
7.350000000000000977e-01,7.776485682726742775e-07,5.198475563459435433e-08,1.256924856244309654e-07,8.045006316551304301e-08,5.482364156890252869e-08,4.646976222792333331e-07
7.359999999999999876e-01,7.430205351163143267e-07,5.143432889145492299e-08,1.312816150145536972e-07,7.808811094226987042e-08,5.356831417890389457e-08,4.286481660891319879e-07
7.370000000000000995e-01,7.051409289327017052e-07,5.100654813006167372e-08,1.363903163438242528e-07,7.577822831135886765e-08,5.145210106286072263e-08,3.905137350845962148e-07
7.379999999999999893e-01,6.669013328664353856e-07,5.058232974222998245e-08,1.411135660146307103e-07,7.363131477830843297e-08,5.049705164526828823e-08,3.510770706859979055e-07
7.390000000000001013e-01,6.324172699502666104e-07,5.006819204284560362e-08,1.466454362776773523e-07,7.130818507258553724e-08,4.951598786791062591e-08,3.148794686892475443e-07
7.399999999999999911e-01,5.971252423416067459e-07,4.963506573410227126e-08,1.519776364497394118e-07,6.895506288895885233e-08,4.740061928802494745e-08,2.791568579807811969e-07
7.410000000000001030e-01,5.621350781003890371e-07,4.924315475995798914e-08,1.566229240585076903e-07,6.680457441689358738e-08,4.617662342713547427e-08,2.432878014378942960e-07
7.419999999999999929e-01,5.318802047079234766e-07,4.877999430221556742e-08,1.619612389975936822e-07,6.454924713217499204e-08,4.540805161959219163e-08,2.111816726563471094e-07
7.430000000000001048e-01,5.029054594365964489e-07,4.835708418956937610e-08,1.674417958867005811e-07,6.219282546819696553e-08,4.342479395244933116e-08,1.814889599396801421e-07
7.439999999999999947e-01,4.749531178058068799e-07,4.798909688894589568e-08,1.720520102237635996e-07,6.003952709699835355e-08,4.193032451506651728e-08,1.529421590810325600e-07
7.450000000000001066e-01,4.521610588754125414e-07,4.758183553466776913e-08,1.770935604819935400e-07,5.786907493222630746e-08,4.127982322803588358e-08,1.283367646984890545e-07
7.459999999999999964e-01,4.321103663519263874e-07,4.718785829172329523e-08,1.826082549456091970e-07,5.555198038382613792e-08,3.953160807767384142e-08,1.072306646530939026e-07
7.470000000000001084e-01,4.136549584808739851e-07,4.684169021373316422e-08,1.872266591702656067e-07,5.340333281600045108e-08,3.781535106647862732e-08,8.836792521439611594e-08
7.479999999999999982e-01,4.003128148746047759e-07,4.648817345166635433e-08,1.919126210907716316e-07,5.132465273875498480e-08,3.717794376478548111e-08,7.340942382862633064e-08
7.490000000000001101e-01,3.904540336570628570e-07,4.613994332093010309e-08,1.973205043875972453e-07,4.908813609674192211e-08,3.572491524513903100e-08,6.218053460665452239e-08
7.500000000000000000e-01,3.824323265791647442e-07,4.582047462591378032e-08,2.019716860908284309e-07,4.696113568804800580e-08,3.387564407273366443e-08,5.380338610164086272e-08
7.600000000000000089e-01,4.662964633212608238e-07,4.347416336691825328e-08,2.454534282241402291e-07,2.764587006144403447e-08,2.214576570477851818e-08,1.275772359639797789e-07
7.700000000000000178e-01,6.244289880382467358e-07,4.302937094438395252e-08,2.779767472898679197e-07,1.272674107481475473e-08,1.296657110012770362e-08,2.777295576290523738e-07
7.800000000000000266e-01,6.097846634578520384e-07,4.468601581522211081e-08,2.965004055744347441e-07,3.369971384677473969e-09,6.826124717542605977e-09,2.584021459659750970e-07
7.900000000000000355e-01,4.538284513508260919e-07,4.842819009893777898e-08,2.996164625695146287e-07,1.207400844127311868e-10,4.124832353299879928e-09,1.015382262446610381e-07
8.000000000000000444e-01,3.569094734463325552e-07,5.407416730276050062e-08,2.875896095622584661e-07,2.878782981021935220e-09,5.036012745317790787e-09,7.330900854973860441e-09
8.100000000000000533e-01,4.038583570026707878e-07,6.126814059564372767e-08,2.621607386204730644e-07,1.094620816365766534e-08,9.367496215230932653e-09,6.011577340766542087e-08
8.200000000000000622e-01,4.892989971440667338e-07,6.948772372304112211e-08,2.262431323756732987e-07,2.314720801659494596e-08,1.659238677336475929e-08,1.538285462553926244e-07
8.299999999999999600e-01,4.902043246474160781e-07,7.813393694816196726e-08,1.835796468877737164e-07,3.798673239470099035e-08,2.589063507117292888e-08,1.646133733456064852e-07
8.399999999999999689e-01,4.180742152149418377e-07,8.662025679778027725e-08,1.383763473611349679e-07,5.381836762480035437e-08,3.617256451294630719e-08,1.030866789182799310e-07
8.499999999999999778e-01,3.724598756610909623e-07,9.439042034583459404e-08,9.487717209908270973e-08,6.900792254872672342e-08,4.624498381663873767e-08,6.793937685080822389e-08
8.599999999999999867e-01,3.987207555100473994e-07,1.009356319454466443e-07,5.693792992804201754e-08,8.208958173979969248e-08,5.507397778897446683e-08,1.036836341077846113e-07
8.699999999999999956e-01,4.441254190055189484e-07,1.058699865076698950e-07,2.766258506077526679e-08,9.188856476331799749e-08,6.189219048661043283e-08,1.568120921871453431e-07
8.800000000000000044e-01,4.432812869624653690e-07,1.089945148185136538e-07,9.134089455170139051e-09,9.759169074875051507e-08,6.611806574506661258e-08,1.614429261949644534e-07
8.900000000000000133e-01,4.004601307133319951e-07,1.102869878266520699e-07,2.262535446203847852e-09,9.878625135329564821e-08,6.733308349529775942e-08,1.217912725918827106e-07
9.000000000000000222e-01,3.691458434624764440e-07,1.098763564748263861e-07,6.790687472012144497e-09,9.547746809447946333e-08,6.538811871611323950e-08,9.161321270504517423e-08
9.100000000000000311e-01,3.757006959689570294e-07,1.080682527823183459e-07,2.144983247260034172e-08,8.809936559041478759e-08,6.048551252366651899e-08,9.759773259995704183e-08
9.200000000000000400e-01,3.925513256215003070e-07,1.053641617030669838e-07,4.421453241532341401e-08,7.746782992499651100e-08,5.314173564460368505e-08,1.123630659335096999e-07
9.299999999999999378e-01,3.839234129958794548e-07,1.023880599821935768e-07,7.259961430749435171e-08,6.465867785359257200e-08,4.413984626309725520e-08,1.001372145895016594e-07
9.399999999999999467e-01,3.529282111786598883e-07,9.974824248995304487e-08,1.039332437335173401e-07,5.082150715571849905e-08,3.446207041094169079e-08,6.396314738852930687e-08
9.499999999999999556e-01,3.311157171537071954e-07,9.795660141910285309e-08,1.355498336141897269e-07,3.704129831526843202e-08,2.510471473620451637e-08,3.546326906894170667e-08
9.599999999999999645e-01,3.346617217452154607e-07,9.748811897952106017e-08,1.649665470315733073e-07,2.433903799004659786e-08,1.684339185820859035e-08,3.102462588586595800e-08
9.699999999999999734e-01,3.486784111339605130e-07,9.897241281750025027e-08,1.902261317150767790e-07,1.383555339176607431e-08,1.019508421684607251e-08,3.544922899277135353e-08
9.799999999999999822e-01,3.544950603807653756e-07,1.034362371806721938e-07,2.104027982755665157e-07,6.963314693381839036e-09,5.608031536295476542e-09,2.808467869484932980e-08
9.899999999999999911e-01,3.581310862116302423e-07,1.124481315708913399e-07,2.257996612625542581e-07,5.562992455493635659e-09,3.820803435939598158e-09,1.049949748675143526e-08
1.000000000000000000e+00,3.846812886003413656e-07,1.279900227757283608e-07,2.371822398509227932e-07,1.173169172646744837e-08,7.024578530195427231e-09,7.527557170273611924e-10
1.010000000000000009e+00,4.539945353483764362e-07,1.520111179409216506e-07,2.441390972601487736e-07,2.742143782280022287e-08,2.256456075217279039e-08,7.858321572333003749e-09
1.020000000000000018e+00,5.768245520308631754e-07,1.858762483220868351e-07,2.438482205948160806e-07,5.393788649385733844e-08,7.100782168182988667e-08,2.215437493827308094e-08
1.030000000000000027e+00,7.831367336783432828e-07,2.300597211112523551e-07,2.320748536395250834e-07,9.161271864455290813e-08,1.988677898263672028e-07,3.052165045664581275e-08
1.040000000000000036e+00,1.158345858392529788e-06,2.842831050999749702e-07,2.071726984945856759e-07,1.398847088658131346e-07,4.942692745382614909e-07,3.273607139389452270e-08
1.050000000000000044e+00,1.863254905559350082e-06,3.479585664219644311e-07,1.757178943178296034e-07,1.977621805307892379e-07,1.103352153259742724e-06,3.846411102902404567e-08
1.060000000000000053e+00,3.140855123350115370e-06,4.205383400898123254e-07,1.567140298618722057e-07,2.642905035515803554e-07,2.246952894918931912e-06,5.235935492791872360e-08
1.070000000000000062e+00,5.328728467732579674e-06,5.013848285169746984e-07,1.816556462040712889e-07,3.385310493264689391e-07,4.239121248725295458e-06,6.803569495977013703e-08
1.080000000000000071e+00,8.882784444744374887e-06,5.891290153583521203e-07,2.903436580177352545e-07,4.189198084862605849e-07,7.507452636953834738e-06,7.693932592819314218e-08
1.090000000000000080e+00,1.439491530713503883e-05,6.810550345239541172e-07,5.257844382878552457e-07,5.025707051673031910e-07,1.260695000865784526e-05,7.855512049807931773e-08
1.100000000000000089e+00,2.257720280056696617e-05,7.734285718222358085e-07,9.332026836367855096e-07,5.855403600291136042e-07,2.020589676302591176e-05,7.913442205292093235e-08
1.109999999999999876e+00,3.418899522157870338e-05,8.634298174478960085e-07,1.565914779390250362e-06,6.647744669739748010e-07,3.101257498508713805e-05,8.230117267944537973e-08
1.120000000000000107e+00,4.989051113740859466e-05,9.523182648233487905e-07,2.494652767287324474e-06,7.413047987084469633e-07,4.561762068701923133e-05,8.461461957024668211e-08
1.129999999999999893e+00,7.001780607987139404e-05,1.048140610444531470e-06,3.810172880553764991e-06,8.229487502747247727e-07,6.425563095276536356e-05,8.091288583300715142e-08
1.140000000000000124e+00,9.430351186167862062e-05,1.165649255975475286e-06,5.606945480463078278e-06,9.241863340153998616e-07,8.653543829239011744e-05,7.129249883454796682e-08
1.149999999999999911e+00,1.216182069985115663e-04,1.321919423694648377e-06,7.942330862700406143e-06,1.061775017570352016e-06,1.112314806109997753e-04,6.070108354638273725e-08
1.160000000000000142e+00,1.498511916243046391e-04,1.528322740210267832e-06,1.077987662262217536e-05,1.246755829048227554e-06,1.362434645077171245e-04,5.277192470684037187e-08
1.169999999999999929e+00,1.760457388796149891e-04,1.781900697522074820e-06,1.394025867820552957e-05,1.475830325321332446e-06,1.588011678853463581e-04,4.658129321969290011e-08
1.179999999999999938e+00,1.968339493578518708e-04,2.060334114156247372e-06,1.708919090314237643e-05,1.726242207355845307e-06,1.759181981859988674e-04,3.998394719853626646e-08
1.189999999999999947e+00,2.091040732460244214e-04,2.323753163682396978e-06,1.978201955926019157e-05,1.957491397455666800e-06,1.850064948375867427e-04,3.431428803944203417e-08
1.199999999999999956e+00,2.107300211304706744e-04,2.523964155991493134e-06,2.156174355803962885e-05,2.120582627993309450e-06,1.844883909569537813e-04,3.533983149247458378e-08
1.209999999999999964e+00,2.011496859362666572e-04,2.618675846837474035e-06,2.208150337096536725e-05,2.172211507539275021e-06,1.742187064525665486e-04,5.858875835800270207e-08
1.219999999999999973e+00,1.818787241929291582e-04,2.578807600035481599e-06,2.120766058975002090e-05,2.088832845518161230e-06,1.555720615916862670e-04,4.313615659392201803e-07
1.229999999999999982e+00,1.545567385376728057e-04,2.429920702743275377e-06,1.906399729800474854e-05,1.875141973567208577e-06,1.311511210484244089e-04,3.655751493316226772e-08
1.239999999999999991e+00,1.239505792970735040e-04,2.180942828402247987e-06,1.600028187338971365e-05,1.563577404720006734e-06,1.041956494012161389e-04,1.012778934540341817e-08
1.250000000000000000e+00,9.348000784989218348e-05,1.898365404076971977e-06,1.249716743854235965e-05,1.204845912560286870e-06,7.787216073642598926e-05,7.468358286583128315e-09
1.260000000000000009e+00,6.620232248268808272e-05,1.636512752907755057e-06,9.043154683406431948e-06,8.532753583752081969e-07,5.465830613857975491e-05,1.107354941892959891e-08
1.270000000000000018e+00,4.403254241925246628e-05,1.441341636008327095e-06,6.025321206247922088e-06,5.525287995727678837e-07,3.598942259447407345e-05,2.392818294937558668e-08
1.280000000000000027e+00,2.760256309041412409e-05,1.339757226583419694e-06,3.665512845623728594e-06,3.266834640307292735e-07,2.222841532768053663e-05,4.219422649571068627e-08
1.290000000000000036e+00,1.648551684747173783e-05,1.339992113690755328e-06,2.012923301141940234e-06,1.789204300490555837e-07,1.290269622712813757e-05,5.098477546184656144e-08
1.300000000000000044e+00,1.082119418775399488e-05,2.028272112948729180e-06,9.829994702233390144e-07,9.673375584160882206e-08,7.074244215291874795e-06,6.389446334484433302e-07
1.310000000000000053e+00,5.938503070825970094e-06,1.612751292628434033e-06,4.195462510845269274e-07,6.015000385126800967e-08,3.697339342529470490e-06,1.487161807322711904e-07
1.320000000000000062e+00,4.191655232952149157e-06,1.888009244055407430e-06,1.551188002315952885e-07,4.953380943338430229e-08,1.865990682112036500e-06,2.330026971197254846e-07
1.330000000000000071e+00,3.788970578471039527e-06,2.245979514321410234e-06,5.234999620818451313e-08,5.007340823048334153e-08,9.212221922550271120e-07,5.193454674559341411e-07
1.339999999999999858e+00,4.125395650565768482e-06,2.717903015726754570e-06,2.059668843292764714e-08,5.306143804713215090e-08,4.480968228082357232e-07,8.857376855507184377e-07
1.350000000000000089e+00,4.684315677987872711e-06,3.396793972611923680e-06,1.249738315035071123e-08,5.471841731001813299e-08,2.150842870559090757e-07,1.005221617859671195e-06
1.359999999999999876e+00,5.923348282066744628e-06,4.529280252238658234e-06,1.018379668554527368e-08,5.417581085070445177e-08,1.035782214634540610e-07,1.226130200828383471e-06
1.370000000000000107e+00,1.482058666176027542e-05,7.232391036500969675e-06,1.046855901242035283e-08,5.174842648204962470e-08,5.407166544611198919e-08,7.471906974318723759e-06
1.379999999999999893e+00,6.060320333261411639e-04,2.321145984758387184e-04,5.390470898392545126e-07,2.116718186525095472e-07,1.175104622996591932e-07,3.730492054795110906e-04
1.390000000000000124e+00,7.703506902965881692e-05,1.275120848813483099e-05,2.317821604238197530e-08,4.323337990855666173e-08,2.867807757195615726e-08,6.418877086800109442e-05
1.399999999999999911e+00,3.023160994991294323e-04,1.648088975702056177e-05,3.479241018803996744e-08,3.758837120564454619e-08,2.550072531687893601e-08,2.857373282353983259e-04
1.410000000000000142e+00,3.638408708184956517e-03,4.290188440196977511e-04,3.107932417597675861e-07,8.064533166321918910e-08,4.730362749374791413e-08,3.208951121964342089e-03
1.419999999999999929e+00,1.403036079419359193e-03,9.700398872799814894e-05,6.622852770646188232e-08,2.577601923966743783e-08,1.775913996362987964e-08,1.305922327004451237e-03
1.430000000000000160e+00,5.919211069052777129e-03,5.098525362589128012e-04,7.781685978141845914e-08,2.011099181100788592e-08,1.629808210558232378e-08,5.409244306860166301e-03
1.439999999999999947e+00,8.115977919397610041e-02,2.615897445980504971e-02,1.102316667068757257e-07,1.464881532197671309e-06,3.840707265383797316e-06,5.499538891370676919e-02
1.450000000000000178e+00,1.930703459320420650e-03,1.829380172083296802e-04,1.023845441477469116e-07,8.999371780919725356e-09,1.017606654016269680e-08,1.747643882129622066e-03
1.459999999999999964e+00,3.868444383803289026e-03,1.247586091092004292e-04,1.148947078394476283e-07,8.482878040067257155e-09,1.440939910695920286e-08,3.743547987709102288e-03
1.469999999999999973e+00,6.009601224570025602e-03,1.875816934402035549e-03,3.508674655074376305e-06,1.158929490656380725e-06,5.898098009260804189e-07,4.128526876221333755e-03
1.479999999999999982e+00,1.028074120653669522e-02,1.322873156344569145e-04,1.197092299129643113e-07,8.834378937836690966e-10,1.313086571218155516e-08,1.014832016736872018e-02
1.489999999999999991e+00,8.224258756440036566e-02,1.300782402712117973e-02,3.989856214795978352e-06,9.637576095284740774e-07,5.056350618781170420e-07,6.922930428839298156e-02
1.500000000000000000e+00,3.330742862277762117e-02,2.915996301722919236e-04,1.974858622061380687e-07,4.732582388187990542e-08,1.074598349392415403e-07,3.301547672108430531e-02
1.510000000000000009e+00,1.183628318245630827e-02,2.303704825498879383e-05,1.304358911432145233e-07,9.853175617274540815e-09,3.124726729426173823e-08,1.181307459786726417e-02
1.520000000000000018e+00,7.482444087766305929e-03,1.243095871380645215e-05,9.977128481190234680e-08,6.523760520115966235e-09,1.403413340010685649e-08,7.469892799873767593e-03
1.530000000000000027e+00,5.449744889188919833e-03,6.500764074047676514e-06,8.846245430985475769e-08,1.046441886611562133e-08,1.418157981246402456e-08,5.443131016661884036e-03
1.540000000000000036e+00,4.163269252269078714e-03,3.819087614551537624e-06,7.593187573947695949e-08,1.496745169848368961e-08,1.493991741203005516e-08,4.159344325409677218e-03
1.550000000000000044e+00,3.137142397117441243e-03,2.639909272417944359e-06,6.268273236410331968e-08,1.975248191088429086e-08,1.630822766477050110e-08,3.134403744403083461e-03
1.560000000000000053e+00,2.248862136465725348e-03,2.249222633551549145e-06,4.938992205196119231e-08,2.455329742330462633e-08,1.813997715986503950e-08,2.246520830635538764e-03
1.570000000000000062e+00,1.501187286654187330e-03,2.136087735753819355e-06,3.671081714206426818e-08,2.911235988746397869e-08,2.020024907947130342e-08,1.498965175492324555e-03
1.580000000000000071e+00,9.178591548917373845e-04,1.994179069937891304e-06,2.524974533989309882e-08,3.319353252398515156e-08,2.224277383057720126e-08,9.157842897701050453e-04
1.589999999999999858e+00,5.059295585506037862e-04,1.734304661775321793e-06,1.552781723525198241e-08,3.659299350656844115e-08,2.405550187500449665e-08,5.041190775762116518e-04
1.600000000000000089e+00,2.470393664876442729e-04,1.411803655595599687e-06,7.961677528875412918e-09,3.914853140028062090e-08,2.547542948032433560e-08,2.455549771936391991e-04
1.609999999999999876e+00,1.047826985900623855e-04,1.119034829400856254e-06,2.846767254387001219e-09,4.074570050682535694e-08,2.638842425911980673e-08,1.035936828686411995e-04
1.620000000000000107e+00,3.787154729056815421e-05,9.100868008144818460e-07,3.482007721500611646e-10,4.132127029318001003e-08,2.672134299610136047e-08,3.689306967569223877e-05
1.629999999999999893e+00,1.163045426744448740e-05,7.841235098864742753e-07,4.963289175574740265e-10,4.086432145249328638e-08,2.643715132842322354e-08,1.077853295585953983e-05
1.640000000000000124e+00,3.362078300729875182e-06,7.106748140943248905e-07,3.190350122023859875e-09,3.941615085212848757e-08,2.553582690922068212e-08,2.583261158752177357e-06
1.649999999999999911e+00,1.426543326338409630e-06,6.551008151061803195e-07,8.209589685359616484e-09,3.706496468156321124e-08,2.405644253446799169e-08,7.021115143308384345e-07
1.660000000000000142e+00,1.137487368543784814e-06,5.940494501276313139e-07,1.522486104503449622e-08,3.393967230746048548e-08,2.207471896205078378e-08,4.721986661016077278e-07
1.669999999999999929e+00,9.022662925743626005e-07,5.553774628193269155e-07,2.382637529501514486e-08,3.020305950705454034e-08,1.969141672922994524e-08,2.731679782237359454e-07
1.680000000000000160e+00,7.016087003637160433e-07,5.139330325914962730e-07,3.353866500351680388e-08,2.604247018612070030e-08,1.702608430462598620e-08,1.110684482779562799e-07
1.689999999999999947e+00,5.994326565100495856e-07,4.803767741306356828e-07,4.384860506406243281e-08,2.165870558984847329e-08,1.420701776756781170e-08,3.934155395793511890e-08
1.700000000000000178e+00,5.520666759638026877e-07,4.508055672365873247e-07,5.423169851660941977e-08,1.725759348422389146e-08,1.136777249711008064e-08,1.840404422927199430e-08
1.709999999999999964e+00,5.263977012706619407e-07,4.251560853755165089e-07,6.417724243270144473e-08,1.303922193885456075e-08,8.638669460425074865e-09,1.538648206316430341e-08
1.719999999999999973e+00,5.032310238979272318e-07,4.013257273951098660e-07,7.321079732422875159e-08,9.189155150883423355e-09,6.139401581695256748e-09,1.336594244600997956e-08
1.729999999999999982e+00,4.781220180005993392e-07,3.787641121664948859e-07,8.091539236652750086e-08,5.870100428098502724e-09,3.975101162789146166e-09,8.597311876689401152e-09
1.739999999999999991e+00,4.543090264684728633e-07,3.578965329517634509e-07,8.694819054906961947e-08,3.215201104727777841e-09,2.232983695695789895e-09,4.016118167216142983e-09
1.750000000000000000e+00,4.325597171782229676e-07,3.379173213692711278e-07,9.105443042536406493e-08,1.323232166385836289e-09,9.788257836958787927e-10,1.285907433506088247e-09
1.760000000000000009e+00,4.117648553635971628e-07,3.174692580707210092e-07,9.307603130810938507e-08,2.550270788476204817e-10,2.534547181627662266e-10,7.110841877563658954e-10
1.770000000000000018e+00,3.919854238907017556e-07,2.983044897180201374e-07,9.295480589264814136e-08,3.212151425558257869e-11,7.222614691215247327e-11,6.217806188657166618e-10
1.780000000000000027e+00,3.718052595908575199e-07,2.789492082392668812e-07,9.073123935257345450e-08,6.372234932130329911e-10,4.259970384106906620e-10,1.061591467393428970e-09
1.790000000000000036e+00,3.520541669557608000e-07,2.601426989377810316e-07,8.653908264343160914e-08,2.016375667713491598e-09,1.281727136055209942e-09,2.074282570779419689e-09
1.800000000000000044e+00,3.330478198293820618e-07,2.418818519116563570e-07,8.059688379263293394e-08,4.082698830348230148e-09,2.583963658706439248e-09,3.902421636038131311e-09
1.810000000000000053e+00,3.148453232182113226e-07,2.242113326686415435e-07,7.319556270732443320e-08,6.721235692248177101e-09,4.258742361803629158e-09,6.458449788193560234e-09
1.820000000000000062e+00,2.974242549183469790e-07,2.072739027131496976e-07,6.468446609110045320e-08,9.795243892917827847e-09,6.219462936438212201e-09,9.451179284740807969e-09
1.830000000000000071e+00,2.808727924986988696e-07,1.912734867961506831e-07,5.545095718636299879e-08,1.315275671022270722e-08,8.372079765988481650e-09,1.262351203997395080e-08
1.840000000000000080e+00,2.654002289628618051e-07,1.763858137612954636e-07,4.590032985123115659e-08,1.663435880633992628e-08,1.061805696496351230e-08,1.586166957903172313e-08
1.850000000000000089e+00,2.511466078968961847e-07,1.626794849084675645e-07,3.643686259878813723e-08,2.007969905088432489e-08,1.285491639953950669e-08,1.909564493921665140e-08
1.860000000000000098e+00,2.382476491454384961e-07,1.502812052606451636e-07,2.744907609497158486e-08,2.333458310654878357e-08,1.497659029486674787e-08,2.220619438840621293e-08
1.870000000000000107e+00,2.266848186707391556e-07,1.392394310746861461e-07,1.929867522682939008e-08,2.625668367995272684e-08,1.687679494146784986e-08,2.501323374780305257e-08
1.880000000000000115e+00,2.164454978664891152e-07,1.296064077176142506e-07,1.230778095776952444e-08,2.872199583498381004e-08,1.846223962859138249e-08,2.734707372753015100e-08
1.890000000000000124e+00,2.075784287963721963e-07,1.214128637301861908e-07,6.742100832679257328e-09,3.062978685023052468e-08,1.967073085589195025e-08,2.912294652738430050e-08
1.900000000000000133e+00,2.000896969184090746e-07,1.145946776610806753e-07,2.793057830974036109e-09,3.190752722389432802e-08,2.048131276424021153e-08,3.031312143821980461e-08
1.909999999999999920e+00,1.939634077780391443e-07,1.090814224901313447e-07,5.695801709473568697e-10,3.251195964427126283e-08,2.090064544666566141e-08,3.089980002602349368e-08
1.919999999999999929e+00,1.890830185788878716e-07,1.047770141110178658e-07,1.026780030133585713e-10,3.242949100463058330e-08,2.093444014664800730e-08,3.083939531357806819e-08
1.929999999999999938e+00,1.852732183585112650e-07,1.015641078105289107e-07,1.358737957022469516e-09,3.167376930877803124e-08,2.056680867817228358e-08,3.010979460400954990e-08
1.939999999999999947e+00,1.823586767636276920e-07,9.929994789933834557e-08,4.247793176009979307e-09,3.028424792448700750e-08,1.976936120643128876e-08,2.875732655736106180e-08
1.949999999999999956e+00,1.801797522128840393e-07,9.782040257765144372e-08,8.619241069257945077e-09,2.832476836473405073e-08,1.853608530220136624e-08,2.687925489903923521e-08
1.959999999999999964e+00,1.785723744062713321e-07,9.695116741474093704e-08,1.425208344837765907e-08,2.588211518271129000e-08,1.691487507010300050e-08,2.457213329033845541e-08
1.969999999999999973e+00,1.773643432252284688e-07,9.651932337714030734e-08,2.085729075250015204e-08,2.306289944790047465e-08,1.501140018410528752e-08,2.191342946358225718e-08
1.979999999999999982e+00,1.764002525956158393e-07,9.635882159743966309e-08,2.810224782909135851e-08,1.998776977988814842e-08,1.295862632094111491e-08,1.899278706825554774e-08
1.989999999999999991e+00,1.755589644528594873e-07,9.631012392721835649e-08,3.564909992614221695e-08,1.678496903797520461e-08,1.087630916222617219e-08,1.593846239929756022e-08
2.000000000000000000e+00,1.747261357681903122e-07,9.622340896741653721e-08,4.318214699377598836e-08,1.358253030452692864e-08,8.845500692301299266e-09,1.289254881016954388e-08
2.009999999999999787e+00,1.737756681911540219e-07,9.596496123174171953e-08,5.041300729311871114e-08,1.050426367652674071e-08,6.914664287358733791e-09,9.978771702408109280e-09
2.020000000000000018e+00,1.725785374048721810e-07,9.542688063330251292e-08,5.707104350541530095e-08,7.665362952443030166e-09,5.122894179477195679e-09,7.292356134234150365e-09
2.030000000000000249e+00,1.710322799989529903e-07,9.452475584518540200e-08,6.290208257618007652e-08,5.169099570871317123e-09,3.519199225245535503e-09,4.917142781470630987e-09
2.040000000000000036e+00,1.690889368458657547e-07,9.319764483102623890e-08,6.768541008630343783e-08,3.101704612368351489e-09,2.162564626503599960e-09,2.941612689664124892e-09
2.049999999999999822e+00,1.667458412315825486e-07,9.140760472723309365e-08,7.125417853622122951e-08,1.529492407377087249e-09,1.109270556332692944e-09,1.445295004418464053e-09
2.060000000000000053e+00,1.640143879506124537e-07,8.914204422869523554e-08,7.349617174595339221e-08,4.979078721363912284e-10,4.016687353324047207e-10,4.765953684950172960e-10
2.070000000000000284e+00,1.608963767155883109e-07,8.641399436245490093e-08,7.433438611825239677e-08,3.299634636722998633e-11,6.611620684917694201e-11,4.888368166460367430e-11
2.080000000000000071e+00,1.573836173436606048e-07,8.325938241977510325e-08,7.371387004820369122e-08,1.410503183409533888e-10,1.139998477164145655e-10,1.553147096244453932e-10
2.089999999999999858e+00,2.473352216210138174e-07,1.259671700079708052e-07,7.161918909550137494e-08,8.054708887364017348e-10,5.366410466623235849e-10,4.840675058214291214e-08
2.100000000000000089e+00,1.681591406308619502e-05,8.394707920000461844e-06,6.819854323537049518e-08,1.984005261329785929e-09,1.295771528637625627e-09,8.349727823060394821e-06
2.110000000000000320e+00,3.210347264904860230e-07,1.600541348468396597e-07,6.335657198468764149e-08,3.611863135839257431e-09,2.326040472662877807e-09,9.168611605045657658e-08
2.120000000000000107e+00,1.397524335739954521e-07,6.761999270034763621e-08,5.761098738823476345e-08,5.611384852967976986e-09,3.561877528804254659e-09,5.348191103640811327e-09
2.129999999999999893e+00,1.349453409597457795e-07,6.336607852042710609e-08,5.118737820467606373e-08,7.900136621348448137e-09,4.968778373412029716e-09,7.522969239882153286e-09
2.140000000000000124e+00,1.303673487725823349e-07,5.915955285108521026e-08,4.440852400275363591e-08,1.038843808477077689e-08,6.533433412461947935e-09,9.877400421510744102e-09
2.150000000000000355e+00,1.261535964690223885e-07,5.508895086094293731e-08,3.757114733135153657e-08,1.296880030183662491e-08,8.200208821078558187e-09,1.232448915381273481e-08
2.160000000000000142e+00,1.222489894054518928e-07,5.123537423668456552e-08,3.089607059133330465e-08,1.551374627422739404e-08,9.832085271470409008e-09,1.477171303173620962e-08
2.169999999999999929e+00,1.184901708716415627e-07,4.767052695988739352e-08,2.449710984541895502e-08,1.789800482897447661e-08,1.130634153435917695e-08,1.711818770300156392e-08
2.179999999999999716e+00,1.148965037121654730e-07,4.445790925870861223e-08,1.841976595870476520e-08,2.004038304043804685e-08,1.271022671605319552e-08,1.926821873826086480e-08
2.189999999999999947e+00,1.118640360235431880e-07,4.165378670090782754e-08,1.275845720717393991e-08,2.193379269833643539e-08,1.437242873136269579e-08,2.114557068576229270e-08
2.200000000000000178e+00,1.098611322902591684e-07,3.930518910077858140e-08,7.763392797937586518e-09,2.362592493035551031e-08,1.647507890814950644e-08,2.269154655303797550e-08
2.209999999999999964e+00,1.087120747198403405e-07,3.744351230815527560e-08,3.813251358768843090e-09,2.514358340269201256e-08,1.845749325739321492e-08,2.385423439283099603e-08
2.219999999999999751e+00,1.072801381549595453e-07,3.607444834390053802e-08,1.245436746462892146e-09,2.639955943620906369e-08,1.897104369628007678e-08,2.458964993210697219e-08
2.229999999999999982e+00,1.043985798615051293e-07,3.517108870967370312e-08,1.805312890275939278e-10,2.715813824716953283e-08,1.701343641402373723e-08,2.487538520161056675e-08
2.240000000000000213e+00,1.006966274056790998e-07,3.467933702858137378e-08,4.850603606407731134e-10,2.711504263119494491e-08,1.370165007112732872e-08,2.471553731413467123e-08
2.250000000000000000e+00,9.950175823638365064e-08,3.453739677327660774e-08,1.858463302343191360e-09,2.608209360838941627e-08,1.289574379653339146e-08,2.412806075584104464e-08
2.259999999999999787e+00,1.050980688082871334e-07,3.469978246932291330e-08,3.935848756346889244e-09,2.417275294744218612e-08,1.915659577818538868e-08,2.313308885698976100e-08
2.270000000000000018e+00,1.190475160554544261e-07,3.515038064955148629e-08,6.417408090266168566e-09,2.184606310603090549e-08,3.387456028839664228e-08,2.175910392120923005e-08
2.280000000000000249e+00,1.379990615137658225e-07,3.589266431447272891e-08,9.373150176727856321e-09,1.971779179643323831e-08,5.295971130184878974e-08,2.005574392428320423e-08
2.290000000000000036e+00,1.561660889543326443e-07,3.691807117413507766e-08,1.366957681785627682e-08,1.820864319834885474e-08,6.927754117635532610e-08,1.809225658763710734e-08
2.299999999999999822e+00,1.714542759367862652e-07,3.817147971157107939e-08,2.097715151475115503e-08,1.725372579475249734e-08,7.910829646459592822e-08,1.594362245111560190e-08
2.310000000000000053e+00,1.896258978731202687e-07,3.954097866571722290e-08,3.271560813612626861e-08,1.631630990905766395e-08,8.736872227084968092e-08,1.368427889136944552e-08
2.320000000000000284e+00,2.211636334880781982e-07,4.088626712447345240e-08,4.815612894821070093e-08,1.475889965957181338e-08,1.059678333941956765e-07,1.139450436162654839e-08
2.330000000000000071e+00,2.718820645283829570e-07,4.209040796180855435e-08,6.323626099503103184e-08,1.233868284801762642e-08,1.450545543718715192e-07,9.162158351654243372e-09
2.339999999999999858e+00,3.353569558077473726e-07,4.309747252214778617e-08,7.194536806757828522e-08,9.447316647283362856e-09,2.037980130164939586e-07,7.068785554243981424e-09
2.350000000000000089e+00,3.952705797862191590e-07,4.390520183849168832e-08,7.038977664926828208e-08,6.874022727985892312e-09,2.689276282831393295e-07,5.173950287333992496e-09
2.360000000000000320e+00,4.372203232681494559e-07,4.451681032022645023e-08,6.086569400667113780e-08,5.249865071385022478e-09,3.230706375708592064e-07,3.517316299007657132e-09
2.370000000000000107e+00,4.598866858983369018e-07,4.489163075506867145e-08,5.211677819623952595e-08,4.612579435259130741e-09,3.561295348340037842e-07,2.136162677765769180e-09
2.379999999999999893e+00,4.746706685469346691e-07,4.493771516477931490e-08,5.425771270077508935e-08,4.451569309472427298e-09,3.699473304961066710e-07,1.076340875801183047e-09
2.390000000000000124e+00,4.930706250377951905e-07,4.455531815607024733e-08,7.130478547372115191e-08,4.188427980945958246e-09,3.726399162945883645e-07,3.821771324694321232e-10
2.399999999999999911e+00,5.130782883189084566e-07,4.369663350937464775e-08,9.701835221330291586e-08,3.672371117061263269e-09,3.686148913511693487e-07,7.604012800022305391e-11
