energy_au,total_recorded_SI,n1_l0_m+0,n2_l0_m+0,n2_l1_m-1,n2_l1_m+0,n2_l1_m+1
1.000000000000000021e-02,6.669277572087073391e-02,7.915155042687712627e-07,2.689794266189952238e-02,5.448781312096589655e-03,2.889647891943589175e-02,5.448781311934468470e-03
1.499999999999999944e-02,5.633763425492886029e-02,9.707498862223772678e-07,2.041223786069730484e-02,3.818113859796267752e-03,2.828819792479025236e-02,3.818113859758807700e-03
1.999999999999999695e-02,4.689805550944241286e-02,8.800689072244527436e-07,9.109793040469035819e-03,4.643488234298880080e-03,2.850040593143985529e-02,4.643488234327419750e-03
2.499999999999999792e-02,3.032886749934367646e-02,5.655450237295421489e-07,7.295515042532175511e-03,3.007323293009189075e-03,1.701814032575045543e-02,3.007323293028125316e-03
2.999999999999999889e-02,1.350796542490622677e-02,8.521956603824281766e-07,5.257202071004640417e-03,7.741169419868353628e-04,6.701677274267724485e-03,7.741169419866425917e-04
3.499999999999999639e-02,6.025214048952145379e-03,1.913070017241264973e-06,1.854904185193406718e-03,1.370618872214748982e-04,3.894273019294606890e-03,1.370618872254150515e-04
3.999999999999999389e-02,4.547675413779309582e-03,2.252505803381732775e-06,1.166853654504202819e-03,2.180455887492841241e-04,2.942478075958824407e-03,2.180455887636167619e-04
4.499999999999999833e-02,3.317454126353294643e-03,1.193133033167023179e-06,1.574180839103206083e-03,1.239659008318215146e-04,1.494148352541042847e-03,1.239659008440571969e-04
4.999999999999999584e-02,1.835664604538121691e-03,1.360887672242002744e-07,9.975009766284722267e-04,2.710156924834175926e-05,7.838244006437630881e-04,2.710156925032039435e-05
5.499999999999999334e-02,9.289092250389037507e-04,6.494533491936077576e-07,2.855530518963379435e-04,5.088282740673079525e-05,5.409410649844825000e-04,5.088282740215895863e-05
5.999999999999999084e-02,4.547994386924288264e-04,2.348769581808922337e-06,1.145143799170966108e-04,6.888260075527760532e-05,2.001710876876076006e-04,6.888260075063810093e-05
6.499999999999998834e-02,2.767829509608323718e-04,3.002100384953930344e-06,9.378888109695671105e-05,6.119567335200338642e-05,5.760062277738926703e-05,6.119567334952910154e-05
6.999999999999999278e-02,3.023935103047206024e-04,1.624434023998345355e-06,3.393075037672781732e-05,6.633054883074489933e-05,1.341772282437945509e-04,6.633054882945499690e-05
7.499999999999998335e-02,2.998240733759474836e-04,3.302874248628987224e-07,2.430208969621125225e-05,6.975580743745328233e-05,1.356800813810577649e-04,6.975580743636230390e-05
7.999999999999998779e-02,2.314657823012057018e-04,1.237273047424810901e-06,4.741025505265612094e-05,5.803245289367722797e-05,6.675334841474840327e-05,5.803245289269912853e-05
8.499999999999997835e-02,2.007507634324791812e-04,3.313741607138367893e-06,6.983935145527469341e-05,4.213549177930535025e-05,4.332668681229464355e-05,4.213549177846612355e-05
8.999999999999998279e-02,2.033322507086052677e-04,3.871500059996844714e-06,1.034993536740602866e-04,2.806463591388622000e-05,3.983212514769437986e-05,2.806463591296754162e-05
9.499999999999998723e-02,1.899352789897724362e-04,2.018247517348729290e-06,1.357348660049507321e-04,1.534365989729142830e-05,2.149484567393166381e-05,1.534365989624988271e-05
9.999999999999997780e-02,1.675126786112441615e-04,1.636477812499379660e-07,1.496600080018357394e-04,5.861514592176282919e-06,5.965993644657761270e-06,5.861514591324429507e-06
1.049999999999999822e-01,1.545438053812435897e-04,1.608198454390011044e-06,1.499212396045548554e-04,9.839376702157417004e-07,1.046491982250634494e-06,9.839376698323311780e-07
1.099999999999999728e-01,1.483298797451812132e-04,5.782914898441490280e-06,1.396991601734201463e-04,2.153334835827054552e-07,2.417137706271227885e-06,2.153334834656672865e-07
1.149999999999999772e-01,1.408196421127059237e-04,7.728115164210004156e-06,1.186658206521389530e-04,2.752213652141694277e-06,8.921278992665597279e-06,2.752213651549674575e-06
1.199999999999999817e-01,1.286830937621793775e-04,4.429116790455907649e-06,9.238335811017817545e-05,7.365578908401537218e-06,1.713946104660588808e-05,7.365578906537871611e-06
1.249999999999999722e-01,1.170784777033762384e-04,4.030253390937667156e-07,6.611339874402284884e-05,1.273567001470349279e-05,2.509071359412382620e-05,1.273567001143231254e-05
1.299999999999999767e-01,1.148107903898905883e-04,3.775856166311363540e-06,4.211106282910277097e-05,1.792827624352667180e-05,3.306731891133798463e-05,1.792827623961178716e-05
1.349999999999999811e-01,1.202695213257945961e-04,1.460551538843372289e-05,2.295823943139282280e-05,2.205653681707502140e-05,3.859269287520100634e-05,2.205653681369202263e-05
1.399999999999999856e-01,1.201373963726893283e-04,2.049897119943905951e-05,1.044162461020705405e-05,2.446945802254817142e-05,4.025788451994542414e-05,2.446945802054961412e-05
1.449999999999999900e-01,1.063637301467962933e-04,1.189791866760754634e-05,4.585557267853207685e-06,2.508798876549351865e-05,3.970427668092212878e-05,2.508798876491989438e-05
1.499999999999999944e-01,9.109035296404652368e-05,8.463868064899059151e-07,4.895770875231465420e-06,2.407631333990239628e-05,3.719556860245621483e-05,2.407631333996654039e-05
1.549999999999999989e-01,9.675758565112765951e-05,1.094288404583432440e-05,1.027413134930354667e-05,2.165364087830344355e-05,3.223328849975619045e-05,2.165364087793014936e-05
1.599999999999999756e-01,1.236850885005574743e-04,4.212567528138707641e-05,1.902695468706416164e-05,1.822269339930552936e-05,2.608707173489581424e-05,1.822269339790489939e-05
1.649999999999999800e-01,1.372679423186849408e-04,5.923616099771784296e-05,2.957844742556147864e-05,1.427490339766732458e-05,1.990352710223135810e-05,1.427490339550694672e-05
1.699999999999999845e-01,1.094883658817465236e-04,3.484213403185952075e-05,4.033171413042547295e-05,1.025900383024606823e-05,1.379651006105358916e-05,1.025900382816186235e-05
1.749999999999999889e-01,7.337511120294955324e-05,2.177716044720114051e-06,4.970225963428469968e-05,6.592475793974134212e-06,8.310183937233947256e-06,6.592475792736652958e-06
1.799999999999999933e-01,1.019708309384542212e-04,3.387450076600421935e-05,5.670911915251061405e-05,3.605068401599487195e-06,4.177074216936407478e-06,3.605068401403475301e-06
1.809999999999999942e-01,1.184810426587917071e-04,5.095505846298416475e-05,5.778026573599934603e-05,3.107337916917888300e-06,3.531042625998067907e-06,3.107337916892227013e-06
1.819999999999999951e-01,1.378039466384603365e-04,7.083681178465528201e-05,5.873335009614803022e-05,2.645212602667248798e-06,2.943359552200913968e-06,2.645212602788845036e-06
1.829999999999999960e-01,1.591201961675003289e-04,9.270309204150343021e-05,5.956504166627117158e-05,2.219411000668789231e-06,2.413240458145325068e-06,2.219411000911589531e-06
1.839999999999999969e-01,1.814027960558265318e-04,1.155292052927793154e-04,6.027222511055745459e-05,1.830539890093999644e-06,1.940285871965736961e-06,1.830539890430004273e-06
1.849999999999999978e-01,2.034639752280252881e-04,1.381290921014076824e-04,6.085218750949846725e-05,1.479096803773098088e-06,1.524502009172708490e-06,1.479096804173344449e-06
1.859999999999999987e-01,2.240177257138587646e-04,1.592177693889379941e-04,6.130281810389317295e-05,1.165463193207733028e-06,1.166211834176534260e-06,1.165463193643331156e-06
1.869999999999999996e-01,2.417555972095081023e-04,1.774871398336046462e-04,6.162279007731786022e-05,8.898907085462674399e-07,8.658858810499757583e-07,8.898907089893564098e-07
1.880000000000000004e-01,2.554322293756257963e-04,1.916916312324371614e-04,6.181169823638579190e-05,6.524839806682492943e-07,6.239319450417206248e-07,6.524839810929147682e-07
1.890000000000000013e-01,2.639561106158597658e-04,2.007391237047553866e-04,6.187013421743203833e-05,4.531836239685501458e-07,4.404854453521776014e-07,4.531836243515889265e-07
1.900000000000000022e-01,2.664802457703033430e-04,2.037818112206617909e-04,6.179969066911731202e-05,2.917529134587248083e-07,3.152380532851652228e-07,2.917529137803143663e-07
1.910000000000000031e-01,2.624868638492306263e-04,2.003010937095539568e-04,6.160289619599868915e-05,1.677708120755246408e-07,2.473323192826889610e-07,1.677708123197107134e-07
1.920000000000000040e-01,2.518600583242698024e-04,1.901803638254268426e-04,6.128309219769487518e-05,8.063288888030431754e-08,2.353365232323908229e-07,8.063288903533066983e-08
1.930000000000000049e-01,2.349403700305321453e-04,1.737596802085960472e-04,6.084426984891779688e-05,2.956037465186871265e-08,2.772992236560945308e-07,2.956037471032973884e-08
1.940000000000000058e-01,2.125558222198388047e-04,1.518668305996164424e-04,6.029088949457470347e-05,1.361635702878786289e-08,3.708694116312233709e-07,1.361635698762323459e-08
1.950000000000000067e-01,1.860248044371255207e-04,1.258201870310975980e-04,5.962770533865198382e-05,3.172710977747626441e-08,5.134578479606753528e-07,3.172710963780805544e-08
1.960000000000000075e-01,1.571274607366253265e-04,9.740002374427150517e-05,5.885961565632205183e-05,8.270591827835657938e-08,7.024094997082002075e-07,8.270591804518732166e-08
1.970000000000000084e-01,1.280438302814887377e-04,6.878656704220842367e-05,5.799155347730231393e-05,1.652765780451651825e-07,9.351566062058791805e-07,1.652765777269613475e-07
1.980000000000000093e-01,1.012588549856334241e-04,4.246491469491301166e-05,5.702842572531450864e-05,2.780940043982793816e-07,1.209326557001178111e-06,2.780940040064549104e-07
1.989999999999999825e-01,7.943642990805367167e-05,2.109902111793139423e-05,5.597510127203770398e-05,4.197600307731576429e-07,1.522787456989936169e-06,4.197600303214893940e-07
1.999999999999999833e-01,6.526683031021505489e-05,7.379096759579110493e-06,5.483644138874693783e-05,5.888333688283767298e-07,1.873625424728265005e-06,5.888333683323716000e-07
2.009999999999999842e-01,6.129399299525122209e-05,3.848905528994577031e-06,5.361736060475093279e-05,7.838337023150226511e-07,2.260059457399446304e-06,7.838337017912356877e-07
2.019999999999999851e-01,6.973113685692577609e-05,1.272144229445379724e-05,5.232290267195236757e-05,1.003240828973686252e-06,2.680310233106856325e-06,1.003240828439071666e-06
2.029999999999999860e-01,9.227495116432150434e-05,3.569320774478467779e-05,5.095831549059966431e-05,1.245490508974703743e-06,3.132446911516536242e-06,1.245490508445929449e-06
2.039999999999999869e-01,1.299299328494450245e-04,7.376864447708400693e-05,4.952911039756273414e-05,1.508969121348617565e-06,3.614239732608204997e-06,1.508969120841443671e-06
2.049999999999999878e-01,1.828552951862562673e-04,1.271071362786572513e-04,4.804109474285555203e-05,1.792009319773985655e-06,4.123045525666809777e-06,1.792009319302659465e-06
2.059999999999999887e-01,2.502470921007460204e-04,1.949051950190687293e-04,4.650037151793858393e-05,2.092888620646684369e-06,4.655748322868650827e-06,2.092888620223392783e-06
2.069999999999999896e-01,3.302677174479422295e-04,2.753259787509628560e-04,4.491330514929187047e-05,2.409832306626900387e-06,5.208768934799279101e-06,2.409832306261315885e-06
2.079999999999999905e-01,4.200336867023365907e-04,3.654870396357984470e-04,4.328645762042299946e-05,2.741021285843002889e-06,5.778146874730251024e-06,2.741021285541873783e-06
2.089999999999999913e-01,5.156705634083900112e-04,4.615151638378298202e-04,4.162650312979952554e-05,3.084604732618984877e-06,6.359686975755789862e-06,3.084604732385871669e-06
2.099999999999999922e-01,6.124410681650902443e-04,5.586743499465447217e-04,3.994013202708955178e-05,3.438716576467915602e-06,6.949153038685059497e-06,3.438716576303008028e-06
2.109999999999999931e-01,7.049488622111154930e-04,6.515694347230435420e-04,3.823395554954066853e-05,3.801494314028882408e-06,7.542483310573511624e-06,3.801494313928914733e-06
2.119999999999999940e-01,7.874163365711394323e-04,7.344237195008934335e-04,3.651442193237409306e-05,4.171098275083562722e-06,8.135998587746386552e-06,4.171098275041902254e-06
2.129999999999999949e-01,8.540301147860957561e-04,8.014243300543032406e-04,3.478775206813683587e-05,4.545729419316263089e-06,8.726573825016397540e-06,4.545729419323069845e-06
2.139999999999999958e-01,8.993430915711477305e-04,8.471241558113543676e-04,3.305989950565492105e-05,4.923643970897333797e-06,9.311748312301185490e-06,4.923643970939917532e-06
2.149999999999999967e-01,9.187169205862225725e-04,8.668843002718224378e-04,3.133653578153983426e-05,5.303163667278612770e-06,9.889757198239723570e-06,5.303163667341806510e-06
2.159999999999999976e-01,9.087842028988259331e-04,8.573363050111736453e-04,2.962305845322027529e-05,5.682681027910573681e-06,1.045947737854401736e-05,5.682681027977371546e-06
2.169999999999999984e-01,8.679055051343795074e-04,8.168392772085100294e-04,2.792461626721389454e-05,6.060659739405777077e-06,1.102029217979190283e-05,6.060659739457859439e-06
2.179999999999999993e-01,7.965930508606671942e-04,7.459037546675020098e-04,2.624614402319297812e-05,6.435630903212604241e-06,1.157189036352843081e-05,6.435630903231149180e-06
2.190000000000000002e-01,6.978707695476294619e-04,6.475519733607389139e-04,2.459239907145765352e-05,6.806186408310637456e-06,1.211402429884526712e-05,6.806186408276986531e-06
2.200000000000000011e-01,5.775396179713243551e-04,5.275834254865297782e-04,2.296799199810127309e-05,7.170971006628551491e-06,1.264625847353971835e-05,7.170971006525023736e-06
2.210000000000000020e-01,4.443179304244354220e-04,3.947154332393393869e-04,2.137740571641267071e-05,7.528674747048818318e-06,1.316774197477511408e-05,7.528674746859442926e-06
2.220000000000000029e-01,3.098291699287229121e-04,2.605710790531482737e-04,1.982499956341777966e-05,7.878027264968868906e-06,1.367703678250795412e-05,7.878027264680044224e-06
2.230000000000000038e-01,1.884139347634223606e-04,1.394913191404769542e-04,1.831499768582371408e-05,8.217795062358861173e-06,1.417202781280281073e-05,8.217795061960017075e-06
2.239999999999999769e-01,9.674943289500179176e-05,4.815447325556737780e-05,1.685146356617970366e-05,8.546782409280273980e-06,1.464993125521013416e-05,8.546782408764295389e-06
2.249999999999999778e-01,5.326779207723836957e-05,4.994449673411165963e-06,1.543826461482467109e-05,8.863835930065815571e-06,1.510740592950725012e-05,8.863835929429473599e-06
2.259999999999999787e-01,7.737435419689663366e-05,2.941885784169862467e-05,1.407903206570477542e-05,9.167852388958384329e-06,1.554075951233238083e-05,9.167852388202459940e-06
2.269999999999999796e-01,1.884782468401841504e-04,1.408393184599681920e-04,1.277712182876206285e-05,9.457788736881808000e-06,1.594622907856084817e-05,9.457788736011230925e-06
2.279999999999999805e-01,4.048596857785751292e-04,3.575384529649675274e-04,1.153558147744063053e-05,9.732673181474773002e-06,1.632030497419372902e-05,9.732673180498413370e-06
2.289999999999999813e-01,7.424112159490745986e-04,6.954107968528530550e-04,1.035712732877028535e-05,9.991615930012731915e-06,1.666005990849543105e-05,9.991615928943127508e-06
2.299999999999999822e-01,1.213302959132744668e-03,1.166627746311466127e-03,9.244133848586675456e-06,1.023381833455340217e-05,1.696344230473189598e-05,1.023381833340635693e-05
2.309999999999999831e-01,1.824634369642134284e-03,1.778289080215573288e-03,8.198635686420703279e-06,1.045857941847632707e-05,1.722949490439368154e-05,1.045857941727033511e-05
2.319999999999999840e-01,2.577146440116389291e-03,2.531135034646261883e-03,7.222340822019729445e-06,1.066529913886792271e-05,1.745846637161648402e-05,1.066529913762349918e-05
2.329999999999999849e-01,3.464078171356777935e-03,3.418402768503241585e-03,6.316651857932058299e-06,1.085347818032962497e-05,1.765179463620691379e-05,1.085347817906850472e-05
2.339999999999999858e-01,4.470258853960708094e-03,4.424918778434169461e-03,5.482691612657735165e-06,1.102271451761229511e-05,1.781195487991165839e-05,1.102271451635672292e-05
2.349999999999999867e-01,5.571532763556846790e-03,5.526523858945277951e-03,4.721328948560488042e-06,1.117269736583776414e-05,1.794218093256025703e-05,1.117269736460967987e-05
2.359999999999999876e-01,6.734614750800037471e-03,6.689929066136393945e-03,4.033201192582432421e-06,1.130319940913849531e-05,1.804608465396389218e-05,1.130319940795874274e-05
2.369999999999999885e-01,7.917473483201657031e-03,7.873099404282301803e-03,3.418730462794390852e-06,1.141406833108764939e-05,1.812721179549954569e-05,1.141406832997529524e-05
2.379999999999999893e-01,9.070333424428159153e-03,9.026256271474589199e-03,2.878132513261227623e-06,1.150521865456775145e-05,1.818858313219988540e-05,1.150521865353942127e-05
2.389999999999999902e-01,1.013737677681287273e-02,1.009357983428278011e-02,2.411418126775771438e-06,1.157662474753058009e-05,1.823227490918824571e-05,1.157662474659994499e-05
2.399999999999999911e-01,1.105921244311539736e-02,1.101567833161867446e-02,2.018388390083029180e-06,1.162831559534218696e-05,1.825909191677755689e-05,1.162831559451954347e-05
2.409999999999999920e-01,1.177616059787663962e-02,1.173287284897002111e-02,1.698626182243065453e-06,1.166037162367265795e-05,1.826837947773669109e-05,1.166037162296474847e-05
2.419999999999999929e-01,1.223237885951114316e-02,1.218932351802406652e-02,1.451486757434937996e-06,1.167292352728476483e-05,1.825800767566226069e-05,1.167292352669449807e-05
2.429999999999999938e-01,1.238082964320134927e-02,1.233799670396389450e-02,1.276090350331372087e-06,1.166615276687862831e-05,1.822454335383919005e-05,1.166615276640520465e-05
2.439999999999999947e-01,1.218905853940456356e-02,1.214644302927507871e-02,1.171319298765462646e-06,1.164029317722538476e-05,1.816360447662766642e-05,1.164029317686437085e-05
2.449999999999999956e-01,1.164572115891931645e-02,1.160332370197941429e-02,1.135821361851193020e-06,1.159563301052074705e-05,1.807036955726718154e-05,1.159563301026437729e-05
2.459999999999999964e-01,1.076776163257128945e-02,1.072558838478074664e-02,1.168019863280758208e-06,1.153251672847580279e-05,1.794019447047423367e-05,1.153251672831327410e-05
2.469999999999999973e-01,9.608110824237084402e-03,9.566172729607660269e-03,1.266130188223055184e-06,1.145134594796225216e-05,1.776927254535841532e-05,1.145134594788021194e-05
2.479999999999999982e-01,8.263737417162613647e-03,8.222048814183067350e-03,1.428181185656899440e-06,1.135257911668662481e-05,1.755526356053363778e-05,1.135257911666970787e-05
2.489999999999999991e-01,6.883851580212179376e-03,6.842428266673666014e-03,1.652039324869115888e-06,1.123672971588847216e-05,1.729781478183522271e-05,1.123672971591977850e-05
2.500000000000000000e-01,5.678030200928259850e-03,5.636887138399540240e-03,1.935433123758408009e-06,1.110436302009031409e-05,1.699890336472008041e-05,1.110436302015204585e-05
2.510000000000000009e-01,4.924006005602729087e-03,4.883154902621420976e-03,2.275975443151990602e-06,1.095609165390062654e-05,1.666294423028050247e-05,1.095609165397470465e-05
2.520000000000000018e-01,4.974841575997143023e-03,4.934288623747443668e-03,2.671181695946745800e-06,1.079257034315799738e-05,1.629662986736796719e-05,1.079257034322656131e-05
2.530000000000000027e-01,6.265194552337223673e-03,6.224938592463938325e-03,3.118482765361719419e-06,1.061449034256635554e-05,1.590849642274515285e-05,1.061449034261237654e-05
2.540000000000000036e-01,9.316373294532841881e-03,9.276404673000959028e-03,3.615232334332847000e-06,1.042257402680210417e-05,1.550824114393958218e-05,1.042257402680989179e-05
2.550000000000000044e-01,1.473988389406258662e-02,1.470018419824492550e-02,4.158709249704421904e-06,1.021757006175562363e-05,1.510584644448805338e-05,1.021757006171129331e-05
2.560000000000000053e-01,2.323918039768600036e-02,2.319972319036369204e-02,4.746116335836409285e-06,1.000024944292174801e-05,1.471059210073918274e-05,1.000024944281362933e-05
2.570000000000000062e-01,3.560935086192088678e-02,3.557010342315647389e-02,5.374577613818531313e-06,9.771402522687224715e-06,1.433005610540111726e-05,9.771402522506169729e-06
2.580000000000000071e-01,5.273450254108882906e-02,5.269542851720380311e-02,6.041136098833011094e-06,9.531836975033849903e-06,1.396921383639134597e-05,9.531836974773605806e-06
2.590000000000000080e-01,7.558264993117529140e-02,7.554371268124003558e-02,6.742754216134133587e-06,9.282376492110562484e-06,1.362974273523171416e-05,9.282376491767846177e-06
2.600000000000000089e-01,1.051979590176978230e-01,1.051591253543663756e-01,7.476318426586626672e-06,9.023859894945274057e-06,1.330962511540691310e-05,9.023859894519939851e-06
2.610000000000000098e-01,1.426902590426551987e-01,1.426515029972561799e-01,8.238648963938307565e-06,8.757140285349532274e-06,1.300311586490082803e-05,8.757140284844532925e-06
2.620000000000000107e-01,1.892217982266669873e-01,1.891831044373266657e-01,9.026514769913332329e-06,8.483083873468578187e-06,1.270110682404969671e-05,8.483083872889956429e-06
2.630000000000000115e-01,2.459912906781719644e-01,2.459526570100839804e-01,9.836652897249944925e-06,8.202568181395780930e-06,1.239187882857394334e-05,8.202568180752447548e-06
2.640000000000000124e-01,3.142153764585581266e-01,3.141768155187500966e-01,1.066579095821719030e-05,7.916479435074728186e-06,1.206218998034003881e-05,7.916479434378272286e-06
2.650000000000000133e-01,3.951076935124624434e-01,3.950692328142999532e-01,1.151067072768900961e-05,7.625709095402566129e-06,1.169860924473339349e-05,7.625709094666840934e-06
2.660000000000000142e-01,4.898558368290527598e-01,4.898175174864767278e-01,1.236807082956594778e-05,7.331149622905754992e-06,1.128897250140409054e-05,7.331149622146493293e-06
2.670000000000000151e-01,5.995965545980145306e-01,5.995584285744266495e-01,1.323482656229686420e-05,7.033689696778136971e-06,1.082381763272187455e-05,7.033689696012487796e-06
2.680000000000000160e-01,7.253896010623581692e-01,7.253517271496394692e-01,1.410784532635758697e-05,6.734209200130979415e-06,1.029764899279521416e-05,6.734209199376940521e-06
2.690000000000000169e-01,8.681907290885290118e-01,8.681531679320548811e-01,1.498411673625823575e-05,6.433574326771906154e-06,9.709891085094873349e-06,6.433574326047787005e-06
2.700000000000000178e-01,1.028824360109302560e+00,1.028787168709518696e+00,1.586071723516336511e-05,6.132633155932326247e-06,9.065416237455027778e-06,6.132633155256133069e-06
2.710000000000000187e-01,1.207956513145222122e+00,1.207919739341963172e+00,1.673480977106806358e-05,5.832211983294740987e-06,8.374569521779953989e-06,5.832211982683617727e-06
2.720000000000000195e-01,1.406068606384677011e+00,1.406032283857183485e+00,1.760363973190381097e-05,5.533112599604873934e-06,7.652662562952070908e-06,5.533112599074539830e-06
2.730000000000000204e-01,1.623432762874227553e+00,1.623396907162860670e+00,1.846452878379507584e-05,5.236110587485329668e-06,6.918961408577733999e-06,5.236110587049562557e-06
2.740000000000000213e-01,1.860089255116652129e+00,1.860053861092318517e+00,1.931486845357542945e-05,4.941954580953771231e-06,6.195246718418520518e-06,4.941954580623987423e-06
2.750000000000000222e-01,2.115826711016448591e+00,2.115791752097145650e+00,2.015211522347407205e-05,4.651366318677559499e-06,5.504071442124304535e-06,4.651366318462423295e-06
2.760000000000000231e-01,2.390165675246539667e+00,2.390131104498868453e+00,2.097378858216085846e-05,4.365041236633494042e-06,4.866876616145855502e-06,4.365041236538699196e-06
2.770000000000000240e-01,2.682346075730554169e+00,2.682311828813271681e+00,2.177747295711274212e-05,4.083649299312151507e-06,4.302145727199091949e-06,4.083649299340269613e-06
2.780000000000000249e-01,2.991319084951581608e+00,2.991285084676593264e+00,2.256082381967476440e-05,3.807835765587888960e-06,3.823779637148853612e-06,3.807835765738293636e-06
2.790000000000000258e-01,3.315743791047096600e+00,3.315709953169611701e+00,2.332157760086478389e-05,3.538221624137985845e-06,3.439856635410590131e-06,3.538221624406959040e-06
2.800000000000000266e-01,3.653989005383736277e+00,3.653955245105123151e+00,2.405756447682886934e-05,3.275403506280684087e-06,3.151907123342779786e-06,3.275403506661606239e-06
2.810000000000000275e-01,4.004140433199093962e+00,4.004106671787435623e+00,2.476672265774528301e-05,3.019952979312119882e-06,2.954783041651394448e-06,3.019952979795699462e-06
2.820000000000000284e-01,4.364013324001311922e+00,4.363979494914891788e+00,2.544711259759930007e-05,2.772415226350650345e-06,2.837143369144482219e-06,2.772415226925321542e-06
2.830000000000000293e-01,4.731170601147381305e+00,4.731136655088468146e+00,2.609692955758183999e-05,2.533307214575381510e-06,2.782514924751905609e-06,2.533307215227707417e-06
2.840000000000000302e-01,5.102946348086638828e+00,5.102912256513532085e+00,2.671451319181387572e-05,2.303115529601855793e-06,2.770828855225708835e-06,2.303115530316996393e-06
2.849999999999999756e-01,5.476474405119293287e+00,5.476440161893934899e+00,2.729835323881406241e-05,2.082294100220760228e-06,2.780283918396551799e-06,2.082294100982962402e-06
2.859999999999999765e-01,5.848721708303336264e+00,5.848687329334933516e+00,2.784709092982761490e-05,1.871262050151217576e-06,2.789353371796350174e-06,1.871262050944327771e-06
2.869999999999999774e-01,6.216525884560740067e+00,6.216491405503869139e+00,2.835951628698537641e-05,1.670401892282545213e-06,2.778736798390618605e-06,1.670401893090481449e-06
2.879999999999999782e-01,6.576636507288080580e+00,6.576601979546216725e+00,2.883456199946595529e-05,1.480058231254853812e-06,2.733063400501833499e-06,1.480058232062081082e-06
2.889999999999999791e-01,6.925759317961010630e+00,6.925724803413103814e+00,2.927129496394955787e-05,1.300537071052678660e-06,2.642178799816728382e-06,1.300537071844625667e-06
2.899999999999999800e-01,7.260602634227709906e+00,7.260568199218794483e+00,2.966890680546800332e-05,1.132105746640646400e-06,2.501890615183946836e-06,1.132105747404072960e-06
2.909999999999999809e-01,7.577925096396965543e+00,7.577890805600863366e+00,3.002670473129881662e-05,9.749934241354327898e-07,2.314104522014210772e-06,9.749934248587459872e-07
2.919999999999999818e-01,7.874583854227926061e+00,7.874549764993769685e+00,3.034410391705562408e-05,8.293920529373518815e-07,2.086346133238843167e-06,8.293920536108337071e-07
2.929999999999999827e-01,8.147582266237064275e+00,8.147548423971453957e+00,3.062062231066645335e-05,6.954576133619681267e-07,1.830728072753773220e-06,6.954576139779457326e-07
2.939999999999999836e-01,8.394116175521221024e+00,8.394082610540765543e+00,3.085587831777168477e-05,5.733114887543517017e-07,1.562479160118179383e-06,5.733114893073130209e-07
2.949999999999999845e-01,8.611617839940638675e+00,8.611584566068167135e+00,3.104959136554920844e-05,4.630418020157630924e-07,1.298197501405596491e-06,4.630418025023766384e-07
2.959999999999999853e-01,8.797796630379485450e+00,8.797763645368736007e+00,3.120158489878477564e-05,3.647045893737964870e-07,1.054016670761856692e-06,3.647045897928569850e-07
2.969999999999999862e-01,8.950675668053985845e+00,8.950642955732355688e+00,3.131179100350562136e-05,2.783247325661915831e-07,8.438811627148968033e-07,2.783247329185231432e-07
2.979999999999999871e-01,9.068623649213110482e+00,9.068591183051015747e+00,3.138025562625109766e-05,2.038966260407980128e-07,6.781132173964221115e-07,2.038966263290804618e-07
2.989999999999999880e-01,9.150381201257246744e+00,9.150348948925149273e+00,3.140714328698507990e-05,1.413846094884062412e-07,5.624195919931809930e-07,1.413846097169548416e-07
2.999999999999999889e-01,9.195081225951508230e+00,9.195049154327140428e+00,3.139274027332674891e-05,9.072324006622170573e-08,4.974376125166104296e-07,9.072324024071024140e-08
3.009999999999999898e-01,9.202262810269253634e+00,9.202230890318377377e+00,3.133745553308496225e-05,5.181750707716125996e-08,4.788603300085400712e-07,5.181750720432079738e-08
3.019999999999999907e-01,9.171878420345439764e+00,9.171846631323067101e+00,3.124181881220860270e-05,2.454310143582900997e-08,4.981173563152216243e-07,2.454310152311695294e-08
3.029999999999999916e-01,9.104294235674972313e+00,9.104262568177455606e+00,3.110647596499378721e-05,8.746842839546343748e-09,5.435278644425617228e-07,8.746842894795710514e-09
3.039999999999999925e-01,9.000283625521346309e+00,9.000252083053116081e+00,3.093218173698993999e-05,4.247341931524878562e-09,6.017918085718855553e-07,4.247341962595906569e-09
3.049999999999999933e-01,8.861013913915805063e+00,8.860982512803252220e+00,3.071979063627716666e-05,1.083593796895156260e-08,6.596500402738588216e-07,1.083593798339593935e-08
3.059999999999999942e-01,8.688026720080287646e+00,8.687995487750374224e+00,3.047024672425810763e-05,2.827791106881409641e-08,7.055273667636103856e-07,2.827791107356107749e-08
3.069999999999999951e-01,8.483212294184173885e+00,8.483181266006742050e+00,3.018457324728378638e-05,5.631392881888861074e-08,7.309763247478679987e-07,5.631392881997096003e-08
3.079999999999999960e-01,8.248778390864721644e+00,8.248747605915520253e+00,2.986386298902868303e-05,9.466165600864730683e-08,7.317628985971775110e-07,9.466165601098121347e-08
3.089999999999999969e-01,7.987214332019266116e+00,7.987183828238510586e+00,2.950927006269973363e-05,1.430174379373232314e-07,7.084758167500304346e-07,1.430174379445310053e-07
3.099999999999999978e-01,7.701251003505448445e+00,7.701220812792086257e+00,2.912200361061893479e-05,2.010579644573124542e-07,6.665938233660014937e-07,2.010579644716259875e-07
3.109999999999999987e-01,7.393817605485960343e+00,7.393787749274151722e+00,2.870332357632482536e-05,2.684418334147148143e-07,6.160045654533297566e-07,2.684418334369509114e-07
3.119999999999999996e-01,7.067996031621610165e+00,7.067966517433333706e+00,2.825453840618397306e-05,3.448109559534471773e-07,5.700279592235718426e-07,3.448109559830224973e-07
3.130000000000000004e-01,6.726973787057659138e+00,6.726944606420131478e+00,2.777700426718139772e-05,4.297917779341990166e-07,5.440497041233943729e-07,4.297917779692636395e-07
3.140000000000000013e-01,6.373996368600892026e+00,6.373967496571667724e+00,2.727212517112191694e-05,5.229963260979963368e-07,5.539114000859402386e-07,5.229963261355700831e-07
3.150000000000000022e-01,6.012320022628037997e+00,6.012291419000208137e+00,2.674135329669226932e-05,6.240231189974893781e-07,6.142282937506669785e-07,6.240231190337021542e-07
3.160000000000000031e-01,5.645165767613167240e+00,5.645137379696679503e+00,2.618618880844841178e-05,7.324580062247428303e-07,7.368116664426393540e-07,7.324580062550785741e-07
3.170000000000000040e-01,5.275675519752529574e+00,5.275647286463955865e+00,2.560817857909648319e-05,8.478750115889130509e-07,9.293599701003080790e-07,8.478750116085003702e-07
3.180000000000000049e-01,4.906871093528783589e+00,4.906842950388112357e+00,2.500891340803344245e-05,9.698372550415589861e-07,1.194552753900310890e-06,9.698372550454680432e-07
3.190000000000000058e-01,4.541616766173120823e+00,4.541588650715771891e+00,2.439002356435945344e-05,1.097898014783404150e-06,1.529637754308848207e-06,1.097898014766945452e-06
3.200000000000000067e-01,4.182585998232980273e+00,4.182557855307134531e+00,2.375317273073112732e-05,1.231601967518680657e-06,1.926549180315666514e-06,1.231601967477706709e-06
3.210000000000000075e-01,3.832232794543402044e+00,3.832204580979557296e+00,2.310005064965567904e-05,1.370486615152638396e-06,2.372539964541608394e-06,1.370486615083774617e-06
3.220000000000000084e-01,3.492768073797634987e+00,3.492739762006448423e+00,2.243236494564722035e-05,1.514083875118808961e-06,2.851258490568811957e-06,1.514083875019697212e-06
3.230000000000000093e-01,3.166141293751265184e+00,3.166112873918512705e+00,2.175183269351748012e-05,1.661921783825507356e-06,3.344156491079927226e-06,1.661921783694997790e-06
3.240000000000000102e-01,2.854027456093251036e+00,2.853998936784619911e+00,2.106017231556394270e-05,1.813526242667682390e-06,3.832083830520563702e-06,1.813526242505933825e-06
3.249999999999999556e-01,2.557819493370635300e+00,2.557790900518228661e+00,2.035909632115918134e-05,1.968422726601399039e-06,4.296910632189180491e-06,1.968422726410008133e-06
3.259999999999999565e-01,2.278625923159415034e+00,2.278597297559584511e+00,1.965030526573728254e-05,2.126137877726885910e-06,4.723018810029681491e-06,2.126137877508882076e-06
3.269999999999999574e-01,2.017273544813940500e+00,2.017244938406158816e+00,1.893548312535623315e-05,2.286200920120096328e-06,5.098522816512009547e-06,2.286200919879924794e-06
3.279999999999999583e-01,1.774314854209199988e+00,1.774286325514481177e+00,1.821629408601300483e-05,2.448144855057335329e-06,5.416110922770538388e-06,2.448144854800789801e-06
3.289999999999999591e-01,1.550039764154121258e+00,1.550011373318878283e+00,1.749438056253130243e-05,2.611507424238384019e-06,5.673439832304379846e-06,2.611507423972500377e-06
3.299999999999999600e-01,1.344491144420195905e+00,1.344462948332161956e+00,1.677136211552599640e-05,2.775831858308137786e-06,5.873062201876425983e-06,2.775831858041012394e-06
3.309999999999999609e-01,1.157483636950974226e+00,1.157455684867590318e+00,1.604883484525002513e-05,2.940667454504079852e-06,6.021913629934932194e-06,2.940667454244683635e-06
3.319999999999999618e-01,9.886251596543124132e-01,9.885974897154192753e-01,1.532837081753517911e-05,3.105570046769141005e-06,6.130427982271179996e-06,3.105570046527063647e-06
3.329999999999999627e-01,8.373404865815051723e-01,8.373131234761383990e-01,1.461151711896253207e-05,3.270102441435673197e-06,6.211383365238572813e-06,3.270102441220899523e-06
3.339999999999999636e-01,7.028962831250921139e-01,7.028692370585168936e-01,1.389979423599988326e-05,3.433834890366543543e-06,6.278602558597160426e-06,3.433834890189155786e-06
3.349999999999999645e-01,5.844269815096294618e-01,5.844002484851021917e-01,1.319469358885993251e-05,3.596345661647071467e-06,6.345639615331913344e-06,3.596345661516930784e-06
3.359999999999999654e-01,4.809609032667554462e-01,4.809344665705820865e-01,1.249767420338683351e-05,3.757221747480997831e-06,6.424578475082223421e-06,3.757221747407422008e-06
3.369999999999999662e-01,3.914460701672424769e-01,3.914199028380115353e-01,1.181015865049294072e-05,3.916059723024190609e-06,6.525051134468937329e-06,3.916059723015676233e-06
3.379999999999999671e-01,3.147751915104924914e-01,3.147492594937705279e-01,1.113352850177938482e-05,4.072466742369045722e-06,6.653554735324028155e-06,4.072466742432937417e-06
3.389999999999999680e-01,2.498093717909033729e-01,2.497836374356653399e-01,1.046911962638355102e-05,4.226061632793296988e-06,6.813112345896806545e-06,4.226061632935508737e-06
3.399999999999999689e-01,1.954001464579092906e-01,1.953745720029855804e-01,9.818217679225964400e-06,4.376476029285199083e-06,7.003285185695510906e-06,4.376476029509939794e-06
3.409999999999999698e-01,1.504095225636492283e-01,1.503840732900001143e-01,9.182054104051421775e-06,4.523355480881652073e-06,7.220508583010994544e-06,4.523355481191234991e-06
3.419999999999999707e-01,1.137277733389179951e-01,1.137024201214363733e-01,8.561802902858217662e-06,4.666360459806555513e-06,7.458693658756174180e-06,4.666360460201154282e-06
3.429999999999999716e-01,8.428880900117984021e-02,8.426353007399289829e-02,7.958578319546899676e-06,4.805167213630868163e-06,7.710014439655121804e-06,4.805167214108482937e-06
3.439999999999999725e-01,6.108301834049514878e-02,6.105780018256249525e-02,7.373433466860011666e-06,4.939468418134975856e-06,7.965787628976741267e-06,4.939468418691319801e-06
3.449999999999999734e-01,4.316754498179461302e-02,4.314238232450862132e-02,6.807359810062239071e-06,5.068973611534132382e-06,8.217350252235220884e-06,5.068973612162699439e-06
3.459999999999999742e-01,2.967402702740622525e-02,2.964892207291382892e-02,6.261287325027537210e-06,5.193409415821431446e-06,8.456848335030639480e-06,5.193409416513592042e-06
3.469999999999999751e-01,1.981388762775212337e-02,1.978884863740334316e-02,5.736085085238449958e-06,5.312519574544093755e-06,8.677866113706686111e-06,5.312519575289250661e-06
3.479999999999999760e-01,1.288131576317371428e-02,1.285635522377196437e-02,5.232562008992627670e-06,5.426064855062772460e-06,8.875847681844404880e-06,5.426064855848663181e-06
3.489999999999999769e-01,8.254120277785822329e-03,8.229252875917497656e-03,4.751467515823572842e-06,5.533822874708336417e-06,9.048288602271259117e-06,5.533822875521311017e-06
3.499999999999999778e-01,5.392675404004843021e-03,5.367916035399150111e-03,4.293491894738290099e-06,5.635587912855465237e-06,9.194700884419180998e-06,5.635587913680894609e-06
3.509999999999999787e-01,3.837202352118129853e-03,3.812564366271034393e-03,3.859266266214097604e-06,5.731170764655842053e-06,9.316378050746715515e-06,5.731170765478526191e-06
3.519999999999999796e-01,3.203648982221374460e-03,3.179142817263962487e-03,3.449362111670429383e-06,5.820398678194356655e-06,9.416005488548157939e-06,5.820398678999000685e-06
3.529999999999999805e-01,3.178438349575653590e-03,3.154070655041712416e-03,3.064290433844446063e-06,5.903115397372849630e-06,9.497173304579431557e-06,5.903115398144496645e-06
3.539999999999999813e-01,3.512357474256500630e-03,3.488130757248163356e-03,2.704500685823027134e-06,5.979181310851047496e-06,9.563853700087343709e-06,5.979181311575495294e-06
3.549999999999999822e-01,4.013850691890284879e-03,3.989763462313785682e-03,2.370379655047823262e-06,6.048473686096627222e-06,9.619902548594780957e-06,6.048473686760939916e-06
3.559999999999999831e-01,4.541968227541338596e-03,4.518015566880204462e-03,2.062250505525964327e-06,6.110886950090267986e-06,9.668636254835531580e-06,6.110886950683089405e-06
3.569999999999999840e-01,4.999201171449802264e-03,4.975375611757414454e-03,1.780372165821300793e-06,6.166332966860415314e-06,9.712521592332748580e-06,6.166332967372320522e-06
3.579999999999999849e-01,5.324409896959502765e-03,5.300702475276515210e-03,1.524939206322039942e-06,6.214741258297927249e-06,9.752999959645134180e-06,6.214741258721662257e-06
3.589999999999999858e-01,5.486025284506353648e-03,5.462426633558005798e-03,1.296082284888558601e-06,6.256059118942813158e-06,9.790450425243005028e-06,6.256059119273543948e-06
3.599999999999999867e-01,5.475672062006743494e-03,5.452173409638074592e-03,1.093869166148737271e-06,6.290251586829086937e-06,9.824280028626449559e-06,6.290251587064414713e-06
3.609999999999999876e-01,5.302332288397593012e-03,5.278926262900782498e-03,9.183062481529968784e-07,6.317301249205606488e-06,9.853116750107152776e-06,6.317301249345704890e-06
3.619999999999999885e-01,4.987135589999584957e-03,4.963816762199571922e-03,7.693404716796502837e-07,6.337207881523383533e-06,9.875071565239546624e-06,6.337207881570885141e-06
3.629999999999999893e-01,4.558832221544768283e-03,4.535597352513191099e-03,6.468614505304383184e-07,6.349987937600349795e-06,9.888031705886052525e-06,6.349987937560302077e-06
3.639999999999999902e-01,4.049976265096018324e-03,4.026824265886867239e-03,5.507036503865040787e-07,6.355673925592359943e-06,9.889947707700796423e-06,6.355673925472030443e-06
3.649999999999999911e-01,3.493820064051638471e-03,3.470751706627691474e-03,4.806484597029450472e-07,6.354313715995902558e-06,9.879081532443416159e-06,6.354313715804576450e-06
3.659999999999999920e-01,2.921897925180052483e-03,2.898915368413070189e-03,4.364260351189167168e-07,6.345969832868254232e-06,9.854191066377979155e-06,6.345969832616977673e-06
3.669999999999999929e-01,2.362257653370691737e-03,2.339363862588839452e-03,4.177168589686795263e-07,6.330718777232657124e-06,9.814636368716590526e-06,6.330718776933943331e-06
3.679999999999999938e-01,1.838282886865246716e-03,1.815481029206287861e-03,4.241530085337577081e-07,6.308650422728618790e-06,9.760403805300325598e-06,6.308650422396143111e-06
3.689999999999999947e-01,1.368037584818903706e-03,1.345330476279080027e-03,4.553191957928306422e-07,6.279867509383492037e-06,9.692054325615798182e-06,6.279867509031736194e-06
3.699999999999999956e-01,9.640563376943057060e-04,9.414460030273500432e-04,5.107536835359861009e-07,6.244485244040243740e-06,9.610610495695288264e-06,6.244485243684182429e-06
3.709999999999999964e-01,6.335002372008014838e-04,6.109876233251888920e-04,5.899492119050605890e-07,6.202630998005873878e-06,9.517402668041089218e-06,6.202630997660580050e-06
3.719999999999999973e-01,3.785975487241188711e-04,3.561824090795090631e-04,6.923540749242821245e-07,6.154444076392388973e-06,9.413897417220467467e-06,6.154444076072713657e-06
3.729999999999999982e-01,1.972909711594505501e-04,1.749719155861633119e-04,8.173734692206033819e-07,6.100075521623906554e-06,9.301531061098638391e-06,6.100075521344089220e-06
3.739999999999999991e-01,8.401837145616107170e-05,6.179305638505051465e-05,9.643712002332258214e-07,6.039687907256115054e-06,9.181568056591758031e-06,6.039687907029444802e-06
3.750000000000000000e-01,3.056102423604542930e-05,8.426443363530778139e-06,1.132671781001880406e-06,5.973455078328129084e-06,9.054998935018035628e-06,5.973455078166604136e-06
3.760000000000000009e-01,2.690203220813695934e-05,4.854859654355832889e-06,1.321562903187979036e-06,5.901561800768780534e-06,8.922486049141575013e-06,5.901561800682789749e-06
3.770000000000000018e-01,6.204721795449372451e-05,4.008415451642072681e-05,1.530298207986076945e-06,5.824203293900131803e-06,8.784358642288629676e-06,5.824203293898154828e-06
3.780000000000000027e-01,1.247708559493234770e-04,1.028889339543638060e-04,1.758100243947759863e-06,5.741584635073351853e-06,8.640652480776821236e-06,5.741584635161725342e-06
3.790000000000000036e-01,2.042586938557354492e-04,1.824555060612795927e-04,2.004163475457552772e-06,5.653920041801690794e-06,8.491184235212288268e-06,5.653920041984353449e-06
3.800000000000000044e-01,2.906303908501203901e-04,2.689042220837058487e-04,2.267657202893158000e-06,5.561432052136763246e-06,8.335647458969461677e-06,5.561432052415158412e-06
3.810000000000000053e-01,3.753324422778809622e-04,3.536822970911994261e-04,2.547728273403605845e-06,5.464350636396506937e-06,8.173715640111990638e-06,5.464350636769434368e-06
3.820000000000000062e-01,4.514006016900421045e-04,4.298261352533719391e-04,2.843503496653275796e-06,5.362912281090775581e-06,8.005138377371737776e-06,5.362912281554414311e-06
3.830000000000000071e-01,5.135975651893012533e-04,4.920989362916526654e-04,3.154091727155523891e-06,5.257359088085632155e-06,7.829818993773965082e-06,5.257359088633590474e-06
3.840000000000000080e-01,5.584371336585620352e-04,5.370148067646885208e-04,3.478585626619855096e-06,5.147937928576759795e-06,7.647865409476685010e-06,5.147937929200201455e-06
3.850000000000000089e-01,5.841101685672829514e-04,5.627646957416536280e-04,3.816063168188401294e-06,5.034899682927580035e-06,7.459610290897874794e-06,5.034899683615447868e-06
3.860000000000000098e-01,5.903304205762914796e-04,5.690622336381281118e-04,4.165588982348126763e-06,4.918498585216523491e-06,7.265600784642824985e-06,4.918498585955849423e-06
3.870000000000000107e-01,5.781198038458638814e-04,5.569290428415433081e-04,4.526215666139346914e-06,4.798991677143675749e-06,7.066561983117578420e-06,4.798991677919906907e-06
3.880000000000000115e-01,5.495530230309958811e-04,5.284394199135359228e-04,4.896985180071282802e-06,4.676638361810527486e-06,6.863341212970086502e-06,4.676638362607964960e-06
3.890000000000000124e-01,5.074807783400799282e-04,4.864436058275782397e-04,5.276930440743271119e-06,4.551700035631497151e-06,6.656841999693203230e-06,4.551700036433726291e-06
3.900000000000000133e-01,4.552492445650537737e-04,4.342873308141288009e-04,5.665077184309308915e-06,4.424439767890718129e-06,6.447957030043822217e-06,4.424439768681125230e-06
3.910000000000000142e-01,3.964313249578538517e-04,3.755431261683795556e-04,6.060446131732301675e-06,4.295121993229068433e-06,6.237508670521719250e-06,4.295121993991213432e-06
3.920000000000000151e-01,3.345825081868154804e-04,3.137662245643224775e-04,6.462055437916342643e-06,4.164012183007199892e-06,6.026203817844152802e-06,4.164012183725346612e-06
3.930000000000000160e-01,2.730311919854747950e-04,2.522849083115265506e-04,6.868923360629529743e-06,4.031376466799051949e-06,5.814607379061056643e-06,4.031376467458585683e-06
3.940000000000000169e-01,2.147102567488083397e-04,1.940320874449307062e-04,7.280071048306235428e-06,3.897481184245169336e-06,5.603135886493325254e-06,3.897481184832909404e-06
3.950000000000000178e-01,1.620336371028479206e-04,1.414218570278715219e-04,7.694525323713048682e-06,3.762592358851406392e-06,5.392070033055994425e-06,3.762592359355965707e-06
3.960000000000000187e-01,1.168187899617949038e-04,9.627193582194570637e-05,8.111321336062909194e-06,3.626975097370063552e-06,5.181582608634160953e-06,3.626975097782068847e-06
3.970000000000000195e-01,8.025341036282304652e-05,5.977034285027931371e-05,8.529504967893765605e-06,3.490892929526105694e-06,4.971776685285499661e-06,3.490892929838362696e-06
3.980000000000000204e-01,5.290259143530267217e-05,3.248251421397763703e-05,8.948134912689045573e-06,3.354607111606954689e-06,4.762728085214489356e-06,3.354607111814544253e-06
3.990000000000000213e-01,3.475092429704091420e-05,1.439336187271979747e-05,9.366284380231739841e-06,3.218375922725626101e-06,4.554526198537822438e-06,3.218375922825930896e-06
4.000000000000000222e-01,2.527282146811834240e-05,4.977563053476483258e-06,9.783042433099505464e-06,3.082453983905564796e-06,4.347308013738548383e-06,3.082453983898239232e-06
4.010000000000000231e-01,2.352363045892798867e-05,3.290650594457706779e-06,1.019751500259783097e-05,2.947091627450471954e-06,4.141281607084635892e-06,2.947091627337340540e-06
4.020000000000000240e-01,2.824386442293950588e-05,8.073233004524266729e-06,1.060882566957975913e-05,2.812534338010050482e-06,3.936737073030454278e-06,2.812534337794977382e-06
4.030000000000000249e-01,3.796907411284426790e-05,1.786086853071246349e-05,1.101611631965106582e-05,2.679022278230882357e-06,3.734044706330241545e-06,2.679022277919611301e-06
4.040000000000000258e-01,5.113846169915882135e-05,3.109269218401610472e-05,1.141854779008459568e-05,2.546789902210580774e-06,3.533641921037011379e-06,2.546789901810522878e-06
4.050000000000000266e-01,6.619622054403004753e-05,4.621277691945267871e-05,1.181530061647362344e-05,2.416065650478965531e-06,3.336011707625764354e-06,2.416065649999011676e-06
4.060000000000000275e-01,8.168069523962875661e-05,6.175931960409277344e-05,1.220557596244311292e-05,2.287071712207216414e-06,3.141656249228182981e-06,2.287071711657468738e-06
4.070000000000000284e-01,9.629770877024468735e-05,7.643799474058698008e-05,1.258859677927117455e-05,2.160023834734737898e-06,2.951069581525442155e-06,2.160023834126337002e-06
4.080000000000000293e-01,1.089757151729848990e-04,8.917713075060105068e-05,1.296360919960839314e-05,2.035131157972070311e-06,2.764712907486485216e-06,2.035131157316899220e-06
4.090000000000000302e-01,1.189017285504890132e-04,9.916365686449409803e-05,1.332988412669607163e-05,1.912596051895843944e-06,2.582995456196679054e-06,1.912596051206317197e-06
4.100000000000000311e-01,1.255381838421771755e-04,1.058599742772587001e-04,1.368671894368245060e-05,1.792613938932139801e-06,2.406262744082961480e-06,1.792613938220930916e-06
4.110000000000000320e-01,1.286219445438151654e-04,1.090029662004130234e-04,1.403343924201043546e-05,1.675373088855749212e-06,2.234792924400386050e-06,1.675373088135562837e-06
4.120000000000000329e-01,1.281475447693051378e-04,1.085872347840369885e-04,1.436940045672412082e-05,1.561054380962420936e-06,2.068800767335895917e-06,1.561054380245729630e-06
4.130000000000000338e-01,1.243374099048828220e-04,1.048353106840118644e-04,1.469398930137967436e-05,1.449831035653200577e-06,1.908447848886114778e-06,1.449831034951960634e-06
4.140000000000000346e-01,1.176022289130020690e-04,9.815801049679520997e-05,1.500662491495295694e-05,1.341868324155834468e-06,1.753856853616768234e-06,1.341868323481294486e-06
4.150000000000000355e-01,1.084948536028120322e-04,8.910831982213451602e-05,1.530675966484385312e-05,1.237323270054422629e-06,1.605127576362406615e-06,1.237323269416839542e-06
4.160000000000000364e-01,9.766108998361074437e-05,7.833216942834762136e-05,1.559387958894741818e-05,1.136344359013639672e-06,1.462352248880002187e-06,1.136344358422066991e-06
4.170000000000000373e-01,8.579054862581096306e-05,6.651927340170125328e-05,1.586750450042148945e-05,1.039071273349701587e-06,1.325628177526720765e-06,1.039071272811789714e-06
4.180000000000000382e-01,7.357036704447566643e-05,5.435684362190459218e-05,1.612718781535652876e-05,9.456346660310730494e-07,1.195066275630582526e-06,9.456346655529052688e-07
4.190000000000000391e-01,6.164414481988853836e-05,4.248852185662065105e-05,1.637251619117077234e-05,8.561559847428169269e-07,1.070794803025519277e-06,8.561559843287853164e-07
4.199999999999999845e-01,5.057788113043117854e-05,3.148031897834847187e-05,1.660310907845989782e-05,7.707473514915400111e-07,9.529583709870041835e-07,7.707473511442680435e-07
4.209999999999999853e-01,4.083411404311124030e-05,2.179475983055312297e-05,1.681861828953849184e-05,6.895114976756551158e-07,8.417129279480092415e-07,6.895114973959684365e-07
4.219999999999999862e-01,3.275486833076358040e-05,1.377383923219985251e-05,1.701872767315539339e-05,6.125417494038408473e-07,7.372179268136853929e-07,6.125417491908108964e-07
4.229999999999999871e-01,2.655345662927637761e-05,7.630832425157305931e-06,1.720315295921539712e-05,5.399220538123646987e-07,6.396271374279299997e-07,5.399220536633799677e-07
4.239999999999999880e-01,2.231467480362888910e-05,3.450499337751396433e-06,1.737164180349171360e-05,4.717270347006044462e-07,5.490795930736359059e-07,4.717270346115380848e-07
4.249999999999999889e-01,2.000250756113993337e-05,1.196797437229155278e-06,1.752397402530357699e-05,4.080220652050149512e-07,4.656919682318029291e-07,4.080220651703869738e-07
4.259999999999999898e-01,1.947412909346105274e-05,7.268870789442999716e-07,1.765996199602801826e-05,3.488633464110470663e-07,3.895533256534250204e-07,3.488633464242630038e-07
4.269999999999999907e-01,2.049875371650259078e-05,1.809983928470674576e-06,1.777945110803237178e-05,2.942979834586304069e-07,3.207227130286837356e-07,2.942979835122290636e-07
4.279999999999999916e-01,2.277976478262414844e-05,4.149486828084493981e-06,1.788232023588683556e-05,2.443640543255560422e-07,2.592296099157741545e-07,2.443640544114865818e-07
4.289999999999999925e-01,2.597852268873088747e-05,7.406782454056390427e-06,1.796848209665076891e-05,1.990906704669206784e-07,2.050767969799976433e-07,1.990906705768104978e-07
4.299999999999999933e-01,2.973831601322707673e-05,1.122519162372321823e-05,1.803788342420093626e-05,1.584980322220503798e-07,1.582449007333978722e-07,1.584980323474727718e-07
4.309999999999999942e-01,3.370706133532930650e-05,1.525266377807177777e-05,1.809050489232399202e-05,1.225974848300766493e-07,1.186976951406636652e-07,1.225974849628021593e-07
4.319999999999999951e-01,3.755756200852869046e-05,1.916203086456206631e-05,1.812636074975705139e-05,9.139158263191988539e-08,8.638722881350601782e-08,9.139158276414560628e-08
4.329999999999999960e-01,4.100438719861398062e-05,2.266788271594492998e-05,1.814549816340304238e-05,6.487416939612584352e-08,6.125798034920580854e-08,6.487416952067073582e-08
4.339999999999999969e-01,4.381671218160444287e-05,2.553940542824160472e-05,1.814799629881103706e-05,4.303048172359504097e-08,4.324949099413371454e-08,4.303048183407333652e-08
4.349999999999999978e-01,4.582675166153817893e-05,2.760881467006161223e-05,1.813396519535721285e-05,2.583728040048004109e-08,3.229723522744002622e-08,2.583728049143182508e-08
4.359999999999999987e-01,4.693370307345137254e-05,2.877530072431814652e-05,1.810354451351196321e-05,1.326301177145922633e-08,2.833181201134652726e-08,1.326301183845922971e-08
4.369999999999999996e-01,4.710338149203369552e-05,2.900466643407448585e-05,1.805690224075368435e-05,5.267998178020274069e-09,3.127682080975184916e-08,5.267998217752496858e-09
4.380000000000000004e-01,4.636395913065420848e-05,2.832507039751548154e-05,1.799423344004440209e-05,1.804653736922243624e-09,4.104598561017166574e-08,1.804653747233888514e-09
4.390000000000000013e-01,4.479841047518875829e-05,2.681947574340639903e-05,1.791575911116425501e-05,2.817719646123604958e-09,5.754018134592669976e-08,2.817719626053665508e-09
4.400000000000000022e-01,4.253440189221131969e-05,2.461554266231324550e-05,1.782172521266746319e-05,8.244512094034104119e-09,8.064499309274581260e-08,8.244512043825695120e-09
4.410000000000000031e-01,3.973244835473185930e-05,2.187378682847811683e-05,1.771240186421703611e-05,1.801517584086585493e-08,1.102293104338813645e-07,1.801517576195742031e-08
4.420000000000000040e-01,3.657318925419704116e-05,1.877485540532753783e-05,1.758808271953897034e-05,3.205293758588304699e-08,1.461452542637645883e-07,3.205293748088454507e-08
4.430000000000000049e-01,3.324461271737024447e-05,1.550675004561339021e-05,1.744908447324675197e-05,5.027435511558851950e-08,1.882294884062777196e-07,5.027435498823759234e-08
4.440000000000000058e-01,2.992998879525245802e-05,1.225275750485419613e-05,1.729574644396329698e-05,7.258956060586356480e-08,2.363057253681362223e-07,7.258956046096496047e-08
4.450000000000000067e-01,2.679716402677904797e-05,9.180740831407606259e-06,1.712843016413163308e-05,9.890249891991573944e-08,2.901880335566372749e-07,9.890249876325723407e-08
4.460000000000000075e-01,2.398973262464221680e-05,6.434306968764988736e-06,1.694751890493997101e-05,1.291111638984581501e-07,3.496844233021004902e-07,1.291111637366992093e-07
4.470000000000000084e-01,2.162044337896814949e-05,4.126210482609627501e-06,1.675341707291989521e-05,1.631078371359294897e-07,4.146001493262197888e-07,1.631078369764738698e-07
4.480000000000000093e-01,1.976703718974326794e-05,2.334188868488133535e-06,1.654654943142108226e-05,2.007793343492948358e-07,4.847402212846268857e-07,2.007793342001302162e-07
4.490000000000000102e-01,1.847054845650657063e-05,1.099263055241022301e-06,1.632736012290409726e-05,2.420072640947961779e-07,5.599107503023276151e-07,2.420072639643232990e-07
4.500000000000000111e-01,1.773595393952129710e-05,4.263868874083261343e-07,1.609631149335665130e-05,2.866683023465297484e-07,6.399189541664381025e-07,2.866683022433536180e-07
4.510000000000000120e-01,1.753492321316193984e-05,2.871996346038456323e-07,1.585388274469547507e-05,3.346344845360909501e-07,7.245718648577081243e-07,3.346344844688158877e-07
4.520000000000000129e-01,1.781032158995809065e-05,6.245321056339646753e-07,1.560056846152334356e-05,3.857735143854885932e-07,8.136739940527862881e-07,3.857735143625059953e-07
4.530000000000000138e-01,1.848204336006673771e-05,1.358243732665933283e-06,1.533687707207372438e-05,4.399490866087874462e-07,9.070243820802432350e-07,4.399490866380486229e-07
4.540000000000000147e-01,1.945371207094706556e-05,2.391926766954038011e-06,1.506332930868848729e-05,4.970212186875605298e-07,1.004413557840605891e-06,4.970212187763751106e-07
4.550000000000000155e-01,2.061977490016278484e-05,3.620004042472484415e-06,1.478045672954606037e-05,5.568465857261014314e-07,1.105620956537195757e-06,5.568465858809406423e-07
4.560000000000000164e-01,2.187253754927404815e-05,4.934766216095002383e-06,1.448880035203668213e-05,6.192788520648063736e-07,1.210413276786408651e-06,6.192788522911486119e-07
4.570000000000000173e-01,2.310873051876761883e-05,6.232938980283617566e-06,1.418890943070154266e-05,6.841689939226459022e-07,1.318544119634965768e-06,6.841689942248494700e-07
4.580000000000000182e-01,2.423526196531989031e-05,7.421435294709140348e-06,1.388134039172979518e-05,7.513656087617910326e-07,1.429755060976197094e-06,7.513656091429668703e-07
4.590000000000000191e-01,2.517389075520400375e-05,8.422026326922909308e-06,1.356665591462482319e-05,8.207152090995467443e-07,1.543778094995204730e-06,8.207152095615147021e-07
4.600000000000000200e-01,2.586463974637702332e-05,9.174751429764197054e-06,1.324542413273611836e-05,8.920625008242777494e-07,1.660339181684892574e-06,8.920625013675417060e-07
4.610000000000000209e-01,2.626785788839837253e-05,9.639976214363774748e-06,1.291821791033871005e-05,9.652506483414017239e-07,1.779162466389367338e-06,9.652506489651216344e-07
4.620000000000000218e-01,2.636492510530074804e-05,9.799093258832455318e-06,1.258561414655392366e-05,1.040121530738912544e-06,1.899974637734472669e-06,1.040121531440985966e-06
4.630000000000000226e-01,2.615767161648584522e-05,9.653937704194000605e-06,1.224819305631843114e-05,1.116515994329595153e-06,2.022508866537185210e-06,1.116515995106632474e-06
4.640000000000000235e-01,2.566664982971634111e-05,9.225056403715159575e-06,1.190653738553029836e-05,1.194274107224518294e-06,2.146507825174401139e-06,1.194274108071962899e-06
4.650000000000000244e-01,2.492844973396770035e-05,8.549021945474967053e-06,1.156123153011990024e-05,1.273235420965139933e-06,2.271725415530390186e-06,1.273235421877305055e-06
4.660000000000000253e-01,2.399228639328473511e-05,7.675020346665279268e-06,1.121286054515116336e-05,1.353239242784776730e-06,2.397927014928577974e-06,1.353239243754940527e-06
4.670000000000000262e-01,2.291611022052551203e-05,6.660963074793727401e-06,1.086200904771804490e-05,1.434124919998977565e-06,2.524888256995339019e-06,1.434124921019421662e-06
4.680000000000000271e-01,2.176249755391697111e-05,5.569380679283091428e-06,1.050926003385744010e-05,1.515732135641370327e-06,2.652392568431578474e-06,1.515732136703489080e-06
4.689999999999999725e-01,2.059457172128548351e-05,4.463347798794907453e-06,1.015519364278693533e-05,1.597901212127587657e-06,2.780227854354139928e-06,1.597901213221914203e-06
4.699999999999999734e-01,1.947218484629301239e-05,3.402669259448737754e-06,9.800385909800910132e-06,1.680473417784456131e-06,2.908182840358141588e-06,1.680473418900768899e-06
4.709999999999999742e-01,1.844856011388008534e-05,2.440526398611980471e-06,9.445407551304877005e-06,1.763291269821626094e-06,3.036043623192600662e-06,1.763291270949001324e-06
4.719999999999999751e-01,1.756755532505943862e-05,1.620743899698125933e-06,9.090822821696919169e-06,1.846198826935472482e-06,3.163590948666555497e-06,1.846198828062368080e-06
4.729999999999999760e-01,1.686166375942533272e-05,9.757927241245762188e-07,8.737188472925105321e-06,1.929041965279406684e-06,3.290598630702465385e-06,1.929041966393781017e-06
4.739999999999999769e-01,1.635082013384294632e-05,5.255966669756741413e-07,8.385052835073266331e-06,2.011668632950383964e-06,3.416833364803846500e-06,2.011668634039775061e-06
4.749999999999999778e-01,1.604203031315247361e-05,2.771611340162707741e-07,8.034955022108573365e-06,2.093929080214134172e-06,3.542055995547674641e-06,2.093929081265822985e-06
4.759999999999999787e-01,1.592979584810890018e-05,2.249953655460441681e-07,7.687424253063696104e-06,2.175676065141145418e-06,3.666024098215721177e-06,2.175676066142294316e-06
4.769999999999999796e-01,1.599726070980781004e-05,3.522558111758044978e-07,7.342979267300396112e-06,2.256765036793069693e-06,3.788495556807628335e-06,2.256765037730910925e-06
4.779999999999999805e-01,1.621796987031060672e-05,6.325007759024879144e-07,7.002127804609225809e-06,2.337054300249442587e-06,3.909232688438012360e-06,2.337054301111435831e-06
4.789999999999999813e-01,1.655809946026353150e-05,1.031916608486619074e-06,6.665366117650538639e-06,2.416405169272938442e-06,4.028006394806409588e-06,2.416405170047027453e-06
4.799999999999999822e-01,1.697899754061086360e-05,1.511855004571316228e-06,6.333178485806579050e-06,2.494682113084830175e-06,4.144599823388521289e-06,2.494682113759615584e-06
4.809999999999999831e-01,1.743986400286082366e-05,2.031510397232450691e-06,6.006036705440315914e-06,2.571752903457448222e-06,4.258811092708220971e-06,2.571752904022386587e-06
4.819999999999999840e-01,1.790039815047002284e-05,2.550566308460239537e-06,5.684399540740673321e-06,2.647488767167155255e-06,4.370454766489157656e-06,2.647488767612796652e-06
4.829999999999999849e-01,1.832325289401884392e-05,3.031649737572927809e-06,5.368712130295821711e-06,2.721764546959146507e-06,4.479361931913690966e-06,2.721764547277257354e-06
4.839999999999999858e-01,1.867615436997984769e-05,3.442452346644889598e-06,5.059405355638551296e-06,2.794458871824126719e-06,4.585378923864395488e-06,2.794458872007883317e-06
4.849999999999999867e-01,1.893357372224874864e-05,3.757404950360850619e-06,4.756895187621023113e-06,2.865454334898599967e-06,4.688364914425594530e-06,2.865454334942682526e-06
4.859999999999999876e-01,1.907787179774308675e-05,3.958825682919315239e-06,4.461582033343649024e-06,2.934637675043299698e-06,4.788188731492821608e-06,2.934637674944002873e-06
4.869999999999999885e-01,1.909987522941353896e-05,4.037499843843927144e-06,4.173850109603284117e-06,3.001899956419452680e-06,4.884725363372141173e-06,3.001899956174730039e-06
4.879999999999999893e-01,1.899888119896720585e-05,3.992688215785463006e-06,3.894066868197323315e-06,3.067136739434537435e-06,4.977852636505859877e-06,3.067136739044025600e-06
4.889999999999999902e-01,1.878212542457347183e-05,3.831597939845975976e-06,3.622582494186429911e-06,3.130248236377348700e-06,5.067448518321357519e-06,3.130248235842360149e-06
4.899999999999999911e-01,1.846378109586171951e-05,3.568383310558709944e-06,3.359729491197371947e-06,3.191139445928614579e-06,5.153389402924913351e-06,3.191139445252110540e-06
4.909999999999999920e-01,1.806358341790661624e-05,3.222770936842515197e-06,3.105822359183380815e-06,3.249720262377454408e-06,5.235549597939295502e-06,3.249720261563971589e-06
4.919999999999999929e-01,1.760519348321344446e-05,2.818422941993635804e-06,2.861157361095169698e-06,3.305905557584978441e-06,5.313802065899097551e-06,3.305905556640562115e-06
4.929999999999999938e-01,1.711442536423911411e-05,2.381162220155525759e-06,2.626012366972101704e-06,3.359615236191569829e-06,5.388020305796208624e-06,3.359615235123709463e-06
4.939999999999999947e-01,1.661746131862827674e-05,1.937184915825779912e-06,2.400646758126608488e-06,3.410774266941990481e-06,5.458081111974400526e-06,3.410774265759498181e-06
4.949999999999999956e-01,1.613917225171583329e-05,1.511377654225469250e-06,2.185301371120941969e-06,3.459312694970665615e-06,5.523867837715158248e-06,3.459312693683596510e-06
4.959999999999999964e-01,1.570164517032828191e-05,1.125841694896529879e-06,1.980198461392920306e-06,3.505165641192237625e-06,5.585273733034816469e-06,3.505165639811776361e-06
4.969999999999999973e-01,1.532299791334995254e-05,7.987047278920383156e-07,1.785541669497824721e-06,3.548273295409054005e-06,5.642204926603636581e-06,3.548273293947400399e-06
4.979999999999999982e-01,1.501653596146805223e-05,5.432754873916558246e-07,1.601515978369818799e-06,3.588580909323767259e-06,5.694582678588759607e-06,3.588580907794050743e-06
4.989999999999999991e-01,1.479027880221839183e-05,3.675689226601060196e-07,1.428287656848813471e-06,3.626038794410349772e-06,5.742344635472642988e-06,3.626038792826481170e-06
5.000000000000000000e-01,1.464685633754644447e-05,2.742025375269482475e-07,1.266004191858920515e-06,3.660602327715698179e-06,5.785444954352618897e-06,3.660602326092259586e-06
5.010000000000000009e-01,1.458375115237144583e-05,2.606396892288310528e-07,1.114794217982178738e-06,3.692231966419870533e-06,5.823853313968592970e-06,3.692231964771972593e-06
5.020000000000000018e-01,1.459384174215387788e-05,3.197347740535356303e-07,9.747674578116116965e-07,3.720893269668818342e-06,5.857552972607943200e-06,3.720893268011970228e-06
5.030000000000000027e-01,1.466618618592705601e-05,4.405194999790789904e-07,8.460146887664876864e-07,3.746556924137594009e-06,5.886538150556398997e-06,3.746556922487495477e-06
5.040000000000000036e-01,1.478697588212458120e-05,6.091595032398462533e-07,7.286077517573130522e-07,3.769198768248476725e-06,5.910811092258030182e-06,3.769198766620915622e-06
5.050000000000000044e-01,1.494058493990525486e-05,8.100065168567744611e-07,6.225996143445685089e-07,3.788799809166502631e-06,5.930379191960279147e-06,3.788799807577130855e-06
5.060000000000000053e-01,1.511064225657770673e-05,1.026672764121046661e-06,5.280244963611956968e-07,3.805346226711904497e-06,5.945252544207508963e-06,3.805346225176049111e-06
5.070000000000000062e-01,1.528105943608817351e-05,1.243060447368480291e-06,4.448980601410551498e-07,3.818829359151566443e-06,5.955442211742992416e-06,3.818829357684079320e-06
5.080000000000000071e-01,1.543695746337767858e-05,1.444289069808385728e-06,3.732176614493493788e-07,3.829245667345724404e-06,5.960959398813461295e-06,3.829245665960757773e-06
5.090000000000000080e-01,1.556544725114889448e-05,1.617475656779706924e-06,3.129626518752507374e-07,3.836596675689825054e-06,5.961815592403412202e-06,3.836596674400698507e-06
5.100000000000000089e-01,1.565623261375197780e-05,1.752336509589452474e-06,2.640947196087478056e-07,3.840888890470639538e-06,5.958023604793534381e-06,3.840888889289602865e-06
5.110000000000000098e-01,1.570201779328922811e-05,1.841592809018347515e-06,2.265582537274690065e-07,3.842133698316533752e-06,5.949599334972188085e-06,3.842133697254688168e-06
5.120000000000000107e-01,1.569871444949230861e-05,1.881175256030816658e-06,2.002807175692164085e-07,3.840347249123536447e-06,5.936563978578087737e-06,3.840347248190653323e-06
5.130000000000000115e-01,1.564545435080665929e-05,1.870234307798006831e-06,1.851730193288999844e-07,3.835550328935001960e-06,5.918946366605333834e-06,3.835550328139416100e-06
5.140000000000000124e-01,1.554442344923083472e-05,1.810972013196650894e-06,1.811298722386686524e-07,3.827768228641851452e-06,5.896785107163287937e-06,3.827768227990375543e-06
5.150000000000000133e-01,1.540054040502346293e-05,1.708318794450560760e-06,1.880301418709542749e-07,3.817030613983103736e-06,5.870130241237889875e-06,3.817030613480956347e-06
5.160000000000000142e-01,1.522100796605851974e-05,1.569483784165575259e-06,2.057371834240371739e-07,3.803371401266227746e-06,5.839044196285693348e-06,3.803371400916987168e-06
5.170000000000000151e-01,1.501476905549011517e-05,1.403410676248497400e-06,2.340991764819426761e-07,3.786828641629907832e-06,5.803601919694273607e-06,3.786828641435493442e-06
5.180000000000000160e-01,1.479190120985706376e-05,1.220172728492257799e-06,2.729494679842364470e-07,3.767444414780246612e-06,5.763890183859412817e-06,3.767444414740909132e-06
5.190000000000000169e-01,1.456298338199950217e-05,1.030340822865931275e-06,3.221069355203130855e-07,3.745264731193563569e-06,5.720006161111781332e-06,3.745264731307911323e-06
5.200000000000000178e-01,1.433846829184705781e-05,8.443575728147099106e-07,3.813763823964630313e-07,3.720339440071773873e-06,5.672055456227308561e-06,3.720339440336802435e-06
5.210000000000000187e-01,1.412809162743153587e-05,6.719485297814054062e-07,4.505489733420972328e-07,3.692722139058937160e-06,5.620149845778997630e-06,3.692722139470098811e-06
5.220000000000000195e-01,1.394034655792008570e-05,5.215986792921039552e-07,5.294027156480773663e-07,3.662470081063355816e-06,5.564405000301903681e-06,3.662470081614645516e-06
5.230000000000000204e-01,1.378204825869946527e-05,4.001186702663659266e-07,6.177029856036356551e-07,3.629644073532649939e-06,5.504938455080147806e-06,3.629644074216666313e-06
5.240000000000000213e-01,1.365800848237438305e-05,3.123206029019169700e-07,7.152030950817641458e-07,3.594308366183633042e-06,5.441868051215347732e-06,3.594308366991721108e-06
5.250000000000000222e-01,1.357083467132289302e-05,2.608177351313467172e-07,8.216448887782133075e-07,3.556530524394818084e-06,5.375310997701349202e-06,3.556530525317166236e-06
5.260000000000000231e-01,1.352086178286350442e-05,2.459562302931288766e-07,9.367593595929672505e-07,3.516381287036545133e-06,5.305383617878497074e-06,3.516381288062366830e-06
5.270000000000000240e-01,1.350621805700141299e-05,2.658802169978043207e-07,1.060267268402183201e-06,3.473934409240634105e-06,5.232201752002500510e-06,3.473934410358291961e-06
5.280000000000000249e-01,1.352301866959930272e-05,3.167242249514148982e-07,1.191879755171931079e-06,3.429266492236228524e-06,5.155881703806328209e-06,3.429266493433401175e-06
5.290000000000000258e-01,1.356567395131438775e-05,3.929198582283661855e-07,1.331298930906973233e-06,3.382456803714557753e-06,5.076541553486061257e-06,3.382456804978430861e-06
5.300000000000000266e-01,1.362729206468662435e-05,4.875968132127276447e-07,1.478218443904631586e-06,3.333587093046582813e-06,4.994302620158654732e-06,3.333587094364026519e-06
5.310000000000000275e-01,1.370015021059384564e-05,5.930525312315940042e-07,1.632324018601970763e-06,3.282741405966535837e-06,4.909290847469489284e-06,3.282741407324256806e-06
5.320000000000000284e-01,1.377620406481457448e-05,7.012603805913230405e-07,1.793293970237452757e-06,3.230005903038508994e-06,4.821637906524015023e-06,3.230005904423274031e-06
5.329999999999999183e-01,1.384760264484803080e-05,8.043837132099094578e-07,1.960799702864526626e-06,3.175468685395920286e-06,4.731481856582979502e-06,3.175468686794694825e-06
5.340000000000000302e-01,1.390717547617304883e-05,8.952627446623703270e-07,2.134506201312751249e-06,3.119219630010402818e-06,4.638967268777015752e-06,3.119219631410508893e-06
5.349999999999999201e-01,1.394886090076008291e-05,9.678431075844426328e-07,2.314072529049531294e-06,3.061350235301746202e-06,4.544244792133352107e-06,3.061350236691011526e-06
5.360000000000000320e-01,1.396804858982812029e-05,1.017519077950981316e-06,2.499152343351296073e-06,3.001953476416468333e-06,4.447470214325989030e-06,3.001953477783385963e-06
5.369999999999999218e-01,1.396181552658111001e-05,1.041370619634480335e-06,2.689394436839840547e-06,2.941123668214359878e-06,4.348803132344280469e-06,2.941123669548149202e-06
5.380000000000000338e-01,1.392904246404588023e-05,1.038281093106858498e-06,2.884443310619439908e-06,2.878956333036503075e-06,4.248405392955818160e-06,2.878956334327261008e-06
5.389999999999999236e-01,1.387040653855309389e-05,1.008931133510002087e-06,3.083939779542457910e-06,2.815548069840581275e-06,4.146439484580737956e-06,2.815548071079313597e-06
5.400000000000000355e-01,1.378825463435240229e-05,9.556731261915610979e-07,3.287521605197903946e-06,2.750996421282070062e-06,4.043067059220084919e-06,2.750996422460783747e-06
5.409999999999999254e-01,1.368637052330328169e-05,8.822991655965852575e-07,3.494824147818062314e-06,2.685399735826395986e-06,3.938447737124111617e-06,2.685399736938127576e-06
5.420000000000000373e-01,1.356965606022038794e-05,7.937226859765838193e-07,3.705481025032689566e-06,2.618857022858695516e-06,3.832738302454857522e-06,2.618857023897560673e-06
5.429999999999999272e-01,1.344375222226675656e-05,6.955995156404569599e-07,3.919124763761901507e-06,2.551467799913084814e-06,3.726092342077017484e-06,2.551467800874295685e-06
5.440000000000000391e-01,1.331462912655425808e-05,5.939175092943921544e-07,4.135387431775291876e-06,2.483331932404764657e-06,3.618660319795170733e-06,2.483331933284639189e-06
5.449999999999999289e-01,1.318817513186113255e-05,4.945849359931175239e-07,4.353901237475783572e-06,2.414549467413592534e-06,3.510590022769076606e-06,2.414549468209561676e-06
5.460000000000000409e-01,1.306981373439206005e-05,4.030464429200027280e-07,4.574299090065374280e-06,2.345220464024457780e-06,3.402027272647144217e-06,2.345220464735081153e-06
5.469999999999999307e-01,1.296417342032027252e-05,3.239518899946304060e-07,4.796215116829832370e-06,2.275444823323349240e-06,3.293116766224195127e-06,2.275444823948266855e-06
5.480000000000000426e-01,1.287483033874055042e-05,2.608980543380398332e-07,5.019285139252087107e-06,2.205322121329245063e-06,3.184002901951976695e-06,2.205322121869201462e-06
5.489999999999999325e-01,1.280413714245148317e-05,2.162566724621899897e-07,5.243147114284389885e-06,2.134951447911956803e-06,3.074830459424224841e-06,2.134951448368722708e-06
5.500000000000000444e-01,1.275314422313168899e-05,1.910951373309924696e-07,5.467441550715771327e-06,2.064431254112096512e-06,2.965745026484378226e-06,2.064431254488449344e-06
5.509999999999999343e-01,1.272161246915972470e-05,1.851890288947352228e-07,5.691811912734337210e-06,1.993859209417909358e-06,2.856893108395165545e-06,1.993859209717576909e-06
5.520000000000000462e-01,1.270811017829159258e-05,1.971191164824093281e-07,5.915905023098098787e-06,1.923332069500227211e-06,2.748421899483065162e-06,1.923332069727792776e-06
5.529999999999999361e-01,1.271018134535390335e-05,2.244400170436783380e-07,6.139371476846321768e-06,1.852945553884314303e-06,2.640478743534471050e-06,1.852945554045119061e-06
5.540000000000000480e-01,1.272456856115446481e-05,2.639036744829970997e-07,6.361866073409732798e-06,1.782794232147673356e-06,2.533210348866343183e-06,1.782794232247719805e-06
5.549999999999999378e-01,1.274747138928774197e-05,3.117184327819406535e-07,6.583048270712944549e-06,1.712971416586903220e-06,2.426761852573225631e-06,1.712971416632727914e-06
5.560000000000000497e-01,1.277482035815777472e-05,3.638237372725421034e-07,6.802582660066354111e-06,1.643569058985459747e-06,2.321275842849443969e-06,1.643569058983974475e-06
5.569999999999999396e-01,1.280254749571863615e-05,4.161612940169493123e-07,7.020139455971478607e-06,1.574677649152216967e-06,2.216891447467405382e-06,1.574677649110586144e-06
5.580000000000000515e-01,1.282683640529204212e-05,4.649256062782853861e-07,7.235394991072445397e-06,1.506386113267969050e-06,2.113743581479900698e-06,1.506386113193440315e-06
5.589999999999999414e-01,1.284433791297011137e-05,5.067798668668475685e-07,7.448032203900655765e-06,1.438781710703387415e-06,2.011962420896082946e-06,1.438781710603137042e-06
5.600000000000000533e-01,1.285234095218858433e-05,5.390268529651259026e-07,7.657741106162794864e-06,1.371949928763937324e-06,1.911673135651787520e-06,1.371949928644938513e-06
5.609999999999999432e-01,1.284889223220241346e-05,5.597283841877189763e-07,7.864219217233107449e-06,1.305974375659789302e-06,1.812995879593127650e-06,1.305974375528668390e-06
5.620000000000000551e-01,1.283286204353027316e-05,5.677707399258789448e-07,8.067171956005606454e-06,1.240936672753239180e-06,1.716046002229401900e-06,1.240936672616145627e-06
5.629999999999999449e-01,1.280395702638176824e-05,5.628769258535203570e-07,8.266312984146973386e-06,1.176916347739752218e-06,1.620934421039258964e-06,1.176916347602263524e-06
5.640000000000000568e-01,1.276268368458055162e-05,5.455696467834977675e-07,8.461364499365456673e-06,1.113990730759277038e-06,1.527768077045999329e-06,1.113990730626320605e-06
5.649999999999999467e-01,1.271026876433437120e-05,5.170911797155149575e-07,8.652057481987839423e-06,1.052234855495097721e-06,1.436650391765022667e-06,1.052234855370897068e-06
5.660000000000000586e-01,1.264854430373096613e-05,4.792880169013264376e-07,8.838131902369349591e-06,9.917213671116837009e-07,1.347681650348881818e-06,9.917213669997228859e-07
5.669999999999999485e-01,1.257980622182743837e-05,4.344691932953396194e-07,9.019336899700177237e-06,9.325204384301352840e-07,1.260959252068636214e-06,9.325204383331496939e-07
5.680000000000000604e-01,1.250665582227870442e-05,3.852476953287526924e-07,9.195430944379535661e-06,8.746996951366119316e-07,1.176577792377226125e-06,8.746996950565770589e-07
5.689999999999999503e-01,1.243183362093646069e-05,3.343743576575635072e-07,9.366181996001676826e-06,8.183241501426966802e-07,1.094628967053652986e-06,8.183241500808706866e-07
5.700000000000000622e-01,1.235805455699884264e-05,2.845732821269872395e-07,9.531367667231055815e-06,7.634561465688463940e-07,1.015201314546137556e-06,7.634561465258157438e-07
5.709999999999999520e-01,1.228785298880562728e-05,2.383871374108132258e-07,9.690775400678483715e-06,7.101553082909125932e-07,9.383798341587859569e-07,7.101553082666323937e-07
5.720000000000000639e-01,1.222344496548998918e-05,1.980397779545262493e-07,9.844202661777053557e-06,6.584784966374404161e-07,8.642455324896732590e-07,6.584784966312962508e-07
5.729999999999999538e-01,1.216661414255806380e-05,1.653224959450745478e-07,9.991457146216260374e-06,6.084797716969679015e-07,7.928749569919249839e-07,6.084797717078355459e-07
5.740000000000000657e-01,1.211862639661689318e-05,1.415089133724609825e-07,1.013235699626639444e-05,5.602103567855886803e-07,7.243397733805377672e-07,5.602103568119099115e-07
5.749999999999999556e-01,1.208017670987557635e-05,1.273020492486203726e-07,1.026673101696634533e-05,5.137186049174383146e-07,6.587064337858863582e-07,5.137186049572866619e-07
5.760000000000000675e-01,1.205137026089368545e-05,1.228154797109454795e-07,1.039441888104728238e-05,4.690499665536615677e-07,5.960359669769791438e-07,4.690499666048159520e-07
5.769999999999999574e-01,1.203173791064357311e-05,1.275887795884248789e-07,1.051527131091531168e-05,4.262469584126088317e-07,5.363839032545963056e-07,4.262469584726317039e-07
5.780000000000000693e-01,1.202028446913363831e-05,1.406356471142335163e-07,1.062915022708193328e-05,3.853491336265333018e-07,4.798003276181020339e-07,3.853491336928361822e-07
5.789999999999999591e-01,1.201556634736655075e-05,1.605213462426368457e-07,1.073592885490653007e-05,3.463930539549241699e-07,4.263300382376033946e-07,3.463930540248554217e-07
5.800000000000000711e-01,1.201579354225246143e-05,1.854644516685017157e-07,1.083549178509290936e-05,3.094122650560025097e-07,3.760127753081334846e-07,3.094122651269128258e-07
5.809999999999999609e-01,1.201894948049362894e-05,2.134564616603388195e-07,1.092773498750621100e-05,2.744372759397851487e-07,3.288834793781753672e-07,2.744372760091177601e-07
5.820000000000000728e-01,1.202292117460403831e-05,2.423917665057760675e-07,1.101256578203496551e-05,2.414955436707968012e-07,2.849725386563256349e-07,2.414955437361757804e-07
5.829999999999999627e-01,1.202563152008393386e-05,2.701998268143537560e-07,1.108990277379722753e-05,2.106114641744821380e-07,2.443059910640946765e-07,2.106114642337766413e-07
5.840000000000000746e-01,1.202516546059975453e-05,2.949713010720879646e-07,1.115967576257206744e-05,1.818063696668671025e-07,2.069056575704494921e-07,1.818063697182828494e-07
5.849999999999999645e-01,1.201988220213682581e-05,3.150703022007370795e-07,1.122182563753519057e-05,1.550985328307407196e-07,1.727891966972709801e-07,1.550985328728883643e-07
5.860000000000000764e-01,1.200850665538882072e-05,3.292259484668892815e-07,1.127630426811627196e-05,1.305031774622059153e-07,1.419700838492780644e-07,1.305031774941757710e-07
5.869999999999999662e-01,1.199019476681028512e-05,3.365978455462548840e-07,1.132307440008936743e-05,1.080324949702046431e-07,1.144575312128387309e-07,1.080324949916198727e-07
5.880000000000000782e-01,1.196456925585414775e-05,3.368119882265754584e-07,1.136210956318819048e-05,8.769566587485175487e-08,9.025637267862414654e-08,8.769566588590605099e-08
5.889999999999999680e-01,1.193172436531086174e-05,3.299656592133308183e-07,1.139339399291814249e-05,6.949888534727493107e-08,6.936694248334613275e-08,6.949888534876629139e-08
5.900000000000000799e-01,1.189220038681460827e-05,3.166020619576787713e-07,1.141692256542839318e-05,5.344539187188739734e-08,5.178497569142779234e-08,5.344539186522306122e-08
5.909999999999999698e-01,1.184693077161879902e-05,2.976574806757120077e-07,1.143270074075066979e-05,3.953549827776146232e-08,3.750155364970912498e-08,3.953549826494753466e-08
5.920000000000000817e-01,1.179716641588402725e-05,2.743855504751994213e-07,1.144074450692858261e-05,2.776662464558766315e-08,2.650310920546175866e-08,2.776662462919788333e-08
5.929999999999999716e-01,1.174438308553698088e-05,2.482646075704110023e-07,1.144108031588228592e-05,1.813333290558039489e-08,1.877149629000455546e-08,1.813333288869793637e-08
5.940000000000000835e-01,1.169017882392818066e-05,2.208949777647965728e-07,1.143374500152756471e-05,1.062736324779342189e-08,1.428411815408223343e-08,1.062736323394404773e-08
5.949999999999999734e-01,1.163616851981536780e-05,1.938934030105591464e-07,1.141878567162343071e-05,5.237672721974015130e-09,1.301409974436907002e-08,5.237672715036568792e-09
5.960000000000000853e-01,1.158388260815048618e-05,1.687916042331894539e-07,1.139625956701005600e-05,1.950476569597019828e-09,1.493048376394111663e-08,1.950476573701628994e-09
5.969999999999999751e-01,1.153467618332650618e-05,1.469452849696050679e-07,1.136623388488286350e-05,7.492928839229894743e-10,1.999842768677391520e-08,7.492929033413449012e-10
5.979999999999999760e-01,1.148965371467382477e-05,1.294587855685277820e-07,1.132878556620103671e-05,1.614991129361197666e-09,2.817938060650918611e-08,1.614991168390157908e-09
5.989999999999999769e-01,1.144961318446434177e-05,1.171292200753201749e-07,1.128400105067858274e-05,4.525844883444151749e-09,3.943122388070759485e-08,4.525844946288216925e-09
5.999999999999999778e-01,1.141501194983559463e-05,1.104123990521959315e-07,1.123197600571167992e-05,9.457588922932951212e-09,5.370836713519666390e-08,9.457589013589444953e-09
6.009999999999999787e-01,1.138595509051131764e-05,1.094112918298765824e-07,1.117281503755705144e-05,1.638348050079352545e-08,7.096180000065132816e-08,1.638348062294390523e-08
6.019999999999999796e-01,1.136220555872582197e-05,1.138863273249001729e-07,1.110663139395561447e-05,2.527436439779586697e-08,9.113910849280508001e-08,2.527436455470635471e-08
6.029999999999999805e-01,1.134321418735040820e-05,1.232855660539344228e-07,1.103354666702879435e-05,3.609874112346794087e-08,1.141844718263090684e-07,3.609874131790195178e-08
6.039999999999999813e-01,1.132816659883518675e-05,1.367917601597379478e-07,1.095369050383043598e-05,4.882283751900289894e-08,1.400386595728684807e-07,4.882283775314222777e-08
6.049999999999999822e-01,1.131604332259857868e-05,1.533825850266865087e-07,1.086720032950543021e-05,6.341067899749467316e-08,1.686390497960765019e-07,6.341067927289017767e-08
6.059999999999999831e-01,1.130568897588970599e-05,1.718998789092807416e-07,1.077422108513631497e-05,7.982416274732117433e-08,1.999196860319620789e-07,7.982416306482795412e-08
6.069999999999999840e-01,1.129588617450785359e-05,1.911235468753745164e-07,1.067490497926484901e-05,9.802313140600592272e-08,2.338113851958567768e-07,9.802313176576789400e-08
6.079999999999999849e-01,1.128542988260172899e-05,2.098458383466337082e-07,1.056941124931846704e-05,1.179654469563451045e-07,2.702419006225143973e-07,1.179654473577682192e-07
6.089999999999999858e-01,1.127319814594845271e-05,2.269419529639468729e-07,1.045790592706810851e-05,1.396070648638809698e-07,3.091361357468924071e-07,1.396070653056231572e-07
6.099999999999999867e-01,1.125821554211177690e-05,2.414333273420767013e-07,1.034056160105387181e-05,1.629021087227395508e-07,3.504163957903596497e-07,1.629021092027293521e-07
6.109999999999999876e-01,1.123970619082240964e-05,2.525404712355240471e-07,1.021755716881227820e-05,1.878029458659124811e-07,3.940026585273385340e-07,1.878029463813561170e-07
6.119999999999999885e-01,1.121713377389686828e-05,2.597228299013832836e-07,1.008907757267806264e-05,2.142602644960085367e-07,4.398128417779837226e-07,2.142602650434302075e-07
6.129999999999999893e-01,1.119022669870345249e-05,2.627038323189765346e-07,9.955313514768310447e-06,2.422231528863426412e-07,4.877630452682020798e-07,2.422231534616211610e-07
6.139999999999999902e-01,1.115898729015756217e-05,2.614800301914570664e-07,9.816461149221911140e-06,2.716391810905954771e-07,5.377677479645877369e-07,2.716391816890118664e-07
6.149999999999999911e-01,1.112368470141731047e-05,2.563140290871474090e-07,9.672721752483708194e-06,3.024544853968656693e-07,5.897399484364061003e-07,3.024544860131824059e-07
6.159999999999999920e-01,1.108483207642404422e-05,2.477117454747837943e-07,9.524301375040184121e-06,3.346138555002755634e-07,6.435912442799931670e-07,3.346138561288085268e-07
6.169999999999999929e-01,1.104314935298076216e-05,2.363853681315634274e-07,9.371410480145014237e-06,3.680608240852827707e-07,6.992318558989181101e-07,3.680608247199838281e-07
6.179999999999999938e-01,1.099951392685592701e-05,2.232042246938160261e-07,9.214263576449552604e-06,4.027377582472480026e-07,7.565706085834907024e-07,4.027377588818187228e-07
6.189999999999999947e-01,1.095490215778624057e-05,2.091365077084120485e-07,9.053078851910355675e-06,4.385859519842143683e-07,8.155148935710478974e-07,4.385859526122119011e-07
6.199999999999999956e-01,1.091032533107042491e-05,1.951854443110649417e-07,8.888077815823412764e-06,4.755457188819457112e-07,8.759706325570928724e-07,4.755457194969098422e-07
6.209999999999999964e-01,1.086676413435107102e-05,1.823239407296640447e-07,8.719484954421903260e-06,5.135564841185710122e-07,9.378422703667921211e-07,5.135564847141383004e-07
6.219999999999999973e-01,1.082510591306862796e-05,1.714319419355265495e-07,8.547527403409472976e-06,5.525568750290351901e-07,1.001032817095505889e-06,5.525568755990875165e-07
6.229999999999999982e-01,1.078608888716749312e-05,1.632406745063655680e-07,8.372434638336860932e-06,5.924848096786999686e-07,1.065443954428084509e-06,5.924848102174818504e-07
6.239999999999999991e-01,1.075025712369531136e-05,1.582875636231224055e-07,8.194438181253003832e-06,6.332775831731347361e-07,1.130976211970656612e-06,6.332775836753948866e-07
6.250000000000000000e-01,1.071792936915765870e-05,1.568849358588321897e-07,8.013771319856197075e-06,6.748719517330272795e-07,1.197529209515486616e-06,6.748719521941147466e-07
6.260000000000000009e-01,1.068918388636888737e-05,1.591046708190014655e-07,7.830668833793549767e-06,7.172042148522948515e-07,1.265001951635761485e-06,7.172042152682782376e-07
6.270000000000000018e-01,1.066386027725893404e-05,1.647798095355617462e-07,7.645366721951310729e-06,7.602102960872807276e-07,1.333293153229768327e-06,7.602102964550121407e-07
6.280000000000000027e-01,1.064157799576884313e-05,1.735228547160612565e-07,7.458101924673745674e-06,8.038258231633719105e-07,1.402301569735093074e-06,8.038258234805709262e-07
6.290000000000000036e-01,1.062176997165960416e-05,1.847592149008734077e-07,7.269112035814765363e-06,8.479862081161795890e-07,1.471926304446354135e-06,8.479862083814324033e-07
6.300000000000000044e-01,1.060372859204499626e-05,1.977730665319263227e-07,7.078635001206488521e-06,8.926267280955321964e-07,1.542067067902723132e-06,8.926267283083273074e-07
6.310000000000000053e-01,1.058666033303188804e-05,2.117619456587758774e-07,6.886908802309548648e-06,9.376826072729335471e-07,1.612624370357017949e-06,9.376826074336111444e-07
6.320000000000000062e-01,1.056974469156628579e-05,2.258957281489404926e-07,6.694171126182866661e-06,9.830891000263783148e-07,1.683499637072010414e-06,9.830891001360908925e-07
6.330000000000000071e-01,1.055219280145732494e-05,2.393753792499459590e-07,6.500659025176202534e-06,1.028781575274971433e-06,1.754595246420611377e-06,1.028781575335593792e-06
6.340000000000000080e-01,1.053330125476848177e-05,2.514869790129657820e-07,6.306608571597607752e-06,1.074695601535875062e-06,1.825814501072130504e-06,1.074695601549903198e-06
6.350000000000000089e-01,1.051249717689285623e-05,2.616470475215837235e-07,6.112254513835571290e-06,1.120767032028132906e-06,1.897061551509002410e-06,1.120767031998565738e-06
6.360000000000000098e-01,1.048937146721313196e-05,2.694360509670580725e-07,5.917829940863589993e-06,1.166932088984598018e-06,1.968241297483087713e-06,1.166932088914798691e-06
6.370000000000000107e-01,1.046369822921753469e-05,2.746180792451844066e-07,5.723565961657750106e-06,1.213127446269845755e-06,2.039259295881344500e-06,1.213127446163410136e-06
6.380000000000000115e-01,1.043543966156736368e-05,2.771459353657664437e-07,5.529691404947348247e-06,1.259290309467768497e-06,2.110021702458099423e-06,1.259290309328381814e-06
6.390000000000000124e-01,1.040473693958008453e-05,2.771521411737209529e-07,5.336432542968591437e-06,1.305358492763339547e-06,2.180435270079786854e-06,1.305358492594645947e-06
6.400000000000000133e-01,1.037188876161123502e-05,2.749275184170258028e-07,5.144012840788315136e-06,1.351270492195539026e-06,2.250407418209333284e-06,1.351270492001021721e-06
6.410000000000000142e-01,1.033732015906722569e-05,2.708899400379649231e-07,4.952652730541916729e-06,1.396965555156208563e-06,2.319846378392064553e-06,1.396965554939071667e-06
6.420000000000000151e-01,1.030154479190575088e-05,2.655464817942183639e-07,4.762569407868787747e-06,1.442383746313191556e-06,2.388661409853260948e-06,1.442383746076293593e-06
6.430000000000000160e-01,1.026512422882293358e-05,2.594524926863503182e-07,4.573976646146259663e-06,1.487466010401054321e-06,2.456763069442439719e-06,1.487466010146829452e-06
6.440000000000000169e-01,1.022862763803179538e-05,2.531710378464591217e-07,4.387084623020827390e-06,1.532154232512077915e-06,2.524063512409948586e-06,1.532154232242482151e-06
6.450000000000000178e-01,1.019259492429695307e-05,2.472357821454336854e-07,4.202099753289140015e-06,1.576391296605614408e-06,2.590476795934662543e-06,1.576391296322102528e-06
6.460000000000000187e-01,1.015750570769956727e-05,2.421197431539755229e-07,4.019224522427485041e-06,1.620121142925088084e-06,2.655919156564421977e-06,1.620121142628597753e-06
6.470000000000000195e-01,1.012375573980160828e-05,2.382115385675716126e-07,3.838657315918356130e-06,1.663288824868577583e-06,2.720309235887575930e-06,1.663288824559527025e-06
6.480000000000000204e-01,1.009164149554729376e-05,2.357998883414658722e-07,3.660592240863846509e-06,1.705840565631039882e-06,2.783568235401591860e-06,1.705840565309349897e-06
6.490000000000000213e-01,1.006135286473354921e-05,2.350663070054855150e-07,3.485218938005758112e-06,1.747723814644281212e-06,2.845619990768639416e-06,1.747723814309385349e-06
6.500000000000000222e-01,1.003297318188150076e-05,2.360852249215182500e-07,3.312722384010828839e-06,1.788887303541362616e-06,2.906390966215569334e-06,1.788887303192222411e-06
6.510000000000000231e-01,1.000648534071801247e-05,2.388302730770182834e-07,3.143282685514536747e-06,1.829281101099260988e-06,2.965810180292775374e-06,1.829281100734421028e-06
6.520000000000000240e-01,9.981782471725037678e-06,2.431851883478644775e-07,2.977074867785656346e-06,1.868856666411101455e-06,3.023809083151724543e-06,1.868856666028691279e-06
6.530000000000000249e-01,9.958681618795696042e-06,2.489577466539050446e-07,2.814268661889304153e-06,1.907566899456401312e-06,3.080321411741888868e-06,1.907566899054197034e-06
6.540000000000000258e-01,9.936939003617333517e-06,2.558952809146616850e-07,2.655028294740140279e-06,1.945366188232800015e-06,3.135283051921483653e-06,1.945366187808248044e-06
6.550000000000000266e-01,9.916265760800418739e-06,2.637006358034062368e-07,2.499512286591003104e-06,1.982210451794783887e-06,3.188631935266157833e-06,1.982210451345066566e-06
6.560000000000000275e-01,9.896343393767934239e-06,2.720477832968934213e-07,2.347873260176259073e-06,2.018057178761570380e-06,3.240307993249556031e-06,2.018057178283654910e-06
6.570000000000000284e-01,9.876838569169678138e-06,2.805966988062618080e-07,2.200257765142636883e-06,2.052865461190038443e-06,3.290253183349998008e-06,2.052865460680742520e-06
6.580000000000000293e-01,9.857417170510342517e-06,2.890074108716510534e-07,2.056806120593156540e-06,2.086596024055264281e-06,3.338411591478934764e-06,2.086596023511335297e-06
6.590000000000000302e-01,9.837757720920927264e-06,2.969533377498044213e-07,1.917652277658862749e-06,2.119211250901564839e-06,3.384729604290922142e-06,2.119211250319773483e-06
6.599999999999999201e-01,9.817564335011168700e-06,3.041340846260761998e-07,1.782923703121149871e-06,2.150675206494926922e-06,3.429156134896838102e-06,2.150675205872177288e-06
6.610000000000000320e-01,9.796579271061374547e-06,3.102877949880617089e-07,1.652741284277533641e-06,2.180953657457185910e-06,3.471642877547970109e-06,2.180953656790623496e-06
6.619999999999999218e-01,9.774594953488906769e-06,3.152029538038926412e-07,1.527219254540502874e-06,2.210014091890299806e-06,3.512144562076759694e-06,2.210014091177451277e-06
6.630000000000000338e-01,9.751465068205614347e-06,3.187292746339909355e-07,1.406465138682935943e-06,2.237825738881679949e-06,3.550619177886448718e-06,2.237825738120559013e-06
6.639999999999999236e-01,9.727114059804583759e-06,3.207870271170416539e-07,1.290579716193633302e-06,2.264359588538896148e-06,3.587028140226858011e-06,2.264359587728155174e-06
6.650000000000000355e-01,9.701544142388778409e-06,3.213739386818472452e-07,1.179657000841435105e-06,2.289588412860471509e-06,3.621336378005515022e-06,2.289588411999508681e-06
6.659999999999999254e-01,9.674838831282056079e-06,3.205686916703197796e-07,1.073784234247865534e-06,2.313486787335933681e-06,3.653512331602921217e-06,2.313486786425015815e-06
6.670000000000000373e-01,9.647162051180882428e-06,3.185300756160839497e-07,9.730418910106447297e-07,2.336031112771198456e-06,3.683527859971422613e-06,2.336031111811533420e-06
6.679999999999999272e-01,9.618752094521862287e-06,3.154910627149677151e-07,8.775036926890631174e-07,2.357199636449066390e-06,3.711358067225885249e-06,2.357199635442879763e-06
6.690000000000000391e-01,9.589910083262625655e-06,3.117474448819378133e-07,7.872366277827319702e-07,2.376972471474408806e-06,3.736981068698579735e-06,2.376972470424967595e-06
6.699999999999999289e-01,9.560983092598525015e-06,3.076411691787861817e-07,7.023009747398185558e-07,2.395331613010946177e-06,3.760377723746388710e-06,2.395331611922584650e-06
6.710000000000000409e-01,9.532342669180397554e-06,3.035390784759205699e-07,6.227503250578609287e-07,2.412260950111814895e-06,3.781531366544924022e-06,2.412260948989876981e-06
6.719999999999999307e-01,9.504360047665924200e-06,2.998083346310147444e-07,5.486316037701900137e-07,2.427746272047315042e-06,3.800427566319302102e-06,2.427746270898101821e-06
6.730000000000000426e-01,9.477379860489157598e-06,2.967902951986417306e-07,4.799850850564471858e-07,2.441775268312612470e-06,3.817053944778166691e-06,2.441775267143289415e-06
6.739999999999999325e-01,9.451694475654563385e-06,2.947749598565951297e-07,4.168444014367718997e-07,2.454337521952832868e-06,3.831400071637046925e-06,2.454337520771317621e-06
6.750000000000000444e-01,9.427521229673612037e-06,2.939782425614562835e-07,3.592365459718013171e-07,2.465424496307267621e-06,3.843457449711023852e-06,2.465424495122063546e-06
6.759999999999999343e-01,9.404984715558407620e-06,2.945242266082112633e-07,3.071818680686392901e-07,2.475029515782808834e-06,3.853219590495885200e-06,2.475029514602863563e-06
6.770000000000000462e-01,9.384105935380478416e-06,2.964342177652458934e-07,2.606940647896958698e-07,2.483147741705989953e-06,3.860682170579027125e-06,2.483147740540520051e-06
6.779999999999999361e-01,9.364799560372523177e-06,2.996238513122194403e-07,2.197801708622384671e-07,2.489776144656688695e-06,3.865843250026367589e-06,2.489776143515008561e-06
6.790000000000000480e-01,9.346879813422753899e-06,3.039087859804502312e-07,1.844405517458206523e-07,2.494913474887937856e-06,3.868703527029262125e-06,2.494913473779283537e-06
6.799999999999999378e-01,9.330074675508466650e-06,3.090187071992643603e-07,1.546689049821009163e-07,2.498560232487907755e-06,3.869266599417905749e-06,2.498560231421287445e-06
6.810000000000000497e-01,9.314047307849326578e-06,3.146185523452572823e-07,1.304522754889819038e-07,2.500718638813123781e-06,3.867539203404811275e-06,2.500718637797152230e-06
6.819999999999999396e-01,9.298422865961454421e-06,3.203351526094205765e-07,1.117710903649790169e-07,2.501392610441567989e-06,3.863531403061124473e-06,2.501392609484361889e-06
6.830000000000000515e-01,9.282818341633379707e-06,3.257869414050714067e-07,9.859921808239062182e-08,2.500587736496322575e-06,3.857256710044244119e-06,2.500587735605351064e-06
6.839999999999999414e-01,9.266872765885728318e-06,3.306140705478565304e-07,9.090405568099926177e-08,2.498311259693770538e-06,3.848732121087318977e-06,2.498311258875784044e-06
6.850000000000000533e-01,9.250275075409374921e-06,3.345062386126165865e-07,8.864664580015041043e-08,2.494572060966984762e-06,3.837978069801694129e-06,2.494572060227928186e-06
6.859999999999999432e-01,9.232787190243740768e-06,3.372257754998445541e-07,9.178182325014034440e-08,2.489380647005870400e-06,3.825018298137054062e-06,2.489380646350830599e-06
6.870000000000000551e-01,9.214260344066615920e-06,3.386240162776598424e-07,1.002583885163917319e-07,2.482749139647052300e-06,3.809879660545312245e-06,2.482749139080199641e-06
6.879999999999999449e-01,9.194643394178267078e-06,3.386496803604221893e-07,1.140193033422510978e-07,2.474691265726930209e-06,3.792591879497174236e-06,2.474691265251490193e-06
6.890000000000000568e-01,9.173982639179886062e-06,3.373487722307367831e-07,1.330019015877295603e-07,2.465222345841412650e-06,3.773187274060342559e-06,2.465222345459665912e-06
6.899999999999999467e-01,9.152413499558103844e-06,3.348563482645893321e-07,1.571381071345029077e-07,2.454359280435378585e-06,3.751700483574984774e-06,2.454359280148648615e-06
6.910000000000000586e-01,9.130145179923510423e-06,3.313812605065126906e-07,1.863546498826081200e-07,2.442120531764001617e-06,3.728168206197729904e-06,2.442120531572657721e-06
6.919999999999999485e-01,9.107440051274268372e-06,3.271856115759041801e-07,2.205732709753303006e-07,2.428526100519008364e-06,3.702628967781539163e-06,2.428526100422487265e-06
6.930000000000000604e-01,9.084589905721425089e-06,3.225610729802258297e-07,2.597109093298828074e-07,2.413597496255471366e-06,3.675122930903554328e-06,2.413597496252289911e-06
6.939999999999999503e-01,9.061891408696830046e-06,3.178043952429293752e-07,3.036798632882275867e-07,2.397357701161731511e-06,3.645691747754402603e-06,2.397357701249538335e-06
6.950000000000000622e-01,9.039622997510626310e-06,3.131943646285864477e-07,3.523879235953533368e-07,2.379831127131136378e-06,3.614378454848800334e-06,2.379831127306749602e-06
6.959999999999999520e-01,9.018025172030151126e-06,3.089721590368414233e-07,4.057384767507918556e-07,2.361043566509017451e-06,3.581227402965014254e-06,2.361043566768485666e-06
6.970000000000000639e-01,8.997285639502954952e-06,3.053265711485321479e-07,4.636305807999496839e-07,2.341022137229604643e-06,3.546284212756605557e-06,2.341022137568262815e-06
6.979999999999999538e-01,8.977530176349161596e-06,3.023849651949184770e-07,5.259590185467768312e-07,2.319795223346362297e-06,3.509595745502194774e-06,2.319795223758909270e-06
6.990000000000000657e-01,8.958819429426512172e-06,3.002101896425307225e-07,5.926143356996715147e-07,2.297392412140254490e-06,3.471210079323219449e-06,2.297392412620835573e-06
6.999999999999999556e-01,8.941151272878549664e-06,2.988030571235936749e-07,6.634828733572365710e-07,2.273844429100039948e-06,3.431176483655352565e-06,2.273844429642327382e-06
7.010000000000000675e-01,8.924467829958945416e-06,2.981094917010382100e-07,7.384468053157123162e-07,2.249183072067699956e-06,3.389545388209490531e-06,2.249183072665003450e-06
7.019999999999999574e-01,8.908665911878519328e-06,2.980310823489822694e-07,8.173841908248842367e-07,2.223441145782443966e-06,3.346368346494429651e-06,2.223441146427780157e-06
7.030000000000000693e-01,8.893609445642665205e-06,2.984375990138685663e-07,9.001690526215432959e-07,2.196652397935372216e-06,3.301697997450276274e-06,2.196652398621605276e-06
7.039999999999999591e-01,8.879142464256555397e-06,2.991800285403357160e-07,9.866714883910777898e-07,2.168851457671779382e-06,3.255588031261700254e-06,2.168851458391662096e-06
7.050000000000000711e-01,8.865101397126525472e-06,3.001028538694950104e-07,1.076757821414120971e-06,2.140073777289089924e-06,3.208093166518413624e-06,2.140073778035406419e-06
7.059999999999999609e-01,8.851325688540691912e-06,3.010545938282304015e-07,1.170290793253719611e-06,2.110355577669812322e-06,3.159269145353476763e-06,2.110355578435453026e-06
7.070000000000000728e-01,8.837666137451253819e-06,3.018959918942071628e-07,1.267129798194848495e-06,2.079733797775367036e-06,3.109172751033417740e-06,2.079733798553412115e-06
7.079999999999999627e-01,8.823990736742386249e-06,3.025056342383457191e-07,1.367131156038160897e-06,2.048246048322612296e-06,3.057861849036861150e-06,2.048246049106406187e-06
7.090000000000000746e-01,8.810188141276797681e-06,3.027831359747511746e-07,1.470148417026945065e-06,2.015930569556550065e-06,3.005395448378751269e-06,2.015930570339801007e-06
7.099999999999999645e-01,8.796169167026647888e-06,3.026503146662617707e-07,1.576032690392585400e-06,1.982826192836126159e-06,2.951833775518762859e-06,1.982826193612910005e-06
7.110000000000000764e-01,8.781866889161614944e-06,3.020509415041439057e-07,1.684632986401641792e-06,1.948972305576145575e-06,2.897238349338642993e-06,1.948972306341040467e-06
7.119999999999999662e-01,8.767235952779103944e-06,3.009497104659058256e-07,1.795796560971665417e-06,1.914408818875061110e-06,2.841672042843350316e-06,1.914408819623120375e-06
7.130000000000000782e-01,8.752251643184805717e-06,2.993310001228693242e-07,1.909369251958157145e-06,1.879176137045939347e-06,2.785199116285084822e-06,1.879176137772755237e-06
7.139999999999999680e-01,8.736909105001652181e-06,2.971978439429026757e-07,2.025195797009026410e-06,1.843315128085664280e-06,2.727885207176652091e-06,1.843315128787407360e-06
7.150000000000000799e-01,8.721222886370142219e-06,2.945713077114196899e-07,2.143120124389660159e-06,1.806867094045450384e-06,2.669797265504763844e-06,1.806867094718848142e-06
7.159999999999999698e-01,8.705226756696538237e-06,2.914902384770884898e-07,2.262985610205226210e-06,1.769873740196344163e-06,2.611003426979163318e-06,1.769873740838717433e-06
7.170000000000000817e-01,8.688973545260362058e-06,2.880111401129319405e-07,2.384635297839168707e-06,1.732377141896663689e-06,2.551572822905703680e-06,1.732377142505893406e-06
7.179999999999999716e-01,8.672534608567622767e-06,2.842077821207668636e-07,2.507912077971167987e-06,1.694419708139722903e-06,2.491575331621715809e-06,1.694419708714249469e-06
7.190000000000000835e-01,8.655998481013177823e-06,2.801700859596544387e-07,2.632658830066101348e-06,1.656044140914613822e-06,2.431081282619410604e-06,1.656044141453398139e-06
7.199999999999999734e-01,8.639468306140446585e-06,2.760018678371377820e-07,2.758718528549908007e-06,1.617293389736694846e-06,2.370161129777524691e-06,1.617293390239181471e-06
7.210000000000000853e-01,8.623057779313192888e-06,2.718171440995241190e-07,2.885934318882255067e-06,1.578210600998106463e-06,2.308885113869135985e-06,1.578210601464171519e-06
7.219999999999999751e-01,8.606885537323618330e-06,2.677349060993944837e-07,3.014149570283258514e-06,1.538839062127852866e-06,2.247322936255359515e-06,1.538839062557752792e-06
7.230000000000000870e-01,8.591068175686285646e-06,2.638725153384969816e-07,3.143207912923033974e-06,1.499222140923382202e-06,2.185543465183684273e-06,1.499222141317688321e-06
7.239999999999999769e-01,8.575712322729111905e-06,2.603381194951837921e-07,3.272953267896361851e-06,1.459403220783156273e-06,2.123614493411711628e-06,1.459403221142698678e-06
7.250000000000000888e-01,8.560906412708005645e-06,2.572227070337478530e-07,3.403229878287270002e-06,1.419425632900918572e-06,2.061602561259346411e-06,1.419425633226721537e-06
7.259999999999999787e-01,8.546712944062224943e-06,2.545925679238207188e-07,3.533882349135025080e-06,1.379332586760960755e-06,1.999572853188248391e-06,1.379332587054169469e-06
7.270000000000000906e-01,8.533162058718987930e-06,2.524829851432289537e-07,3.664755703167832781e-06,1.339167100450341910e-06,1.937589169245387011e-06,1.339167100712197487e-06
7.279999999999999805e-01,8.520247222028579480e-06,2.508939331906166832e-07,3.795695457880448257e-06,1.298971932379641025e-06,1.875713965966465694e-06,1.298971932611407451e-06
7.290000000000000924e-01,8.507923622723157585e-06,2.497884073453612801e-07,3.926547727960774681e-06,1.258789515955740625e-06,1.814008455302592551e-06,1.258789516158688448e-06
7.299999999999999822e-01,8.496109664626431019e-06,2.490937665146757130e-07,4.057159355323215846e-06,1.218661898581817546e-06,1.752532745449519368e-06,1.218661898757202070e-06
7.310000000000000941e-01,8.484691615018157023e-06,2.487061709361497452e-07,4.187378067180989852e-06,1.178630686088699768e-06,1.691346004574571060e-06,1.178630686237745803e-06
7.319999999999999840e-01,8.473531144945742522e-06,2.484978698031311046e-07,4.317052660781603400e-06,1.138736993340061324e-06,1.630506627556981232e-06,1.138736993463964880e-06
7.330000000000000959e-01,8.462475184176230768e-06,2.483267826187922706e-07,4.446033211751144328e-06,1.099021401345486108e-06,1.570072387015376089e-06,1.099021401445433031e-06
7.339999999999999858e-01,8.451367255756831140e-06,2.480475597774820004e-07,4.574171301518369921e-06,1.059523920784156771e-06,1.510100552815494781e-06,1.059523920861328037e-06
7.350000000000000977e-01,8.440059283600442690e-06,2.475231339897135479e-07,4.701320258136942989e-06,1.020283961435712210e-06,1.450647968546750315e-06,1.020283961491323946e-06
7.359999999999999876e-01,8.428422801731914895e-06,2.466357058029916025e-07,4.827335404021833575e-06,9.813403066621118075e-07,1.391771078547573204e-06,9.813403066974053411e-07
7.370000000000000995e-01,8.416358543531406099e-06,2.452961517252151240e-07,4.952074303779428757e-06,9.427310918215154565e-07,1.333525904367428462e-06,9.427310918378175585e-07
7.379999999999999893e-01,8.403803547260835498e-06,2.434509967643453124e-07,5.075397005380216759e-06,9.044937853325988029e-07,1.275967974452384223e-06,9.044937853312906664e-07
7.390000000000001013e-01,8.390735161630440635e-06,2.410863361402197335e-07,5.197166268491393470e-06,8.666651710702411305e-07,1.219152214875790344e-06,8.666651710527966987e-07
7.399999999999999911e-01,8.377171643058505169e-06,2.382283949674077448e-07,5.317247774736917363e-06,8.292813308440852515e-07,1.163132811698040745e-06,8.292813308120538536e-07
7.410000000000001030e-01,8.363169369377319282e-06,2.349407448173701813e-07,5.435510315950478676e-06,7.923776258861722944e-07,1.107963056882142090e-06,7.923776258411551402e-07
7.419999999999999929e-01,8.348817015894751398e-06,2.313185152670707547e-07,5.551825958027924426e-06,7.559886765291663075e-07,1.053695189597780781e-06,7.559886764728102409e-07
7.430000000000001048e-01,8.334227314492717744e-06,2.274802124115163966e-07,5.666070179631694495e-06,7.201483395621014497e-07,1.000380243391338324e-06,7.201483394960667611e-07
7.439999999999999947e-01,8.319527217066974552e-06,2.235579569936466163e-07,5.778121986606515108e-06,6.848896830728488059e-07,9.480679073952002910e-07,6.848896829987637044e-07
7.450000000000001066e-01,8.304847393117681631e-06,2.196870641028820720e-07,5.887864004411698103e-06,6.502449588992484687e-07,8.968064068851610574e-07,6.502449588186924591e-07
7.459999999999999964e-01,8.290312000991884443e-06,2.159958974311343117e-07,5.995182551989544252e-06,6.162455730784317148e-07,8.466424054998773990e-07,6.162455729928966337e-07
7.470000000000001084e-01,8.276029588123870324e-06,2.125968485021955499e-07,6.099967701222211132e-06,5.829220548918261878e-07,7.976209287049619071e-07,5.829220548026757583e-07
7.479999999999999982e-01,8.262085812776204737e-06,2.095791301333079463e-07,6.202113326344681148e-06,5.503040252299109340e-07,7.497853059299134881e-07,5.503040251383912475e-07
7.490000000000001101e-01,8.248538461357082368e-06,2.070038564590265820e-07,6.301517147441151894e-06,5.184201650515796171e-07,7.031771274465513574e-07,5.184201649587725464e-07
7.500000000000000000e-01,8.235414988908061366e-06,2.049016366292598439e-07,6.398080771442044061e-06,4.872981846843421175e-07,6.578362115612222591e-07,4.872981845911915750e-07
7.600000000000000089e-01,8.117118847244219121e-06,2.001623228972656466e-07,7.188718536696791109e-06,2.233323460625194113e-07,2.815732955910643428e-07,2.233323459965783728e-07
7.700000000000000178e-01,7.984302286604906860e-06,1.891304287192594211e-07,7.617084997459214664e-06,5.799471311690449829e-08,6.209743420917260537e-08,5.799471310035511563e-08
7.800000000000000266e-01,7.852170283638622034e-06,1.906309554326488689e-07,7.651253167481741478e-06,4.326426223903858154e-10,9.420875479038740821e-09,4.326426228003961356e-10
7.900000000000000355e-01,7.721817381838067703e-06,2.067186858055251120e-07,7.301729998394267244e-06,4.842032116490088956e-08,1.165280552854290967e-07,4.842032118794541351e-08
8.000000000000000444e-01,7.580671809199611595e-06,2.220003387445507068e-07,6.618683104767304656e-06,1.894807795599591813e-07,3.610268064683955665e-07,1.894807796594020140e-07
8.100000000000000533e-01,7.447671216114916592e-06,2.542647614694146089e-07,5.678509570574164373e-06,4.028950030349099003e-07,7.091068778280333385e-07,4.028950032083942652e-07
8.200000000000000622e-01,7.308875722151128721e-06,2.862175055905129169e-07,4.579729383729657825e-06,6.623535652800207411e-07,1.118221702116911613e-06,6.623535654340265775e-07
8.299999999999999600e-01,7.173805643975173009e-06,3.218191797437249896e-07,3.430221594372172704e-06,9.389095989678091572e-07,1.543945671900532102e-06,9.389095989909342155e-07
8.399999999999999689e-01,7.045440736152918126e-06,3.601941301523553903e-07,2.334409054198392123e-06,1.203928165981910261e-06,1.942981219884558227e-06,1.203928165935701860e-06
8.499999999999999778e-01,6.918167181608162410e-06,3.918689961887931473e-07,1.386414984441049327e-06,1.431635102473860771e-06,2.276612996022794998e-06,1.431635102481664485e-06
8.599999999999999867e-01,6.802052011623357957e-06,4.230034440820475439e-07,6.607138196510418331e-07,1.601461089814015631e-06,2.515412568218208758e-06,1.601461089858043556e-06
8.699999999999999956e-01,6.692387169966920312e-06,4.463296838813134975e-07,2.070263082965937970e-07,1.699400658752405644e-06,2.640229860476612780e-06,1.699400658559994699e-06
8.800000000000000044e-01,6.589781492307650185e-06,4.609720892568419744e-07,4.765819233753453368e-08,1.718837406799116841e-06,2.643476397737423506e-06,1.718837406176733760e-06
8.900000000000000133e-01,6.497615490734712484e-06,4.700522593222501833e-07,1.774608151749945127e-07,1.660610600907988559e-06,2.528881215345097512e-06,1.660610599984381293e-06
9.000000000000000222e-01,6.408846601408538717e-06,4.677610111626299179e-07,5.661961547097085770e-07,1.532392031316414592e-06,2.310105373712137049e-06,1.532392030507649322e-06
9.100000000000000311e-01,6.329397542264844010e-06,4.618412690831225815e-07,1.162738980611659485e-06,1.347607015129481645e-06,2.009603262725634461e-06,1.347607014714945203e-06
9.200000000000000400e-01,6.254975247097858492e-06,4.500448287475635545e-07,1.901609601408152700e-06,1.123780192877381585e-06,1.655760431275269217e-06,1.123780192789491753e-06
9.299999999999999378e-01,6.184358787762598299e-06,4.353472689389961415e-07,2.708619669254600615e-06,8.807452070212132778e-07,1.278901435571504526e-06,8.807452069762837916e-07
9.399999999999999467e-01,6.118314791027871950e-06,4.219709161445003269e-07,3.507884629061966335e-06,6.389337333873507145e-07,9.105917791389239362e-07,6.389337332951307435e-07
9.499999999999999556e-01,6.052948337541648351e-06,4.086197638327911498e-07,4.229481368459461248e-06,4.175234517451786853e-07,5.798003017615532116e-07,4.175234517426642680e-07
9.599999999999999645e-01,5.991514108683054225e-06,4.021113524297172044e-07,4.813237178434018736e-06,2.329055732148068349e-07,3.103544312236395706e-07,2.329055733808724087e-07
9.699999999999999734e-01,5.930250193694089984e-06,4.014047033219106312e-07,5.213572672218484012e-06,9.760383964968708522e-08,1.200651386676781224e-07,9.760383983633047751e-08
9.799999999999999822e-01,5.871568559931880887e-06,4.095273862072104993e-07,5.403514830386999852e-06,1.948221842757569575e-08,1.956190641305520302e-08,1.948221849703961375e-08
9.899999999999999911e-01,5.814155979591797188e-06,4.278543773780577559e-07,5.372255449951421149e-06,1.350823229997788750e-09,1.134450580242011008e-08,1.350823229900467849e-09
1.000000000000000000e+00,5.758094199526489215e-06,4.550373405196891398e-07,5.130045803988223424e-06,4.116591276197870087e-08,9.067922948932386398e-08,4.116591276727465526e-08
1.010000000000000009e+00,5.705962865766628721e-06,4.927509021302361379e-07,4.702598372225256666e-06,1.323511686971413011e-07,2.459112540600816408e-07,1.323511686539125511e-07
1.020000000000000018e+00,5.655397875681229754e-06,5.388183728583813629e-07,4.124960796468161021e-06,2.649299112505819642e-07,4.617588839974709203e-07,2.649299111066345911e-07
1.030000000000000027e+00,5.607824455799320639e-06,5.912654578155509669e-07,3.449394302068028009e-06,4.258425037463356926e-07,7.154796886024316216e-07,4.258425035669747719e-07
1.040000000000000036e+00,5.568872811132303902e-06,6.537885331480548001e-07,2.726226070583758337e-06,6.009825705894467646e-07,9.868930663492074075e-07,6.009825704618358512e-07
1.050000000000000044e+00,5.526027089932668421e-06,7.115530395922275447e-07,2.010282372482435715e-06,7.756942086507576233e-07,1.252803260673764167e-06,7.756942085334830530e-07
1.060000000000000053e+00,5.479802609067641584e-06,7.627552162654775884e-07,1.352540943442865187e-06,9.360987416400230815e-07,1.492308966209254416e-06,9.360987415100211000e-07
1.070000000000000062e+00,5.479226592786386971e-06,8.539651976079925838e-07,7.970870978506875275e-07,1.070175836054639079e-06,1.687822625255289988e-06,1.070175836017778111e-06
1.080000000000000071e+00,5.425340849483454024e-06,8.839024190914509781e-07,3.787856610894996740e-07,1.168454076099493945e-06,1.825744616932354792e-06,1.168454076270654952e-06
1.090000000000000080e+00,5.402697552122062079e-06,9.364657299440715157e-07,1.194810144310090963e-07,1.224606503409276234e-06,1.897537800684342002e-06,1.224606503653362330e-06
1.100000000000000089e+00,5.411757789589361807e-06,1.002702598577362062e-06,2.840703065544542083e-08,1.236840989823229724e-06,1.906966180671748845e-06,1.236840989861575752e-06
1.109999999999999876e+00,5.457282113031801908e-06,1.027079254466220278e-06,1.183140621306354262e-07,1.212461141394096692e-06,1.886966513884657587e-06,1.212461141156190972e-06
1.120000000000000107e+00,5.695807120076266160e-06,1.062318051022391233e-06,4.211086116031833129e-07,1.171117429988340183e-06,1.870145597740438738e-06,1.171117429721913170e-06
1.129999999999999893e+00,6.120570138619020351e-06,1.092327278535622939e-06,9.265605743000172411e-07,1.132166004291037625e-06,1.837350277237109427e-06,1.132166004255232907e-06
1.140000000000000124e+00,6.988658568732423619e-06,1.141705773136257204e-06,1.481949819413255236e-06,1.093809042995130720e-06,2.177384890023725112e-06,1.093809043164054924e-06
1.149999999999999911e+00,1.053795509050547039e-05,1.126703219575065783e-06,2.034154730487690912e-06,1.064181678813831098e-06,5.248733782636814799e-06,1.064181678992068006e-06
1.160000000000000142e+00,2.340277884574502903e-05,1.182183260707095622e-06,3.388053376278721351e-06,1.168276183878169879e-06,1.649598984093874089e-05,1.168276183942301073e-06
1.169999999999999929e+00,5.322776883284029831e-05,1.235352426800018880e-06,7.421508880854353888e-06,1.675820537434322043e-06,4.121926645035720678e-05,1.675820537394401380e-06
1.179999999999999938e+00,9.883962123425638622e-05,1.234692937956664329e-06,1.535351357875186664e-05,2.750731541381133215e-06,7.674995163488820729e-05,2.750731541278511785e-06
1.189999999999999947e+00,1.431219844091444107e-04,1.327590186904010079e-06,2.518695120189884501e-05,4.081708414054544319e-06,1.084440261922962098e-04,4.081708413990816102e-06
1.199999999999999956e+00,1.613177482423656776e-04,1.381643672482375160e-06,3.191144176866694934e-05,4.913207043028405310e-06,1.181982487151134279e-04,4.913207043074525407e-06
1.209999999999999964e+00,1.422181086609820128e-04,1.504108585293364186e-06,3.150854755058084169e-05,4.646592700007741775e-06,9.991226712502545649e-05,4.646592700074620955e-06
1.219999999999999973e+00,9.816622821613032817e-05,1.634060106684325617e-06,2.461826866307192642e-05,3.407546438046284513e-06,6.509880657033293556e-05,3.407546437994859872e-06
1.229999999999999982e+00,5.329896459162650701e-05,1.707957972509683446e-06,1.563574621978588915e-05,1.916950446400977403e-06,3.212135950665335538e-05,1.916950446276599932e-06
1.239999999999999991e+00,2.390297939402073038e-05,1.886019885652386738e-06,8.636357435572222303e-06,8.403118646590183910e-07,1.169997834354211263e-05,8.403118645949901118e-07
1.250000000000000000e+00,1.080616985962588621e-05,2.090792533498186107e-06,4.812744350347901675e-06,3.569854771170055049e-07,3.188662021542822592e-06,3.569854771199704378e-07
1.260000000000000009e+00,6.983358481048817448e-06,2.314892626391174845e-06,3.176618699413979271e-06,2.742577916401196887e-07,9.433315719618450853e-07,2.742577916416988757e-07
1.270000000000000018e+00,6.395431936382369747e-06,2.573636151648019773e-06,2.436489473295650626e-06,3.532363431939436260e-07,6.788336250741494415e-07,3.532363431706052213e-07
1.280000000000000027e+00,6.506205999457607766e-06,2.867760597494297928e-06,1.916736338319935462e-06,4.692402732399970143e-07,7.832285171922800524e-07,4.692402732110967266e-07
1.290000000000000036e+00,6.758426657225135414e-06,3.205886542697866818e-06,1.440390052759855177e-06,5.855907103502403144e-07,9.409686410765724482e-07,5.855907103406010795e-07
1.300000000000000044e+00,7.065263108189413020e-06,3.576090402735408052e-06,1.003314945783301864e-06,6.928061872886887933e-07,1.100245385113050798e-06,6.928061872689626665e-07
1.310000000000000053e+00,7.409341974668192475e-06,3.978254889157832557e-06,6.270104095058856126e-07,7.844934271855718389e-07,1.235089821745406427e-06,7.844934270734962509e-07
1.320000000000000062e+00,7.870176036199166611e-06,4.493408027868201614e-06,3.307223124421727005e-07,8.552110026556665800e-07,1.335623690834444274e-06,8.552110023986819719e-07
1.330000000000000071e+00,8.362047691480419340e-06,5.034120157480183788e-06,1.284426299051996112e-07,9.010829839122728417e-07,1.397318936539521685e-06,9.010829836432431074e-07
1.339999999999999858e+00,8.941240097730193348e-06,5.656466972482530967e-06,2.794799350041348717e-08,9.198762090306683779e-07,1.417072713855183063e-06,9.198762088613985842e-07
1.350000000000000089e+00,9.652929880954188877e-06,6.405619148321701129e-06,3.073873753732979634e-08,9.110485728973698423e-07,1.394474849421178748e-06,9.110485727766092020e-07
1.359999999999999876e+00,1.045601377859126726e-05,7.240481432653620545e-06,1.322264150982213108e-07,8.757231174840345825e-07,1.331859696080172752e-06,8.757231172752192557e-07
1.370000000000000107e+00,1.162863026692554298e-05,8.439675753868252272e-06,3.222529001496806761e-07,8.165218847718188702e-07,1.233657843583602532e-06,8.165218845521877798e-07
1.379999999999999893e+00,1.292697151348687069e-05,9.760083439969700800e-06,5.859519199776677174e-07,7.373515206317934346e-07,1.106233112384377767e-06,7.373515205233313951e-07
1.390000000000000124e+00,1.459737675690850568e-05,1.144880691926023709e-05,9.048356644790469896e-07,6.431315334571158004e-07,9.574711062504576355e-07,6.431315334616483796e-07
1.399999999999999911e+00,1.682423197259179750e-05,1.369134285751991690e-05,1.257956201289588606e-06,5.394446305066654416e-07,7.960436527176173633e-07,5.394446305580096143e-07
1.410000000000000142e+00,1.974064764730129818e-05,1.662181742326263191e-05,1.623279134155999007e-06,4.322101364385442615e-07,6.311308168767868419e-07,4.322101365673343506e-07
1.419999999999999929e+00,2.296712412031307621e-05,1.986187178138388334e-05,1.978901377708636271e-06,3.273232863264429549e-07,4.717043883716005581e-07,3.273232865225127122e-07
1.430000000000000160e+00,3.692047802008526517e-05,3.382935580139636580e-05,2.304331212638531384e-06,2.303315948301766313e-07,3.261278162442676141e-07,2.303315949759250347e-07
1.439999999999999947e+00,1.766759522766139529e-04,1.736005960725335541e-04,2.581402565868565644e-06,1.461398507785545112e-07,2.016739366173533355e-07,1.461398508159380192e-07
1.450000000000000178e+00,2.964096777064162956e-04,2.933522514326908359e-04,2.795674292374207825e-06,7.877100760362996648e-08,1.042099661438751243e-07,7.877100760374631440e-08
1.459999999999999964e+00,3.705640520087661476e-04,3.675276604241306186e-04,2.936153667514319787e-06,3.117889949825286570e-08,3.788011810475284611e-08,3.117889951827100048e-08
1.469999999999999973e+00,2.234752306828996244e-03,2.231740017663592229e-03,2.996942318194845992e-06,5.139539584443535676e-09,5.067768026425333481e-09,5.139539598493479622e-09
1.479999999999999982e+00,5.918512375956782971e-03,5.915528176479905968e-03,2.975530436315034856e-06,1.201857109085847936e-09,6.265326344260670174e-09,1.201857108003071823e-09
1.489999999999999991e+00,1.320965608162018474e-02,1.320670336271690185e-02,2.875261093879717858e-06,1.871234043143883723e-08,4.003312852981012167e-08,1.871234044339661310e-08
1.500000000000000000e+00,2.135398767949994725e-02,2.135106786770125248e-02,2.704856863877646880e-06,5.590019838268546997e-08,1.031545380257355257e-07,5.590019840791739033e-08
1.510000000000000009e+00,1.587537300116140596e-02,1.587249178042980310e-02,2.470109144478266142e-06,1.100190727071075220e-07,1.910734417003241853e-07,1.100190727174927812e-07
1.520000000000000018e+00,4.357464600932879108e-03,4.354623911582500631e-03,2.187385924701012288e-06,1.775316021826601305e-07,2.982402213421744803e-07,1.775316021521783529e-07
1.530000000000000027e+00,1.505030658451658732e-03,1.502230904675072717e-03,1.872792061522099662e-06,2.543276336014452914e-07,4.183064479361115052e-07,2.543276335262568236e-07
1.540000000000000036e+00,1.107385261179179422e-03,1.104627794095768695e-03,1.541141245223494684e-06,3.359618431678233928e-07,5.444021519365029184e-07,3.359618430830639292e-07
1.550000000000000044e+00,1.600700989017305321e-04,1.573544249741238286e-04,1.210356580088850926e-06,4.178959783561361921e-07,6.695253908371176789e-07,4.178959783246127492e-07
1.560000000000000053e+00,6.274675628845247587e-05,6.007199649216569460e-05,8.962987063466961605e-07,4.957355459051314170e-07,7.869899981016131172e-07,4.957355459333376141e-07
1.570000000000000062e+00,3.554498453204387332e-05,3.290941032739126595e-05,6.139147806058087614e-07,5.654497860062986319e-07,8.907598519917050686e-07,5.654497860487971336e-07
1.580000000000000071e+00,2.179622321565247354e-05,1.919742857061982512e-05,3.759944225234389062e-07,6.235577843733133750e-07,9.756846536990820762e-07,6.235577844368164938e-07
1.589999999999999858e+00,1.830391776390564800e-05,1.573894303699496729e-05,1.926396749953286352e-07,6.672852234547470260e-07,1.037764604864349657e-06,6.672852235962517149e-07
1.600000000000000089e+00,1.477723593085981240e-05,1.224272357865784251e-05,7.091103730070171962e-08,6.946711856397733784e-07,1.074258943434580487e-06,6.946711858269129203e-07
1.609999999999999876e+00,1.239464793999820824e-05,9.886987464307415155e-06,1.457721699060787215e-08,7.046367816523871168e-07,1.083809695276101421e-06,7.046367817716956249e-07
1.620000000000000107e+00,1.105585888645894155e-05,8.571368138129723140e-06,2.406230440176755767e-08,6.970019491361139961e-07,1.066424545612542529e-06,6.970019491787950334e-07
1.629999999999999893e+00,9.688344551176605936e-06,7.223425396664747604e-06,9.655326526800759001e-08,6.724599578125015619e-07,1.023445973521068437e-06,6.724599579102815630e-07
1.640000000000000124e+00,8.784798637722739519e-06,6.336103282585793626e-06,2.262629470245016048e-07,6.325081630035105783e-07,9.574160818844812576e-07,6.325081632244537228e-07
1.649999999999999911e+00,7.946039683182751470e-06,5.510601916897987889e-06,4.048258825880217038e-07,5.793456726018888868e-07,8.719205382622138002e-07,5.793456728326389787e-07
1.660000000000000142e+00,7.318331094924793342e-06,4.893687235321095589e-06,6.217986109226822634e-07,5.157400633707043414e-07,7.713651218434620030e-07,5.157400634668497807e-07
1.669999999999999929e+00,6.811228250267207439e-06,4.395498941405072294e-06,8.652405571014377471e-07,4.448731317980269707e-07,6.607424882156762389e-07,4.448731317469949826e-07
1.680000000000000160e+00,6.399141111858345085e-06,3.991094551688540408e-06,1.122336692671379008e-06,3.701725043277364392e-07,5.453648589549816860e-07,3.701725042157083380e-07
1.689999999999999947e+00,6.059458242646791923e-06,3.658529068546393623e-06,1.380041459364424133e-06,2.951405641431358781e-07,4.306065865602813973e-07,2.951405640325563092e-07
1.700000000000000178e+00,5.759911977319356240e-06,3.366195572263747939e-06,1.625698034412894489e-06,2.231869539963213265e-07,3.216444627350970666e-07,2.231869539112959475e-07
1.709999999999999964e+00,5.504422445857546506e-06,3.118636422045689245e-06,1.847617391118533138e-06,1.574720038306204198e-07,2.232246250764088354e-07,1.574720037862946562e-07
1.719999999999999973e+00,5.267427136985781952e-06,2.890844297989670318e-06,2.035586699949072222e-06,1.007687942203332951e-07,1.394585506089413433e-07,1.007687942177644559e-07
1.729999999999999982e+00,5.057931574333137073e-06,2.692292882276506125e-06,2.181286922915056864e-06,5.534853406074996252e-08,7.365470101047787110e-08,5.534853407034630980e-08
1.739999999999999991e+00,4.859101356154359085e-06,2.506506092124696512e-06,2.278608466844769345e-06,2.289496511786742350e-08,2.819686695011602770e-08,2.289496511690994209e-08
1.750000000000000000e+00,4.674057183948695607e-06,2.336843939021906444e-06,2.323848294383544723e-06,4.448385094263649555e-09,4.468180359141228659e-09,4.448385089839866133e-09
1.760000000000000009e+00,4.495800838686828609e-06,2.176421258051727310e-06,2.315792161834799002e-06,3.815118552137244459e-10,2.824395089867020515e-09,3.815118552218280242e-10
1.770000000000000018e+00,4.322531344101485452e-06,2.023423450902484929e-06,2.255680080972368848e-06,1.040646920329763957e-08,2.261487382871516847e-08,1.040646919461873651e-08
1.780000000000000027e+00,4.154265802289708575e-06,1.877731658589305490e-06,2.147063735678890561e-06,3.361144401557880029e-08,6.224752001786762579e-08,3.361144398806535037e-08
1.790000000000000036e+00,3.989986287121554138e-06,1.738079784066798786e-06,1.995565518113928117e-06,6.852367047285637380e-08,1.192936440303054509e-07,6.852367043766484153e-08
1.800000000000000044e+00,3.831678509063797629e-06,1.606110161543138571e-06,1.808554442567508738e-06,1.131946258863909337e-07,1.906246532015977721e-07,1.131946258651612176e-07
1.810000000000000053e+00,3.678327862381762471e-06,1.480387184196043167e-06,1.594758678792240917e-06,1.653029380548030000e-07,2.725761232801389299e-07,1.653029380585365888e-07
1.820000000000000062e+00,3.532143674161899610e-06,1.362644406363765737e-06,1.363833721008803004e-06,2.222697332039103462e-07,3.611260803683120273e-07,2.222697332171088401e-07
1.830000000000000071e+00,3.392860288654632478e-06,1.252103613302827327e-06,1.125910517362284062e-06,2.813804517943432534e-07,4.520852544387520118e-07,2.813804517564256647e-07
1.840000000000000080e+00,3.262258348242277873e-06,1.150025801428883165e-06,8.911337319644186851e-07,3.399079139944393688e-07,5.412829870025584857e-07,3.399079138519783797e-07
1.850000000000000089e+00,3.140934136608390755e-06,1.056505993602206543e-06,6.692224108664844902e-07,3.952302176647731282e-07,6.247452970209491553e-07,3.952302174539771738e-07
1.860000000000000098e+00,3.029869431830876389e-06,9.720449002177865714e-07,4.690740666866764118e-07,4.449403999239260463e-07,6.988696652257024767e-07,4.449403997767848825e-07
1.870000000000000107e+00,2.929827462659701634e-06,8.969978765157632020e-07,2.983940131108872132e-07,4.869429232533005509e-07,7.605497265191275704e-07,4.869429232606232566e-07
1.880000000000000115e+00,2.840888761795850533e-06,8.311108841168043208e-07,1.634214207793985373e-07,5.195309520689147129e-07,8.072945526507355166e-07,5.195309521799972605e-07
1.890000000000000124e+00,2.763484976204610567e-06,7.745208763245695566e-07,6.871703535691219551e-08,5.414482353286938592e-07,8.373505937772444710e-07,5.414482354171902734e-07
1.900000000000000133e+00,2.697110009184851569e-06,7.265804124633445427e-07,1.700892488094526049e-08,5.519242055971406406e-07,8.496722606318457656e-07,5.519242056115751408e-07
1.909999999999999920e+00,2.641604886760132852e-06,6.870767541271893157e-07,9.152627819284283081e-09,5.506898513962016780e-07,8.439958020161639353e-07,5.506898514012935107e-07
1.919999999999999929e+00,2.596176946913024686e-06,6.551475705364083496e-07,4.415663407579256643e-08,5.379761896594072051e-07,8.209203629132205364e-07,5.379761897281959155e-07
1.929999999999999938e+00,2.559970414525588694e-06,6.301967965768722547e-07,1.192847766956035010e-07,5.144876264731125961e-07,7.815135882047454462e-07,5.144876265752549228e-07
1.939999999999999947e+00,2.531882048744053172e-06,6.112272493670030983e-07,2.301938578888745093e-07,4.813474225277678307e-07,7.277660963995664955e-07,4.813474225608415027e-07
1.949999999999999956e+00,2.510824963932155295e-06,5.973307719684555505e-07,3.712651005433546702e-07,4.400547954102039773e-07,6.621195006827513192e-07,4.400547953273898308e-07
1.959999999999999964e+00,2.495091011649048894e-06,5.874762116324377690e-07,5.356992855308847418e-07,3.924035316672190134e-07,5.871084512694770870e-07,3.924035315490308122e-07
1.969999999999999973e+00,2.483664441559215502e-06,5.806126952940254561e-07,7.159921574185887903e-07,3.403806843575895444e-07,5.062982201924539613e-07,3.403806842965576442e-07
1.979999999999999982e+00,2.474998033181949009e-06,5.758001659185590801e-07,9.043063561985382154e-07,2.861261101514602436e-07,4.226392907542126384e-07,2.861261101591786725e-07
1.989999999999999991e+00,2.467497891104389782e-06,5.720315635988120857e-07,1.092404295783560246e-06,2.317916868328527301e-07,3.394786580474471019e-07,2.317916868417174063e-07
2.000000000000000000e+00,2.460319012543283452e-06,5.685270746026676442e-07,1.272614881316619628e-06,1.794777918683325407e-07,2.602214728958536263e-07,1.794777918598096952e-07
2.009999999999999787e+00,2.452002027493086076e-06,5.644456337566605565e-07,1.437625316169236275e-06,1.311608237742527915e-07,1.876094300268559943e-07,1.311608237660801412e-07
2.020000000000000018e+00,2.441597844983937467e-06,5.591922220960129118e-07,1.580861791593244056e-06,8.859805785241468221e-08,1.243477155838792340e-07,8.859805785838675418e-08
2.030000000000000249e+00,2.428260359204498733e-06,5.522006827062989728e-07,1.696875147027333287e-06,5.327273236394562310e-08,7.263906474317469068e-08,5.327273236374628580e-08
2.040000000000000036e+00,2.411539618973763526e-06,5.431101359594483649e-07,1.781559395645178857e-06,2.635101636573742211e-08,3.416805464620595118e-08,2.635101635719315261e-08
2.049999999999999822e+00,2.390738304596186120e-06,5.316882795684289571e-07,1.831796141072947598e-06,8.640510140526860882e-09,9.972863678558481534e-09,8.640510135724354470e-09
2.060000000000000053e+00,2.365811737840252853e-06,5.178241174181700739e-07,1.846188122750611911e-06,5.633620403605200478e-10,6.727735904115182301e-10,5.633620406985237271e-10
2.070000000000000284e+00,2.336899971307495852e-06,5.015758770089775382e-07,1.824817490884425222e-06,2.166067159678484730e-09,6.174469100587209109e-09,2.166067153827689020e-09
2.080000000000000071e+00,2.303845877158012884e-06,4.830638051201509595e-07,1.768674066311217534e-06,1.311846834913114601e-08,2.587106904366490181e-08,1.311846833384849946e-08
2.089999999999999858e+00,2.267414246563562674e-06,4.625664950637080313e-07,1.680827345546586180e-06,3.273856515592442874e-08,5.854327565980740692e-08,3.273856513753664047e-08
2.100000000000000089e+00,2.227777554258555300e-06,4.404112451191774041e-07,1.564562586734230856e-06,6.003098162964413890e-08,1.027417591611944797e-07,6.003098161430828976e-08
2.110000000000000320e+00,2.185830202614188643e-06,4.170256771189352423e-07,1.425057445566765653e-06,9.375590516548983837e-08,1.562352696056888741e-07,9.375590515730903534e-08
2.120000000000000107e+00,2.142269249204444908e-06,3.928731312451858881e-07,1.267738122485717662e-06,1.324012700782883128e-07,2.168554553171631240e-07,1.324012700780900541e-07
2.129999999999999893e+00,2.097720849757541775e-06,3.684445389725829034e-07,1.098321507756619292e-06,1.743983699781621306e-07,2.821580630570941976e-07,1.743983699930834100e-07
2.140000000000000124e+00,2.053276244755410353e-06,3.442396498524720251e-07,9.237669184588651798e-07,2.180238667810623265e-07,3.492219428396622816e-07,2.180238668233487258e-07
2.150000000000000355e+00,2.009554592673758196e-06,3.207422741614825853e-07,7.500001172948212721e-07,2.615323419926977939e-07,4.157475171478014191e-07,2.615323420769553375e-07
2.160000000000000142e+00,1.967440602454609048e-06,2.984053047259386242e-07,5.833975713898644630e-07,3.033064895430954533e-07,4.790247471425540288e-07,3.033064896531565851e-07
2.169999999999999929e+00,1.927574657716178480e-06,2.776413614201295102e-07,4.298363878441743824e-07,3.417289225139867762e-07,5.366390633162857112e-07,3.417289226216021533e-07
2.179999999999999716e+00,1.890722529031534661e-06,2.587966442579210728e-07,2.943962992218602799e-07,3.754272091548321777e-07,5.866751671557194381e-07,3.754272092412016392e-07
2.189999999999999947e+00,1.857188680932539651e-06,2.421531860693206976e-07,1.815234750574183579e-07,4.031815675483228685e-07,6.271488846515197196e-07,4.031815676059580078e-07
2.200000000000000178e+00,1.827623561942999772e-06,2.279175879323633116e-07,9.466232919527638505e-08,4.240614042406844758e-07,6.569208363150314556e-07,4.240614042596442496e-07
2.209999999999999964e+00,1.802157246396833243e-06,2.162026719874850569e-07,3.628345544505225074e-08,4.373917713523988924e-07,6.748875762951271619e-07,4.373917713167700396e-07
2.219999999999999751e+00,1.780851434923925304e-06,2.070585232861700729e-07,7.725751156877045689e-09,4.427582923737938665e-07,6.805505757967866987e-07,4.427582923102974180e-07
2.229999999999999982e+00,1.763821907845450805e-06,2.004245047713561886e-07,9.250886208159272876e-09,4.401062847726124289e-07,6.739339473701901623e-07,4.401062847231327346e-07
2.240000000000000213e+00,1.750872101670076917e-06,1.962055129024244618e-07,4.004195680078147552e-08,4.296133248692899367e-07,6.553979822156105337e-07,4.296133248819704435e-07
2.250000000000000000e+00,1.741555077180143335e-06,1.941913622349308724e-07,9.820817628424372138e-08,4.117368827372806367e-07,6.256817731107478119e-07,4.117368828129402136e-07
2.259999999999999787e+00,1.736030736405203712e-06,1.941538789171400513e-07,1.810845248455528932e-07,3.872680116314426647e-07,5.862563092553877538e-07,3.872680117556802164e-07
2.270000000000000018e+00,1.733656377808653951e-06,1.958066155832935234e-07,2.849646446979488918e-07,3.571507579937529619e-07,5.385836013902173145e-07,3.571507581434412596e-07
2.280000000000000249e+00,1.731416849121906974e-06,1.987770069809110333e-07,4.056403110578127394e-07,3.221919905725891050e-07,4.826155497709754406e-07,3.221919907396186024e-07
2.290000000000000036e+00,1.736318010105090432e-06,2.027561360769631171e-07,5.392997830314922867e-07,2.842086382434615794e-07,4.258448143568335926e-07,2.842086383963397502e-07
2.299999999999999822e+00,1.737505885298745927e-06,2.073399837864876876e-07,6.758980269248706132e-07,2.449367801396512096e-07,3.643943142242722764e-07,2.449367802234643257e-07
2.310000000000000053e+00,1.728714032301393316e-06,2.121755571960059796e-07,8.195356209679144868e-07,2.030139009090856563e-07,2.909750523388231580e-07,2.030139008895642204e-07
2.320000000000000284e+00,1.763377969123800585e-06,2.169090603268464359e-07,9.669011243931806869e-07,1.630835226041273167e-07,2.534007392775521694e-07,1.630835225220939227e-07
2.330000000000000071e+00,1.747765615081576381e-06,2.212107995297145729e-07,1.088330221931870986e-06,1.280013646562733779e-07,1.822218643735598850e-07,1.280013645901577712e-07
2.339999999999999858e+00,1.701118424908568861e-06,2.247768199294451041e-07,1.176513142287730852e-06,9.165630957457791055e-08,1.165158435557791021e-07,9.165630956103591837e-08
2.350000000000000089e+00,1.814306833517999662e-06,2.273511761732561543e-07,1.343827240855124101e-06,5.940820563726628424e-08,1.243120052013681601e-07,5.940820565098482986e-08
2.360000000000000320e+00,1.812001242638498761e-06,2.287411470195952607e-07,1.442936413662406275e-06,3.909527909809806194e-08,6.213312375043348580e-08,3.909527910796561196e-08
2.370000000000000107e+00,1.654572984565282522e-06,2.287731484503344242e-07,1.315076214497881544e-06,2.012601427059987744e-08,7.047159307376599830e-08,2.012601427270074745e-08
2.379999999999999893e+00,1.909712819650232599e-06,2.273642214890224064e-07,1.585048904909919231e-06,5.634334342340422571e-09,8.603102456592893594e-08,5.634334343021612423e-09
2.390000000000000124e+00,1.953229709745564625e-06,2.244678048203197506e-07,1.630617908698835064e-06,2.690254635720098731e-09,9.276348695448233004e-08,2.690254636207917744e-09
2.399999999999999911e+00,1.604044031778161512e-06,2.200957125304606848e-07,1.278455202249435361e-06,3.781207502415587464e-09,9.793070199296168184e-08,3.781207502888080475e-09
