energy_au,total_recorded_SI,n1_l0_m+0,n2_l0_m+0,n2_l1_m-1,n2_l1_m+0,n2_l1_m+1,n3_l0_m+0,n3_l1_m-1,n3_l1_m+0,n3_l1_m+1,n3_l2_m-2,n3_l2_m-1,n3_l2_m+0,n3_l2_m+1,n3_l2_m+2
1.000000000000000021e-02,7.475145565140331461e-02,5.992361383411961770e-03,1.891222149300347821e-02,7.763625632189408154e-03,4.152947531095751987e-02,5.537718177301009662e-04,1.291117756497091504e-12,4.864727177726277436e-13,2.827755731272534430e-12,2.169195448676793228e-13,2.048759343580013547e-13,1.151803923088552660e-12,6.649333882052254446e-12,1.107442976558874447e-12,1.751145967613750259e-13
1.499999999999999944e-02,5.244551099000610561e-02,4.854303216280195059e-03,8.106689749214485846e-03,5.370324333730625704e-03,3.407584958928864399e-02,3.834408758802541233e-05,6.089360415337324872e-13,3.471632109567203298e-13,2.898693730808845327e-12,9.762677037712030478e-14,2.575426103612310491e-13,1.184399698272089484e-12,7.158694607041407573e-12,1.130626121355798442e-12,2.204504576172299875e-13
1.999999999999999695e-02,3.104507916446279034e-02,2.736938282811730155e-03,4.751579181215669773e-03,2.881873923686982877e-03,2.061809512400869862e-02,5.659264078081015670e-05,5.137183712933149462e-13,2.359112796411022389e-13,2.628436144881054429e-12,1.296250418055463629e-13,2.087615998108536225e-13,1.031552101452717354e-12,6.041741483215746570e-12,9.903062583883427715e-13,1.788449628070660994e-13
2.499999999999999792e-02,1.762711048617714160e-02,1.521593338032437015e-03,3.082541512637657424e-03,1.454835297269537571e-03,1.154460867729987031e-02,2.353165187037878090e-05,4.600743051641563540e-13,1.916151696501398796e-13,2.434763683294397000e-12,1.521723599229399279e-13,1.161115763879017297e-13,7.399183359466573905e-13,4.153202563894620029e-12,7.196376425656898167e-13,9.976733018779948508e-14
2.999999999999999889e-02,9.719553637655297187e-03,7.838565536913232436e-04,2.099386736319867018e-03,7.130485616578822929e-04,6.113649665032962373e-03,9.612114840297507926e-06,3.848395679389635028e-13,1.782220362911059146e-13,2.174426082638763158e-12,1.581653281484961407e-13,3.992201794123384925e-14,4.481985316638912184e-13,2.251083696512209761e-12,4.433547111869302122e-13,3.475369469086048242e-14
3.499999999999999639e-02,5.252790485083901235e-03,3.769145087592329878e-04,1.447800416828849170e-03,3.439138787586131841e-04,3.080210144364881920e-03,3.951532664076414333e-06,2.703502376330157719e-13,1.681131978664736367e-13,1.690618983437065678e-12,1.502965464631964842e-13,6.927032222570751421e-15,2.444329807562342676e-13,9.260840022958489937e-13,2.447229360318870127e-13,6.703156525188501941e-15
3.999999999999999389e-02,2.795305761617870866e-03,1.632568342904340975e-04,9.716649724538392553e-04,1.640255002582725126e-04,1.494679726962386832e-03,1.678725525401073347e-06,1.444168326641799820e-13,1.354680022539902611e-13,1.095277272861574131e-12,1.191493469458204523e-13,1.260332668863605815e-14,1.482246682336275474e-13,3.146066469235084504e-13,1.462838807616772299e-13,1.150676852970015484e-14
4.499999999999999833e-02,1.471928839721059132e-03,6.201085763787385666e-05,6.126865290414190528e-04,7.667653616524807304e-05,7.194699674253324760e-04,1.084947987064383915e-06,6.574626863735920959e-14,8.157309430534118274e-14,7.195603295603002347e-13,7.025707918045229566e-14,4.149189742749964153e-14,1.367627804233074764e-13,1.830939761523321674e-13,1.294762453489749321e-13,3.615976526319289433e-14
4.999999999999999584e-02,7.668303102377195491e-04,1.994833946580330613e-05,3.537043854483885256e-04,3.482600852247197539e-05,3.558136743453320871e-04,2.537900849981991015e-06,6.941147468831974100e-14,4.611019096430518213e-14,7.094413538787864356e-13,4.059082513417755040e-14,7.643892599045406808e-14,1.903488831297359101e-13,2.304278586014057215e-13,1.765528148995665657e-13,6.641927202992762935e-14
5.499999999999999334e-02,3.927340776588082553e-04,5.173733251487207138e-06,1.825672237881671039e-04,1.576618315357134417e-05,1.841949823159796354e-04,5.031953098449418071e-06,1.163374048242579901e-13,5.750874117378916747e-14,7.979316786682216587e-13,5.582661029912719336e-14,9.963357995341947985e-14,2.904002166321257453e-13,2.744566413013843381e-13,2.723504268362288166e-13,8.670837325462930548e-14
5.999999999999999084e-02,1.998866512207565229e-04,1.040276516144901248e-06,8.160069436458518950e-05,7.770319066184590799e-06,1.032099300741179626e-04,6.265429160398519769e-06,1.176058525966193702e-13,8.803652036012061182e-14,6.117610415808787939e-13,8.837244761287665321e-14,1.201003667352404371e-13,3.275890807217549033e-13,2.705851478554402938e-13,3.099386135415233312e-13,1.053362758692729091e-13
6.499999999999998834e-02,1.106008333514533061e-04,2.426679712885192082e-07,3.029436221878555610e-05,4.567792571664028902e-06,7.039228658903037947e-05,5.103722098339441946e-06,1.005823409642799873e-13,8.621591799572392001e-14,2.786005190074476881e-13,8.753522774741457572e-14,1.200143060930242503e-13,3.524315099723223540e-13,4.374985074001866141e-13,3.331713540012504939e-13,1.062957022699845427e-13
6.999999999999999278e-02,7.872702256700727058e-05,1.831379071177248894e-07,9.773407831808261309e-06,3.076074198254740788e-06,6.271206262362138181e-05,2.982338518303518990e-06,9.997478485728354382e-14,8.045209172884190269e-14,1.717974507953151275e-13,8.047613133578198654e-14,8.902282728609173964e-14,2.922001294455061318e-13,3.164702590108918074e-13,2.784082283193165693e-13,7.909975233406048549e-14
7.499999999999998335e-02,7.266755616471915142e-05,1.788401810517028912e-07,5.696837571955782925e-06,2.071119190175210360e-06,6.238460329977883159e-05,2.336154572481903017e-06,5.454968232919801612e-14,1.008254132257297179e-13,2.592721970376783868e-13,2.111971751337973059e-13,6.269572619320517494e-14,2.172041572686155706e-13,1.793153335284532889e-13,2.086656136916749678e-13,5.555043853591971531e-14
7.999999999999998779e-02,7.201044442915005377e-05,1.429239408492681983e-07,9.302334405311077974e-06,1.242167666075773412e-06,5.770826370376121704e-05,3.614749426491540235e-06,1.968028628639618990e-12,1.337985511076851782e-13,4.353677053103162411e-13,2.327182777977079340e-12,4.118175189026417959e-14,1.233862431634300868e-13,1.005606049044300199e-13,1.197316736192905520e-13,3.742323438596503296e-14
8.499999999999997835e-02,6.728589344921373191e-05,1.014358261450473909e-07,1.642236726573082070e-05,6.025382801670364872e-07,4.561913780424319367e-05,4.540216066047324370e-06,3.682351286550305025e-11,2.940674284398128724e-12,1.406683634675801319e-12,1.568366266410534480e-10,1.786496421765010793e-14,4.808332181688110923e-14,6.818864178698015612e-14,4.742562038177215003e-14,1.782033243485024990e-14
8.999999999999998279e-02,5.816485896764475485e-05,7.104064425842224770e-08,2.508959536779476436e-05,2.047330939601540956e-07,2.975280877191822070e-05,3.045048046648565583e-06,1.824108601658143239e-10,2.520007313895809472e-11,8.735183742768947521e-12,1.416549773531226015e-09,1.081162834021727480e-14,3.157698244430348567e-14,6.041955245367649548e-14,3.179403932709707977e-14,1.257184130028114386e-14
9.499999999999998723e-02,4.953961039028824848e-05,5.167109983295461949e-08,3.344503158576810184e-05,4.803527996053252918e-08,1.546783784331389570e-05,5.219033822004948369e-07,3.772084186443695483e-10,7.936084540890116256e-11,2.672497530586473841e-11,4.645748312797281360e-09,2.828950810383464852e-14,4.840409045474609755e-14,2.161097781250804998e-13,2.866076826620447149e-13,1.577249047613383222e-12
9.999999999999997780e-02,4.605406648094034425e-05,3.890248569295091656e-08,3.931376915898415883e-05,7.743122626317940961e-08,5.913898743412691845e-06,7.024787763829500885e-07,3.692597824933999132e-10,1.148007684800819898e-10,3.850201507201415298e-11,7.022471840921780270e-09,1.066007643269615234e-13,4.382200514076149532e-14,3.561202911570657611e-12,5.235453189463257137e-12,3.210871856587650855e-11
1.049999999999999822e-01,4.726262121431616236e-05,3.101573658348372111e-08,4.113880782710846809e-05,2.142567038305780803e-07,1.263381871850681156e-06,4.609471515499414634e-06,1.701649615996501334e-10,8.100079116615641830e-11,2.721938968812728020e-11,5.191964226614593722e-09,2.207354647155329055e-14,4.501784269797188966e-14,1.931967668951871857e-11,2.894141560359865124e-11,1.688818907822635500e-10
1.099999999999999728e-01,4.746411304553581432e-05,2.923389454199467596e-08,3.881248874194744654e-05,3.882243316106879966e-07,1.922507403802061722e-07,8.039576260426145593e-06,3.208688278540483056e-11,2.657550980143669600e-11,9.074943416472316034e-12,1.785675627182487334e-09,3.338760961568820765e-14,7.178845720355853528e-14,4.492082607306172630e-11,6.727378331416475756e-11,3.733638807069123847e-10
1.149999999999999772e-01,4.185676850103379961e-05,3.494268100538510942e-08,3.346706060180186645e-05,5.539100458950370764e-07,1.463668693710622421e-06,6.336428429136448234e-06,1.483865208599492910e-12,3.272380935792218147e-12,1.216538099950043116e-12,2.295845327161156946e-10,4.557456200632450692e-14,1.024004060594714921e-13,5.009692450699479954e-11,7.496661811576656332e-11,3.972806498866197985e-10
1.199999999999999817e-01,3.338596491554581371e-05,4.756823411293859009e-08,2.659524769481672645e-05,6.878580548463009006e-07,4.376522016830651937e-06,1.678491515472075529e-06,2.503423932401850679e-14,6.772897716373486517e-14,8.912402714066710545e-14,4.384068532922381968e-12,5.451501119929200019e-14,1.154286051051469408e-13,2.707210207767032250e-11,4.036115862754331145e-11,2.052303070117164460e-10
1.249999999999999722e-01,3.090215433626040915e-05,6.440188701097806013e-08,1.939635741184665867e-05,7.766927548049463018e-07,8.354090598065306422e-06,2.310549206958510244e-06,4.814981567229387371e-14,1.274654865720067093e-14,8.221697620715160844e-14,1.848906275867166006e-13,5.830173564240734929e-14,1.180945488045319931e-13,6.458485734436663265e-12,9.446002303079190790e-12,4.606868570298593098e-11
1.299999999999999767e-01,3.774822229022650071e-05,8.147188419510627646e-08,1.269524659377382383e-05,8.104593809509987705e-07,1.257830405038307361e-05,1.158273553930044379e-05,7.013946663671537213e-14,1.218955323818025058e-14,1.504386047972889559e-13,1.269196306181395005e-14,5.522884185744359722e-14,1.165982202728518363e-13,6.201421672419459024e-13,7.359436023813956812e-13,3.068250635747903772e-12
1.349999999999999811e-01,4.431705167763842182e-05,9.464722681759571974e-08,7.118918675395245711e-06,7.855160843963701708e-07,1.612795271510263000e-05,2.019001624769789754e-05,6.083954267160294452e-14,1.383975663336404892e-14,1.647836823933344904e-13,1.816669951673295232e-14,4.897745905786082051e-14,1.077756757468545907e-13,1.722172389213983748e-13,9.848207955129370027e-14,4.314654711566294480e-14
1.399999999999999856e-01,3.831147697611290970e-05,1.012790844882612933e-07,3.155195179682005801e-06,7.094453777065001248e-07,1.837316370798111940e-05,1.597239299847522950e-05,5.328847770992333268e-14,2.040186821605515733e-14,1.341869443438982209e-13,2.149648216334698437e-14,4.094739252140977105e-14,9.165536007827691323e-14,1.425113154344585044e-13,8.440173164320115598e-14,3.889022228442712830e-14
1.449999999999999900e-01,2.436592926589450036e-05,1.019670597053536287e-07,1.056025953493496798e-06,5.993587745808431965e-07,1.917043189704789829e-05,3.438145012273376043e-06,6.142065981624626184e-14,3.056127715844799033e-14,1.312524147778986954e-13,3.020957229103199840e-14,3.197558128346965656e-14,7.510941302711122420e-14,1.113600815025296113e-13,6.905435476708490332e-14,2.785018017452343575e-14
1.499999999999999944e-01,2.487819950891038382e-05,9.939635078704188958e-08,7.516711090167115958e-07,4.776580655044770728e-07,1.869419705351726258e-05,4.855276365182171846e-06,6.377591393367465557e-14,4.007904052868796541e-14,1.801860466112474766e-13,3.977748315571581067e-14,2.208212745779630544e-14,6.008837712976020494e-14,8.383641170637957331e-14,5.605189716640333311e-14,1.902541931243154852e-14
1.549999999999999989e-01,5.096284503488102255e-05,9.474033100912144266e-08,1.928578885831301011e-06,3.547894428785857220e-07,1.724213301511451596e-05,3.134260280467666412e-05,4.939483996791466453e-14,4.546598914353864741e-14,2.468723880745215682e-13,4.612914204725655912e-14,1.319123439019812594e-14,4.321171194993685551e-14,5.860309240387981617e-14,4.106437519400654899e-14,1.143805348753679910e-14
1.599999999999999756e-01,7.699419788870963876e-05,8.938282091730704491e-08,4.219336210188694639e-06,2.337246718143445242e-07,1.481538748616978626e-05,5.763636618535752389e-05,3.497621255041583851e-14,4.742223658314948561e-14,2.818763396215255242e-13,4.922192994856859484e-14,6.397737676279822026e-15,2.545251896714433995e-14,3.867308608871613101e-14,2.463032516748247477e-14,5.611611518217568202e-15
1.649999999999999800e-01,6.589304141825023226e-05,7.424213964124881924e-08,7.057678133546338344e-06,1.422056846623706209e-07,1.205976575630204772e-05,4.655914923905211868e-05,3.709931526762803369e-14,4.913327415246204139e-14,2.667172291765282755e-13,5.159228846910510742e-14,1.869453491451245121e-15,1.444998751463201926e-14,2.819650825436478774e-14,1.429316923072024306e-14,1.694881361491653726e-15
1.699999999999999845e-01,2.804784026456108706e-05,5.314133236406667128e-08,1.003221686135949891e-05,7.376742331537199264e-08,9.030779449178462527e-06,8.857934766966941094e-06,5.198284268516146241e-14,5.115847713013554002e-14,2.223635825931346671e-13,5.251324726451531440e-14,3.311460203435480305e-16,1.435860556527721444e-14,2.395568185826269878e-14,1.436106144089479825e-14,3.521026756306408028e-16
1.749999999999999889e-01,3.282789726439269104e-05,3.945160198972834943e-08,1.277356933064372334e-05,3.175115469959382677e-08,6.087965749618688261e-06,1.389515900111180009e-05,7.178428807220077433e-14,5.021454100923824701e-14,1.824631413608408267e-13,5.638992440979076198e-14,2.105978717400477496e-15,1.984417573525048594e-14,2.201455952571334582e-14,1.962084736119788667e-14,1.891703395390659829e-15
1.799999999999999933e-01,1.212179348847736962e-04,4.085792205192328768e-08,1.495586351644653759e-05,1.616647560441289611e-08,3.570179620290878217e-06,1.026348667653397798e-04,3.866131302953137376e-14,4.679847261331453052e-14,1.646064248528692608e-13,2.458173610081628509e-13,6.027359202028835404e-15,2.453978444776719680e-14,2.930114156536040609e-14,2.370970608709147455e-14,5.578602347307100967e-15
1.804999999999999938e-01,1.326900048025242689e-04,4.074464858765540375e-08,1.511703880167618799e-05,1.580953991077533892e-08,3.372368113018132380e-06,1.141440430768361487e-04,6.157797742277445778e-14,4.649158572081820434e-14,1.373835783360567558e-13,2.847457295547145724e-13,6.708159563807838499e-15,2.496933301142672285e-14,3.042032962482640751e-14,2.409583325514924570e-14,6.102867820966898237e-15
1.809999999999999942e-01,1.441444212413972267e-04,4.119208441585963609e-08,1.526921080295988513e-05,1.572722894427282163e-08,3.192233617916614993e-06,1.256260567491126177e-04,1.643725920637685855e-13,4.577565906763193638e-14,1.412554244019278491e-13,3.072306210660510359e-13,7.373087287110025981e-15,2.632355037087310956e-14,3.378355362807808380e-14,2.534015009597291297e-14,6.593330198213904679e-15
1.814999999999999947e-01,1.554190485938974713e-04,4.232453636240640266e-08,1.541878459008375280e-05,1.596247029426182522e-08,3.018033395195755521e-06,1.369239425562810753e-04,4.123852448973755468e-13,4.451943447996134906e-14,1.758764664554739447e-13,3.034075505655095847e-13,7.950837516532641654e-15,2.834931078255294777e-14,3.899353598052715206e-14,2.718884204381765989e-14,7.009016341923696005e-15
1.819999999999999951e-01,1.663448211802817515e-04,4.401668289931052462e-08,1.557048633141752193e-05,1.653635800988591172e-08,2.838870542933173779e-06,1.478749097052923654e-04,9.007656840431354216e-13,4.267083017475501054e-14,2.293926108025785195e-13,2.663266591991786080e-13,8.400747355643402416e-15,3.055384456004721991e-14,4.509571593413059383e-14,2.917349004700814548e-14,7.349920811862817698e-15
1.824999999999999956e-01,1.767498760054993115e-04,4.592388254484682651e-08,1.572542998186742574e-05,1.743230809794773261e-08,2.648631051388071131e-06,1.583124563691203622e-04,1.762323889261182160e-12,4.032492315504187899e-14,2.824225679108870049e-13,1.969950556018493553e-13,8.729802229938750048e-15,3.237215857711006615e-14,5.086650656038928049e-14,3.077403299050185348e-14,7.671700306859018116e-15
1.829999999999999960e-01,1.864638887498731141e-04,4.759811053158736500e-08,1.588049645973626709e-05,1.859163507220325706e-08,2.447882112876589115e-06,1.680693166537059076e-04,3.175995419862413105e-12,3.782230540636108867e-14,3.150630856552722119e-13,1.118251489225192787e-13,8.992517738970412713e-15,3.336443402796496700e-14,5.520162515940669939e-14,3.160432351671198685e-14,8.081696552467804009e-15
1.834999999999999964e-01,1.953221292640305482e-04,4.864586798943570110e-08,1.602929886522707980e-05,1.992497040200161023e-08,2.243160107470713356e-06,1.769810935337612400e-04,5.375599133531500585e-12,3.589064787646690888e-14,3.143322637007841558e-13,5.297060347403869716e-14,9.273079128873756460e-15,3.337207146960959124e-14,5.747479607147314701e-14,3.155253096343545827e-14,8.714949151836320175e-15
1.839999999999999969e-01,2.031689365225533182e-04,4.886731151287178577e-08,1.616440036567014127e-05,2.133792325361635596e-08,2.044117025622783381e-06,1.848902046804754766e-04,8.658467885808672882e-12,3.584203947372456163e-14,2.792371675266410826e-13,1.019765621696223346e-13,9.655934511853616324e-15,3.257543700301493133e-14,5.774351108330778294e-14,3.082438630167242674e-14,9.695520455494002187e-15
1.844999999999999973e-01,2.098605158743079252e-04,4.832285622746006615e-08,1.627996724457568781e-05,2.276305955579540443e-08,1.859775069685555699e-06,1.916496734530782507e-04,1.339344031217015376e-11,3.983511226650650279e-14,2.215231961220136633e-13,3.970627809200123560e-13,1.019557264790145530e-14,3.143241351307475347e-14,5.672962782570979653e-14,2.987285008613294018e-14,1.109333163055117835e-14
1.849999999999999978e-01,2.152671238519722951e-04,4.730184209644105866e-08,1.637386770599404918e-05,2.418642191721470667e-08,1.695373759903088420e-06,1.971263725881103985e-04,2.002762154492607687e-11,5.120445756860457077e-14,1.618066411160634383e-13,1.154192702506984403e-12,1.089665480093200208e-14,3.052081806146177816e-14,5.558045388592360882e-14,2.923966212363960338e-14,1.288817400666712086e-14
1.854999999999999982e-01,2.192748065166514118e-04,4.620613404967034951e-08,1.644843427582584342e-05,2.565743123200836380e-08,1.550933778428101647e-06,2.012035427747124413e-04,2.909126074595656568e-11,7.485160403818415517e-14,1.225695090660917340e-13,2.691857923803863125e-12,1.171181885187812682e-14,3.034270837074685235e-14,5.549220108934693531e-14,2.936637418313544915e-14,1.495045059662806424e-14
1.859999999999999987e-01,2.217869048408079599e-04,4.539441761018163726e-08,1.650961263063432661e-05,2.727635416943599659e-08,1.421898691246455152e-06,2.037826757009345577e-04,4.120006091372361476e-11,1.176835684469132280e-13,1.207081729045139709e-13,5.459230252467348598e-12,1.255784472394847809e-14,3.116124703932581363e-14,5.732433559243311146e-14,3.044275511381535907e-14,1.704389133572368828e-14
1.864999999999999991e-01,2.227255517193492493e-04,4.504742559318828973e-08,1.656482573808837875e-05,2.916182202038927038e-08,1.301385279776902016e-06,2.047850638222460705e-04,5.705423758408617883e-11,1.890782961499224137e-13,1.624957160311907808e-13,1.006701152837576609e-11,1.334406724902569645e-14,3.292666430776691236e-14,6.133370640032714764e-14,3.234547578467784374e-14,1.885130234978133766e-14
1.869999999999999996e-01,2.220333659186470878e-04,4.510492022131536270e-08,1.662035565756213057e-05,3.140895713228078108e-08,1.183008454774597555e-06,2.041533924599517390e-04,7.743368265514139523e-11,3.013521353866579880e-13,2.428753711774325160e-13,1.731995794355234167e-11,1.400258396271773519e-14,3.531304265903420186e-14,6.711238345778548513e-14,3.468626942129810650e-14,2.002266230115230156e-14
1.875000000000000000e-01,2.196754895784595461e-04,4.529615602077533014e-08,1.667920740390149820e-05,3.405315618709808093e-08,1.063144123384050777e-06,2.018536562977873495e-04,1.031886716313453664e-10,4.702028719022378879e-13,3.493226003412286193e-13,2.824968819013876020e-11,1.450954176487751433e-14,3.784616777007324241e-14,7.374087379667202659e-14,3.695002886423066816e-14,2.024687344017526927e-14
1.880000000000000004e-01,2.156420054186169370e-04,4.524875986903793314e-08,1.674021469701850057e-05,3.705340231307543107e-08,9.418459393454083022e-07,1.978774618714177424e-04,1.352256802998802127e-10,7.151019803161433655e-13,4.687598101170652269e-13,4.414602463515064913e-11,1.489055512625004517e-14,4.007075363645741806e-14,8.009646378895173797e-14,3.867477391975605226e-14,1.935394241379321818e-14
1.885000000000000009e-01,2.099506113861808118e-04,4.463127384242851132e-08,1.679866350225549197e-05,4.030225253689215797e-08,8.222507863686087672e-07,1.922445206446636644e-04,1.744880520308734273e-10,1.059610372376336356e-12,5.948682457148823882e-13,6.658478843718856950e-11,1.520947502111991003e-14,4.169479649189559138e-14,8.521114524030752900e-14,3.961769599059733096e-14,1.746152964858963940e-14
1.890000000000000013e-01,2.026492574484664122e-04,4.327354932547442772e-08,1.684813845932843995e-05,4.365978085850285651e-08,7.089166274269836621e-07,1.850049471838724382e-04,2.219314786822502100e-10,1.531591895737101919e-12,7.330532346358740453e-13,9.744970029210151893e-11,1.554577807964608258e-14,4.266251730820029368e-14,8.856969785141397075e-14,3.986641161133807118e-14,1.518605450207609563e-14
1.895000000000000018e-01,1.938183207302117102e-04,4.122046296192107125e-08,1.688285956862883180e-05,4.699955384327356732e-08,6.058922574942627458e-07,1.762409281791035972e-04,2.784945214152038303e-10,2.163297626923523417e-12,9.012956302652562321e-13,1.389458570014481365e-10,1.596943926672396987e-14,4.313841026271828092e-14,9.027409938577257513e-14,3.988480420161356371e-14,1.394142019949091493e-14
1.900000000000000022e-01,1.835718737867209245e-04,3.870265946162799949e-08,1.689963308989116846e-05,5.024986299219657263e-08,5.153086012526992905e-07,1.660674365803333483e-04,3.450646920916058482e-10,2.991291946185044413e-12,1.126754812233948515e-12,1.936021887163399407e-10,1.652206818189498768e-14,4.341986177925693321e-14,9.105862965879469899e-14,4.051525612487549120e-14,1.634652318232702513e-14
1.905000000000000027e-01,1.720577209009833681e-04,3.604121989329613843e-08,1.689873339258235430e-05,5.341498903283912855e-08,4.369553284392834719e-07,1.546318835509639369e-04,4.224409252578636570e-10,4.056189620041047474e-12,1.439615127161370729e-12,2.642603783869978185e-10,1.720967375849276958e-14,4.382043742495427667e-14,9.219663990210458312e-14,4.298034301741167956e-14,2.675612038339648059e-14
1.910000000000000031e-01,1.594561203469185059e-04,3.352781850748835118e-08,1.688347213941657679e-05,5.656875554055464876e-08,3.688390736213093986e-07,1.421128396906749672e-04,5.112935745856705061e-10,5.402173232980650299e-12,1.866644318310282499e-12,3.540479643144045482e-10,1.800735717845830992e-14,4.457120816977532124e-14,9.537368597402767666e-14,4.892917602807641430e-14,5.191973796615122596e-14
1.915000000000000036e-01,1.459774018554151705e-04,3.132863318567683601e-08,1.685871710514549797e-05,5.982317560172070984e-08,3.083226488814403465e-07,1.287181220027729524e-04,6.121233436474826289e-10,7.076263819978679020e-12,2.426892521575601324e-12,4.663337615275563819e-10,1.887175458083643138e-14,4.577302047142464882e-14,1.026025388032225126e-13,6.055691242843393923e-14,1.017621257455178351e-13
1.920000000000000040e-01,1.318589208407244969e-04,2.944731879098132055e-08,1.682899757434184982e-05,6.328446284763179405e-08,2.532745552391026807e-07,1.146825743316490904e-04,7.252207876404710327e-10,9.127325427448317115e-12,3.130956398006193580e-12,6.046643305154198726e-10,1.975496387772829865e-14,4.740637402420803937e-14,1.162278185186627187e-13,8.079865779904195895e-14,1.902680399082146130e-13
1.925000000000000044e-01,1.173618675318666328e-04,2.775613238634660615e-08,1.679694002138351394e-05,6.701331428008319008e-08,2.027548781198957656e-07,1.002657636289894043e-04,8.506281822804605866e-10,1.160479670223327022e-11,3.983705696230827682e-12,7.726809831813842872e-10,2.061460991197447303e-14,4.938000296347191527e-14,1.390271589451912086e-13,1.135730679542661035e-13,3.364446859195067085e-13
1.930000000000000049e-01,1.027683277911657682e-04,2.607628838861833291e-08,1.676259162944041166e-05,7.100434366501754964e-08,1.570473111967973915e-07,8.574962557225035474e-05,9.881056357420859655e-10,1.455715872699749882e-11,4.988958638076582651e-12,9.740177235625904772e-10,2.141785459417852827e-14,5.158562786542305824e-14,1.743808227736073404e-13,1.640368979632861271e-13,5.653266821243673467e-13
1.935000000000000053e-01,8.837871002533999559e-05,2.427038495760917265e-08,1.672380104685410192e-05,7.519169657314951397e-08,1.171664051141511017e-07,7.143590557262233817e-05,1.137103311570557689e-09,1.803016675143213625e-11,6.153869508835720781e-12,1.212181540101811127e-09,2.214080232620082374e-14,5.392981316198438199e-14,2.264662061595819994e-13,2.388139484132617769e-13,9.089799098997559069e-13
1.940000000000000058e-01,7.450931696134306442e-05,2.230812863930167191e-08,1.667740067123684331e-05,7.947740232396974045e-08,8.417689018499738027e-08,5.764313502078936607e-05,1.296741531512125661e-09,2.206489242330147376e-11,7.491026780451120636e-12,1.490417550925964747e-09,2.276702589405571481e-14,5.633141442383917067e-14,3.004403690957795108e-13,3.461770035933564199e-13,1.407451150415574129e-12
1.945000000000000062e-01,6.148959019574078372e-05,2.028111205711419489e-08,1.662064268431735528e-05,8.377015237359582969e-08,5.868029870477737926e-08,4.470289978203601547e-05,1.465800336817715321e-09,2.669564080438585337e-11,9.017318023213123737e-12,1.811562598170860784e-09,2.328874660100983292e-14,5.869521655742876298e-14,4.025940381461951831e-13,4.961802503437336869e-13,2.109599855516429268e-12
1.950000000000000067e-01,4.965850042533375130e-05,1.836585501868349930e-08,1.655228906628450296e-05,8.801849265737154920e-08,4.067244440084242511e-08,3.295528685782014335e-05,1.642719806731783004e-09,3.194782132222988061e-11,1.075002563151912136e-11,2.177891929810821652e-09,2.371172353177117380e-14,6.088761683424472299e-14,5.404797289195138242e-13,7.007517462234794669e-13,3.073737897842455465e-12
1.955000000000000071e-01,3.935973174095041904e-05,1.675617141587173612e-08,1.647294856090951120e-05,9.222529591989162941e-08,2.975044434811661917e-08,2.274357800255061616e-05,1.825612068274585805e-09,3.783586271253706747e-11,1.270177027448746515e-11,2.590964532385928063e-09,2.406150713990725254e-14,6.274066513929170037e-14,7.230217394491528416e-13,9.737539162279949810e-13,4.367994933186559939e-12
1.960000000000000075e-01,3.093565305138762617e-05,1.559698815191842970e-08,1.638459695157042784e-05,9.643854818150439942e-08,2.547043206930170242e-08,1.440841868448326744e-05,2.012285490891889562e-09,4.436126822657540450e-11,1.487633812352067444e-11,3.051473420727549545e-09,2.438629298848743569e-14,6.409579215931360244e-14,9.606024013379750799e-13,1.331005003418419546e-12,6.070323750768482365e-12
1.965000000000000080e-01,2.472044761433904423e-05,1.494804105393179783e-08,1.628956144194384888e-05,1.007234895899430110e-07,2.761085325900245336e-08,8.281764208857303887e-06,2.200281057738231720e-09,5.151090858035266985e-11,1.726695968763668553e-11,3.559107691115202807e-09,2.475168439088335373e-14,6.487520013479131545e-14,1.265093937686213447e-12,1.790233230222357521e-12,8.268063843983461034e-12
1.970000000000000084e-01,2.103302679201129416e-05,1.479006651898971282e-08,1.618945392216389166e-05,1.051288206408291787e-07,3.619067504052581018e-08,4.680869672733207429e-06,2.386920363945243117e-09,5.925564631645781300e-11,1.985748223685543001e-11,4.112433350899829267e-09,2.522558894219843775e-14,6.514877324099752919e-14,1.649783442111253862e-12,2.370919375133650053e-12,1.105699327296469504e-11
1.975000000000000089e-01,2.017037661154084748e-05,1.506597580041130028e-08,1.608452535967537674e-05,1.096618584563911795e-07,5.126289101405054498e-08,3.902472333714630497e-06,2.569364139490496595e-09,6.754937674289350964e-11,2.262560164993138539e-11,4.708799811762632441e-09,2.585616699453490929e-14,6.515827162014674285e-14,2.129135455639632752e-12,3.093982461267913990e-12,1.453981798580237273e-11
1.980000000000000093e-01,2.240176089993619937e-05,1.573425801882582671e-08,1.597370177444045367e-05,1.142833625167091110e-07,7.265101852426679990e-08,6.217174037669666900e-06,2.744679662996798238e-09,7.632855797038908372e-11,2.554645540143354999e-11,5.344278452805543518e-09,2.665013386486837927e-14,6.527327791110924639e-14,2.718360463788690046e-12,3.981281118270803341e-12,1.882407211292564803e-11
1.984999999999999820e-01,2.796382361909048012e-05,1.680801797304578354e-08,1.585525038826061136e-05,1.189240621692832137e-07,9.983681590682086031e-08,1.186393407330700314e-05,2.909914956603225522e-09,8.551228654339336072e-11,2.859480024203599093e-11,6.013638819630129130e-09,2.756058684782489415e-14,6.588099833459569631e-14,3.432803812779847816e-12,5.054935439574808950e-12,2.401942985933859475e-11
1.989999999999999825e-01,3.705625713255886254e-05,1.836165676660499055e-08,1.572774895103002605e-05,1.235154167371070543e-07,1.321183925378165668e-07,2.104457246977182324e-05,3.062177261373100443e-09,9.500295658142266302e-11,3.174473155771613247e-11,6.710366842671553337e-09,2.849157823864495796e-14,6.724327938036840324e-14,4.287221497363194624e-12,6.336509494317306897e-12,3.023445744137874373e-11
1.994999999999999829e-01,4.983749796107708068e-05,2.050361215491099854e-08,1.559090742719920948e-05,1.280208641056916479e-07,1.689879952459765275e-07,3.391826215403404552e-05,3.198713011308509957e-09,1.046875199883746540e-10,3.496711514287385858e-11,7.426727969070648426e-09,2.932116725076051678e-14,6.937500964494534935e-14,5.295044952975442630e-12,7.846119537452237014e-12,3.757286107520821417e-11
1.999999999999999833e-01,6.641997537741943221e-05,2.332982687465117309e-08,1.544586656045200180e-05,1.324534450509045637e-07,2.105228658229360231e-07,5.059611685056482940e-05,3.316986367279905374e-09,1.144393437379684434e-10,3.822605360388454672e-11,8.153876363565236834e-09,2.993754874545090829e-14,7.199775954761160404e-14,6.467738599248182957e-12,9.601537512884236379e-12,4.612931448883479529e-11
2.004999999999999838e-01,8.686475694022032911e-05,2.688117350298698395e-08,1.529483431602224737e-05,1.368714198738905023e-07,2.575322154553985210e-07,7.113609993416851614e-05,3.414753347042023071e-09,1.241206378674675198e-10,4.147628161247879579e-11,8.882009418915877982e-09,3.027689475248339442e-14,7.459881666310745620e-14,7.814316622051469307e-12,1.161734198504392162e-11,5.598497753785046427e-11
2.009999999999999842e-01,1.111758837927345718e-04,3.112526312475575411e-08,1.514021408524481419e-05,1.413529359353059674e-07,3.112980787379364844e-07,9.553853393272865671e-05,3.490128694210503979e-09,1.335854048214145535e-10,4.466311068370610573e-11,9.600564812897770341e-09,3.034936825110777832e-14,7.658647570078722519e-14,9.341021149139239382e-12,1.390413687679945668e-11,6.720284662562418757e-11
2.014999999999999847e-01,1.392950800781029761e-04,3.597065086477246338e-08,1.498360204259408730e-05,1.459599856052141893e-07,3.729514598054133080e-07,1.237424579828845896e-04,3.541642863004017759e-09,1.426828374393392446e-10,4.772552774068810919e-11,1.029845535447726333e-08,3.024265930380399139e-14,7.749267442605036222e-14,1.105109747827967843e-11,1.646782659688188591e-11,7.982310684361745232e-11
2.019999999999999851e-01,1.710976829085137740e-04,4.130561204957267751e-08,1.482509135811790692e-05,1.507069073972353782e-07,4.427399168643930652e-07,1.556229784100517707e-04,3.568286848598837642e-09,1.512610697311839433e-10,5.060172241856611808e-11,1.096433497870014292e-08,3.009966948226260016e-14,7.715034283740166843e-14,1.294456176316454969e-11,1.930891930153443183e-11,9.385868241727816303e-11
2.024999999999999856e-01,2.063904884416905845e-04,4.704201969340249342e-08,1.466319450483448503e-05,1.555473258740645984e-07,5.195549574313667209e-07,1.909896339600568923e-04,3.569543053576866902e-09,1.591711627043334510e-10,5.323524985371582263e-11,1.158688757981896394e-08,3.007613431373046001e-14,7.577615951802319382e-14,1.501786252486713718e-11,2.242183745347402069e-11,1.092912020845177742e-10
2.029999999999999860e-01,2.449117900304560399e-04,5.314285757082518999e-08,1.449543650925758392e-05,1.603861364272817812e-07,6.010246965344962715e-07,2.295857082203797261e-04,3.545400933000476476e-09,1.662711885501765393e-10,5.557969970430513397e-11,1.215512901031246739e-08,3.029161576516498368e-14,7.392038138969128212e-14,1.726339184156553522e-11,2.579424580197300416e-11,1.260676048984067024e-10
2.034999999999999865e-01,2.863333549894683198e-04,5.962031003823445849e-08,1.431939058773785073e-05,1.651128442639713800e-07,6.842476151944615925e-07,2.710884052572578229e-04,3.496356781739251709e-09,1.724302625524671088e-10,5.760030171601120178e-11,1.265871160246629205e-08,3.079041273568739724e-14,7.229342520446421027e-14,1.966888731662767031e-11,2.940645036539562084e-11,1.440976059450644795e-10
2.039999999999999869e-01,3.302636591027319928e-04,6.650596011434870730e-08,1.413374014946558324e-05,1.696434885700715725e-07,7.669396117672099676e-07,3.151098626674913640e-04,3.423397688314867899e-09,1.775323652956913180e-10,5.927213433944506420e-11,1.308822005388179249e-08,3.152613428744654500e-14,7.152592748985879893e-14,2.221684997729458627e-11,3.323096055145164211e-11,1.632522189747273574e-10
2.044999999999999873e-01,3.762515514766191175e-04,7.380826992367115618e-08,1.393893439065443045e-05,1.739543159676747663e-07,8.485281493445750652e-07,3.611990752927881536e-04,3.327970343973497628e-09,1.814797998496681089e-10,6.057600308653840672e-11,1.343544750090477304e-08,3.237578252520647451e-14,7.194666517978962947e-14,2.488415208870795546e-11,3.723232321109384311e-11,1.833634949954551679e-10
2.049999999999999878e-01,4.237897274685803201e-04,8.147859727565083710e-08,1.373716453630254540e-05,1.780931037632248953e-07,9.306771906113466557e-07,4.088448894317862556e-04,3.211936024958482926e-09,1.841961403973139921e-10,6.149402824614466268e-11,1.369364110070600508e-08,3.317898632167056428e-14,7.345949685738234731e-14,2.764200005127331892e-11,4.136732247255527547e-11,2.042255859503314232e-10
2.054999999999999882e-01,4.723178735790999928e-04,8.940258962369332284e-08,1.353165812447059679e-05,1.821626043849091958e-07,1.016911505111268231e-06,4.574802541503015705e-04,3.077513622377415154e-09,1.856285498463196257e-10,6.200710812752131562e-11,1.385770744193318011e-08,3.378923019223122224e-14,7.556661686834164892e-14,3.045634986370443949e-11,4.558559436047998327e-11,2.255971856218892724e-10
2.059999999999999887e-01,5.212259270575012385e-04,9.742106163765610939e-08,1.332555969572472897e-05,1.862816236795955860e-07,1.111370416297675017e-06,5.064878643961350912e-04,2.927213046316098623e-09,1.857493726684951410e-10,6.209563690158256047e-11,1.392436956598790469e-08,3.411977026388621695e-14,7.753304150690316112e-14,3.328876753514265029e-11,4.983064334355989701e-11,2.472053409103913020e-10
2.064999999999999891e-01,5.698583307804868953e-04,1.053696518388495249e-07,1.312082939473152341e-05,1.905383418089795435e-07,1.217113345869968040e-06,5.552072187127404627e-04,2.763761657755904420e-09,1.845569429242145458e-10,6.174347197949470878e-11,1.389226924069611423e-08,3.416893928312078063e-14,7.863587154111100811e-14,3.609762086614961408e-11,5.404118840869345110e-11,2.687505695035077225e-10
2.069999999999999896e-01,6.175202742386077170e-04,1.131169999752712235e-07,1.291758282203972282e-05,1.949539481689815740e-07,1.334648749522025788e-06,6.029429896449696805e-04,2.590026573989911704e-09,1.820755830898392035e-10,6.094373508451581162e-11,1.376201029780222848e-08,3.401693861611155508e-14,7.841085185723988156e-14,3.883941999903500305e-11,5.815272755488564549e-11,2.899131668042333452e-10
2.074999999999999900e-01,6.634866311450993148e-04,1.205817527189130873e-07,1.271412183346084168e-05,1.994710230111745126e-07,1.461338725550217424e-06,6.489745206339405520e-04,2.408935751757023900e-09,1.783548040029496913e-10,5.970418004485423763e-11,1.353614122068895998e-08,3.379623557387036568e-14,7.680977079331071826e-14,4.147011644874185281e-11,6.209920245227541310e-11,3.103605362717972812e-10
2.079999999999999905e-01,7.070137221923246482e-04,1.277193552094648399e-07,1.250763802849871245e-05,2.039717132699149229e-07,1.592026722122812700e-06,6.925662527531431046e-04,2.223400685951612612e-09,1.734677477345300199e-10,5.804992575441136712e-11,1.321907763324561209e-08,3.364664984435179003e-14,7.421482026646687343e-14,4.394622527141628558e-11,6.581466839074855050e-11,3.297553327083890761e-10
2.084999999999999909e-01,7.473533574707647660e-04,1.344852750109182492e-07,1.229531494340396053e-05,2.083192670437850553e-07,1.720752722638998400e-06,7.329789451904619377e-04,2.036243382921191801e-09,1.675089422018930176e-10,5.602231280585835302e-11,1.281696777473824610e-08,3.367092829864614760e-14,7.130775075038880487e-14,4.622573013525538649e-11,6.923491642200314398e-11,3.477641674386053639e-10
2.089999999999999913e-01,7.837680977601250900e-04,1.407942975263357405e-07,1.207541034420319376e-05,2.124074054051027623e-07,1.842952569835630160e-06,7.694816465040676479e-04,1.850129989244081056e-09,1.605914585069100438e-10,5.367410575457315905e-11,1.233750633086701796e-08,3.390554832620253956e-14,6.884303911150451898e-14,4.826882872321394913e-11,7.229903650692741273e-11,3.640665889445391214e-10
2.094999999999999918e-01,8.155465119499368714e-04,1.464991056962174911e-07,1.184791908611327677e-05,2.161988817616336638e-07,1.957286884161675030e-06,8.013644434135602573e-04,1.667513092424764240e-09,1.528435796450620055e-10,5.106263320341033391e-11,1.178970401842260592e-08,3.431531725192961821e-14,6.740639979425293824e-14,5.003863801340037579e-11,7.495093534047906941e-11,3.783640250281444225e-10
2.099999999999999922e-01,8.420174612661633119e-04,1.514031554183205906e-07,1.161458704873221950e-05,2.197386293581030149e-07,2.066332550785947194e-06,8.279520138941038210e-04,1.490584272869945562e-09,1.444051029497816510e-10,4.824318176396752244e-11,1.118362199472822711e-08,3.481155969477152345e-14,6.724160993334380279e-14,5.150198176796293628e-11,7.714082090239657183e-11,3.903883567384278969e-10
2.104999999999999927e-01,8.625630134148505037e-04,1.553062614657246763e-07,1.137829702136374397e-05,2.231365403681711494e-07,2.175781783078240514e-06,8.486179283307636843e-04,1.321237993608072310e-09,1.354234088014658538e-10,4.526475642815833939e-11,1.053008140704640601e-08,3.528563602419296012e-14,6.820038085475071751e-14,5.263032571502690623e-11,7.882663942327778605e-11,3.999097939130703382e-10
2.109999999999999931e-01,8.766302620045610464e-04,1.580640782156238538e-07,1.114207932523599850e-05,2.265264040338205526e-07,2.292377866238114757e-06,8.627995044801124464e-04,1.161047387474243283e-09,1.260494346690682081e-10,4.216929263302331857e-11,9.840359157911757836e-09,3.564506641038100233e-14,6.982365527353424118e-14,5.340083250243862234e-11,7.997541126522521270e-11,4.067437398080369155e-10
2.114999999999999936e-01,8.837428398818205277e-04,1.596333857127403248e-07,1.090812607168304232e-05,2.300164279875517959e-07,2.421339479771156759e-06,8.700128867302789164e-04,1.011251968625130577e-09,1.164336958749114147e-10,3.899399309160579104e-11,9.125881211929518036e-09,3.583997434256782753e-14,7.151624636327737777e-14,5.379741572235549505e-11,8.056437727467284857e-11,4.107563682996684161e-10
2.119999999999999940e-01,8.835130698057351356e-04,1.600790446571902464e-07,1.067716565891443365e-05,2.336497049792386067e-07,2.564267371345518786e-06,8.698679484760242541e-04,8.727567879038505676e-10,1.067224916573821505e-10,3.577525043781297488e-11,8.397924506833260537e-09,3.587231145289984782e-14,7.274725402746901532e-14,5.381161680005366561e-11,8.058185189051004833e-11,4.118686894140268584e-10
2.124999999999999944e-01,8.756554282858733775e-04,1.595348296847899476e-07,1.044839981411933270e-05,2.373889461677193247e-07,2.718375402274813504e-06,8.620826425684672027e-04,7.461421012287717516e-10,9.705442623668374714e-11,3.255209008325797562e-11,7.667337781961151503e-09,3.578722236905843902e-14,7.320588434867149105e-14,5.344313223237702891e-11,8.002769149510064389e-11,4.100589432614269115e-10
2.129999999999999949e-01,8.600014044960834327e-04,1.581321418384491532e-07,1.021998519447120851e-05,2.411304638370185574e-07,2.877388760680792211e-06,8.464965379528247231e-04,6.316822531988644152e-10,8.755735916262710748e-11,2.936741259517628036e-11,6.944290451237920406e-09,3.565218350827184991e-14,7.286514723682850705e-14,5.269988061436077809e-11,7.891332364932729509e-11,4.053632335557194083e-10
2.134999999999999953e-01,8.365151353084027434e-04,1.559277095337965849e-07,9.989842642789338085e-06,2.447414258782971856e-07,3.033797472270155874e-06,8.230834271756037619e-04,5.293722113497443383e-10,7.834587746865570437e-11,2.626634996759151259e-11,6.238057097449332509e-09,3.553294264289278589e-14,7.194375003173241664e-14,5.159759628707594923e-11,7.726133349641723270e-11,3.978743846131294722e-10
2.139999999999999958e-01,8.053086487707062334e-04,1.528651486490736648e-07,9.756473435869195544e-06,2.481060208757510482e-07,3.181606280854535196e-06,7.919629961603922436e-04,4.389600251705243790e-10,6.951935518513237078e-11,2.329231447714863748e-11,5.556843339585073387e-09,3.547488174493091154e-14,7.079379864752927163e-14,5.015903404916602190e-11,7.510465217939999250e-11,3.877390759283331815e-10
2.144999999999999962e-01,7.666553525283252004e-04,1.487927233126909231e-07,9.519485833667319492e-06,2.511634548026453136e-07,3.318509295993852998e-06,7.534115557803970197e-04,3.599834224042500462e-10,6.116063550534402016e-11,2.048227569088584147e-11,4.907656826643592377e-09,3.549488863572229036e-14,6.976464770497671851e-14,4.841293354513430332e-11,7.248542504076838691e-11,3.751533734139920513e-10
2.149999999999999967e-01,7.210006279075440632e-04,1.435354256680870737e-07,9.279668380758349794e-06,2.539244694296197151e-07,3.446634446755490259e-06,7.078717296446345331e-04,2.918087799779316405e-10,5.333533981900297358e-11,1.786306758316199906e-11,4.296225046374525107e-09,3.558397653490837486e-14,6.909430599317050289e-14,4.639290340578041880e-11,6.945364807104754031e-11,3.603568346616112668e-10
2.154999999999999971e-01,6.689689442640364648e-04,1.369940747389307573e-07,9.038629676593422629e-06,2.564616419092055678e-07,3.571568624120033393e-06,6.559608141424602907e-04,2.336708017909824357e-10,4.609177853425469468e-11,1.545003050639615191e-11,3.726959612021949785e-09,3.571685908259336021e-14,6.886127593229447310e-14,4.413634570774028057e-11,6.606565176269936458e-11,3.436254162010495278e-10
2.159999999999999976e-01,6.113675798404855522e-04,1.292293810161440552e-07,8.798183876244323535e-06,2.588786412786266106e-07,3.700063184617007825e-06,5.984773549371610792e-04,1.847113852193119913e-10,3.946141339358647483e-11,1.324828664374415336e-11,3.202964803076410172e-09,3.586298890302454281e-14,6.900123389413123276e-14,4.168347163646219169e-11,6.238249142418071789e-11,3.252634526518976534e-10
2.164999999999999980e-01,5.491875729607594838e-04,1.204925549386326941e-07,8.559738092707081165e-06,2.612710613831527004e-07,3.837349730860598458e-06,5.364054034573087926e-04,1.440163506388284952e-10,3.345980146490907760e-11,1.125589090035162742e-11,2.726086473623721755e-09,3.599453441878046597e-14,6.936720001179397340e-14,3.907638987738459368e-11,5.846828384649174198e-11,3.055950092983355264e-10
2.169999999999999984e-01,4.836027350476647933e-04,1.111857046559880661e-07,8.323909934483574366e-06,2.636937247425168207e-07,3.985147370050998016e-06,4.709159773057934486e-04,1.106489347828229155e-10,2.808793787624963681e-11,9.467446072793982583e-12,2.296996073208487492e-09,3.608953123401682126e-14,6.979899670714191494e-14,3.635820774090239493e-11,5.438852109067184061e-11,2.849549289646432803e-10
2.174999999999999989e-01,4.159673683308578898e-04,1.017661429988543371e-07,8.090490928520758395e-06,2.661458773441336147e-07,4.141149067223407744e-06,4.033654385547057186e-04,8.367920169847905082e-11,2.333390748040850391e-11,7.876773470827748404e-12,1.915303499116928936e-09,3.613142784370021349e-14,7.017154145717625905e-14,3.357208515014514779e-11,5.020839593116757908e-11,2.636798991883371743e-10
2.179999999999999993e-01,3.478128329558885317e-04,9.263504236896184973e-08,7.858726025488770722e-06,2.685781310232020688e-07,4.300155397504271554e-06,3.352907518484984136e-04,6.220879521088480516e-11,1.917475409177832999e-11,6.477836616242888324e-12,1.579691842636771873e-09,3.610795208781597051e-14,7.040803233626815537e-14,3.076021892640207937e-11,4.599118608746705435e-11,2.420998554614259509e-10
2.184999999999999998e-01,2.808425054845920150e-04,8.406004978058755893e-08,7.627760653611829201e-06,2.709165064810317292e-07,4.456336394632963682e-06,2.684017871840216145e-04,4.539073142291771095e-11,1.557847845663093666e-11,5.264009525622101245e-12,1.288066810258067670e-09,3.601192151989393032e-14,7.046429925909668102e-14,2.796278973679545022e-11,4.179675723043589346e-11,2.205300110340445825e-10
2.190000000000000002e-01,2.169242070228001736e-04,7.616807636891565311e-08,7.397058861207349889e-06,2.730928215551596690e-07,4.605635807612616979e-06,2.045709022984527252e-04,3.244419280438506872e-11,1.250608141742107353e-11,4.226536029039610041e-12,1.037713678340602053e-09,3.584464041765545109e-14,7.030461244057734235e-14,2.521695112670768665e-11,3.768024902046030048e-11,1.992637653635400768e-10
2.195000000000000007e-01,1.580790426648447631e-04,6.901330208814667651e-08,7.166630948170276654e-06,2.750691663019313324e-07,4.747286372215057817e-06,1.458199465704609508e-04,2.266451968093975927e-11,9.913575835461446774e-12,3.353306222128683042e-12,8.254550427518266101e-10,3.562005709580598920e-14,6.989084329996081149e-14,2.255595885286403461e-11,3.369099917137844945e-11,1.785666949726948928e-10
2.200000000000000011e-01,1.064658452889393804e-04,6.268999009301065405e-08,6.937004558058383066e-06,2.768475876035979836e-07,4.883802453966329962e-06,9.430461842784311206e-05,1.542878572065599769e-11,7.753899241984971538e-12,2.628785498542574784e-12,6.478033047924122170e-10,3.536633378202193791e-14,6.919615602773168784e-14,2.000852219052806195e-11,2.987173891190689805e-11,1.586717760984084601e-10
2.205000000000000016e-01,6.436096598137228478e-05,5.743648318244509074e-08,6.708985097001534923e-06,2.784627139621532096e-07,5.019490377633655290e-06,5.229588825968546400e-05,1.019748254809146506e-11,5.978668841445323704e-12,2.035251386671563500e-12,5.011027319251151393e-10,3.512187427861927542e-14,6.823744936499663217e-14,1.759841535142565285e-11,2.625806592732722003e-11,1.397759317218092452e-10
2.210000000000000020e-01,3.413379476688142324e-05,5.367769500280783946e-08,6.483332631131630332e-06,2.799620533066109545e-07,5.158177276576182471e-06,2.215809048396102915e-05,6.512923863987729859e-12,4.539731588063117935e-12,1.554783710013966716e-12,3.816569802115811088e-10,3.492516618047349816e-14,6.710658549816241175e-14,1.534433577105610463e-11,2.287817702440716965e-11,1.220379392317668363e-10
2.215000000000000024e-01,1.821888725542217244e-05,5.197989495968134672e-08,6.260502826282758561e-06,2.813832742482101545e-07,5.301216300257143536e-06,6.323371872765439876e-06,3.995017570375713316e-12,3.390474743789905309e-12,1.171074174695271352e-12,2.858390962390851437e-10,3.480102705443478386e-14,6.597666497295757146e-14,1.325995778259927305e-11,1.975282977081783846e-11,1.055776809721181951e-10
2.220000000000000029e-01,1.908573229801593197e-05,5.293293528819103968e-08,6.040556353307248270e-06,2.827382527154283939e-07,5.446714725255079559e-06,7.262455330992182085e-06,2.335055920156021466e-12,2.486876414592416721e-12,8.702551049059683972e-13,2.101821624678767084e-10,3.474843589655307959e-14,6.506883619526203392e-14,1.135411860674541646e-11,1.689550258621112167e-11,9.047666943405435746e-11
2.225000000000000033e-01,3.920697139039639427e-05,5.701257615003984241e-08,5.823258213897700489e-06,2.840100996741772415e-07,5.590388020844095474e-06,2.745204649015654672e-05,1.288149574052674308e-12,1.788290365549772968e-12,6.405106496879083856e-13,1.514498493217205655e-10,3.473567736942867470e-14,6.458363256454420815e-14,9.631089183079660550e-12,1.431273254154953175e-11,7.677973288758331107e-11
2.230000000000000038e-01,8.102537544505303518e-05,6.449067019918972266e-08,5.608303880355569018e-06,2.851634805725403978e-07,5.727695420541475267e-06,6.933952821989492919e-05,6.648895690597902069e-13,1.257973779569311270e-12,4.709211453416941457e-13,1.066871363751232766e-10,3.470645959839568214e-14,6.462014277320827008e-14,8.090913211606182619e-12,1.200462150130375565e-11,6.449770715878414092e-11
2.235000000000000042e-01,1.469193190109487545e-04,7.544408313756433838e-08,5.395558792215302303e-06,2.861628529495564242e-07,5.856288851465789823e-06,1.353057192362958528e-04,3.227648585567695464e-13,8.633791555989006340e-13,3.504277106712281107e-13,7.325232106993329463e-11,3.459658643234204266e-14,6.511704376157549413e-14,6.729825575845621815e-12,9.965505684353396415e-12,5.361094697759026212e-11
2.239999999999999769e-01,2.391661192331184891e-04,8.986914974921745687e-08,5.185200313779557985e-06,2.869901249920887465e-07,5.977594986345589840e-06,2.276263569251671349e-04,1.577917873397006863e-13,5.762409624571452654e-13,2.677389876809732738e-13,4.883211678086383075e-11,3.435625435046105972e-14,6.584565509350349185e-14,5.540770275790000888e-12,8.184776134463813345e-12,4.407344810614405151e-11
2.244999999999999774e-01,3.599026124617095467e-04,1.078555491106329336e-07,4.977701799144243006e-06,2.876538518573715716e-07,6.096669111316938423e-06,3.484326529468421843e-04,9.672420010186430054e-14,3.724931746725857438e-13,2.124446170497416025e-13,3.144213671426877435e-11,3.397003155192933449e-14,6.646700565676869248e-14,4.514022285759269379e-12,6.647818880664330480e-12,3.581736129559954526e-11
2.249999999999999778e-01,5.110827657841677911e-04,1.297363599353660393e-07,4.773672105994711933e-06,2.881860236495862466e-07,6.220199201810237128e-06,4.996709143457278395e-04,9.010997357283060700e-14,2.320553346187967488e-13,1.768287329729812080e-13,1.941536357143885723e-11,3.346651280151426411e-14,6.663922621870491544e-14,3.637884317447533154e-12,5.337020526456425257e-12,2.875768197183413082e-11
2.254999999999999782e-01,6.944328350440244144e-04,1.561296822215443727e-07,4.573627760461267502e-06,2.886279882743672776e-07,6.353394792252167401e-06,6.830610130091790185e-04,1.063477003174367132e-13,1.385229674764543685e-13,1.573094180977259614e-13,1.138132694278815211e-11,3.291283913264199017e-14,6.613899018970443895e-14,2.899394865016598673e-12,4.232767572818278177e-12,2.279691479781873522e-11
2.259999999999999787e-01,9.114053291158118663e-04,1.878269485625995499e-07,4.377802210479453691e-06,2.890117455736912286e-07,6.497091591866583851e-06,9.000535664944480816e-04,1.267872337996800329e-13,7.879420846102102658e-14,1.544144027074931951e-13,6.238670980334287710e-12,3.239469178814039995e-14,6.495117796837021773e-14,2.284966591969151186e-12,3.314364774089153336e-12,1.782953759673922435e-11
2.264999999999999791e-01,1.163133533997479921e-03,2.255504876046869456e-07,4.186077459074176483e-06,2.893448040150645123e-07,6.646451298985942921e-06,1.151786088285772051e-03,1.418237088575346770e-13,4.265972855059449006e-14,1.708262668302630704e-13,3.123621340134459924e-12,3.198798970147027600e-14,6.328943106987475810e-14,1.780885669527351888e-12,2.560812994236002317e-12,1.374612099291075294e-11
2.269999999999999796e-01,1.450388382599084947e-03,2.696699202407020736e-07,3.998068192533945554e-06,2.896052546967360032e-07,6.792068683444504843e-06,1.439038954937972136e-03,1.478688783910241058e-13,2.237856057220685457e-14,2.080446373041754825e-13,1.376584315386638439e-12,3.173210999067674920e-14,6.153447230535729657e-14,1.373641920129362333e-12,1.951417105328632197e-12,1.043699458377641473e-11
2.274999999999999800e-01,1.773538990076425209e-03,3.200020273894424568e-07,3.813322285831423645e-06,2.897493970151666479e-07,6.923311628091906142e-06,1.762192593405443805e-03,1.450528132852403298e-13,1.225878547955578353e-14,2.631272513868222560e-13,5.087654540401030480e-13,3.161447984733376704e-14,6.010804149893501069e-14,1.050112380006665363e-12,1.466230125063589081e-12,7.795384102902728023e-12
2.279999999999999805e-01,2.132517371149397680e-03,3.758010011820673976e-07,3.631552646014526245e-06,2.897289823666782872e-07,7.032709838344787225e-06,2.121187570345222945e-03,1.355115216355399118e-13,8.259174160171570640e-15,3.272760228240271043e-13,1.703115674547174599e-13,3.157267011858747544e-14,5.932591488563395777e-14,7.976656446519066495e-13,1.086369161704936922e-12,5.719974746320922604e-12
2.284999999999999809e-01,2.526787025073166156e-03,4.359762001236068794e-07,3.452803523502864372e-06,2.895111120010818862e-07,7.119612141492162018e-06,2.515489115851528984e-03,1.221420893943716037e-13,7.625270517223077931e-15,3.874588831193043470e-13,1.210876062834340946e-13,3.151393696503067409e-14,5.928333692923684136e-14,6.042714543937186979e-13,7.942520856403941479e-13,4.116882975881097424e-12
2.289999999999999813e-01,2.955314563172706504e-03,4.994772218398629200e-07,3.277483137636906190e-06,2.890926689587337165e-07,7.191446043082926779e-06,2.944057059324426372e-03,1.077418167635812626e-13,8.570395260994608308e-15,4.309443840064012064e-13,2.048228119116007299e-13,3.134579020865992022e-14,5.981588179085014207e-14,4.586804931323919395e-13,5.737974666148943594e-13,2.901043187414109883e-12
2.294999999999999818e-01,3.416543612265818524e-03,5.657014485655894173e-07,3.106250298092294544e-06,2.885033196378105601e-07,7.261752438653656307e-06,3.405321401028359608e-03,9.447680981814166004e-14,1.000822793491795305e-14,4.511121500476285311e-13,3.270182528358100599e-13,3.100702336684448981e-14,6.055175988043296164e-14,3.506896745426917113e-13,4.106080470008107054e-13,1.997037548023171965e-12
2.299999999999999822e-01,3.908370897864911313e-03,6.347468466957586167e-07,2.939801755177683280e-06,2.877956792223229796e-07,7.345441736056611235e-06,3.897163108869633723e-03,8.363876829251891804e-14,1.133904840456440581e-14,4.519123665585117848e-13,4.367144550428794506e-13,3.048831744032712291e-14,6.103800576486437231e-14,2.714480550720005567e-13,2.921297669164844557e-13,1.339417570798611107e-12
2.304999999999999827e-01,4.428125494778118419e-03,7.073740984263785483e-07,2.778645230532911544e-06,2.870263391329545838e-07,7.452926378680640112e-06,4.416899520298184049e-03,7.564436979484647485e-14,1.228696161623398601e-14,4.484621240057563731e-13,5.119821663303679110e-13,2.983518649938669634e-14,6.089563019030065443e-14,2.137134038964886237e-13,2.077561605151889770e-13,8.725841657980453211e-13
2.309999999999999831e-01,4.972553345334293495e-03,7.846486383121339813e-07,2.622946051103632986e-06,2.862350630291093845e-07,7.585416844655123178e-06,4.961274096682562890e-03,7.021565023089510956e-14,1.278137913205870410e-14,4.626199753515391259e-13,5.488250553903001112e-13,2.913232110451359688e-14,5.994815249812304198e-14,1.719600198640132317e-13,1.488412220849562750e-13,5.503075521769835732e-13
2.314999999999999836e-01,5.537809851958001850e-03,8.673667966445987317e-07,2.472503534086361308e-06,2.854301640515718077e-07,7.733411487931345120e-06,5.526451138155552903e-03,6.666298565114540764e-14,1.287354518108334464e-14,5.145325546473541140e-13,5.530692578009583574e-13,2.847497235912550517e-14,5.827797091906435857e-14,1.422715185573462849e-13,1.085956884437426962e-13,3.349775866238074954e-13
2.319999999999999840e-01,6.119463332048040438e-03,9.554766152314608383e-07,2.326861084971116902e-06,2.845856487487885852e-07,7.879297381178923662e-06,6.108017109608385176e-03,6.418574108142844939e-14,1.267844783935011385e-14,6.132123163640786002e-13,5.347558960037197047e-13,2.793748224701257046e-14,5.619182404770241708e-14,1.220176467505881017e-13,8.186770931043641655e-14,1.966770780017678911e-13
2.324999999999999845e-01,6.712511311528577239e-03,1.047734048657233820e-06,2.185502961742995407e-06,2.836511565308285469e-07,8.003397823830472332e-06,6.700991023840569168e-03,6.211601713024971596e-14,1.233392571530723333e-14,7.502054453259745392e-13,5.045405234109699773e-13,2.754981305037786489e-14,5.410983935705175523e-14,1.093875547271503487e-13,6.483902037728081002e-14,1.121648931517097358e-13
2.329999999999999849e-01,7.311410262206043294e-03,1.141767401873604193e-06,2.048060605162280139e-06,2.825708480173736788e-07,8.091361657939386091e-06,7.299846499948529216e-03,6.005779191148540623e-14,1.197146773884096224e-14,8.997168729510810349e-13,4.716273409373938262e-13,2.728978403151648642e-14,5.241977706083230951e-14,1.029046869080368588e-13,5.469029288879130826e-14,6.384299766089895027e-14
2.334999999999999853e-01,7.910117926767596189e-03,1.234574583884500204e-06,1.914452598409904067e-06,2.813040868808855287e-07,8.140085580918975686e-06,7.898547508111284504e-03,5.790992643502964314e-14,1.169607726435498811e-14,1.026235655168130552e-12,4.428148126628175180e-13,2.709295629559027606e-14,5.134910810399417615e-14,1.010587333030185335e-13,4.929556547740811119e-14,3.876433305263854840e-14
2.339999999999999858e-01,8.502146367188982701e-03,1.323302649689697714e-06,1.784912075675480317e-06,2.798402429869918283e-07,8.159730882358803150e-06,8.490598579496409434e-03,5.579595954717218889e-14,1.157464662333257234e-14,1.097559576993762334e-12,4.222924407525615158e-13,2.687590791068025497e-14,5.089894200856197199e-14,1.021519251681419527e-13,4.699312941446586796e-14,2.771976795204030981e-14
2.344999999999999862e-01,9.080623729146737252e-03,1.406027592459691449e-06,1.659900241893985580e-06,2.782023331206787781e-07,8.170765826979344676e-06,9.069108831323677636e-03,5.394594357688405116e-14,1.163298367337646123e-14,1.098442967693829308e-12,4.118971310965471434e-13,2.656426744699116708e-14,5.085952160846000453e-14,1.043829878154584971e-13,4.645360228707917004e-14,2.442539520047758797e-14
2.349999999999999867e-01,9.638363544904412009e-03,1.482223625159088049e-06,1.539946352970674000e-06,2.764385078277520319e-07,8.196851498270512951e-06,9.626868083150427746e-03,5.257997951615281904e-14,1.186096625935504213e-14,1.039135838266499133e-12,4.116052436266356657e-13,2.611579961180718937e-14,5.089675611689508119e-14,1.061090022350735368e-13,4.663497041206505374e-14,2.481840576924812729e-14
2.354999999999999871e-01,1.016794193726437007e-02,1.552707228911356141e-06,1.425477565612515767e-06,2.746049006926931391e-07,8.256071567563849840e-06,1.015643307430732362e-02,5.183050601545295418e-14,1.222384610969366395e-14,9.544914595162029612e-13,4.200988199682647519e-13,2.553124231452903809e-14,5.067459096227272123e-14,1.061639338332515765e-13,4.679010430180612426e-14,2.646146907257554310e-14
2.359999999999999876e-01,1.066178477526714442e-02,1.619034154908041865e-06,1.316699557954273895e-06,2.727463791305459331e-07,8.353802908944868986e-06,1.065022249062029004e-02,5.171768923245046761e-14,1.267634184239133882e-14,8.927772356575931963e-13,4.352992310112187294e-13,2.485037321309423132e-14,4.996773494763485598e-14,1.040954714942370909e-13,4.648264437521913838e-14,2.805138186929327206e-14
2.364999999999999880e-01,1.111226800112202762e-02,1.682546777569127522e-06,1.213564222977696605e-06,2.708822090079024670e-07,8.480067064787068397e-06,1.110062093918227563e-02,5.216932231634931801e-14,1.317562897437323193e-14,8.975799058906295499e-13,4.548074273492004982e-13,2.413603613388333577e-14,4.872627325745745383e-14,1.002152666241039681e-13,4.557432548793492384e-14,2.902615227908390107e-14
2.369999999999999885e-01,1.151183447616899690e-02,1.743427131962562481e-06,1.115825562163286513e-06,2.690015146140560847e-07,8.612604930061302545e-06,1.150009361525832288e-02,5.306224090148379728e-14,1.369002109557561104e-14,9.895091107472274899e-13,4.762265648715595481e-13,2.345265841718746617e-14,4.707417593147248067e-14,9.542889596563888519e-14,4.416652624860301107e-14,2.926387686718096209e-14
2.374999999999999889e-01,1.185312962015635553e-02,1.800137966373441373e-06,1.023153429748223322e-06,2.670696055967554819e-07,8.724751552562670754e-06,1.184131450565063803e-02,5.426066971150632818e-14,1.420185452938252168e-14,1.155245950517677773e-12,4.973697409086509372e-13,2.284691259040697083e-14,4.524902160994903397e-14,9.089415293594490617e-14,4.250253032679087514e-14,2.886544584995765913e-14
2.379999999999999893e-01,1.212915613105385211e-02,1.849508750707165376e-06,9.352582289710199916e-07,2.650422560476287428e-07,8.795282207341659030e-06,1.211731103745250851e-02,5.563657662346863198e-14,1.470519243421562908e-14,1.349228094939590944e-12,5.163728802986586861e-13,2.233649582993740304e-14,4.351055985240003118e-14,8.761918516238537481e-14,4.085534604462885974e-14,2.801087127519605766e-14
2.384999999999999898e-01,1.233344583082241624e-02,1.887485211459903700e-06,8.519822651802068887e-07,2.628823396661410641e-07,8.816519089022315395e-06,1.232162695958812296e-02,5.707179967817449486e-14,1.520063541969556286e-14,1.508546875319248179e-12,5.317408921491512870e-13,2.190944525120108682e-14,4.205387839072058224e-14,8.613297823529649726e-14,3.943248750408015188e-14,2.687636708647062434e-14
2.389999999999999902e-01,1.246024498567928178e-02,1.910298251431663086e-06,7.733316723463672112e-07,2.605727543701150112e-07,8.797522854663335372e-06,1.244850325774101915e-02,5.845361546616714600e-14,1.569013266198620536e-14,1.576207278798855284e-12,5.423552670355482418e-13,2.153249997284883265e-14,4.095701741083751976e-14,8.633330843911694333e-14,3.832254191936967899e-14,2.559722887196422719e-14
2.394999999999999907e-01,1.250470893642561046e-02,1.915626036745463879e-06,6.994477043253528352e-07,2.581213361463034087e-07,8.760992564254400607e-06,1.249307474642618113e-02,5.967872748729620587e-14,1.617405745448879096e-14,1.523993564358484488e-12,5.474653664981987332e-13,2.116423730027652319e-14,4.017654462663543035e-14,8.755317808781465695e-14,3.749251327816692875e-14,2.426103968059887909e-14
2.399999999999999911e-01,1.246310276444101764e-02,1.903300890945029050e-06,6.305375504171601134e-07,2.555566608882708530e-07,8.734900780351503296e-06,1.245157846635992598e-02,6.067411914184948921e-14,1.665130061930406030e-14,1.365580076035250834e-12,5.466765273138367870e-13,2.076791122216706721e-14,3.958520821038770433e-14,8.881060066587877272e-14,3.682696029684372405e-14,2.291722046501244467e-14
2.404999999999999916e-01,1.233300669827746415e-02,1.875269669119574424e-06,5.667953922341023638e-07,2.529169873573396357e-07,8.741970947713707495e-06,1.232156974330249691e-02,6.143056045952422217e-14,1.712146830147353974e-14,1.153777452142238146e-12,5.399387140227428587e-13,2.032008751478023249e-14,3.903112078674455458e-14,8.914642783088166734e-14,3.618709290832017075e-14,2.159216617848409399e-14
2.409999999999999920e-01,1.211352727733057064e-02,1.834799763190907124e-06,5.083421099626327598e-07,2.502368650461797658e-07,8.791027746393383112e-06,1.210214286907504606e-02,6.203262828293754318e-14,1.758721615235667319e-14,9.618729096170650190e-13,5.275323002714063093e-13,1.981351657869365973e-14,3.839312893880685984e-14,8.793143872141208971e-14,3.546474944433310998e-14,2.030326457584687616e-14
2.414999999999999925e-01,1.180551700172276924e-02,1.785225105198797981e-06,4.552000216055138073e-07,2.475363748305498257e-07,8.873613611272051290e-06,1.179415542496791564e-02,6.266460369882297772e-14,1.805478060781734985e-14,8.555924867897583252e-13,5.100441101474581166e-13,1.925507716000735634e-14,3.761275119131433244e-14,8.504326994324355418e-14,3.461273368177114144e-14,1.906885981080538875e-14
2.419999999999999929e-01,1.141180556167505598e-02,1.728725606462391889e-06,4.073035604006146061e-07,2.448165784094973030e-07,8.967269580122001410e-06,1.140045744472487944e-02,6.357789447451412810e-14,1.853184125189873058e-14,8.665617739782892770e-13,4.883272770991645157e-13,1.866108965202374115e-14,3.669567950047733897e-14,8.086605690893794570e-14,3.364556715864186894e-14,1.791380737622888078e-14
2.424999999999999933e-01,1.093744449327132412e-02,1.665642597674045766e-06,3.645342486847159177e-07,2.420621916960788037e-07,9.044278648767014174e-06,1.092612797387938761e-02,6.502094514085523930e-14,1.902343301240902286e-14,9.782677982446722259e-13,4.634418096292267989e-13,1.805241875969893855e-14,3.568929700392619631e-14,7.612969745101869925e-14,3.261749559269640428e-14,1.687135002110423951e-14
2.429999999999999938e-01,1.038996460844902013e-02,1.594638148072550327e-06,3.267627020918536856e-07,2.392498057960950417e-07,9.082484642358066928e-06,1.037872147132505411e-02,6.715064636127274201e-14,1.952793389432659704e-14,1.131055158078425047e-12,4.365773883527336475e-13,1.745080726914557426e-14,3.465127114911613115e-14,7.165766051511898865e-14,3.159234162095364352e-14,1.598194105906087620e-14
2.434999999999999942e-01,9.779642666959059011e-03,1.513676724838738232e-06,2.938822005332926533e-07,2.363581489345080370e-07,9.073915883432057716e-06,9.768524832092666255e-03,6.995682903479494648e-14,2.003549794709371359e-14,1.245168435282962029e-12,4.089642944605315975e-13,1.687652004619511869e-14,3.362503588624815244e-14,6.811495159477244389e-14,3.061999627699731186e-14,1.528908942301461954e-14
2.439999999999999947e-01,9.119771566127216761e-03,1.421471854076930111e-06,2.658251456279056392e-07,2.333764966042390898e-07,9.027752175946690647e-06,9.108823138566807601e-03,7.323201943127178738e-14,2.053042735222926322e-14,1.253235915432674837e-12,3.817815051797301966e-13,1.634642643157814691e-14,3.263159085715235377e-14,6.583630994370079767e-14,2.972798666198773021e-14,1.483207527960804684e-14
2.444999999999999951e-01,8.426927672624689308e-03,1.318836212274763134e-06,2.425617297057430819e-07,2.303083930830500150e-07,8.966396555557180526e-06,8.416169567995408773e-03,7.660546982835616965e-14,2.099719546497187052e-14,1.129095235499435398e-12,3.560726985778712061e-13,1.587159514965031795e-14,3.167728713246901924e-14,6.477712447585523933e-14,2.892739859847391161e-14,1.463592407786648766e-14
2.449999999999999956e-01,7.721230092399704141e-03,1.209391865880430445e-06,2.240861268900648343e-07,2.271698167372087559e-07,8.916189028809483848e-06,7.710653254073288054e-03,7.963764873869177129e-14,2.142791758453188851e-14,9.006199758926624181e-13,3.326815847268598911e-13,1.545427474738290513e-14,3.076903661018201797e-14,6.458275878299009807e-14,2.822507673131773663e-14,1.470023356250862698e-14
2.454999999999999960e-01,7.026589239985179917e-03,1.099341711391998810e-06,2.103979410804760181e-07,2.239829980507693754e-07,8.896514389148935358e-06,7.016159001736881583e-03,8.194745563453467481e-14,2.182792602904780979e-14,6.402668947112000088e-13,3.122181089615723890e-13,1.508525958104310780e-14,2.992542943205200009e-14,6.473412935183451371e-14,2.763180182670276368e-14,1.498975348564000327e-14
2.459999999999999964e-01,6.370945016555347624e-03,9.963831893198292712e-07,2.014858227665481392e-07,2.207685249478133809e-07,8.911787871011534579e-06,6.360614590159255344e-03,8.332914584189389641e-14,2.221637801562687490e-14,4.362143107962442497e-13,2.950667049141350578e-13,1.474337264230008244e-14,2.917556815812816366e-14,6.471082118859477526e-14,2.715969777320815565e-14,1.543026848027756786e-14
2.464999999999999969e-01,5.786497023584345235e-03,9.082090940099761424e-07,1.973175500172288909e-07,2.175387068217530559e-07,8.949704003795276122e-06,5.776224253336530515e-03,8.381619345628725797e-14,2.262056506612884179e-14,3.555017815751858510e-13,2.814462571776583557e-13,1.439858594625588419e-14,2.854499108332811089e-14,6.412017813282763099e-14,2.680928190604399796e-14,1.591277139298742864e-14
2.469999999999999973e-01,5.309929589142870464e-03,8.412341575684195789e-07,1.978380140366925663e-07,2.142944216648079351e-07,8.986598462017723524e-06,5.299689623146853351e-03,8.366611948205292817e-14,2.306520208908894196e-14,4.147902800186942543e-13,2.715275923278988927e-13,1.401907037727529333e-14,2.803589095319383858e-14,6.276452098084557601e-14,2.655352406584954332e-14,1.630706542834462132e-14
2.474999999999999978e-01,4.982632704925691464e-03,8.001190371187691546e-07,2.029743515398175162e-07,2.110262319943416555e-07,8.997800882188592819e-06,4.972420783333661790e-03,8.326813389409026402e-14,2.356040648372363057e-14,5.720985980359460244e-13,2.656070697715824861e-13,1.358068193350631561e-14,2.761296801141862974e-14,6.064639893847134586e-14,2.632941186103593379e-14,1.648329123137508104e-14
2.479999999999999982e-01,4.850916824315759136e-03,7.883489767771026810e-07,2.126460126580613800e-07,2.077190130778735386e-07,8.968670340553874608e-06,4.840739438716057559e-03,8.300409607165586545e-14,2.409325529997183353e-14,7.446179101276490510e-13,2.643240059610660432e-13,1.307586104058082887e-14,2.720456998681054959e-14,5.793161925307216137e-14,2.604512402763903629e-14,1.633732039474167972e-14
2.484999999999999987e-01,4.966216058572070664e-03,8.096817034292822981e-07,2.267765295997116402e-07,2.043582373612349570e-07,8.901551895602831784e-06,4.956073688847314335e-03,8.311180531272840199e-14,2.462708254611946832e-14,8.465735384137604510e-13,2.688965869784285393e-13,1.251843963684505179e-14,2.672195586185471928e-14,5.489537396181640403e-14,2.560396113306294595e-14,1.581440665032398631e-14
2.489999999999999991e-01,5.385272022255410164e-03,8.698888937727349995e-07,2.453030216666150946e-07,2.009357164855295513e-07,8.815440218163279477e-06,5.375140453053801545e-03,8.360050844308946487e-14,2.511013742561657634e-14,8.317065993258164518e-13,2.813386028751672638e-13,1.194181536062085138e-14,2.609072249815039729e-14,5.186934869691593692e-14,2.493785582996846614e-14,1.492551766708414924e-14
2.494999999999999996e-01,6.170290441286883053e-03,9.780482091430859550e-07,2.681793927959515415e-07,1.974530227785370606e-07,8.738129212435376538e-06,6.160108630190177029e-03,8.425079614233711657e-14,2.549171444302962131e-14,7.215427540105847409e-13,3.046118287021466898e-13,1.139014808066783648e-14,2.528179493158297963e-14,4.919450537617732795e-14,2.403750755648886691e-14,1.375238667190780253e-14
2.500000000000000000e-01,7.389064850372144971e-03,1.146785577285235655e-06,2.953704067433025075e-07,1.939217406403751896e-07,8.693874807576736774e-06,7.378734896663751569e-03,8.470085574343852035e-14,2.574070214717922664e-14,6.052245100738115095e-13,3.426701018932078096e-13,1.090487807782799787e-14,2.432813734268060598e-14,4.717428989576565029e-14,2.296582694330491625e-14,1.243995740062145828e-14
2.505000000000000004e-01,9.115065515724564069e-03,1.391281289066914245e-06,3.268367340273872668e-07,1.903607533964477859e-07,8.691739610906226623e-06,9.104465296105451744e-03,8.458932184159100442e-14,2.585996055857730251e-14,6.080285493766470667e-13,4.003634481227615574e-13,1.051090615858442869e-14,2.331833860823792103e-14,4.602238060130898184e-14,2.184692777024577967e-14,1.117765378466792093e-14
2.510000000000000009e-01,1.142749565534171771e-02,1.727381176430194989e-06,3.625151442642867801e-07,1.867916011527567585e-07,8.719846935906662834e-06,1.141649911894234565e-02,8.370344874611496574e-14,2.589076292126596925e-14,8.394424202787188195e-13,4.831935859949712650e-13,1.020732664540281995e-14,2.236751165479977227e-14,4.580787581885855292e-14,2.083223352509901373e-14,1.017293624692811162e-14
2.515000000000000013e-01,1.441131946736614808e-02,2.169577584410956193e-06,4.023017229220659271e-07,1.832333424930706174e-07,8.748588191741535436e-06,1.439981576436997861e-02,8.207809905683694590e-14,2.590459121405010391e-14,1.342045845082105861e-12,5.969422155470253486e-13,9.966324526171843975e-15,2.157560220831798070e-14,4.641328978667119366e-14,2.005451354304359449e-14,9.621440301144287265e-15
2.520000000000000018e-01,1.815726629850484761e-02,2.729753102170879604e-06,4.460472603189844691e-07,1.796982922294200112e-07,8.742175124891119208e-06,1.814516862169995859e-02,8.000748697783965639e-14,2.598386070601175988e-14,2.064540252720153706e-12,7.472244652534586545e-13,9.741115071042370143e-15,2.098904826987010622e-14,4.752837186069370545e-14,1.958591500302504992e-14,9.677702387517531863e-15
2.525000000000000022e-01,2.276181238101003534e-02,3.417332275219002654e-06,4.935712474136179563e-07,1.761896084355785923e-07,8.674250318501709145e-06,2.274905103353435515e-02,7.796192447317587089e-14,2.619715336286958202e-14,2.874300587815572147e-12,9.390443634632373834e-13,9.480591317737226897e-15,2.058113973475053362e-14,4.869880446645148198e-14,1.941502922375871987e-14,1.042958917587926287e-14
2.530000000000000027e-01,2.832713696752433077e-02,4.240935236566426860e-06,5.446942435149237446e-07,1.727011484544274984e-07,8.541121743429097623e-06,2.831363751015358171e-02,7.643518386263446074e-14,2.657678945688606565e-14,3.609164851794345301e-12,1.176440596942328003e-12,9.145853786752306404e-15,2.025947292975050745e-14,4.943203798971723877e-14,1.945105723926136180e-14,1.187874957894133927e-14
2.535000000000000031e-01,3.496104523189901003e-02,5.210980183826460596e-06,5.992798189024221043e-07,1.692194727206459631e-07,8.366598520969403162e-06,3.494669914807518873e-02,7.577272159343507833e-14,2.710618441795799549e-14,4.150780849476653061e-12,1.462305074801773962e-12,8.722988880739993708e-15,1.989834032734462138e-14,4.933844903629837063e-14,1.955302932547976218e-14,1.392919178952561920e-14
2.540000000000000036e-01,4.277684792810261538e-02,6.342205925617522832e-06,6.572704058483102154e-07,1.657274506054568778e-07,8.195411402162382979e-06,4.276148730641430445e-02,7.603842296083401234e-14,2.772148468311807855e-14,4.490036203038764654e-12,1.798433580915413206e-12,8.227677292486398173e-15,1.938403301630554172e-14,4.826501344727756439e-14,1.957287794983144865e-14,1.638646686315796046e-14
2.545000000000000040e-01,5.189318877403414909e-02,7.655000368606933029e-06,7.186998910423937063e-07,1.622086510300866084e-07,8.076759107568664363e-06,5.187657609885903964e-02,7.696550053433976987e-14,2.832744173211445561e-14,4.754643507598946421e-12,2.185830532273201709e-12,7.700029960571885321e-15,1.865588420873857095e-14,4.637142653878767310e-14,1.939661639027503150e-14,1.897041038051353472e-14
2.550000000000000044e-01,6.243381485444384621e-02,9.174800769538471077e-06,7.836716315162391745e-07,1.586515812931643224e-07,8.043858630087879919e-06,6.241565386380862335e-02,7.801029448958292859e-14,2.882292805444783001e-14,5.181360083631441567e-12,2.625244954652142787e-12,7.191442239709883340e-15,1.772752748717292684e-14,4.411103868171559264e-14,1.896963559570559855e-14,2.134413526185216714e-14
2.555000000000000049e-01,7.452729164169535903e-02,1.092956352065665483e-05,8.523027513957613236e-07,1.550528652153762508e-07,8.097669312146268245e-06,7.450725704387664572e-02,7.849543585575190644e-14,2.912848285370270309e-14,6.036807628979989861e-12,3.117870039284278203e-12,6.747991363698987694e-15,1.668058405070867026e-14,4.210907719896575800e-14,1.829927583730728895e-14,2.316023658242556826e-14
2.560000000000000053e-01,8.830667020181512394e-02,1.294611387185769587e-05,9.246499477529722986e-07,1.514186322088273996e-07,8.202075971614296217e-06,8.828444593200066026e-02,7.780188085657333913e-14,2.920779338853740518e-14,7.513365419887062649e-12,3.666101632159229247e-12,6.396000402757435413e-15,1.563367369084802706e-14,4.096840065116020332e-14,1.743724963535756221e-14,2.412170299889917156e-14
2.565000000000000058e-01,1.039091173944593077e-01,1.524674835678838411e-05,1.000642710168240148e-06,1.477637271619160003e-07,8.293835614427761720e-06,1.038844283899287568e-01,7.555591337746691960e-14,2.907715168132458824e-14,9.640747168318769374e-12,4.274227841153571965e-12,6.134496594434938550e-15,1.469898511952550287e-14,4.106403120991245753e-14,1.645223816254433795e-14,2.405031221765864792e-14
2.570000000000000062e-01,1.214755188858077095e-01,1.784751561722637550e-05,1.080051570294703214e-06,1.441088216668914554e-07,8.304868902803032920e-06,1.214481423234929081e-01,7.176041064962942030e-14,2.880084341220437930e-14,1.225269697182552310e-11,4.948916666663817957e-12,5.936783684758263368e-15,1.394299989927236376e-14,4.239873269232177590e-14,1.540592267700976238e-14,2.295052938849807227e-14
2.575000000000000067e-01,1.411500596480786129e-01,2.075907076840305540e-05,1.162509548234533894e-06,1.404760297461650803e-07,8.189188776889674522e-06,1.411198083820310867e-01,6.683686690463592876e-14,2.847471539314148611e-14,1.503042854925216630e-11,5.699383122955445888e-12,5.760178985161751825e-15,1.336578664238517500e-14,4.457656816391048805e-14,1.434280975641814007e-14,2.105375238059338330e-14
2.580000000000000071e-01,1.630797790855765816e-01,2.399004279231296605e-05,1.247586641634753634e-06,1.368840721397263364e-07,7.944088699137646743e-06,1.630464604590315114e-01,6.156914521222888297e-14,2.820337709203195591e-14,1.761542352111052577e-11,6.537151824402651715e-12,5.560284751188540864e-15,1.290565844437956744e-14,4.691324561496723626e-14,1.329689882356634765e-14,1.882768546213882644e-14
2.585000000000000075e-01,1.874140909072575523e-01,2.755182097176653533e-05,1.334896392091702073e-06,1.333442413548756038e-07,7.616472672784558993e-06,1.873774543455687946e-01,5.696369538352378952e-14,2.807765146263672215e-14,1.975467464459466725e-11,7.475383804546731294e-12,5.304882775758693112e-15,1.246611346193379973e-14,4.865389930908023211e-14,1.230976787174764801e-14,1.693956574283896292e-14
2.590000000000000080e-01,2.143042543357886465e-01,3.146296717059002648e-05,1.424198497265679092e-06,1.298582861336555281e-07,7.290240432808272101e-06,2.142639470412745217e-01,5.405773170812305240e-14,2.815783451763495894e-14,2.142348150165258284e-11,8.527803670152598598e-12,4.983016155007482508e-15,1.195379221702759826e-14,4.922822997529270490e-14,1.144868496322689666e-14,1.616978904688070256e-14
2.595000000000000084e-01,2.439027850713296197e-01,3.575141166543226959e-05,1.515458914587174645e-06,1.264188490489181083e-07,7.057765355454649388e-06,2.438583339837899211e-01,5.371385480591698617e-14,2.846568736641917987e-14,2.287314990997366569e-11,9.707338559735215942e-12,4.606757488856441590e-15,1.131275764672884160e-14,4.845527985040246932e-14,1.081245484498673996e-14,1.728294692053702445e-14
2.600000000000000089e-01,2.763628015322315834e-01,4.045327487118232073e-05,1.608841268422492774e-06,1.230123696688686775e-07,6.985070998441321403e-06,2.763136312969461938e-01,5.643782170849988296e-14,2.898500461959276298e-14,2.457479047994089117e-11,1.102465390122127170e-11,4.205767201573801384e-15,1.054276834825157365e-14,4.662327123979341840e-14,1.051732176680958140e-14,2.087427799824105477e-14
2.605000000000000093e-01,3.118373121007416149e-01,4.560837295396190404e-05,1.704627106167380509e-06,1.196236243560898177e-07,7.083682259564127922e-06,3.117827957550544093e-01,6.224902343093861245e-14,2.966824476550037546e-14,2.706863046458357164e-11,1.248682949221445544e-11,3.817060824177544264e-15,9.696076211046077152e-15,4.441046629080709926e-14,1.066355667479611720e-14,2.721854316925268223e-14
2.610000000000000098e-01,3.504784588172807913e-01,5.125377890563503718e-05,1.803089200678871223e-06,1.162405598779814567e-07,7.300707086433504596e-06,3.504179849564611482e-01,7.062443295923599447e-14,3.044581991348700718e-14,3.076705974243612298e-11,1.409644787689333298e-11,3.473667636229109910e-15,8.855675269204516239e-15,4.266728492211115515e-14,1.129207364147682713e-14,3.615303887282334547e-14
2.615000000000000102e-01,3.924367384685851223e-01,5.741771122438997234e-05,1.904361366053152131e-06,1.128579793240381652e-07,7.532658353335919623e-06,3.923697708278024998e-01,8.052851672643273850e-14,3.123530436376363107e-14,3.578356581082172119e-11,1.585135117941639259e-11,3.195765804309750875e-15,8.104521208103706159e-15,4.212893439455568791e-14,1.234612701399541389e-14,4.702528135937997440e-14
2.620000000000000107e-01,4.378602208919785688e-01,6.411611705788651701e-05,2.008352064730443816e-06,1.094790068692146944e-07,7.659837650736855041e-06,4.377863270463469014e-01,9.053375013996107791e-14,3.194947554104353859e-14,4.185766669920481954e-11,1.774525311753813852e-11,2.986627300367262350e-15,7.497666010810751933e-15,4.315405193059016148e-14,1.365361049340682886e-14,5.872832482654994489e-14
2.625000000000000111e-01,4.868937765215770042e-01,7.135349576766901632e-05,2.114735016359486522e-06,1.061139796312380125e-07,7.589935782507761047e-06,4.868126121725737665e-01,9.902716383671271064e-14,3.250383110915714321e-14,4.841602668451939537e-11,1.976926944701266622e-11,2.833883872699639301e-15,7.046975141986014980e-15,4.557872476408675618e-14,1.494046785878909375e-14,6.983341136882762673e-14
2.630000000000000115e-01,5.396783132548576001e-01,7.912801219114192733e-05,2.223022625192929492e-06,1.027772468933123527e-07,7.295052536820068951e-06,5.395895643132919695e-01,1.044859395917247517e-13,3.282516324892653909e-14,5.476108847850678939e-11,2.191426410657313370e-11,2.714932935391923832e-15,6.722460829706269053e-15,4.873849385692524006e-14,1.587694805583968772e-14,7.881246929945654528e-14
2.635000000000000120e-01,5.963500109479019651e-01,8.743930012539304466e-05,2.332697380890703791e-06,9.948301208672370193e-08,6.827590351351853155e-06,5.962533117922306225e-01,1.057893668847502144e-13,3.286245057489365490e-14,6.032806158280849110e-11,2.417372395935072588e-11,2.604281989845041907e-15,6.467786822864958913e-15,5.165604473354337530e-14,1.614880933569580049e-14,8.432447429673378114e-14
2.640000000000000124e-01,6.570395348614321840e-01,9.629618145551524662e-05,2.443354235422903945e-06,9.624160603898675201e-08,6.307367833468571479e-06,6.569343916245384829e-01,1.025181126274408425e-13,3.259986274888830158e-14,6.491855054040646164e-11,2.654670645603327288e-11,2.480492769047865492e-15,6.222737968280059377e-15,5.333791298485682415e-14,1.553807596888072330e-14,8.552292574704705685e-14
2.645000000000000129e-01,7.218712103169931948e-01,1.057213172303251246e-04,2.554802162734196394e-06,9.305735219443981816e-08,5.882598441685605378e-06,7.217569584436620556e-01,9.517984851155412709e-14,3.206968299611824539e-14,6.881888856495224052e-11,2.904029043408068808e-11,2.330989807600036312e-15,5.943983700490988729e-15,5.308790935106490244e-14,1.399459145153318649e-14,8.232981020792057109e-14
2.650000000000000133e-01,7.909621500395334071e-01,1.157507218715591050e-04,2.667087940936479766e-06,8.992857185581830981e-08,5.677404540534226228e-06,7.908379647919288047e-01,8.529874502627903184e-14,3.136130007370906562e-14,7.274648472403304518e-11,3.167093590719128166e-11,2.153968329313993223e-15,5.617383288410566740e-15,5.073957696947596815e-14,1.168091574426136318e-14,7.561724846120877838e-14
2.655000000000000138e-01,8.644213403995977263e-01,1.264278484000839922e-04,2.780434255782789257e-06,8.684951282071404880e-08,5.744469885117087628e-06,8.642863006852157248e-01,7.531956939735748932e-14,3.062185942387746856e-14,7.762783709208120904e-11,3.446424762684423970e-11,1.957558151881587225e-15,5.259128525632583808e-15,4.673583976542699326e-14,8.978216175663271169e-15,6.724363967744871052e-14
2.660000000000000142e-01,9.423487079585438631e-01,1.377939790192695844e-04,2.895116399435571777e-06,8.381334781112736513e-08,6.040768251735593020e-06,9.422018941595828867e-01,6.830584993626982447e-14,3.004506293919823117e-14,8.427633264306343760e-11,3.745284417095806773e-11,1.756990245097337088e-15,4.907298225390108491e-15,4.203170762977048133e-14,6.448049297693883131e-15,5.990744501484282158e-14
2.665000000000000147e-01,1.024834197759283638e+00,1.498781796431965761e-04,3.011324639049712352e-06,8.081510046001810596e-08,6.436878708906496774e-06,1.024674790427234639e+00,6.745186156707159371e-14,2.984683856175196059e-14,9.308217740170312613e-11,4.067234138452411105e-11,1.570701425089930738e-15,4.608242440126321548e-15,3.784937351935499903e-14,4.752636474430975398e-15,5.680813781762787373e-14
2.670000000000000151e-01,1.111956895622612906e+00,1.626904849866826525e-04,3.129063854643734657e-06,7.785349748977946933e-08,6.758586111298048116e-06,1.111784239485962722e+00,7.547203611829616013e-14,3.022961694180255081e-14,1.038321373732349343e-10,4.415582573643340597e-11,1.416216686080378902e-15,4.402847668020533980e-15,3.535721660593738654e-14,4.543225853055993728e-15,6.113776450296489316e-14
2.675000000000000155e-01,1.203784217400239775e+00,1.762210400106356523e-04,3.248126587910323106e-06,7.493123363661647275e-08,6.847432343283110579e-06,1.203597825706150815e+00,9.396873656943515784e-14,3.134000455357698842e-14,1.157379408627987309e-10,4.792756122196032421e-11,1.306460666056676827e-15,4.316449939366338180e-15,3.536281571777960720e-14,6.331877963979125858e-15,7.546355945366837596e-14
2.680000000000000160e-01,1.300371171509656865e+00,1.904458961040423389e-04,3.368146429198650995e-06,7.205376443241178410e-08,6.619108569632569214e-06,1.300170666124800700e+00,1.229007833250487633e-13,3.322703264843969326e-14,1.276803498659389420e-10,5.199697476352570340e-11,1.247014676357247681e-15,4.353994979034496834e-15,3.810121240327418225e-14,1.036635235933353055e-14,1.010960585882138273e-13
2.684999999999999609e-01,1.401759682839077037e+00,2.053377358172879758e-04,3.488707390834252562e-06,6.922726633737663802e-08,6.098189037664760194e-06,1.401544688784216230e+00,1.602745290742114082e-13,3.580941634834833379e-14,1.385956415354357447e-10,5.635413235381175212e-11,1.234775680202311177e-15,4.500152949326729136e-15,4.316844099150896986e-14,1.653046600108820651e-14,1.375611630605633588e-13
2.690000000000000169e-01,1.507977952905592112e+00,2.208778608151607090e-04,3.609464023527756965e-06,6.645663663734209342e-08,5.415237615492164279e-06,1.507747983677158343e+00,2.021551684975832985e-13,3.886017525753102429e-14,1.478722117991201055e-10,6.096789618271424294e-11,1.258396024851647038e-15,4.723182466227912402e-15,4.960830268494571514e-14,2.429268653177537935e-14,1.823018078579274569e-13
2.694999999999999618e-01,1.619039828146410676e+00,2.370650786362508934e-04,3.730224703034969987e-06,6.374428533473300111e-08,4.765382682530707442e-06,1.618794203494093864e+00,2.430515433417080540e-13,4.201554041516236284e-14,1.556110535936583490e-10,6.578770896134582616e-11,1.300660683305270388e-15,4.981384879755336770e-15,5.612105785910349473e-14,3.272277817613434800e-14,2.307200264604830088e-13
2.700000000000000178e-01,1.734944157115188235e+00,2.539180002283101048e-04,3.850967333973447572e-06,6.109007693114478551e-08,4.341497215406937095e-06,1.734681985326234077e+00,2.766696065765535245e-13,4.481237535350771450e-14,1.626435230784208238e-10,7.074948393319381830e-11,1.342534802834547300e-15,5.231403643044670888e-15,6.133710513800078129e-14,4.058904092239168386e-14,2.766309341405505267e-13
2.704999999999999627e-01,1.855674135525563928e+00,2.714694785093609182e-04,3.971785478989239482e-06,5.849228993722906013e-08,4.265008087531531851e-06,1.855394370514356517e+00,2.969661995985565092e-13,4.675445231184345855e-14,1.702820612638160987e-10,7.578542260439164878e-11,1.368068060606932537e-15,5.437694450075745044e-15,6.409196693778905382e-14,4.653677305592073726e-14,3.131381866729713843e-13
2.710000000000000187e-01,1.981196659364734547e+00,2.897547318223428828e-04,4.092791613272685295e-06,5.594907648270974788e-08,4.539267529881899522e-06,1.980898216363178754e+00,2.993741384082254618e-13,4.740297470119980968e-14,1.798766086428620861e-10,8.083681035170588326e-11,1.368880548902260971e-15,5.581880752889402408e-15,6.364950501807833765e-14,4.933299834563597833e-14,3.338621498946517355e-13
2.714999999999999636e-01,2.111461723029353088e+00,3.087970968429696564e-04,4.214020982835730880e-06,5.345976503634833920e-08,5.043305880884596110e-06,2.111143614866909157e+00,2.820192654694098956e-13,4.648103940480670951e-14,1.923261516087819549e-10,8.586806142648708127e-11,1.346823775274381376e-15,5.669701820167360270e-15,5.984156566162100131e-14,4.814562857880239240e-14,3.343681619286989227e-13
2.720000000000000195e-01,2.246401905238013974e+00,3.285964353714904964e-04,4.335377632220641276e-06,5.102548723775595605e-08,5.569882909001101534e-06,2.246063352217305464e+00,2.467168708544129528e-13,4.397596875838145856e-14,2.077213073098291768e-10,9.087963473712694162e-11,1.313769017444404068e-15,5.732636723890877937e-15,5.311537633245507039e-14,4.281057482319677057e-14,3.135671968527029217e-13
2.724999999999999645e-01,2.385931977620459055e+00,3.491245134801583224e-04,4.456644647311159768e-06,4.864894280517844448e-08,5.895881682691171260e-06,2.385572451609931477e+00,1.995253553255821751e-13,4.021875392940570364e-14,2.252570611460248132e-10,9.591706698074373621e-11,1.288293880108511729e-15,5.821868635946777768e-15,4.449735113766841761e-14,3.403167678568156460e-14,2.748109447188878060e-13
2.730000000000000204e-01,2.529948651502806900e+00,3.703293514938403521e-04,4.577552001497762158e-06,4.633349104811680810e-08,5.860963572072831149e-06,2.529567836957231641e+00,1.506559859413845191e-13,3.591775144750023791e-14,2.434644223305706717e-10,1.010734071909891811e-10,1.290074613301953269e-15,5.994361385144812371e-15,3.548954086243180521e-14,2.345881259699904472e-14,2.263930352818213765e-13
2.734999999999999654e-01,2.678330453889289586e+00,3.921473839469695119e-04,4.697869892205388547e-06,4.408201737382099045e-08,5.426575748145019206e-06,2.677928137610130044e+00,1.135952862921244764e-13,3.212583070045007424e-14,2.606960212300333827e-10,1.064828873502099275e-10,1.333668739581943228e-15,6.293946589868508197e-15,2.791335658649661928e-14,1.360079449788778139e-14,1.812094669509056832e-13
2.740000000000000213e-01,2.830937702514995546e+00,4.145193884491237446e-04,4.817484056810922039e-06,4.189607297681282398e-08,4.693544278981328261e-06,2.830513629813800947e+00,1.033945692817441141e-13,3.012751617204897234e-14,2.757041148717244680e-10,1.123047636723927787e-10,1.423724960318234066e-15,6.733214108771382725e-15,2.370872115828489708e-14,7.551324819111130193e-15,1.554294091383402516e-13
2.744999999999999662e-01,2.987612539752229068e+00,4.374046059356698733e-04,4.936417234021321003e-06,3.977562499785043009e-08,3.870683398387472018e-06,2.987166287862858649e+00,1.342172070754633802e-13,3.124547676013799981e-14,2.881066000293325510e-10,1.186978588925895888e-10,1.553292894322193467e-15,7.283176674257263750e-15,2.469152531794738073e-14,8.536174960769964450e-15,1.661786808134084038e-13
2.750000000000000222e-01,3.148178990038052572e+00,4.607878987451936013e-04,5.054784545661454408e-06,3.771946901138077678e-08,3.204199547533505300e-06,3.147709905010848352e+00,2.163974464598190545e-13,3.658281107642152414e-14,2.985661420721725863e-10,1.257882674366028334e-10,1.705902940134623289e-15,7.876143710677646060e-15,3.227358633516717833e-14,1.932418575629788891e-14,2.284282003087554004e-13
2.754999999999999671e-01,3.312443024037885486e+00,4.846771015759270668e-04,5.172700116086672263e-06,3.572607557897793533e-08,2.891977579664678287e-06,3.311950246089450545e+00,3.534332052588247953e-13,4.673635381103216134e-14,3.086024297177071609e-10,1.336346850891626431e-10,1.860786219223951675e-15,8.423070377396580484e-15,4.715992811118553159e-14,4.157906879289929419e-14,3.514837862870433303e-13
2.760000000000000231e-01,3.480192638671345762e+00,5.090911467079315376e-04,5.290175030944346899e-06,3.379448357337968017e-08,3.012855980848594846e-06,3.479675210235566141e+00,5.394774907072320773e-13,6.153293573885439324e-14,3.200864823688989800e-10,1.421975363885880841e-10,1.999484676326163384e-15,8.841158702315790835e-15,6.905701862336314279e-14,7.525821808660709972e-14,5.356580848458362800e-13
2.764999999999999680e-01,3.651197986232219250e+00,5.340428864107950053e-04,5.407052724315899563e-06,3.192486973348428061e-08,3.496354157053901507e-06,3.650655007526321327e+00,7.579706741970067830e-13,7.985092578518692059e-14,3.345834559844245779e-10,1.513190926913325272e-10,2.111592268587087057e-15,9.082810263568467249e-15,9.644774019611222050e-14,1.181834881646121078e-13,7.698308384861166638e-13
2.770000000000000240e-01,3.825211599321785894e+00,5.595225784778993855e-04,5.523013984348146007e-06,3.011859262452933870e-08,4.144440705537567166e-06,3.824642378654114605e+00,9.820311027160397015e-13,9.958959526283904909e-14,3.527731087877838849e-10,1.607217124963874098e-10,2.197676539822497302e-15,9.155265893153368243e-15,1.265067654291635855e-13,1.659117992477035434e-13,1.030630893455691049e-12
2.774999999999999689e-01,4.001968755872387540e+00,5.854879631169265840e-04,5.637655281880351121e-06,2.837774459366731273e-08,4.698628275418071293e-06,4.001372902700820688e+00,1.177065961837412218e-12,1.178362624495359181e-13,3.741596327324079686e-10,1.700298950400231378e-10,2.268449722009852382e-15,9.122549376172341192e-15,1.552352213379965034e-13,2.120155226304507442e-13,1.283869864391185481e-12
2.780000000000000249e-01,4.181188010429932156e+00,6.118646890637321209e-04,5.750612682029006322e-06,2.670444237387006342e-08,4.929441903492552877e-06,4.180565438402470413e+00,1.305767851587482955e-12,1.312551795163905235e-13,3.971877065085557146e-10,1.788188915908863592e-10,2.340607322943857788e-15,9.087211448400501818e-15,1.778788737868298245e-13,2.488401710338207048e-13,1.488605423124349422e-12
2.784999999999999698e-01,4.362571889921171397e+00,6.385572630525134658e-04,5.861682404808152700e-06,2.510016725037638469e-08,4.716996937454929655e-06,4.361922728268634586e+00,1.335240904198873790e-12,1.366844992476975111e-13,4.197404898461560396e-10,1.866882816228757255e-10,2.430920161900212919e-15,9.156843852822403119e-15,1.896557502413868345e-13,2.687389213911878532e-13,1.603815785985092134e-12
2.790000000000000258e-01,4.545807723866701622e+00,6.654669507587325679e-04,5.970887457392379125e-06,2.356540822825893885e-08,4.094139787049283679e-06,4.545132167686641189e+00,1.245498786600902739e-12,1.318826461868824411e-13,4.398570977827354145e-10,1.933535968409787523e-10,2.550717636715694562e-15,9.406542798636733471e-15,1.867583724551884632e-13,2.656932391136270760e-13,1.597157508147253246e-12
2.794999999999999707e-01,4.730568560240936193e+00,6.925104922051281316e-04,6.078459092792890347e-06,2.209970638716108991e-08,3.236524899932044201e-06,4.729866712006840501e+00,1.038069475434972136e-12,1.163194036407820105e-13,4.564219895873515786e-10,1.987434650714386073e-10,2.702646021565167654e-15,9.850861450798251337e-15,1.675197490641959259e-13,2.371254918380321888e-13,1.454717112766355827e-12
2.800000000000000266e-01,4.916514115624584846e+00,7.196330611714116992e-04,6.184734935257793248e-06,2.070202309955337684e-08,2.402622065195247847e-06,4.915785873829369379e+00,7.430242246451348865e-13,9.186794776576193571e-14,4.695794512503481981e-10,2.030848043866393328e-10,2.880652566781579947e-15,1.043608494988259902e-14,1.335538938174334180e-13,1.856084881467350687e-13,1.190141704240524232e-12
2.804999999999999716e-01,5.103291722980529244e+00,7.468108012759475979e-04,6.290009365812192689e-06,1.937123651746884966e-08,1.844372762063679677e-06,5.102536757736657158e+00,4.225270268735300765e-13,6.323055717620994916e-14,4.807158009281217477e-10,2.069554431435464046e-10,3.072919149037193689e-15,1.105663386983315361e-14,9.061814980328089925e-14,1.200994119548472608e-13,8.511526548505780023e-13
2.810000000000000275e-01,5.290537267310608804e+00,7.740418794823128749e-04,6.394392474866583044e-06,1.810655306390998026e-08,1.719710017424920266e-06,5.289755092517948398e+00,1.690770050719216228e-13,3.793112889637001959e-14,4.920009585274922538e-10,2.112833067652164111e-10,3.266430505233287880e-15,1.159057072725148158e-14,4.891500450379725596e-14,5.629553985641522880e-14,5.213245617515612388e-13
2.814999999999999725e-01,5.477876129148686601e+00,8.013290534346595136e-04,6.497732814402013994e-06,1.690769710833683177e-08,2.037636799622586960e-06,5.477066247094536600e+00,9.706649832661751683e-14,2.573874299619709255e-14,5.056379463858407894e-10,2.172749565993378046e-10,3.451395605156016214e-15,1.194190671832930444e-14,2.257254856496458310e-14,1.574889135600120723e-14,3.152526152939844625e-13
2.820000000000000284e-01,5.664924177767375113e+00,8.286598105952127334e-04,6.599636172049390298e-06,1.577486442120098032e-08,2.655161080087248060e-06,5.664086246634523647e+00,3.271359341581483553e-13,3.745225144984500230e-14,5.230775737927905587e-10,2.262643629772744735e-10,3.623983262041019402e-15,1.207455937112600471e-14,2.812669424946531908e-14,2.350239940481159513e-14,3.659065988008402536e-13
2.824999999999999734e-01,5.851288862141656111e+00,8.559910948001208351e-04,6.699576292602424401e-06,1.470853009137015899e-08,3.327140339504203759e-06,5.850422828835680988e+00,9.640461185705233125e-13,8.307578338512957409e-14,5.444755316511378134e-10,2.394853175378818152e-10,3.786632402564261913e-15,1.202561921078690463e-14,8.197683365767313826e-14,1.042253126276722744e-13,8.040958843436700535e-13
2.830000000000000293e-01,6.036570435643080934e+00,8.832441161935144884e-04,6.797057980419401736e-06,1.370924210602217094e-08,3.791477440639714796e-06,6.035676588451386770e+00,2.070308813655280522e-12,1.695429825686503793e-13,5.685906838612149181e-10,2.577870337571657535e-10,3.946190807697674922e-15,1.189307710539508610e-14,1.969900508278045122e-13,2.771184441168759525e-13,1.731489963482990567e-12
2.834999999999999742e-01,6.220363324021790596e+00,9.103112515028997974e-04,6.891772284212656585e-06,1.277749758217302100e-08,3.859745494911394470e-06,6.219442247592436246e+00,3.639437248605056547e-12,2.982907670543716043e-13,5.931719151329280075e-10,2.813305532666512884e-10,4.110911926671299672e-15,1.180252444794804886e-14,3.786648526449734677e-13,5.502006117868370951e-13,3.190408750546484888e-12
2.840000000000000302e-01,6.402257614475409753e+00,9.370728016194702957e-04,6.983685754823505269e-06,1.191371830575312508e-08,3.481571266071924532e-06,6.401310063565297526e+00,5.574143818363190776e-12,4.631213517650530983e-13,6.157087863111683338e-10,3.093209745434988449e-10,4.287610016583821545e-15,1.186498975150309122e-14,6.214994754391955723e-13,9.149285897509422325e-13,5.135380517999514915e-12
2.844999999999999751e-01,6.581840617437134000e+00,9.634178822715250929e-04,7.073030336878598280e-06,1.111826578153075534e-08,2.760542066438829981e-06,6.580867353872057457e+00,7.675808036932173088e-12,6.488977602863208052e-13,6.342894662994779780e-10,3.398438871629466846e-10,4.479986860574606504e-15,1.214109910387569273e-14,9.063990829674948663e-13,1.342382062010848240e-12,7.412945834340202224e-12
2.849999999999999756e-01,6.758698441196173690e+00,9.892622279020855253e-04,7.160197840712431225e-06,1.039140783630090837e-08,1.916598856753473158e-06,6.757700090738780752e+00,9.651721022601022117e-12,8.316624044193174201e-13,6.482659143271356967e-10,3.698798883831159966e-10,4.688485528914875877e-15,1.262404221551308097e-14,1.200052992071197196e-12,1.782391752195761278e-12,9.756990232068562608e-12
2.854999999999999760e-01,6.932417526548815268e+00,1.014556733780150148e-03,7.245578690157640580e-06,9.733184736284516973e-09,1.208678479733519451e-06,6.931394504743051854e+00,1.114565744998602732e-11,9.807193123787351328e-13,6.584884615228068682e-10,3.955648201127250129e-10,4.911325364950055758e-15,1.324653357854690841e-14,1.457170877373629947e-12,2.166931996671626639e-12,1.180662965731517048e-11
2.859999999999999765e-01,7.102586111849126915e+00,1.039283790634302606e-03,7.329405018252206459e-06,9.143202116338006037e-09,8.450980048670141660e-07,7.101538643302431453e+00,1.179498045681339113e-11,1.063051584809258921e-12,6.670197216201099838e-10,4.127421310064845113e-10,5.145941206029352977e-15,1.390798998924144537e-14,1.626246684856350320e-12,2.418777311580962336e-12,1.315200821862429500e-11
2.864999999999999769e-01,7.268795629940259850e+00,1.063442744569880090e-03,7.411655542818590002e-06,8.620454641066617073e-09,9.130399197526819995e-07,7.267723852755619163e+00,1.131363823470060072e-11,1.050140730866341297e-12,6.764201114214154815e-10,4.178156097569785207e-10,5.390049922391404329e-15,1.451099321224781395e-14,1.659096495713648079e-12,2.465796561026404688e-12,1.341006876998328260e-11
2.869999999999999774e-01,7.430642066620484876e+00,1.087029631011600600e-03,7.492055367679478187e-06,8.163310794824724496e-09,1.351274577848209988e-06,7.429546184371856654e+00,9.595160000030045560e-12,9.268150910897848054e-13,6.888499124920797740e-10,4.088558415163981489e-10,5.641945066342124758e-15,1.499343933216094744e-14,1.523790261422453932e-12,2.260323486024931990e-12,1.232738555922568825e-11
2.874999999999999778e-01,7.587727325715466264e+00,1.110018335026784469e-03,7.570167639457964446e-06,7.769742124112624160e-09,1.974681600278906011e-06,7.586607753648843655e+00,6.823470324291734265e-12,7.012055031751301815e-13,7.053010430662866850e-10,3.868451743938039715e-10,5.900146602235113581e-15,1.534539771101121481e-14,1.219796366392289116e-12,1.801841588752394293e-12,9.900731732441362983e-12
2.879999999999999782e-01,7.739660643171076160e+00,1.132349814884873497e-03,7.645539966113179092e-06,7.437774108368832048e-09,2.540862112807130801e-06,7.738518098421778291e+00,3.572695311486186796e-12,4.142809356374414070e-13,7.252300890850956165e-10,3.568702953844592799e-10,6.162921601715090177e-15,1.560628944056011483e-14,7.932498120912006874e-13,1.159856720155135293e-12,6.498746962747256134e-12
2.884999999999999787e-01,7.886060072871634574e+00,1.153933178763972590e-03,7.717849597897936511e-06,7.166018165808219180e-09,2.834677046725260633e-06,7.884895578919640435e+00,8.711448270983064146e-13,1.468589857016721529e-13,7.467259849683015779e-10,3.289990796127322223e-10,6.428242480523585968e-15,1.584571392513968612e-14,3.493507379539118194e-13,4.924710519262054911e-13,2.960790534382510818e-12
2.889999999999999791e-01,8.026554037067334946e+00,1.174658239429310878e-03,7.786994306053256811e-06,6.954074041128242469e-09,2.740922303470268455e-06,8.025368842870538089e+00,2.006479745644859245e-13,2.154984110958269784e-14,7.671588492815155845e-10,3.185233521469317030e-10,6.694442699325842112e-15,1.613697512249590844e-14,5.815698424643489799e-14,5.505486610943845004e-14,6.430983311503015143e-13
2.894999999999999796e-01,8.160782904770023549e+00,1.194415163960725092e-03,7.853098738000525701e-06,6.802610676411598762e-09,2.280328262635319425e-06,8.159578348241792511e+00,3.401969902988955585e-12,1.969366213982365872e-13,7.840865064238723837e-10,3.452290003119686841e-10,6.961336095728398211e-15,1.653396113129094085e-14,1.496513934792728028e-13,1.928371385370101693e-13,1.379317199981142284e-12
2.899999999999999800e-01,8.288400542437750929e+00,1.213114396007000358e-03,7.916439217488622376e-06,6.713044198068057958e-09,1.597610057320432688e-06,8.287177906029068453e+00,1.246185947917662361e-11,8.515749464864626070e-13,7.961024246257543522e-10,4.313890746977368419e-10,7.231159582736107865e-15,1.705922053761391688e-14,8.941714865806213296e-13,1.311546626825407142e-12,7.324203184118106452e-12
2.904999999999999805e-01,8.409075779166036213e+00,1.230700002070103790e-03,7.977320296939820942e-06,6.686892911869025545e-09,9.073716398724999667e-07,8.407836186325130967e+00,2.916905759844839005e-11,2.156267318114240943e-12,8.033265766156456571e-10,5.982841959030844625e-10,7.508620828373234677e-15,1.770542430043766445e-14,2.565328140290186906e-12,3.821793536978442063e-12,2.065765299166974703e-11
2.909999999999999809e-01,8.522493743941712552e+00,1.247151965666380789e-03,8.035952325549294487e-06,6.725032811192443093e-09,4.181443342117960978e-07,8.521238129370246384e+00,5.464679380799641053e-11,4.234674949842944129e-12,8.073635793531548064e-10,8.612561091811252345e-10,7.799665570797954101e-15,1.844656529450838854e-14,5.384638838117945621e-12,8.056027767184646801e-12,4.314307453172652535e-11
2.914999999999999813e-01,8.628357059793190231e+00,1.262476861648294171e-03,8.092375465190371561e-06,6.827137215337892695e-09,2.616945071846478357e-07,8.627086219804972700e+00,8.879890714399714110e-11,7.114775783167869030e-12,8.107377406512606970e-10,1.223608617796794648e-09,8.109196697913182774e-15,1.925177890562722727e-14,9.450441501731017528e-12,1.416191461849943357e-11,7.556080145211550566e-11
2.919999999999999818e-01,8.726386909369180600e+00,1.276690393644639050e-03,8.146454556940259679e-06,6.991527896485268944e-09,4.518137470204400238e-07,8.725101610935446672e+00,1.297460210607149680e-10,1.067700771990182361e-11,8.159975331460544186e-10,1.670092148740510224e-09,8.438591916817663493e-15,2.009489210043018384e-14,1.465833674461082669e-11,2.198298359710210657e-11,1.170745797561693311e-10
2.924999999999999822e-01,8.816324008467599782e+00,1.289798045789489808e-03,8.197940223268968332e-06,7.215509464076941327e-09,8.855062856615416950e-07,8.815025116369529457e+00,1.733764981714453387e-10,1.460911355268768002e-11,8.247985137530939731e-10,2.161240479837717030e-09,8.784161367693099430e-15,2.095629048096290758e-14,2.062641303245121437e-11,3.094640853725125004e-11,1.646369392483611438e-10
2.929999999999999827e-01,8.897929531056995245e+00,1.301780635184401165e-03,8.246566454005292712e-06,7.496065812014107754e-09,1.384137134234194272e-06,8.896618108243583123e+00,2.131923494166882219e-10,1.838258962053354146e-11,8.372832642826350525e-10,2.630454535794931930e-09,9.137466776289248336e-15,2.181850671091266889e-14,2.664567677402836911e-11,3.998852569079381037e-11,2.125961710357652874e-10
2.934999999999999831e-01,8.970986019472629636e+00,1.312589706584964006e-03,8.292143342075687982e-06,7.830648441558532890e-09,1.758297695589346220e-06,8.969663367061997405e+00,2.406897209728341077e-10,2.127097830414227871e-11,8.519768142210727272e-10,2.986417734660767910e-09,9.487724016750511873e-15,2.266059871788746609e-14,3.168410344138987967e-11,4.756069213541105007e-11,2.527309572186051395e-10
2.939999999999999836e-01,9.035298290659209641e+00,1.322154179616084023e-03,8.334609319987500050e-06,8.217746866784918112e-09,1.872699092364523774e-06,9.033965916332761026e+00,2.465725287909682675e-10,2.243565675402706811e-11,8.662421830359405054e-10,3.124133447792144422e-09,9.825598799866087285e-15,2.345704431159388306e-14,3.448102948684372776e-11,5.177055501424470590e-11,2.750042584009282869e-10
2.944999999999999840e-01,9.090694321848374670e+00,1.330395715190611870e-03,8.374026756711260198e-06,8.657021023340500194e-09,1.688656117778731577e-06,9.089353850369409571e+00,2.231504812116500695e-10,2.110976381541556860e-11,8.771549327769828924e-10,2.948535523528095850e-09,1.014697728799681982e-14,2.418417685518117673e-14,3.377652038727160300e-11,5.072569350001333275e-11,2.693902177712411817e-10
2.949999999999999845e-01,9.137026076554345622e+00,1.337247302956660801e-03,8.410529261885105740e-06,9.148958778153496461e-09,1.270804739207788308e-06,9.135679134984417971e+00,1.683122951745506690e-10,1.691487522527117831e-11,8.825235588317164755e-10,2.415161613036834488e-09,1.045510387587226472e-14,2.483245820247273730e-14,2.872701747830579043e-11,4.315661437080704482e-11,2.291796473710505144e-10
2.954999999999999849e-01,9.174170221885251664e+00,1.342668599776964625e-03,8.444248148637689745e-06,9.694220756243771726e-09,7.579773438986101187e-07,9.172818338584265874e+00,9.148385104898683501e-11,1.034731330737682432e-11,8.817503343097809790e-10,1.592710139783029674e-09,1.075997343778831462e-14,2.541854415336081794e-14,1.956299963104285198e-11,2.940274382125141110e-11,1.562032045517305564e-10
2.959999999999999853e-01,9.202028693999576348e+00,1.346652858213416397e-03,8.475251673976764844e-06,1.029296365060535302e-08,3.106958074739996171e-07,9.200673243156987979e+00,2.197164411388002142e-11,3.470862731154266139e-12,8.763053554922695903e-10,7.523341617106777997e-10,1.107489979861030023e-14,2.598950628403194582e-14,8.545540435033560880e-12,1.284677570683929516e-11,6.841823168427351774e-11
2.964999999999999858e-01,9.220529087709062210e+00,1.349223351723423912e-03,8.503522152893466319e-06,1.094443503523390870e-08,5.511383428070903457e-08,9.219171293384636812e+00,2.004693186693545266e-11,8.494865253908392665e-13,8.697463555306469266e-10,4.881700220812248507e-10,1.141135988544151532e-14,2.661389436968573739e-14,1.275449178949159074e-12,1.877936739866411976e-12,1.027714729500116837e-11
2.969999999999999862e-01,9.229624871918240103e+00,1.350420904119695523e-03,8.528977331108524433e-06,1.164700558278079970e-08,4.312480807194719266e-08,9.228265864235893901e+00,1.910393859036487498e-10,1.074681595043992814e-11,8.674009719851372092e-10,1.872776625158943146e-09,1.177404126783133744e-14,2.735988203735956146e-14,8.400205698959833860e-12,1.245199287758171529e-11,6.622486670658426723e-11
2.974999999999999867e-01,9.229295456026665789e+00,1.350287150284552960e-03,8.551522096110366586e-06,1.239860376270580453e-08,2.412544516238925653e-07,9.227936354929621388e+00,7.025767369461490838e-10,4.660830452391859445e-11,8.759709398649057674e-10,6.649812582358576611e-09,1.215811739508248420e-14,2.826721371994128881e-14,4.774939036217777415e-11,7.129403885201791069e-11,3.775543515246704153e-10
2.979999999999999871e-01,9.219546145966399209e+00,1.348849459693838172e-03,8.571103595138611435e-06,1.319733273270651214e-08,5.498722429357064109e-07,9.218188140502650896e+00,1.804927477261617583e-09,1.288268014843162820e-10,9.033684539248297068e-10,1.746437183772577493e-08,1.255004035891756908e-14,2.932405906634073107e-14,1.469083398886885131e-10,2.197586464363377531e-10,1.162679979773268010e-09
2.984999999999999876e-01,9.200408028259262849e+00,1.346112647614136366e-03,8.587742505877629773e-06,1.404196336741549536e-08,8.434326227372868171e-07,9.199052423560386771e+00,3.854179184707904752e-09,2.867730182510925937e-10,9.590356095229882213e-10,3.812893909466967024e-08,1.293181980007608919e-14,3.045983382479348991e-14,3.462123141159103544e-10,5.183207830204296223e-10,2.740668311933481253e-09
2.989999999999999880e-01,9.171937807284798794e+00,1.342060040342775732e-03,8.601525279244123839e-06,1.493205251155795266e-08,1.015779246376200762e-06,9.170586024822918958e+00,7.337721412121301005e-09,5.610493827842419344e-10,1.054848800132800293e-09,7.391996390496940623e-08,1.328735451057296469e-14,3.156000352183546419e-14,7.021100310699069378e-10,1.051620790767318521e-09,5.557599365219395061e-09
2.994999999999999885e-01,9.134217600100908996e+00,1.336663112475983042e-03,8.612560953442142356e-06,1.586761031263302994e-08,1.014127772474093983e-06,9.132871133981970146e+00,1.290120952337677572e-08,1.005899927484425790e-09,1.206522399257634379e-09,1.318966850762284673e-07,1.360847029132927083e-14,3.250047997648977637e-14,1.290807077973358522e-09,1.933929222997283573e-09,1.021502755400507336e-08
2.999999999999999889e-01,9.087354672230139485e+00,1.329895978504544961e-03,8.620923114008273506e-06,1.684845852522625116e-08,8.508653365360384651e-07,9.086015018855263747e+00,2.137587876284664020e-08,1.691681346057552263e-09,1.435263505141009546e-09,2.212302142669271984e-07,1.389829351993650994e-14,3.319073320859912883e-14,2.212058085516246688e-09,3.314834935449470899e-09,1.749948351769863796e-08
3.004999999999999893e-01,9.031481084017542571e+00,1.321749507303557553e-03,8.626605146808463673e-06,1.787358392978373627e-08,5.912887193733587903e-07,9.030149669544687896e+00,3.380477452915331882e-08,2.707272753792211118e-09,1.769345429648426120e-09,3.535272071865997135e-07,1.417051058799588061e-14,3.360980160464163792e-14,3.592933884113862665e-09,5.384895847427610370e-09,2.841162411702467818e-08
3.009999999999999898e-01,8.966753214880501588e+00,1.312240203377943934e-03,8.629511690041532542e-06,1.894081938619238954e-08,3.242717070026326076e-07,8.965431342784558666e+00,5.146618680691777671e-08,4.162275869574066742e-09,2.245286953211268237e-09,5.431289532070976836e-07,1.444460280639957173e-14,3.382042618243439665e-14,5.591348868022536509e-09,8.380930298728069209e-09,4.419331981130852853e-08
3.014999999999999902e-01,8.893351142275925270e+00,1.301411045461070169e-03,8.629493358786285406e-06,2.004705842956343463e-08,1.283387581532547474e-07,8.892039973657585250e+00,7.589234766526260532e-08,6.188835399816219167e-09,2.908435702257709052e-09,8.073636720009154611e-07,1.473871479976648766e-14,3.395367539131879162e-14,8.399097583508747598e-09,1.259057259128053974e-08,6.635069123422975666e-08
3.019999999999999907e-01,8.811477869788975070e+00,1.289324395602839879e-03,8.626412263385029223e-06,2.118897569411098942e-08,4.597364727761572533e-08,8.810178436183132789e+00,1.088812951000249482e-07,8.942893536507059021e-09,3.812914519632976335e-09,1.166727509039398820e-06,1.506278921373957196e-14,3.416725219360813499e-14,1.224412145698028452e-08,1.835567411398905293e-08,9.667089643831764561e-08
3.024999999999999911e-01,8.721358418205332086e+00,1.276049824003748067e-03,8.620211129193699594e-06,2.236398390172336540e-08,7.452380197768201449e-08,8.720071655492260376e+00,1.524997478313402370e-07,1.260468483125401507e-08,5.021041193243453753e-09,1.644968459535768629e-06,1.541457754680312398e-14,3.459108850563264718e-14,1.739170992865598454e-08,2.607410642740613143e-08,1.372303532482788319e-07
3.029999999999999916e-01,8.623238808338339112e+00,1.261651289707302771e-03,8.610955520835720633e-06,2.357101745157500437e-08,1.748918419460632559e-07,8.621965594791173970e+00,2.090748948028982132e-07,1.737828021585955885e-08,6.602421793998745709e-09,2.269047490017471649e-06,1.578009919499164628e-14,3.527964379388396457e-14,2.414433817720632316e-08,3.619951952535925051e-08,1.903920816924826584e-07
3.034999999999999920e-01,8.517384970269320732e+00,1.246178076850833552e-03,8.598828536131841434e-06,2.481076366939149374e-08,2.923178213565904913e-07,8.516126153118007025e+00,2.811731962895542645e-07,2.349000317414787775e-08,8.632917616400240824e-09,3.068952691298302329e-06,1.613845420229467825e-14,3.618895905595837176e-14,3.283985875886808958e-08,4.923863117623061763e-08,2.587899897442980314e-07
3.039999999999999925e-01,8.404081609367663575e+00,1.229662315201254276e-03,8.584076515372804762e-06,2.608516522227142576e-08,3.795843584585620857e-07,8.402838011125343343e+00,3.715646305147910368e-07,3.118556805716320965e-08,1.119360027017728431e-08,4.077345542893919762e-06,1.646924108350931950e-14,3.718813379726072033e-14,4.384779876271779719e-08,6.574567466420413529e-08,3.452982156804008523e-07
3.044999999999999929e-01,8.283631047297149053e+00,1.212123451073877749e-03,8.566924930671806072e-06,2.739631573634036272e-08,4.132107241460438969e-07,8.282403452162508728e+00,4.831713023216615719e-07,4.072583061708848518e-08,1.436967461750614059e-08,5.329023366717336517e-06,1.675983377534201709e-14,3.810243846610384224e-14,5.756356846061922301e-08,8.631371383406153004e-08,4.529840883913963786e-07
3.049999999999999933e-01,8.156352040918639190e+00,1.193577598018773743e-03,8.547497038427734231e-06,2.874514332452167794e-08,3.971710908328723420e-07,8.155141169081289831e+00,6.189999513425255704e-07,5.238109355635811737e-08,1.824921809419569204e-08,6.860188763335218352e-06,1.700982216327707530e-14,3.877340907892639821e-14,7.440046169972869909e-08,1.115626457721622364e-07,5.850438696521148989e-07
3.054999999999999938e-01,8.022578568947949407e+00,1.174048140591093907e-03,8.525768302272809161e-06,3.013040485823567486e-08,3.544536547279850814e-07,8.021385049901253339e+00,7.820586389932194906e-07,6.642397391645418711e-08,2.292150869139059063e-08,8.707525108044621783e-06,1.723099959072237356e-14,3.911457492396275754e-14,9.477942093212733902e-08,1.421238504450538161e-07,7.447211859024546552e-07
3.059999999999999942e-01,7.882658569589923836e+00,1.153573780576598986e-03,8.501576515119249204e-06,3.154843281531095894e-08,3.118592843290635498e-07,7.881482923936752982e+00,9.752587292282507171e-07,8.312091224236057639e-08,2.847472377324489918e-08,1.090708676741830225e-05,1.744296634944689825e-14,3.914263473711032038e-14,1.191166479064619804e-07,1.786216088147438168e-07,9.352089168799724768e-07
3.064999999999999947e-01,7.736952613825421210e+00,1.132211377924645726e-03,8.474686003672174522e-06,3.299380611992818740e-08,2.857701700916169681e-07,7.735795247957622855e+00,1.201304170734915355e-06,1.027224825784684323e-07,3.499288881460212542e-08,1.349302319375168074e-05,1.766605400242599267e-14,3.897262560716003998e-14,1.478092604085682087e-07,2.216515899747942849e-07,1.159536249334050066e-06
3.069999999999999951e-01,7.585832507422970217e+00,1.110032946845880076e-03,8.444882849958934646e-06,3.446075653238923972e-08,2.754200435441709281e-07,7.584693719549799873e+00,1.462570993513265863e-06,1.254527436575843399e-07,4.255210998282358610e-08,1.649616697377380279e-05,1.791423202533774965e-14,3.877870771195499355e-14,1.812193205435858282e-07,2.717568954765302598e-07,1.420443581483962015e-06
3.074999999999999956e-01,7.429679826754783889e+00,1.087118252430718888e-03,8.412065332665930023e-06,3.594481521644991841e-08,2.662099784837381065e-07,7.428559818752511923e+00,1.760980800003311873e-06,1.514979507338623327e-07,5.121628916882153086e-08,1.994252667278173459e-05,1.819058155803446664e-14,3.873470451627991623e-14,2.196566843960164485e-07,3.294023354940075330e-07,1.720248925768152984e-06
3.079999999999999960e-01,7.268884404927915099e+00,1.063545871305763158e-03,8.376294961728960361e-06,3.744407781521367388e-08,2.407208661258123107e-07,7.267783293941510792e+00,2.097872806187811443e-06,1.809950196234149024e-07,6.103264461355611763e-08,2.385173529291468247e-05,1.848686781108569919e-14,3.895577955577503907e-14,2.633612392824257638e-07,3.949477860181358111e-07,2.060710346748032232e-06
3.084999999999999964e-01,7.103842792021890951e+00,1.039385877916223534e-03,8.337788205757429055e-06,3.895958061043976853e-08,1.914639082373141045e-07,7.102760618494748712e+00,2.473879617342216777e-06,2.140201948060678091e-07,7.202740988743697640e-08,2.823551369957697253e-05,1.878714975019405194e-14,3.946190911990473724e-14,3.124851957149454131e-07,4.686216276220270582e-07,2.442889729002789123e-06
3.089999999999999969e-01,6.934956714505878139e+00,1.014696475834246832e-03,8.296851557154384096e-06,4.049460016151538354e-08,1.286447110419042903e-07,6.933893447636166663e+00,2.888812355524434743e-06,2.505784172746063207e-07,8.420205010828695308e-08,3.309621482589875183e-05,1.907386777162373179e-14,4.017549094102758895e-14,3.670761792624756961e-07,5.504953834657446064e-07,2.867023739577503745e-06
3.094999999999999973e-01,6.762631554476379314e+00,9.895253010038776356e-04,8.253784125814653819e-06,4.205309530240495653e-08,7.858381371314064344e-08,6.761587099620079755e+00,3.341560947496163326e-06,2.905939110866281865e-07,9.753023601298497169e-08,3.842551826458188383e-05,1.933402222220686968e-14,4.095276262905319139e-14,4.270619160004835789e-07,6.404607470094773082e-07,3.332408179785618590e-06
3.099999999999999978e-01,6.587274861285744798e+00,9.639144108985837813e-04,8.208784120694183383e-06,4.363784608156233172e-08,7.285680673819142331e-08,6.586249074627489541e+00,3.830015298733810877e-06,3.339025070030525816e-07,1.119556922516068434e-07,4.420334552465711409e-05,1.956318632458529006e-14,4.163653077820014403e-14,4.922373185603872351e-07,7.382102099396035448e-07,3.837301970110717194e-06
3.104999999999999982e-01,6.409294899377933952e+00,9.379067642394080468e-04,8.161893740865349504e-06,4.524897540943904978e-08,1.327201247425591224e-07,6.408287612703566616e+00,4.351012700887340965e-06,3.802461950173073663e-07,1.273909291970249585e-07,5.039706343363788490e-05,1.976608347091287031e-14,4.211056843634367559e-14,5.622547538641986839e-07,8.432224619758051260e-07,4.378856750673285036e-06
3.109999999999999987e-01,6.229099229476076971e+00,9.115516821977744273e-04,8.113002050396262024e-06,4.688340978590756737e-08,2.559598910367823515e-07,6.228110283159093541e+00,4.900316141349642826e-06,4.292703441510817287e-07,1.437168100577493710e-07,5.696103674288958648e-05,1.995386341932328490e-14,4.233641599354301660e-14,6.366182063322877921e-07,9.547536333169097469e-07,4.953077495016454732e-06
3.114999999999999991e-01,6.047093317377558286e+00,8.849073987383730385e-04,8.061903334465883656e-06,4.853549096038531314e-08,4.127427763006380791e-07,6.046122594946239381e+00,5.472627216400876516e-06,4.805239482611598903e-07,1.607829079913326311e-07,6.383658098258170868e-05,2.013945321743435032e-14,4.236076267766246353e-14,7.146819417745508998e-07,1.071835287632733027e-06,5.554818631390870219e-06
3.119999999999999996e-01,5.863679165762332168e+00,8.580400478127807708e-04,8.008387848078787850e-06,5.019852115962005140e-08,5.534945467839850970e-07,5.862726621019398010e+00,6.061636123097125429e-06,5.334631529640123391e-07,1.784086579731012741e-07,7.095235325907267728e-05,2.033295383561205124e-14,4.229296414702865135e-14,7.956541297914049091e-07,1.193279852431717706e-06,6.177818966646914572e-06
3.125000000000000000e-01,5.679253968558120036e+00,8.310197894030705874e-04,7.952330604616482146e-06,5.186667538739674160e-08,6.267120833235899493e-07,5.678319637626649374e+00,6.660109765977324125e-06,5.874581948616134093e-07,1.963853741966915602e-07,7.822520244838381247e-05,2.053881095970801376e-14,4.226307647578239252e-14,8.786057011937606661e-07,1.317693901647996197e-06,6.814777255278191596e-06
3.130000000000000004e-01,5.494208792739782687e+00,8.039157380324917727e-04,7.893745915697241230e-06,5.353657968472717366e-08,6.000698667032189715e-07,5.493292788414628092e+00,7.260017424270114196e-06,6.418037451634607051e-07,2.144792489717403614e-07,8.556148176703609826e-05,2.075557243925210947e-14,4.237700720330729699e-14,9.624845088480106559e-07,1.443499393129169822e-06,7.457468609462497900e-06
3.135000000000000009e-01,5.308927297123926969e+00,7.767916093081228199e-04,7.832789521490334024e-06,5.520798527153454862e-08,4.761835659510993965e-07,5.308029789669522103e+00,7.852691757411005654e-06,6.957325018396025791e-07,2.324354447626658972e-07,9.285880681729714663e-05,2.097788919969697400e-14,4.268494544181525765e-14,1.046134634590205238e-06,1.568962625066484021e-06,8.096900179189700066e-06
3.140000000000000013e-01,5.123784500451882273e+00,7.497035175980086173e-04,7.769710472153390249e-06,5.688331303584275939e-08,2.959155294579813440e-07,5.122905694713222324e+00,8.429021263826860696e-06,7.484317247678886166e-07,2.499833268398096229e-07,1.000082218586920168e-04,2.119952790472598714e-14,4.317278027546897086e-14,1.128320452123806710e-06,1.692230326331005412e-06,8.723502730034655452e-06
3.145000000000000018e-01,4.939145611355878707e+00,7.227003933919154540e-04,7.704773415526175310e-06,5.856626646380810565e-08,1.266957494357427865e-07,4.938285732156153074e+00,8.979668736676748686e-06,7.990622645985143442e-07,2.668427712392849736e-07,1.068967172819434367e-04,2.141590287810817689e-14,4.377669417316206791e-14,1.207754827804941166e-06,1.811371953688775366e-06,9.327353001675498531e-06
3.150000000000000022e-01,4.755364930982008964e+00,6.958264532096603136e-04,7.638181649464444062e-06,6.026005047591199383e-08,3.925092796551633789e-08,4.754524226015558241e+00,9.495308866342210772e-06,8.467795059501281535e-07,2.827313496940458940e-07,1.134100231080767721e-04,2.162506742510932571e-14,4.441247061855186943e-14,1.283130629976621240e-06,1.924426952028408309e-06,9.898420136224271614e-06
3.155000000000000027e-01,4.572784835899526001e+00,6.691244484672208238e-04,7.570028970294169672e-06,6.196586083922359019e-08,8.103566362589104811e-08,4.571963598389958250e+00,9.966877002716024512e-06,8.907555363749437630e-07,2.973720750948574512e-07,1.194355878177524107e-04,2.182698562551104866e-14,4.500659229858582513e-14,1.353154534737209037e-06,2.029455459582758781e-06,1.042682811110835909e-05
3.160000000000000031e-01,4.391734845388858943e+00,6.426382803271652984e-04,7.500295571240532080e-06,6.368218089538299596e-08,2.565167924464253597e-07,4.390933450152931350e+00,1.038582027964656495e-05,9.302017707458014654e-07,3.105013178282668205e-07,1.248656398466132383e-04,2.202179945606829665e-14,4.551730951517401064e-14,1.416581972365830304e-06,2.124590724625987604e-06,1.090312507644320466e-05
3.165000000000000036e-01,4.212530774028042657e+00,6.164139927834601587e-04,7.428885561458436005e-06,6.540509640955081924e-08,5.223934196682343729e-07,4.211749713626957714e+00,1.074434187274976905e-05,9.643912115315500409e-07,3.218764901944354540e-07,1.296002214154821192e-04,2.220828822587495614e-14,4.593954420888014199e-14,1.472251962996564426e-06,2.208091356654463041e-06,1.131854984680874696e-05
3.170000000000000040e-01,4.035473968140347090e+00,5.904989242164601550e-04,7.355688221545141177e-06,6.712944787211921632e-08,8.004902724901726435e-07,4.034713873437176801e+00,1.103562914469802938e-05,9.926795124466089697e-07,3.312831395611405776e-07,1.335500815448916281e-04,2.238356659007185418e-14,4.629497422939970820e-14,1.519120549144396558e-06,2.278391473535271412e-06,1.166528557847302886e-05
3.175000000000000044e-01,3.860850623292238382e+00,5.649395716467911889e-04,7.280637717731916651e-06,6.885033625459334048e-08,1.004405189348176437e-06,3.860112256258515284e+00,1.125405684187470043e-05,1.014524037933720034e-06,3.385411716536882261e-07,1.366393174295580390e-04,2.254436464705333248e-14,4.661460162489113118e-14,1.556291550168681403e-06,2.334146832284346706e-06,1.193669089951547769e-05
3.180000000000000049e-01,3.688931179633453628e+00,5.397791918028082246e-04,7.203748967535159248e-06,7.056439667007020479e-08,1.070564095691769747e-06,3.688215394717713203e+00,1.139535733298507391e-05,1.029500173609369842e-06,3.435100162862283564e-07,1.388076608462775359e-04,2.268932332444603688e-14,4.692314248496030000e-14,1.583043440487904270e-06,2.374275146186851362e-06,1.212749945207892193e-05
3.185000000000000053e-01,3.519969792363636607e+00,5.150561661745157267e-04,7.125118749414567478e-06,7.227038449183673628e-08,9.822771312239729289e-07,3.519277473234280862e+00,1.145675109092599291e-05,1.037314240866402252e-06,3.460926239718079775e-07,1.400123186843233022e-04,2.282107057256450375e-14,4.723216208912411031e-14,1.598851286894326350e-06,2.397988991246031877e-06,1.223397992828736199e-05
3.190000000000000058e-01,3.354203875866023754e+00,4.908037320418628339e-04,7.044895829496751892e-06,7.396891734653966339e-08,7.775929254260435296e-07,3.353535863026823272e+00,1.143703215980557430e-05,1.037812498043491180e-06,3.462382287859783754e-07,1.402292934956256591e-04,2.294676681763355703e-14,4.754349862852729274e-14,1.603402865118880109e-06,2.404819982134021045e-06,1.225405018575551628e-05
3.195000000000000062e-01,3.191853721845068215e+00,4.670510380337772566e-04,6.963235731088683298e-06,7.566155682830021498e-08,5.374945045624734037e-07,3.191210750167549293e+00,1.133660514669833700e-05,1.030985864949998617e-06,3.439438304938113852e-07,1.394541303917474855e-04,2.307640245496061965e-14,4.785890052325886627e-14,1.596608303452609553e-06,2.394633239296250507e-06,1.218734084512064207e-05
3.200000000000000067e-01,3.033122193775492192e+00,4.438249059197383120e-04,6.880260251645138329e-06,7.734965778291447316e-08,3.581813081693026974e-07,3.032504855881585470e+00,1.115747224533237776e-05,1.016970179684019439e-06,3.392543497729260582e-07,1.377020596903429095e-04,2.321916169873149007e-14,4.818864894167563009e-14,1.578602860930171149e-06,2.367631558407126300e-06,1.203520581327577720e-05
3.205000000000000071e-01,2.878194501576217146e+00,4.211514089370101024e-04,6.796037697502357960e-06,7.903346794134693290e-08,3.171557281677733285e-07,2.877603244165594099e+00,1.090317083949776807e-05,9.960419781967154537e-07,3.322614132762174730e-07,1.350075293088219823e-04,2.337918027388061953e-14,4.855270101719361952e-14,1.549742726675671559e-06,2.324349112010223886e-06,1.180067934175077683e-05
3.210000000000000075e-01,2.727238061066497021e+00,3.990565087563747657e-04,6.710589432262639039e-06,8.071181514615074961e-08,4.453168052498827370e-07,2.726673209808484266e+00,1.057866424653217570e-05,9.686099690059021083e-07,3.231007475298578450e-07,1.314231458037333771e-04,2.355253929491445518e-14,4.897213587028251376e-14,1.510594011747519672e-06,2.265634940268031366e-06,1.148838141282505911e-05
3.215000000000000080e-01,2.580402441968577154e+00,3.775654520858093884e-04,6.623916513343598373e-06,8.238244478823929059e-08,7.152765784151720453e-07,2.579864240615524995e+00,1.019019004642219168e-05,9.352025488892222701e-07,3.119482109898893445e-07,1.270180669292060561e-04,2.372706618756578657e-14,4.945431478364165594e-14,1.461915381113518221e-06,2.192626902170232816e-06,1.110437533840152924e-05
3.220000000000000084e-01,2.437819405874024348e+00,3.567012037912021876e-04,6.536032011644059235e-06,8.404278794989035684e-08,1.050338109247700376e-06,2.437308050472730692e+00,9.745072107849790698e-06,8.964518618234858395e-07,2.990145689423093596e-07,1.218759104576102719e-04,2.388550025964874436e-14,4.997938641525317666e-14,1.404635027636355283e-06,2.106717139906468513e-06,1.065598335571614602e-05
3.225000000000000089e-01,2.299603032061037222e+00,3.364826349867574380e-04,6.446983317543932164e-06,8.569077062989555720e-08,1.351110014044734964e-06,2.299118683360168447e+00,9.251503789332967320e-06,8.530750353709632692e-07,2.845392027801922498e-07,1.160922627104505879e-04,2.401120340455678987e-14,5.049638282109646994e-14,1.339822909790484029e-06,2.009510438861559509e-06,1.015156761790216556e-05
3.230000000000000093e-01,2.165849925191163816e+00,3.169233052402217581e-04,6.356854470277317188e-06,8.732528379108807907e-08,1.530321956144813209e-06,2.165392690830368672e+00,8.718310798905353306e-06,8.058533300206592286e-07,2.687830245060904465e-07,1.097718849066981188e-04,2.409442157307554036e-14,5.093359746481722293e-14,1.268659349867524422e-06,1.902777128249092332e-06,9.600285230952964802e-06
3.235000000000000098e-01,2.036639495833303837e+00,2.980314313892405524e-04,6.265748429843337573e-06,8.894611143657079999e-08,1.543409288271973954e-06,2.036209385608502842e+00,8.154702797179708964e-06,7.556100032573594057e-07,2.520209212898675474e-07,1.030257253956218358e-04,2.413665075795274395e-14,5.122159156301084133e-14,1.192401211777330880e-06,1.788402350940656294e-06,9.011826826671391730e-06
3.240000000000000102e-01,1.912034303451078943e+00,2.798111305155477320e-04,6.173758705264076599e-06,9.055337618706451759e-08,1.403954163775406659e-06,1.911631171629613934e+00,7.570023006031037158e-06,7.031877188669696868e-07,2.345340728282148372e-07,9.596785070860265393e-05,2.415118197211724918e-14,5.132080877088257800e-14,1.112346942265361184e-06,1.668333628143606167e-06,8.396148551755642755e-06
3.245000000000000107e-01,1.792080452458539863e+00,2.622644770485093191e-04,6.080944667239813679e-06,9.214679081670505542e-08,1.178541587994144151e-06,1.791703946869008801e+00,6.973504841465216230e-06,6.494263227520731007e-07,2.166024654139730483e-07,8.871240802527873926e-05,2.415925074893602122e-14,5.124235421645051102e-14,1.029801764669202949e-06,1.544528652560628616e-06,7.763207288852434291e-06
3.249999999999999556e-01,1.676808034963942262e+00,2.453935547827528862e-04,5.987323140634241247e-06,9.372509828856240532e-08,9.629999020887338969e-07,1.676457571293235471e+00,6.374043949595268025e-06,5.951417608941257550e-07,1.984978796706776365e-07,8.137072626803292506e-05,2.418290244356738256e-14,5.105184849287953256e-14,9.460442616343587151e-07,1.418905164632297997e-06,7.122708422983892149e-06
3.255000000000000115e-01,1.566231617918087737e+00,2.292016646790521713e-04,5.892881375771484208e-06,9.528600038743891549e-08,8.486372717634616140e-07,1.565906389753554784e+00,5.779993034327673496e-06,5.411068365004370344e-07,1.804775679963928617e-07,7.404865304218064101e-05,2.423704401714552097e-14,5.085223391518242100e-14,8.622954769427043519e-07,1.293294607076654356e-06,6.483874565737182767e-06
3.259999999999999565e-01,1.460350776157231190e+00,2.136931785803043954e-04,5.797606617603111125e-06,9.682665200472635682e-08,8.905566650361450407e-07,1.460049799644247415e+00,5.198985586702616078e-06,4.880343968882998316e-07,1.627787773016893822e-07,6.684421068536337373e-05,2.432362338186162811e-14,5.074978588331113853e-14,7.796915139200600498e-07,1.169401023914215770e-06,5.855242409349242976e-06
3.265000000000000124e-01,1.359150674886093313e+00,1.988720739230675669e-04,5.701519604089100166e-06,9.834453233835667567e-08,1.089214521061948958e-06,1.358872855604864593e+00,4.637793133901850652e-06,4.365634126303555421e-07,1.456142225913856527e-07,5.984563762190069341e-05,2.443022756366382328e-14,5.081497353252631049e-14,6.992604181099669097e-07,1.048766385498898544e-06,5.244493378232549347e-06
3.269999999999999574e-01,1.262602704634659734e+00,1.847397239932138582e-04,5.604696910696075485e-06,9.983831349002088918e-08,1.391480745195048890e-06,1.262346907427580600e+00,4.102219004025453541e-06,3.872482691501938151e-07,1.291685803831264969e-07,5.312986201188946644e-05,2.453382677469515606e-14,5.105302977195390399e-14,6.219039159729774730e-07,9.327431971877870750e-07,4.658322062544380162e-06
3.275000000000000133e-01,1.170665168652379684e+00,1.712928336866108476e-04,5.507271227167786750e-06,1.013083182574525790e-07,1.710401212629378215e-06,1.170430271022145696e+00,3.597029937068919365e-06,3.405514419764000791e-07,1.135960443822186620e-07,4.676143438655226979e-05,2.460848774349904269e-14,5.139650252783511086e-14,5.483843511397788575e-07,8.224749039480741081e-07,4.102344648497314913e-06
3.279999999999999583e-01,1.083284018004106786e+00,1.585223740671187493e-04,5.409407695621700054e-06,1.027563109570002801e-07,1.956244570861372904e-06,1.083068934262995331e+00,3.125925247385514979e-06,2.968395788858787858e-07,9.901896197492995815e-08,4.079192562579654722e-05,2.463436167423164583e-14,5.172435443770298657e-14,4.793169272721317838e-07,7.188842545080650411e-07,3.581047794841348132e-06
3.285000000000000142e-01,1.000393624846997787e+00,1.464139933079215607e-04,5.311264568173318699e-06,1.041846389819918184e-07,2.067604887655266334e-06,1.000197298956776226e+00,2.691541735866611128e-06,2.563828723909307580e-07,8.552754179093988361e-08,3.525977726397047375e-05,2.460471276810013511e-14,5.190217679587216008e-14,4.151671434356553462e-07,6.226694539585485711e-07,3.097776730813222660e-06
3.289999999999999591e-01,9.219175811347787297e-01,1.349498145960175235e-04,5.212953397257144946e-06,1.055950257127448318e-07,2.031629639038626187e-06,9.217389572185690216e-01,2.295491227970328678e-06,2.193574808164916830e-07,7.318058612287089614e-08,3.019057360256801183e-05,2.452841717622870374e-14,5.182966362060036014e-14,3.562531045114350134e-07,5.343076286657245354e-07,2.654759844640213760e-06
3.295000000000000151e-01,8.477695094480184324e-01,1.241109959629277198e-04,5.114514801380469963e-06,1.069874872225531921e-07,1.886628698758815302e-06,8.476074963636082149e-01,1.938426529448600014e-06,1.858506507870122343e-07,6.200715878765176672e-08,2.559769020906306594e-05,2.442699358678080054e-14,5.147805221590464356e-14,3.027522143502206667e-07,4.540648651312404460e-07,2.253165756597213029e-06
3.299999999999999600e-01,7.778538750161886339e-01,1.138801318941042137e-04,5.015920129594578354e-06,1.083598287717245419e-07,1.706776350852117139e-06,7.777073226469430889e-01,1.620130781978010621e-06,1.558681121372795950e-07,5.200905502268833373e-08,2.148326164942988945e-05,2.432721633607640936e-14,5.090331325292593975e-14,2.547116198238688517e-07,3.820118751043009798e-07,1.893187873562101533e-06
3.305000000000000160e-01,7.120667924843604446e-01,1.042426356131177849e-04,4.917099344226542410e-06,1.097079711751259605e-07,1.574957125948447318e-06,7.119344922926954533e-01,1.339624685437632624e-06,1.293432603986013823e-07,4.316390335640001225e-08,1.783940309158800448e-05,2.425196231646847574e-14,5.022947633500169580e-14,2.120616740328764906e-07,3.180441893857146204e-07,1.574150731828451799e-06
3.309999999999999609e-01,6.502968260527529631e-01,9.518662911272776639e-05,4.817985161834168351e-06,1.110270387243510884e-07,1.553760461789849425e-06,6.501775390034945090e-01,1.095285834725071623e-06,1.061476128685013818e-07,3.542870729397312249e-08,1.464961586873800102e-05,2.421255639348628616e-14,4.960742921576559197e-14,1.746316286409843996e-07,2.619056953030594896e-07,1.294632062040283942e-06
3.315000000000000169e-01,5.924257855424749364e-01,8.670143328183218829e-05,4.718557045396498613e-06,1.123128345579557840e-07,1.664870728383434291e-06,5.923182902667351035e-01,8.849744830495525647e-07,8.610202113622244163e-08,2.874363084533808430e-08,1.189030613878127813e-05,2.420528788630294628e-14,4.916368163447142483e-14,1.421667481979012187e-07,2.132143071454944204e-07,1.052594447125281429e-06
3.319999999999999618e-01,5.383295223976296562e-01,7.877527468463601623e-05,4.618868575285499210e-06,1.135631594413098336e-07,1.883687075270466387e-06,5.382326691162263588e-01,7.061603627784083574e-07,6.898814375758259998e-08,2.303584551776067683e-08,9.532348164176452209e-06,2.421321297813143534e-14,4.895743151861740034e-14,1.143460607711186546e-07,1.714885910236694952e-07,8.455206675974573374e-07
3.325000000000000178e-01,4.878787281872334902e-01,7.139310971882777222e-05,4.519048030501873173e-06,1.147784673963522036e-07,2.150314683540284184e-06,4.877914819569068028e-01,5.560457298735878781e-07,5.455972437775878590e-08,1.822328254430331336e-08,7.542629051124453739e-06,2.421243436830641708e-14,4.896131870474249887e-14,9.080001475902065573e-08,1.361742489519554067e-07,6.705473016485316585e-07
3.329999999999999627e-01,4.409397344329641366e-01,6.453540739683381563e-05,4.419272158664699992e-06,1.159615869449922779e-07,2.392232718468875975e-06,4.408611951988823385e-01,4.316805012702049684e-07,4.255327896929719661e-08,1.421816596443370723e-08,5.885519490541929131e-06,2.418048276243153349e-14,4.907260329290330089e-14,7.112739546722540105e-08,1.066694925354958689e-07,5.245918228841912300e-07
3.335000000000000187e-01,3.973753079744007932e-01,5.817835827799209701e-05,4.319723114443068646e-06,1.171165821323171292e-07,2.550060432440200466e-06,3.973047030684143666e-01,3.300661739261175858e-07,3.269786641356527547e-08,1.093023330312887273e-08,4.524224516049231480e-06,2.410378177961027456e-14,4.915043124718897344e-14,5.491095996329004368e-08,8.234849407220766211e-08,4.044692624886276757e-07
3.339999999999999636e-01,3.570454323095313964e-01,5.229543722629320223e-05,4.220544557394747244e-06,1.182471510574814079e-07,2.597208183251852569e-06,3.569820863450283155e-01,2.482460961218539901e-07,2.472369460314500901e-08,8.269577000306610801e-09,3.421978877705614811e-06,2.398165824423386104e-14,4.906551008550045572e-14,4.173136744094753763e-08,6.258228097669789638e-08,3.069954181791381358e-07
3.345000000000000195e-01,3.198080638012502641e-01,4.685974894508808934e-05,4.121812728967853387e-06,1.193551369797905546e-07,2.546878499283417390e-06,3.197513580339116368e-01,1.833805542181724364e-07,1.836939483857614097e-08,6.149060587126890509e-09,2.543062668524124452e-06,2.382573324515756878e-14,4.874436007105065692e-14,3.117910734460519863e-08,4.675662696938199891e-08,2.290745432650815960e-07
3.349999999999999645e-01,2.855198528931613966e-01,4.184631358239029820e-05,4.023532240168380571e-06,1.204396898954848948e-07,2.444739936820628911e-06,2.854691886424552405e-01,1.328059945620147080e-07,1.338787613005884916e-08,4.486280670035999135e-09,1.853623719065051166e-06,2.365524082500620798e-14,4.819275944050752420e-14,2.286425175355226309e-08,3.428667983310708518e-08,1.677703830141395334e-07
3.355000000000000204e-01,2.540368240936978772e-01,3.723349972726324657e-05,3.925656831206004508e-06,1.214973789886725401e-07,2.350772024290436331e-06,2.539916021174131733e-01,9.407848067466897989e-08,9.550744246869241483e-09,3.205061957341033027e-09,1.322303451708055117e-06,2.349021805865703498e-14,4.749097378732310266e-14,1.642397570334504153e-08,2.462824127447215055e-08,1.203602964133677108e-07
3.359999999999999654e-01,2.252150132114965064e-01,3.300315416463470760e-05,3.828126243226655261e-06,1.225232091239962086e-07,2.317397010990512274e-06,2.251746342622603092e-01,6.500215903874263491e-08,6.651334869031153134e-09,2.236490112693207297e-09,9.206719164698204959e-07,2.334509699327472293e-14,4.676371979817887375e-14,1.152789400115056689e-08,1.728577170587190876e-08,8.437297191528197637e-08
3.365000000000000213e-01,1.989110645429653379e-01,2.913947332862897710e-05,3.730904997963119188e-06,1.235121688211167054e-07,2.371864935573849648e-06,1.988749483225938641e-01,4.364405108023783294e-08,4.506463707968948532e-09,1.519506562013801225e-09,6.234852840838126648e-07,2.322484825459195048e-14,4.613664777427214446e-14,7.881351712682234725e-09,1.181732566128888747e-08,5.761088833845824848e-08
3.369999999999999662e-01,1.749827930557903422e-01,2.562711948914364038e-05,3.634009124729962743e-06,1.244607539047488683e-07,2.508804734334412034e-06,1.749504063588668834e-01,2.833689250043288152e-08,2.957037579401319274e-09,1.001108828215272452e-09,4.087849405066867559e-07,2.312469907680730934e-14,4.569525188688045745e-14,5.226875274529927104e-09,7.836728206913905120e-09,3.815916962183781193e-08
3.375000000000000222e-01,1.532897164302174653e-01,2.244933601210116043e-05,3.537512280756583469e-06,1.253679349752484702e-07,2.694818145160359517e-06,1.532605986181921898e-01,1.767200152530669071e-08,1.867698602521080699e-09,6.362164639763570347e-10,2.578614212458946445e-07,2.303306367648463201e-14,4.546025711286205262e-14,3.344040906689775063e-09,5.013377297076106247e-09,2.438282772312464171e-08
3.379999999999999671e-01,1.336935593946095846e-01,1.958677603389036547e-05,3.441530906305008185e-06,1.262352531822457392e-07,2.882560027076430420e-06,1.336673351535780374e-01,1.048428092395536725e-08,1.125689232933901841e-09,3.872731021992243226e-10,1.551087669045976647e-07,2.293622810663688116e-14,4.538671774419114587e-14,2.048046748891656120e-09,3.070101678456020252e-09,1.491458417724737951e-08
3.385000000000000231e-01,1.160587291969143592e-01,1.701745621628271811e-05,3.346195750440528576e-06,1.270660511075518571e-07,3.028547833333897077e-06,1.160351038388315603e-01,5.831457858408329576e-09,6.391296676822592825e-10,2.236577405738595684e-10,8.779559314130193711e-08,2.282291106387299834e-14,4.538512101802313429e-14,1.187286137007865122e-09,1.779520474757775687e-09,8.635518418303266002e-09
3.389999999999999680e-01,1.002527577337067460e-01,1.471780787698797681e-05,3.251621422850586587e-06,1.278641510426608718e-07,3.108049735124130382e-06,1.002314969362975011e-01,2.969559185993653419e-09,3.348927876038119195e-10,1.209733626950626649e-10,4.577844673612319886e-08,2.268716179758681978e-14,4.535516759030919817e-14,6.402138069377250733e-10,9.593421771490561650e-10,4.650727135908541977e-09
3.395000000000000240e-01,8.614670408576577398e-02,1.266439296733686568e-05,3.157885201758863460e-06,1.286324701863629393e-07,3.121977586880665806e-06,8.612760543260163104e-02,1.326429697835464840e-09,1.562471066069081539e-10,6.027056999953809246e-11,2.118111837756522155e-08,2.252893163686673553e-14,4.521931253944973746e-14,3.117773647540199885e-10,4.670116123530930545e-10,2.262015503851186073e-09
3.399999999999999689e-01,7.361551163349562554e-02,1.083563168953909850e-05,3.065021720015525583e-06,1.293720529836574082e-07,3.094005916785300138e-06,7.359837771561372755e-02,4.748506092678595418e-10,6.041727734623494861e-11,2.725134844173955237e-11,8.060788808984758747e-09,2.235265006886995837e-14,4.494458731392516813e-14,1.296563000024063504e-10,1.940683628395749895e-10,9.394025596781509636e-10
3.405000000000000249e-01,6.253831636082730905e-02,9.212924411344640825e-06,2.973033495207947237e-06,1.300818192821488369e-07,3.059822312449159081e-06,6.252293789205230767e-02,1.065290868110364980e-10,1.618671349259001651e-11,1.148657868198378469e-11,2.078495449423994027e-09,2.216482958042003547e-14,4.454669264832691200e-14,4.051349893847122472e-11,6.052410632402527688e-11,2.929345791635389097e-10
3.409999999999999698e-01,5.279870649412483213e-02,7.780814653833512402e-06,2.881911316192467338e-06,1.307590509291925847e-07,3.053109976807727461e-06,5.278485963419679572e-02,7.928888948875714886e-12,1.639900314788259747e-12,5.672363034732794904e-12,1.877094951161027248e-10,2.197186807578100598e-14,4.407741206300702625e-14,6.422909879103739218e-12,9.504344914853097691e-12,4.598632832575312881e-11
3.415000000000000258e-01,4.428493699733097172e-02,6.526219335719324757e-06,2.791655485437305408e-06,1.314003770175823821e-07,3.093655521984897758e-06,4.427239365495438950e-02,3.861683548161648956e-11,2.114844237094527944e-12,4.944916424361176504e-12,3.510705570977496786e-10,2.177882918888314718e-14,4.360221602569638379e-14,1.594723227207862324e-12,2.336520962370345472e-12,1.091263573922500055e-11
3.419999999999999707e-01,3.689010452030085097e-02,5.437097015049789311e-06,2.702289725492687561e-06,1.320028648805974522e-07,3.181720180044991323e-06,3.687864990018945022e-02,1.125258168578639466e-10,8.410433419177253220e-12,6.270402506488757982e-12,1.291759832257174847e-09,2.158930895385422524e-14,4.317743311118302179e-14,9.478732652203647377e-12,1.420544801484693989e-11,6.761050572701600719e-11
3.425000000000000266e-01,3.051228857458761212e-02,4.501106473549297545e-06,2.613863477206626112e-06,1.325648277508857120e-07,3.300136109941789229e-06,3.050173821935771995e-02,1.822944303293945737e-10,1.527047215329652041e-11,7.922777301915234067e-12,2.282778955106789273e-09,2.140589645317823781e-14,4.283498942179838198e-14,2.028950069580058612e-11,3.044141804179856546e-11,1.452796525846861738e-10
3.429999999999999716e-01,2.505466312312122634e-02,3.704768209549218560e-06,2.526443462768229206e-06,1.330861054395785362e-07,3.422598693731990923e-06,2.504487271621273076e-02,2.266439641106969990e-10,2.014666596904566791e-11,9.057868301819329922e-12,2.974663935183409926e-09,2.123049664365206663e-14,4.257849131216914851e-14,2.896505175217119992e-11,4.345851510820602920e-11,2.074371989245549001e-10
3.435000000000000275e-01,2.042558018774163001e-02,3.033409837815013878e-06,2.440099562218687011e-06,1.335677937673557199e-07,3.524461154490232388e-06,2.041644479322038408e-02,2.405992424342128917e-10,2.222735683411667307e-11,9.385121252880608636e-12,3.259974518626356306e-09,2.106400044854333188e-14,4.238941061555488096e-14,3.354497285050448427e-11,5.032193566442459348e-11,2.400563566558494187e-10
3.439999999999999725e-01,1.653862458894667792e-02,2.471854200936053447e-06,2.354891667061798304e-06,1.340116017808040013e-07,3.591743058301975692e-06,1.653006833079288806e-02,2.282511173189025849e-10,2.170748346777598685e-11,8.930571725504642948e-12,3.171283759865280435e-09,2.090532277391411695e-14,4.223847534272513424e-14,3.393439049720896079e-11,5.089403337086061142e-11,2.425612137576484140e-10
3.445000000000000284e-01,1.331263751313119074e-02,2.005525817138489522e-06,2.270862842256095574e-06,1.344191274578684423e-07,3.625135043853078208e-06,1.330459823825051041e-02,1.976924863423479462e-10,1.926792254793997092e-11,7.877449821009839076e-12,2.808334009895306476e-09,2.075038492889840471e-14,4.209640517192573619e-14,3.100720429566529233e-11,4.648920148061838309e-11,2.213188533027467034e-10
3.449999999999999734e-01,1.067170676337796109e-02,1.621513582739889410e-06,2.188040718423060936e-06,1.347913297970771755e-07,3.637977674531915782e-06,1.066412172043573747e-02,1.577316878949375411e-10,1.572867223051528039e-11,6.466319639703740064e-12,2.289474246182463106e-09,2.059188086323556929e-14,4.193988819513400019e-14,2.599469836023246505e-11,3.895682550796188476e-11,1.852217527914477393e-10
3.455000000000000293e-01,8.545123166156850386e-03,1.309178914515082911e-06,2.106445206940981335e-06,1.351283570412995683e-07,3.649586927149552430e-06,8.537920778393486010e-03,1.159905016399112290e-10,1.183972442224295501e-11,4.935961384518858739e-12,1.722376125979363241e-09,2.042046198363954404e-14,4.175200345968775090e-14,2.010343323377034152e-11,3.010820251658420823e-11,1.429415975133248531e-10
3.459999999999999742e-01,6.867305006038822851e-03,1.060106183794191120e-06,2.026098063802352203e-06,1.354297262315811911e-07,3.676962207593183026e-06,6.860404993688130545e-03,7.802148623642753897e-11,8.175293689109674592e-12,3.489223791099373558e-12,1.189254315587383531e-09,2.022735698928656400e-14,4.151940350224486415e-14,1.430817454240299696e-11,2.140608170629789810e-11,1.014529484791186414e-10
3.465000000000000302e-01,5.577694609974570214e-03,8.674649086333179878e-07,1.947029516379599592e-06,1.356947098232870155e-07,3.728265521205534368e-06,5.571015269885576035e-03,4.712360484667532810e-11,5.100651436359922672e-12,2.273456797472983887e-12,7.422969082247165481e-10,2.000767877965897184e-14,4.122998627525401156e-14,9.270490171945037934e-12,1.384276822813832181e-11,6.546383688749654557e-11
3.469999999999999751e-01,4.620632477886025408e-03,7.250795750506159081e-07,1.869279044279070086e-06,1.359227246183373042e-07,3.800470625941666361e-06,4.614101240731354782e-03,2.458902601336493406e-11,2.785497671825232004e-12,1.370816575809510988e-12,4.056525978770780174e-10,1.976312598338251691e-14,4.087393465880310423e-14,5.340506790827521416e-12,7.942999517764286978e-12,3.744270086728056764e-11
3.475000000000000311e-01,3.945214251024822295e-03,6.265969565261481025e-07,1.792890453748457593e-06,1.361135525182009795e-07,3.881737174630334810e-06,3.938776695138586185e-03,1.017149095946202053e-11,1.242997120757187287e-12,7.977645144143286883e-13,1.810395572257419823e-10,1.950276014414366918e-14,4.044845573553677422e-14,2.607206080169830271e-12,3.839627394070003159e-12,1.799021755595926627e-11
3.479999999999999760e-01,3.505134466624568873e-03,5.650735538155206626e-07,1.717904144126890083e-06,1.362673259937788903e-07,3.957150401818121979e-06,3.498758004139772108e-03,2.622682029164354205e-12,3.788144997916709994e-13,5.143663175600542951e-13,5.476627502151026022e-11,1.924111761540288723e-14,3.996371377327485785e-14,9.707471412502616486e-13,1.382300192020866764e-12,6.364652441885494049e-12
3.485000000000000320e-01,3.258519072514686182e-03,5.331138848180927906e-07,1.644350697478314494e-06,1.363843310755221939e-07,4.015236018321713392e-06,3.252189980722134527e-03,1.938534649729000686e-13,3.932073933940969159e-14,4.426772607831968602e-13,4.631957163506261543e-12,1.899391662645619051e-14,3.944586579401550369e-14,2.179812810144967254e-13,2.508699438025788675e-13,1.025758183150227963e-12
3.489999999999999769e-01,3.167746877358723796e-03,5.234577347257820230e-07,1.572249145261526752e-06,1.364647621352401473e-07,4.052546560599910314e-06,3.161462151490824525e-03,1.043122632663931372e-12,5.234120804482088473e-14,4.907994703105816276e-13,5.764869081919206005e-12,1.877265604970068562e-14,3.893371996371481258e-14,8.911847338082354251e-14,5.545444854788823387e-14,1.117648856340341598e-13
3.495000000000000329e-01,3.199259178805804234e-03,5.297365447040815138e-07,1.501610921406463229e-06,1.365085723785815388e-07,4.074585649826860704e-06,3.193016695217612989e-03,3.522991110692304564e-12,2.572248856385416410e-13,5.768393167985997561e-13,3.493843272825333705e-11,1.858003173473830287e-14,3.846822257028026854e-14,3.291285139885004876e-13,4.135337100911845021e-13,1.804676037003471786e-12
3.499999999999999778e-01,3.323357049854220452e-03,5.470643020057267017e-07,1.432447729022990658e-06,1.365155030711296977e-07,4.092932988266701072e-06,3.317148002196416458e-03,6.347624266847456932e-12,5.235763089320661548e-13,6.464323337492456797e-13,7.326841165694548841e-11,1.840801164801170805e-14,3.807757864826047888e-14,7.217910703521410143e-13,1.000966788833271853e-12,4.570149444280991945e-12
3.505000000000000338e-01,3.513986999893366214e-03,5.722122302662291285e-07,1.364779615902382847e-06,1.364852762574461513e-07,4.119981022598589209e-06,3.507793414188662903e-03,8.655732240940820522e-12,7.597379840920371833e-13,6.793074624229288295e-13,1.074432506359325983e-10,1.823957930392522335e-14,3.776363359562757475e-14,1.107357565708288108e-12,1.578393203974696075e-12,7.279895982993823567e-12
3.509999999999999787e-01,3.748517400710548765e-03,6.032985465669502028e-07,1.298639342596791392e-06,1.364178485849640525e-07,4.163581170275815447e-06,3.742315309748993780e-03,9.993708416747022062e-12,9.131283449803970529e-13,6.839935071358023948e-13,1.297854890588364252e-10,1.805384865285348891e-14,3.749573226460316073e-14,1.386666572096437146e-12,1.997302649972994549e-12,9.237692197009192027e-12
3.515000000000000346e-01,4.007509470265131768e-03,6.391264864129142593e-07,1.234070718340576327e-06,1.363135891139628603e-07,4.223809413776209409e-06,4.001275986761363909e-03,1.024648010725873670e-11,9.649567419296819268e-13,6.838416369279620745e-13,1.375027814250909986e-10,1.783295672872197667e-14,3.721609030403858759e-14,1.515445644993808303e-12,2.191393445640901139e-12,1.013617532045035139e-11
3.519999999999999796e-01,4.274487165772568840e-03,6.784432379437681019e-07,1.171121253386012197e-06,1.361732773751637402e-07,4.293088807878264935e-06,4.268208182870578821e-03,9.541928715481661354e-12,9.217987443580719106e-13,7.004255324125728872e-13,1.314829293964337520e-10,1.756836275746117351e-14,3.685643777037466733e-14,1.492657639142602651e-12,2.159026516241679149e-12,9.972214302152252094e-12
3.525000000000000355e-01,4.535709834986021045e-03,7.194156719552091519e-07,1.109832042187314906e-06,1.359979031844094654e-07,4.359486374675197337e-06,4.529384966069852601e-03,8.150318470883926127e-12,8.061702182694460426e-13,7.409256006465341803e-13,1.149393111819138469e-10,1.726425581065722781e-14,3.636099025663766416e-14,1.346340344301423611e-12,1.941964786819226190e-12,8.945511284108667181e-12
3.529999999999999805e-01,4.779950117098609279e-03,7.595210503321612289e-07,1.050229120851783411e-06,1.357883466928536899e-07,4.411724051410842047e-06,4.773592744416191996e-03,6.394335194519440585e-12,6.477231973909479681e-13,7.941005985668832971e-13,9.214042027652556242e-11,1.693671166937571318e-14,3.570764535354881027e-14,1.119663367137111728e-12,1.604493907619558452e-12,7.359747299873855435e-12
3.535000000000000364e-01,4.998277903811849769e-03,7.958762199987128306e-07,9.923200527424304245e-07,1.355450803552353076e-07,4.443810143985529367e-06,4.991910271381866208e-03,4.579220966027918144e-12,4.761149927440753029e-13,8.357316044020181619e-13,6.737613182425991553e-11,1.660872309533531800e-14,3.491914988091262318e-14,8.590730087598532982e-13,1.215729402524592153e-12,5.539372333667282249e-12
3.539999999999999813e-01,5.183849800902514370e-03,8.258502456066440857e-07,9.360973942592542273e-07,1.352680337168737134e-07,4.457430095613633328e-06,5.177495101531912058e-03,2.946936825123712118e-12,3.160617760482939905e-13,8.405081998748323778e-13,4.423624771060092311e-11,1.630271657506709243e-14,3.405912942212918392e-14,6.055595800508619106e-13,8.366463628688914480e-13,3.769082728534355237e-12
3.545000000000000373e-01,5.331702955555726355e-03,8.476948397006089753e-07,8.815478702218029410e-07,1.349566957991754409e-07,4.461200463327332749e-06,5.325377524632465137e-03,1.653827379288233877e-12,1.846377755355492744e-13,7.947889455980912111e-13,2.521224186163509934e-11,1.603310752941341839e-14,3.321326760314679440e-14,3.893607938070655897e-13,5.122722592468439433e-13,2.257836769416409046e-12
3.549999999999999822e-01,5.438552486447119708e-03,8.609263018807932413e-07,8.286637309571717294e-07,1.346104265873015659e-07,4.467171735417080550e-06,5.432261099433458723e-03,7.681516631100112331e-13,9.055263639064266604e-14,7.044937147778869644e-13,1.158551117682073747e-11,1.580147701062144913e-14,3.246155242805294717e-14,2.278638986255696694e-13,2.686481290517400602e-13,1.125334027965991708e-12
3.555000000000000382e-01,5.502592845814438180e-03,8.662985751460173502e-07,7.774518466236220679e-07,1.342288540545936328e-07,4.486042966781817465e-06,5.496328818430565484e-03,2.821037801024837910e-13,3.494027551021162600e-14,5.945815220054937465e-13,3.536108189574249220e-12,1.559605414843302239e-14,3.185117165734490731e-14,1.261051748516568110e-13,1.136189709070309518e-13,4.063619857813768109e-13
3.559999999999999831e-01,5.523304755410363316e-03,8.653737973396114366e-07,7.279369805742488939e-07,1.338121888745545841e-07,4.523008362978802674e-06,5.517054622807961856e-03,1.324209927123196156e-13,1.311237854771541598e-14,5.001798121910762010e-13,3.935976148250734295e-13,1.539568421610113087e-14,3.137983454001733849e-14,7.907804887498389243e-14,4.024749554622966469e-14,6.722259582981690632e-14
3.564999999999999836e-01,5.501270324148198679e-03,8.598561930751256076e-07,6.801579863653565680e-07,1.333613165454141832e-07,4.575840487704967202e-06,5.495021106336211644e-03,2.241020548529219346e-13,1.674610651710078324e-14,4.529523207728516382e-13,9.533098017436890469e-13,1.517689989727967093e-14,3.099583039816125372e-14,7.502317225849244129e-14,3.161333808402273211e-14,2.837621744399487436e-14
3.569999999999999840e-01,5.437999164025765844e-03,8.509445104346822440e-07,6.341584373652251520e-07,1.328776161617764013e-07,4.635884409152713725e-06,5.431745293904011347e-03,4.528208152434983333e-13,3.605999097993219412e-14,4.682863281530564050e-13,3.792898353094613515e-12,1.492165757287369802e-14,3.061522666669827249e-14,9.895009313785440205e-14,6.590269309579456342e-14,1.881850841517281488e-13
3.574999999999999845e-01,5.335767672848486069e-03,8.389446341204515212e-07,5.899753087250714983e-07,1.323625695545701561e-07,4.691482588646752686e-06,5.329514898137253411e-03,7.230069240721727599e-13,6.165480339763009233e-14,5.385620016040847823e-13,7.541566055880908304e-12,1.462312162745643137e-14,3.015043861231208619e-14,1.357936949643768261e-13,1.209461773541312270e-13,4.438835392803147661e-13
3.579999999999999849e-01,5.197472384403786436e-03,8.232764263455462998e-07,5.476299727286654317e-07,1.318173155769260249e-07,4.732431171028151449e-06,5.191237215661555909e-03,9.600042477707035970e-13,8.583076822071012875e-14,6.353061977765091033e-13,1.107376375947811496e-11,1.428762058969406941e-14,2.954027103122086924e-14,1.728044710778148198e-13,1.776642771853681293e-13,7.073488987455116167e-13
3.584999999999999853e-01,5.026496867421584303e-03,8.028527444333655283e-07,5.071247419266308005e-07,1.312423326790438590e-07,4.753730187284090014e-06,5.020301900478495172e-03,1.115999908715762637e-12,1.033177742413306555e-13,7.194627569861103916e-13,1.361747787478789384e-11,1.393226709537989334e-14,2.877097841097701908e-14,2.009786607365498920e-13,2.221783575526597743e-13,9.146481153156368419e-13
3.589999999999999858e-01,4.826590592858347011e-03,7.766666478060014460e-07,4.684459725401901690e-07,1.306373852797651629e-07,4.757236015788370672e-06,4.820457588483954489e-03,1.170408737280649449e-12,1.114568756102656363e-13,7.557879849352443209e-13,1.478222220791606641e-11,1.357922059590380710e-14,2.788110794760308197e-14,2.155253627216457969e-13,2.466023116514655679e-13,1.029513897731260626e-12
3.594999999999999862e-01,4.601757836189161038e-03,7.443496341886188458e-07,4.315722454003596882e-07,1.300017643131232181e-07,4.750687161353479988e-06,4.595701207353607154e-03,1.126038144691874632e-12,1.099417691518238289e-13,7.257882842271708484e-13,1.452233360518366790e-11,1.324864790505700310e-14,2.694866623631597700e-14,2.155211812049224430e-13,2.487212420470759275e-13,1.041756294738832502e-12
3.599999999999999867e-01,4.356155103210731204e-03,7.064848311323450453e-07,3.964843528990493712e-07,1.293347324931493783e-07,4.744595870950538588e-06,4.350178187194251103e-03,1.002648052012617530e-12,1.002664398078176892e-13,6.342575886460613501e-13,1.305682504066200227e-11,1.295274674993901187e-14,2.606534411261236031e-14,2.030034536579810014e-13,2.308787028884531840e-13,9.621077037724903807e-13
3.604999999999999871e-01,4.093996532329237034e-03,6.645621445883478790e-07,3.631733823328706356e-07,1.286359996406493041e-07,4.748278160338852461e-06,4.088091869219094565e-03,8.295070732848788595e-13,8.503277206289383315e-14,5.070404941969228078e-13,1.076827897089338879e-11,1.269268115923519066e-14,2.530689792500906940e-14,1.817935478862913104e-13,1.984347901248483349e-13,8.151530789114091254e-13
3.609999999999999876e-01,3.819467807182745991e-03,6.206039147621190015e-07,3.316441727865815461e-07,1.279060382235731416e-07,4.766548369497266397e-06,3.813621094516362296e-03,6.383059592185039544e-13,6.725576058549204806e-14,3.810801226300869527e-13,8.100968058865309476e-12,1.245917381141674703e-14,2.470980736889228897e-14,1.563244086511441416e-13,1.581350645839949658e-13,6.318750768567253417e-13
3.614999999999999880e-01,3.536649863543908038e-03,5.766133183847163744e-07,3.019133478844793736e-07,1.271461108263485825e-07,4.798264913767446964e-06,3.530845918854522755e-03,4.574105851142734882e-13,4.977180827806369514e-14,2.907339878937437713e-13,5.473731785711823090e-12,1.223624019803566237e-14,2.426176930613274581e-14,1.306831282067701083e-13,1.166625185446454151e-13,4.430305607641674451e-13
3.619999999999999885e-01,3.249453798555912171e-03,5.340569804441125125e-07,2.740031769871258689e-07,1.263579949086626446e-07,4.837146479375609527e-06,3.243682229610805531e-03,3.080054712732168940e-13,3.481561470240309206e-14,2.556278337982284807e-13,3.217326777629060433e-12,1.200658336443769810e-14,2.390851287543920574e-14,1.079887441354997233e-13,7.955188025755474417e-14,2.741606610025723590e-13
3.624999999999999889e-01,2.961567850493793033e-03,4.935687557693727070e-07,2.479338999335374900e-07,1.255435100595927102e-07,4.874401530604993829e-06,2.955826400438137883e-03,2.022681390150269228e-13,2.379075090129436862e-14,2.745225269962636581e-13,1.540093970389490576e-12,1.175680015980365294e-14,2.357375833702139000e-14,9.013005218469806754e-14,5.054719421828234067e-14,1.426042316600413533e-13
3.629999999999999893e-01,2.676416333489322567e-03,4.549675294404240322e-07,2.237174046748005505e-07,1.247040307553144520e-07,4.902069177255950844e-06,2.670710874138343925e-03,1.433783612368280869e-13,1.722409239236784939e-14,3.271839453295880963e-13,5.206951597749892086e-13,1.148083979437830488e-14,2.318491938625609275e-14,7.780872030406622324e-14,3.139609903294272973e-14,5.649982347644237545e-14
3.634999999999999898e-01,2.397129363319933180e-03,4.175583492111321021e-07,2.013542968251101524e-07,1.238401724765726233e-07,4.915785666383680411e-06,2.391470824045071903e-03,1.269361902891378470e-13,1.486874311419537502e-14,3.831096419868615119e-13,1.229130730198342090e-13,1.118092068560076504e-14,2.269575092315043148e-14,7.078394198260137556e-14,2.200856565850085681e-14,1.546803665167994655e-14
3.639999999999999902e-01,2.126521481348331560e-03,3.805824059052675472e-07,1.808348967945292238e-07,1.229517697111193745e-07,4.916005272054311422e-06,2.120921106071440264e-03,1.432483562644499181e-13,1.590566137015855033e-14,4.134283424123574058e-13,2.253230553036041429e-13,1.086602209289088987e-14,2.209884982832687866e-14,6.820159550397152550e-14,2.086911764971730993e-14,1.248525158313625734e-14
3.644999999999999907e-01,1.867077114846827117e-03,3.436358274524345244e-07,1.621431993997500315e-07,1.220381494574969557e-07,4.907360800597590970e-06,1.861541935448636715e-03,1.799352618391861944e-13,1.919060193944228513e-14,4.013056420820216403e-13,6.579978151120292488e-13,1.054878612780977097e-14,2.142487717510182467e-14,6.890906626276829045e-14,2.557928415383783772e-14,3.639165786995462764e-14
3.649999999999999911e-01,1.620941217297749331e-03,3.069034701384570276e-07,1.452619083536385893e-07,1.210985897396733304e-07,4.896571089048957126e-06,1.615471380195876135e-03,2.243875528037471296e-13,2.349832132309908124e-14,3.470606862934405831e-13,1.239056848391042804e-12,1.024197760886558140e-14,2.073001153891223486e-14,7.169484282817824480e-14,3.341661483636872337e-14,7.450565956571532401e-14
3.654999999999999916e-01,1.389914207956487006e-03,2.711367077431831052e-07,1.301765878895363978e-07,1.201327844739797238e-07,4.889809954342902304e-06,1.384502949294448516e-03,2.657315113232567525e-13,2.772737103064120563e-14,2.664791751239183300e-13,1.805445293663883203e-12,9.955524431058053866e-15,2.007679869388331158e-14,7.543479274635118100e-14,4.182102927176229437e-14,1.149173357548351361e-13
3.659999999999999920e-01,1.175451146937814880e-03,2.374075431598968321e-07,1.168776547226100657e-07,1.191411395326021900e-07,4.890566722324221777e-06,1.170087150827700583e-03,2.961141104451357226e-13,3.104303640218919818e-14,1.835226792500130310e-13,2.234397550402841856e-12,9.694739477110256889e-15,1.951508874359131686e-14,7.916121750362297837e-14,4.875105424243202667e-14,1.481754686389153742e-13
3.664999999999999925e-01,9.786656215114101359e-04,2.067536814491301483e-07,1.053599786010991658e-07,1.181247964604672355e-07,4.898741489600273025e-06,9.733366383144527196e-04,3.112631608557475404e-13,3.295018606172216126e-14,1.206926462342961362e-13,2.454202078701841016e-12,9.459832295557712935e-15,1.906888435092123960e-14,8.208815553927974585e-14,5.288499408529930996e-14,1.682362190973261784e-13
3.669999999999999929e-01,8.003388952970187523e-04,1.798602164615806122e-07,9.562079377345570484e-08,1.170853894032430056e-07,4.911174277039345799e-06,7.950351514029452282e-04,3.103950012387241332e-13,3.329984416502476984e-14,9.094399625757078659e-14,2.444800273762760351e-12,9.246458481400070583e-15,1.873227460993791521e-14,8.362563601403701236e-14,5.367040497502593506e-14,1.726819719769502171e-13
3.674999999999999933e-01,6.409344945302674441e-04,1.568953694531746621e-07,8.765709347705255105e-08,1.160246428292401269e-07,4.923239678695646006e-06,6.356506747691543710e-04,2.956206017275022368e-13,3.224197794504715469e-14,9.410404713555925398e-14,2.230193402864485421e-12,9.046925074619215819e-15,1.847435223169484844e-14,8.340157284808832729e-14,5.124651716021030248e-14,1.623284315137669443e-13
3.679999999999999938e-01,5.006177622920134421e-04,1.375462722507669498e-07,8.146358420576637256e-08,1.149439724934666029e-07,4.930770371937038314e-06,4.953530355106635545e-04,2.710389167946665100e-13,3.014197236949572989e-14,1.187219012830170676e-13,1.865482348071302777e-12,8.851738841209485439e-15,1.825030898717793918e-14,8.129119450548119121e-14,4.627735323677269696e-14,1.404070620952681348e-13
3.684999999999999942e-01,3.792792815952009860e-04,1.212179724571366654e-07,7.703177184871174105e-08,1.138442401963152849e-07,4.931529386181221645e-06,3.740356561302882231e-04,2.417090645473914191e-13,2.747984951952743003e-14,1.480414326567759416e-13,1.421619167262503763e-12,8.651326601447737182e-15,1.801457834380509548e-14,7.743892797583373196e-14,3.973842939566656778e-14,1.115365875933050885e-13
3.689999999999999947e-01,2.765607051109927818e-04,1.072985432516573500e-07,7.435014122464161720e-08,1.127257423059423086e-07,4.925718635583888672e-06,2.713406104614412857e-04,2.126696596968505761e-13,2.475013661892207769e-14,1.672699720135213366e-13,9.706890589681173480e-13,8.437835441933499552e-15,1.773211687360995970e-14,7.225222027929563478e-14,3.269815859808964302e-14,8.068614591415626452e-14
3.694999999999999951e-01,1.918815625513684996e-04,9.537759847903215752e-08,7.340496528835543280e-08,1.115884141377045014e-07,4.915453814256956925e-06,1.866857366353547574e-04,1.881345499319224432e-13,2.237713935913914361e-14,1.690678850866937197e-13,5.739067736611660536e-13,8.206863871489934506e-15,1.738527573460389868e-14,6.635215195369788495e-14,2.612795893931982801e-14,5.229308956135696340e-14
3.699999999999999956e-01,1.244660089540776567e-04,8.533704710187470747e-08,7.418118780544418314e-08,1.104321481130955480e-07,4.903559184157434740e-06,1.192924986305888543e-04,1.709480940293773780e-13,2.065592778635241127e-14,1.552168666308551863e-13,2.736704956819857038e-13,7.958816115369575939e-15,1.697548318540597830e-14,6.047887638322442339e-14,2.076444580200473456e-14,2.964195012774168802e-14
3.704999999999999960e-01,7.336905103320250695e-05,7.729463022894138488e-08,7.666302166138945062e-08,1.092570866040019673e-07,4.892270617403684231e-06,6.821356515972441792e-05,1.623363370194544861e-13,1.972420042812606371e-14,1.342157726164459375e-13,9.013403440669820791e-14,7.699431330650118728e-15,1.652044310868377545e-14,5.536532028946549632e-14,1.703492294218068743e-14,1.454960345293268406e-14
3.709999999999999964e-01,3.750230839984099163e-05,7.144466882069087331e-08,8.083421504129553637e-08,1.080637729595580061e-07,4.882403346756221810e-06,3.235956197899326141e-05,1.619470534681211944e-13,1.956493590444043997e-14,1.163006577692646874e-13,2.197440506678524404e-14,7.439058922002354619e-15,1.604835851029324701e-14,5.160438022520518129e-14,1.504563019281710972e-14,7.345485618677263446e-15
3.714999999999999969e-01,1.565963684271926606e-05,6.787971498211605885e-08,8.667815686376910111e-08,1.068531136193290343e-07,4.873280036218120723e-06,1.052494538002864802e-05,1.681343250459671235e-13,2.003496956151099908e-14,1.083575493159233289e-13,5.044516843114015913e-14,7.190510369338904681e-15,1.559080845454549630e-14,4.953907380707338665e-14,1.462256121718727038e-14,7.092318320646776355e-15
3.719999999999999973e-01,6.542884614514225182e-06,6.647684878553475355e-08,9.417800737845159137e-08,1.056261887263841048e-07,4.863354348184135525e-06,1.413248666919464651e-06,1.784143962412803505e-13,2.091096468515277557e-14,1.110307672748545147e-13,1.454673277516116687e-13,6.965778651126593959e-15,1.517562434219597446e-14,4.920074361514462087e-14,1.538835446786106603e-14,1.196629828041713616e-14
3.724999999999999978e-01,8.787733921350346662e-06,6.689608641277163559e-08,1.033168785278239808e-07,1.043840116552941923e-07,4.851165814006783150e-06,3.661970418745807317e-06,1.900014738773107711e-13,2.194223553636845414e-14,1.191683916328541361e-13,2.724241417443135334e-13,6.772419700000910902e-15,1.482077857266609788e-14,5.030931657638357982e-14,1.685630850251312373e-14,1.970680070474551952e-14
3.729999999999999982e-01,2.098916860419227878e-05,6.868385823550591312e-08,1.140778935880143812e-07,1.031273534244163974e-07,4.836146468457829523e-06,1.586713216359627221e-05,2.003272857352287069e-13,2.289986124360414958e-14,1.251503690085277049e-13,3.984605100179829712e-13,6.610715685395983969e-15,1.453012546997873244e-14,5.233542603940212945e-14,1.852372756297954716e-14,2.805222061311649951e-14
3.734999999999999987e-01,4.172580410041560391e-05,7.142657680494821332e-08,1.264438899799765533e-07,1.018567113976080724e-07,4.818904746189293860e-06,3.660717119383317459e-05,2.074579978837813521e-13,2.361348666024026816e-14,1.233349296964062107e-13,4.973816279863388798e-13,6.472700678240468153e-15,1.429179026664226346e-14,5.461085296745841300e-14,1.995064633035789194e-14,3.509656825308512869e-14
3.739999999999999991e-01,6.958225974904326387e-05,7.487858665939942513e-08,1.403966745838078951e-07,1.005724309274801333e-07,4.800877514396255163e-06,6.446553350488270074e-05,2.103458266129712161e-13,2.399069504040254785e-14,1.134019172807766527e-13,5.526262838687672975e-13,6.343664874466424867e-15,1.407986983219786251e-14,5.646424837123019102e-14,2.081521288066700116e-14,3.952587255634698849e-14
3.744999999999999996e-01,1.031689754527180287e-04,7.900317158968768277e-08,1.559160407879819039e-07,9.927491587071453587e-08,4.783541443136775186e-06,9.805123885022002522e-05,2.088868637490419048e-13,2.401804834786825266e-14,1.009413829636582325e-13,5.581842736057900003e-13,6.205975199918288205e-15,1.385965328273236302e-14,5.735493143635585257e-14,2.094231693372956518e-14,4.071940169034307981e-14
3.750000000000000000e-01,1.411392830194498950e-04,8.390713191937625476e-08,1.729790381976063368e-07,9.796482160030693045e-08,4.767576237414387134e-06,1.360168548145030158e-04,2.037950600812724700e-13,2.374683626349769075e-14,9.495169763127327268e-14,5.176724423371635499e-13,6.044215626267479608e-15,1.359572371730253755e-14,5.697873686304023600e-14,2.030645811889435560e-14,3.872404087917778237e-14
3.755000000000000004e-01,1.822039684132031477e-04,8.969939742750127284e-08,1.915600525586333490e-07,9.664313082973405522e-08,4.752389535427420727e-06,1.770736754043681521e-04,1.963372121325096202e-13,2.326935252038652733e-14,1.033719413717499725e-13,4.420354827005104990e-13,5.850073828294762099e-15,1.326126293941184416e-14,5.532551866168581941e-14,1.901289674073888969e-14,3.412796599550123571e-14
3.760000000000000009e-01,2.251438329319068192e-04,9.633988334749269922e-08,2.116319989860498389e-07,9.531106522736522566e-08,4.736244559807831447e-06,2.200043046223693381e-04,1.879977219745867642e-13,2.269256568044620601e-14,1.287236949869425251e-13,3.464732202959555577e-13,5.625329514015508226e-15,1.284606684172327442e-14,5.267678917241880368e-14,1.726286007855765285e-14,2.787048861580171939e-14
3.765000000000000013e-01,2.688207771715951091e-04,1.035506782120198064e-07,2.331684175974915529e-07,9.396986128402980010e-08,4.716955644205101763e-06,2.636731318512395834e-04,1.801497624524016819e-13,2.211530517840896627e-14,1.659541113507761906e-13,2.472146026414094287e-13,5.381809949295241714e-15,1.236064529292450406e-14,4.954285222752566085e-14,1.530934220007536619e-14,2.102838204140110292e-14
3.770000000000000018e-01,3.121877007930412844e-04,1.108352531950144245e-07,2.561457099219061858e-07,9.262050399618322327e-08,4.692856637185821803e-06,3.070352420394597539e-04,1.738000721711895451e-13,2.161297156513173617e-14,2.036432447183771302e-13,1.586770274894626429e-13,5.138130883242640727e-15,1.183458673094057886e-14,4.655038189945228299e-14,1.341022474454643924e-14,1.461592327456092442e-14
3.775000000000000022e-01,3.542971474350251797e-04,1.176042857441641842e-07,2.805444563031983159e-07,9.126353764422832893e-08,4.663616542333844262e-06,3.491441180209168410e-04,1.694510208151339044e-13,2.123106827956614385e-14,2.282648850503547223e-13,9.139759456720897517e-14,4.914121287793562390e-15,1.130900791495332538e-14,4.430208427101725493e-14,1.178526605565507387e-14,9.427817362228221945e-15
3.780000000000000027e-01,3.943082959253590395e-04,1.233593110237659474e-07,3.063489221883114590e-07,8.989904693697892391e-08,4.630531669599462547e-06,3.891581564314722849e-04,1.670923811278836091e-13,2.098638468767823404e-14,2.298104207649272009e-13,5.093589602038044469e-14,4.724657182169956232e-15,1.082489239560204783e-14,4.323777834499021396e-14,1.058290051684873651e-14,5.943023355908215826e-15
3.785000000000000031e-01,4.314917572426194047e-04,1.278582042571399904e-07,3.335445091906510283e-07,8.852683373500398476e-08,4.596140081707213163e-06,4.263456871097177133e-04,1.663045631707192448e-13,2.087308966433645615e-14,2.064018275520589873e-13,3.776109430123693709e-14,4.574896985412614485e-15,1.041072975172997621e-14,4.352865295458868681e-14,9.861533943257987659e-15,4.295303690276765861e-15
3.790000000000000036e-01,4.652317520750303228e-04,1.311912842315294659e-07,3.621138124748152395e-07,8.714673225412926008e-08,4.563289871862020556e-06,4.600880098996283619e-04,1.664323444322910664e-13,2.087059964675436239e-14,1.658413841464865036e-13,4.797842221298296661e-14,4.458503534060353387e-15,1.007343638402014375e-14,4.503180385203357641e-14,9.587930024606454230e-15,4.304968947569369283e-15
3.795000000000000040e-01,4.950255779211283364e-04,1.337319111714606616e-07,3.920327235195442035e-07,8.575894347423595835e-08,4.534027038065808694e-06,4.898800268425862513e-04,1.667780960340661559e-13,2.095072549181128969e-14,1.232555360498694315e-13,7.464158458822562291e-14,4.359480673066463531e-15,9.795739523191706162e-15,4.732006174988621835e-14,9.652429398549109522e-15,5.557349815797642803e-15
3.800000000000000044e-01,5.204806970730801704e-04,1.359764108248889164e-07,4.232682804909921889e-07,8.436425412428193670e-08,4.508753133471328161e-06,5.153283345203890468e-04,1.667671032811323845e-13,2.108282649800016119e-14,9.559460989233448665e-14,1.093466200298017501e-13,4.257068200276919265e-15,9.541214358979603968e-15,4.978437715280247522e-14,9.897564388755321698e-15,7.508060388948260563e-15
3.805000000000000049e-01,5.413101197661506978e-04,1.383339434490398840e-07,4.557795133474557762e-07,8.296404488503132347e-08,4.486002146009921156e-06,5.361470396073467551e-04,1.660520728896264277e-13,2.123694422301366712e-14,9.508373794529028062e-14,1.438079181581999621e-13,4.132134415216864517e-15,9.265627637436883120e-15,5.178664996088128691e-14,1.015386460434325480e-14,9.593574275727166685e-15
3.810000000000000053e-01,5.573268843336496269e-04,1.409486347254926358e-07,4.895214539929929586e-07,8.156007186978422895e-08,4.462941509109227215e-06,5.521519120952979092e-04,1.645440710620016187e-13,2.138569512543194757e-14,1.242240213602031048e-13,1.711681977059081112e-13,3.973024490419094188e-15,8.931054250647541865e-15,5.282530688067530897e-14,1.027509601583941583e-14,1.132782256415149083e-14
3.815000000000000058e-01,5.684382994876202447e-04,1.436248816730705737e-07,5.244511727446823869e-07,8.015409395103269557e-08,4.436413646134767333e-06,5.632536550604599727e-04,1.623769782342628225e-13,2.150586712997899012e-14,1.743953999387831712e-13,1.868758429514970751e-13,3.779024168771409547e-15,8.518201553451398956e-15,5.266937695587056214e-14,1.016540736479517870e-14,1.237065633725320566e-14
3.820000000000000062e-01,5.746402700426809932e-04,1.458867428845042870e-07,5.605337013214510507e-07,7.874748093387648691e-08,4.404118799878752647e-06,5.694509826331049752e-04,1.598271366559381175e-13,2.158027928030228659e-14,2.287228424968985007e-13,1.890574855258111811e-13,3.560401917695781157e-15,8.032902646998841350e-15,5.142247571797673519e-14,9.792953036318247465e-15,1.256088033779714205e-14
3.825000000000000067e-01,5.760116156076592209e-04,1.471497871588739853e-07,5.977454764856617088e-07,7.734094879685703236e-08,4.365483154295360016e-06,5.708238955340750979e-04,1.572164886192513291e-13,2.159982394101896304e-14,2.681893030920959860e-13,1.784044661524432359e-13,3.335113415121682632e-15,7.504662929611558004e-15,4.949565290286646870e-14,9.188024679330812944e-15,1.191375005139371050e-14
3.830000000000000071e-01,5.727079762496304965e-04,1.469397203778759902e-07,6.360736687522931810e-07,7.593452319046858133e-08,4.321879567000337294e-06,5.675271480809565301e-04,1.548260112189778415e-13,2.156507344179267710e-14,2.786854541944738981e-13,1.576654717781239781e-13,3.123305853192534500e-15,6.977791119188589434e-15,4.749325613913201838e-14,8.427607007845015256e-15,1.058900605938821587e-14
3.835000000000000075e-01,5.649548033823780912e-04,1.450739744961212833e-07,6.755112376347972278e-07,7.452774815158403996e-08,4.276120602045420876e-06,5.597835691866107164e-04,1.528386093061564375e-13,2.148665582253499931e-14,2.562964309388856669e-13,1.308856052346713650e-13,2.941400433988576142e-15,6.498083747231385553e-15,4.604164298936130774e-14,7.611476169707802252e-15,8.839704903525960103e-15
3.840000000000000080e-01,5.530390925105893194e-04,1.417371499032112743e-07,7.160492346134739719e-07,7.312006589278297666e-08,4.231423737694112026e-06,5.478767617701391394e-04,1.513199177979121958e-13,2.138385237390290366e-14,2.087957601051442634e-13,1.025510192916103998e-13,2.797570498452090946e-15,6.099415932198720966e-15,4.560875072262354794e-14,6.836594194697992648e-15,6.953804829847300420e-15
3.845000000000000084e-01,5.372998602151559224e-04,1.374225739408713719e-07,7.576690837733909928e-07,7.171123040154482269e-08,4.190246541298720863e-06,5.321428103184290982e-04,1.502348199212433560e-13,2.128141116777227121e-14,1.527791717746307485e-13,7.678953085780819678e-14,2.689893669599957731e-15,5.794473212036636000e-15,4.636702986703037613e-14,6.176238366209742506e-15,5.199736433014675547e-15
3.850000000000000089e-01,5.181177613920062057e-04,1.327636879102546523e-07,8.003377796011214109e-07,7.030160617582719508e-08,4.153430127321581597e-06,5.129609277902362615e-04,1.494892785097722349e-13,2.120515708306369254e-14,1.075463654432841395e-13,5.674673276585055783e-14,2.607553681349774602e-15,5.572339563859063591e-15,4.814090853118521875e-14,5.668275740657425493e-15,3.784560212693638206e-15
3.855000000000000093e-01,4.959045285020809938e-04,1.283202924026605909e-07,8.440079997676852228e-07,6.889224734598635855e-08,4.119960811534288668e-06,4.907433467820520494e-04,1.489825560592586825e-13,2.117736476723141117e-14,8.806919096732571992e-14,4.421199579276921469e-14,2.534519155601405632e-15,5.403323857306575353e-15,5.045562450792961327e-14,5.313997237584453943e-15,2.829604825823052491e-15
3.860000000000000098e-01,4.710929818614314557e-04,1.244000899292560575e-07,8.886233479691002852e-07,6.748473416478896257e-08,4.087417188614144751e-06,4.659250561238440251e-04,1.486542774251708943e-13,2.121290983197544677e-14,9.969639829515221835e-14,3.951838598156719085e-14,2.454437446237774203e-15,5.249098567731768025e-15,5.267410414387240517e-14,5.085941409480737544e-15,2.364581843620945630e-15
3.865000000000000102e-01,4.441281854143760868e-04,1.209802116770776788e-07,9.341269868787402885e-07,6.608083192849638428e-08,4.052910112568395559e-06,4.389540868543757683e-04,1.485135558059748830e-13,2.131694279995428938e-14,1.365328987311933006e-13,4.169346454757618348e-14,2.355242263431274334e-15,5.074710348123129429e-15,5.418187356458116095e-14,4.941035111547400769e-15,2.337843945710270855e-15
3.870000000000000107e-01,4.154599763873066394e-04,1.177535303196712129e-07,9.804705638142481351e-07,6.468209887512901149e-08,4.014146540982056012e-06,4.102829231812654687e-04,1.486426610547154732e-13,2.148438393306715897e-14,1.839929982233037874e-13,4.880109308920701314e-14,2.232208487999185574e-15,4.858734066175780639e-15,5.456518945234025485e-14,4.834643909672897338e-15,2.638185212736090345e-15
3.875000000000000111e-01,3.855367136033647840e-04,1.142767146265132064e-07,1.027620131609429391e-06,6.328958262413127605e-08,3.970219063800276650e-06,3.803613075887288600e-04,1.491743787891273170e-13,2.170110483086445574e-14,2.244366242336901884e-13,5.839214966623537009e-14,2.088766254866352470e-15,4.598751621489712283e-15,5.372945612845126755e-14,4.731750209783899823e-15,3.122553112735564967e-15
3.880000000000000115e-01,3.547998113348947106e-04,1.101598544751646929e-07,1.075556838375624644e-06,6.190370643784892148e-08,3.921845709546554767e-06,3.496303446757882075e-04,1.502490762292634069e-13,2.194638816473630586e-14,2.436735056139032235e-13,6.797601767635533811e-14,1.935087945877615674e-15,4.311013666461959574e-15,5.192307260655450975e-14,4.613030115122584171e-15,3.644155662777532337e-15
3.884999999999999565e-01,3.236785502596798217e-04,1.052248795262240910e-07,1.124272110371841772e-06,6.052437348370064903e-08,3.871005079185316596e-06,3.185175232676162893e-04,1.519632133544746721e-13,2.219617879980979254e-14,2.358809984197618846e-13,7.543361884764229380e-14,1.785060352641864205e-15,4.024953809558562273e-15,4.966050290083245111e-14,4.475438469277474690e-15,4.076425146504621959e-15
3.890000000000000124e-01,2.925847992551544943e-04,9.957564290484574123e-08,1.173759130297224990e-06,5.915123806649376835e-08,3.820140797486265243e-06,2.874321719234942214e-04,1.543242433165442010e-13,2.242669140167728998e-14,2.051872817727059029e-13,7.931316688580124791e-14,1.652594069051283883e-15,3.774586532242624565e-15,4.756863876661241358e-14,4.328435881706969309e-15,4.329787496167365196e-15
3.894999999999999574e-01,2.619075720738814014e-04,9.355906984497425653e-08,1.224003804434256729e-06,5.778403696889955582e-08,3.771258848409916101e-06,2.567609658319999636e-04,1.572264120404428334e-13,2.261800394716416850e-14,1.635136832156842666e-13,7.897686317454881478e-14,1.548255088342942186e-15,3.589392466745042447e-15,4.620306243414566026e-14,4.187838937986022352e-15,4.359843585590660792e-15
3.900000000000000133e-01,2.320076585152672753e-04,8.763907199026711953e-08,1.274978567347346337e-06,5.642286065406649051e-08,3.725259105253471992e-06,2.268633584674196199e-04,1.604574428070083901e-13,2.275725252760943897e-14,1.257032435699432824e-13,7.459516287308921766e-14,1.476982660537680597e-15,3.487057935118823637e-15,4.588883810624812385e-14,4.069388194217989537e-15,4.167121254747654764e-15
3.904999999999999583e-01,2.032127842917135830e-04,8.223641582364436177e-08,1.326641233862709514e-06,5.506827520607908487e-08,3.681729642260642201e-06,1.980671083077291991e-04,1.637380866143057484e-13,2.284094591810158776e-14,1.039297472468826726e-13,6.701024097110994213e-14,1.437296207424852516e-15,3.469630239938230903e-15,4.663186712266492114e-14,3.983695728572297057e-15,3.789813724138991519e-15
3.910000000000000142e-01,1.758137869165602124e-04,7.759689923101694122e-08,1.378939133348611461e-06,5.372126681242137498e-08,3.639240856849562403e-06,1.706642883493206622e-04,1.667868353105223698e-13,2.287582979227710148e-14,1.035312273213361805e-13,5.750834735439554740e-14,1.422014014808552603e-15,3.523630455722871847e-15,4.812474177254263516e-14,3.933546715369461417e-15,3.291766100387706355e-15
3.914999999999999591e-01,1.500621408786096008e-04,7.373484411024791060e-08,1.431816741630990685e-06,5.238304654322846862e-08,3.595984916694858696e-06,1.449082209065315002e-04,1.693934346519353754e-13,2.287778925128224438e-14,1.217289077791600905e-13,4.754995986998099091e-14,1.420195896802315670e-15,3.623742360699200907e-15,4.984257730520481465e-14,3.913839096476121926e-15,2.748355138206909342e-15
3.920000000000000151e-01,1.261688913819857634e-04,7.046654981015536624e-08,1.485223762333376494e-06,5.105479935773704144e-08,3.550488304125537972e-06,1.210116575215117494e-04,1.714800765588811970e-13,2.286858864651091373e-14,1.494878700920965137e-13,3.850682553596003367e-14,1.419820337133216956e-15,3.739039532312874104e-15,5.119827991385375688e-14,3.913881040330372796e-15,2.232832478208505940e-15
3.924999999999999600e-01,1.043047721150578262e-04,6.751267531950122747e-08,1.539120587544450589e-06,4.973747229194854879e-08,3.502121375337181827e-06,9.914627953887856528e-05,1.731303788869909715e-13,2.287080210234700518e-14,1.755493591382399999e-13,3.144738229761718786e-14,1.410613474908308355e-15,3.840344959213985595e-15,5.171074716516487360e-14,3.921340275798682899e-15,1.805228207976206020e-15
3.930000000000000160e-01,8.460109635407463352e-05,6.462369075834833029e-08,1.593479261610344537e-06,4.843167180557504292e-08,3.451231830351741591e-06,7.944332942231202479e-05,1.745738951613647107e-13,2.290193886792374508e-14,1.908984161153831448e-13,2.699895444487428380e-14,1.386446288359130421e-15,3.907181873202698929e-15,5.113778815162929376e-14,3.926820468561229817e-15,1.505155315581590505e-15
3.934999999999999609e-01,6.715098513781063449e-05,6.167755966198175838e-08,1.648279960905385365e-06,4.713769213732386270e-08,3.398890442630088783e-06,6.199499900608886158e-05,1.761262737735981618e-13,2.296926597433966913e-14,1.918979402058239959e-13,2.529928743964534610e-14,1.346795887646894444e-15,3.932824099155891150e-15,4.953779327751634645e-14,3.927832731309626711e-15,1.348977080127697071e-15
3.940000000000000169e-01,5.201062751397488314e-05,5.871425063373247436e-08,1.703504792765919901e-06,4.585564570406746382e-08,3.346389469735076867e-06,4.685616288921689882e-05,1.780988452773125459e-13,2.306692498163251098e-14,1.809881806859183878e-13,2.603420692276251558e-14,1.296926595165025930e-15,3.926204892172919421e-15,4.724599147351752892e-14,3.930914253818649076e-15,1.330977792783591145e-15
3.944999999999999618e-01,3.920049097528217647e-05,5.589994114222970476e-08,1.759131674837867350e-06,4.458563261752814084e-08,3.294717659191712126e-06,3.404615561485034353e-05,1.807020698850621541e-13,2.317649178590682571e-14,1.649082893799745070e-13,2.854483307759904017e-14,1.246686505108126392e-15,3.909956044573398279e-15,4.477565115003423178e-14,3.950938324894892734e-15,1.427570349557501865e-15
3.950000000000000178e-01,2.870661838277620460e-05,5.344264310908736111e-08,1.815130814172020073e-06,4.332788041877957825e-08,3.244223046754995360e-06,2.355049355429757304e-05,1.839711956664915302e-13,2.327119748152269444e-14,1.513946986522230515e-13,3.197857900045180593e-14,1.208116257837505737e-15,3.914653493783335074e-15,4.267470643463134186e-14,4.007325409519757668e-15,1.603278174061392810e-15
3.954999999999999627e-01,2.048227275160562804e-05,5.149877612560839329e-08,1.871465010531694988e-06,4.208280630939091184e-08,3.194578611250243496e-06,1.532264710254706345e-05,1.877378237809730890e-13,2.332287842687900390e-14,1.458503343426593239e-13,3.545403970215700268e-14,1.192375976669884229e-15,3.970351733962515381e-15,4.137874692753084592e-14,4.117822056124741263e-15,1.817251727202255674e-15
3.960000000000000187e-01,1.445017843876915936e-05,5.011049469107925472e-08,1.928093251977025813e-06,4.085099113188320865e-08,3.145031626252239332e-06,9.286091619443938546e-06,1.916586953060728585e-13,2.330974559637576688e-14,1.493686111834606754e-13,3.821094373755209454e-14,1.206730316981491715e-15,4.097449220178070848e-15,4.109997494623422678e-14,4.291501617083074117e-15,2.029343105888210235e-15
3.964999999999999636e-01,1.050547050285047315e-05,4.919743036021465597e-08,1.984975630057392789e-06,3.963309073129913371e-08,3.094802638394526386e-06,5.336861242183764967e-06,1.952963496731842410e-13,2.322263258964533955e-14,1.588221519530956080e-13,3.972193538784269929e-14,1.252400664151269755e-15,4.299486337477755153e-15,4.177990609904433054e-14,4.523278122272894393e-15,2.205131626643487668e-15
3.970000000000000195e-01,8.519267017212097054e-06,4.860168500839673973e-08,2.042077102824872926e-06,3.842973168442409925e-08,3.043449864637334683e-06,3.346708147095210828e-06,1.982304131883449205e-13,2.306770882082958082e-14,1.688006427729386081e-13,3.975179755547862718e-14,1.323939021945589297e-15,4.560311151421522551e-15,4.311525365782244371e-14,4.792161231452891601e-15,2.319628885289091480e-15
3.974999999999999645e-01,8.342606714283663680e-06,4.816226837676587726e-08,2.099368280817869489e-06,3.724143784083928296e-08,2.991045268675702878e-06,3.166788964445724510e-06,2.001682236720347627e-13,2.286467756875979574e-14,1.744052563925411314e-13,3.836010957056988980e-14,1.410406633536679183e-15,4.847026349280621235e-15,4.464689609019653336e-14,5.064568313235598678e-15,2.359598801152584299e-15
3.980000000000000204e-01,9.810416718386954292e-06,4.778405256470432882e-08,2.156822899085181862e-06,3.606861441184989804e-08,2.938101297068218999e-06,4.631639362013279044e-06,2.010226786793436065e-13,2.264090244060114387e-14,1.735970868623794291e-13,3.585340405107630056e-14,1.498137227221123500e-15,5.118436624419612370e-15,4.588616111864376265e-14,5.302423371115691570e-15,2.324488350726612219e-15
3.984999999999999654e-01,1.274521993380263969e-05,4.747076092039962412e-08,2.214413286242507700e-06,3.491158776945652082e-08,2.885299345155048310e-06,7.563124468538864453e-06,2.009341521917535752e-13,2.242324323743037444e-14,1.680623945911515147e-13,3.270093978695204190e-14,1.574376718279202640e-15,5.336843838022834782e-15,4.644447576607878945e-14,5.474001722191695301e-15,2.225935437937172977e-15
3.990000000000000213e-01,1.696043474903987918e-05,4.730884811414211820e-08,2.272106191134181383e-06,3.377067462700506202e-08,2.833154192544832021e-06,1.177409436757346763e-05,2.002294905100409334e-13,2.223016378003461760e-14,1.622600334826088401e-13,2.943298688730815811e-14,1.630780623976801781e-15,5.479650664187924187e-15,4.613316782151825647e-14,5.564180596586830308e-15,2.085801709734058205e-15
3.994999999999999662e-01,2.226329752807398269e-05,4.741139966932401710e-08,2.329861278834789784e-06,3.264624384851775764e-08,2.781769465092401844e-06,1.707160867181747654e-05,1.993295714617402581e-13,2.206661227239129638e-14,1.611388701627098919e-13,2.654143927166362340e-14,1.665736837681249966e-15,5.546919448902542147e-15,4.500905613759064056e-14,5.580504433470231319e-15,1.932761723301324078e-15
4.000000000000000222e-01,2.845757585035833934e-05,4.784867863617247647e-08,2.387633445963743820e-06,3.153874092082263130e-08,2.730792114079426440e-06,2.325976240025204612e-05,1.986320185775503733e-13,2.192327454985511321e-14,1.675981326824048918e-13,2.439980634310378491e-14,1.684792582544651339e-15,5.562051191361577382e-15,4.335583042874206250e-14,5.552513089611919294e-15,1.797701223993292573e-15
4.004999999999999671e-01,3.534628260721565457e-05,4.859735408713690179e-08,2.445378320013991334e-06,3.044866468642747579e-08,2.679582183319214525e-06,3.014227560474215019e-05,1.984027797579783044e-13,2.178036436772933841e-14,1.808658164042021666e-13,2.321406877785639906e-14,1.699018187261521113e-15,5.564880405167438627e-15,4.160744210390504007e-14,5.523878879815449485e-15,1.708492383761995463e-15
4.010000000000000231e-01,4.273453482340806186e-05,4.953179989556358934e-08,2.503058689120912025e-06,2.937650875686138743e-08,2.627518686657633055e-06,3.752504864431146982e-05,1.987073061722359635e-13,2.161463547982459574e-14,1.965556381097533850e-13,2.300887339182385635e-14,1.721766485489346012e-15,5.599054293591530813e-15,4.023395814237606152e-14,5.539382003012873706e-15,1.685010966344146570e-15
4.014999999999999680e-01,5.043255926761262283e-05,5.046219154592677357e-08,2.560648908765088498e-06,2.832269592357708491e-08,2.574304006319207320e-06,4.521882095773864524e-05,1.994000554982811105e-13,2.140728325937154966e-14,2.084183265338151775e-13,2.364660900618683774e-14,1.764782595871076758e-15,5.697672075783221112e-15,3.961932243606438064e-14,5.630732131685791318e-15,1.735403310810364221e-15
4.020000000000000240e-01,5.825869308251677668e-05,5.120361592234311591e-08,2.618134928491304138e-06,2.728753636791812455e-08,2.520131467257728120e-06,5.304193502190050465e-05,2.001738060688067233e-13,2.115018596358323478e-14,2.110521404952892227e-13,2.487138679710964384e-14,1.834820143229177738e-15,5.871991269662871573e-15,3.996220597385613484e-14,5.805937440302164786e-15,1.854496869872042651e-15
4.024999999999999689e-01,6.604212880000202466e-05,5.164680030417323873e-08,2.675509297889363629e-06,2.627122923863825929e-08,2.465640963098342849e-06,6.082306000186564194e-05,2.006531028424474744e-13,2.084856824959146609e-14,2.024024777846851961e-13,2.636672180107458227e-14,1.931758840032699733e-15,6.107170358953325281e-15,4.122521847175370963e-14,6.045978198000972835e-15,2.024855541204456048e-15
4.030000000000000249e-01,7.362515184397180445e-05,5.180004041482320257e-08,2.732762666956146252e-06,2.527390779110832682e-08,2.411678817788608271e-06,6.840363591714465532e-05,2.005041458228241148e-13,2.051940661770064094e-14,1.849462373523488499e-13,2.781505452329652568e-14,2.048748223232501463e-15,6.366720966220238514e-15,4.314554633279733531e-14,6.310202127967394442e-15,2.220389446481115416e-15
4.034999999999999698e-01,8.086471625203878926e-05,5.178377023978163546e-08,2.789874980603272581e-06,2.429570947555298439e-08,2.358961383817964453e-06,7.563979993119795357e-05,1.995298874467992657e-13,2.018629393738367514e-14,1.649954563405039352e-13,2.894886091941709711e-14,2.174279145225921931e-15,6.604355567880829214e-15,4.530443688179517880e-14,6.548904096629408401e-15,2.411797961761794058e-15
4.040000000000000258e-01,8.763336125665625517e-05,5.177889331987665120e-08,2.846810020215877284e-06,2.333684208345020383e-08,2.307782523923262077e-06,8.240365251398584063e-05,1.977246446544508074e-13,1.987256156851279774e-14,1.503403263050850742e-13,2.958625557707216373e-14,2.295511571141549389e-15,6.779301729623520885e-15,4.723767754872338886e-14,6.719033132058754273e-15,2.572643079681558317e-15
4.044999999999999707e-01,9.381962419594126301e-05,5.194924030171977434e-08,2.903515889189163804e-06,2.239761922276744904e-08,2.257887003644205811e-06,8.858387398459780318e-05,1.952750502514665383e-13,1.959488371530735000e-14,1.471554450581391567e-13,2.964779854635313286e-14,2.401844159503167549e-15,6.869876132939149228e-15,4.855822988811900082e-14,6.797815253656497850e-15,2.684669616264728988e-15
4.050000000000000266e-01,9.932819325373535636e-05,5.236937687643004431e-08,2.959931819969986281e-06,2.147845147946632538e-08,2.208563481387167642e-06,9.408584965761916891e-05,1.925096572958682622e-13,1.935926818805786848e-14,1.574215828464939269e-13,2.915483516551253588e-14,2.487694334145565041e-15,6.880668504207985343e-15,4.905849730886064072e-14,6.789743517007225730e-15,2.741171626050627863e-15
4.054999999999999716e-01,1.040800333146351281e-04,5.298706026307377168e-08,3.015999148595893066e-06,2.057979767637558905e-08,2.158921163399714420e-06,9.883154566195124103e-05,1.898133886697111995e-13,1.916044045420950548e-14,1.779308484076569151e-13,2.821253122457704267e-14,2.553751871814480850e-15,6.840903953553031557e-15,4.876460240634257104e-14,6.724657070534165756e-15,2.747701152160727341e-15
4.060000000000000275e-01,1.080126165557894371e-04,5.363581828949739163e-08,3.071672482878246620e-06,1.970209603032663576e-08,2.108240209730617216e-06,1.027593654473460465e-04,1.875315325548022512e-13,1.898450259001271355e-14,2.013197031795304579e-13,2.698252234265259771e-14,2.606460157163165985e-15,6.794640187474049503e-15,4.792754788119516563e-14,6.647702391944374784e-15,2.720081914642541354e-15
4.064999999999999725e-01,1.110802396896609282e-04,5.409311409820272680e-08,3.126926761075903958e-06,1.884570169666700279e-08,2.056257274901417467e-06,1.058241163230897190e-04,1.858891997307440987e-13,1.881378392735895313e-14,2.187648151662935869e-13,2.565076658319629154e-14,2.655999882602053544e-15,6.786293123674235142e-15,4.695310280713385964e-14,6.604735469439307785e-15,2.680336777199585865e-15
4.070000000000000284e-01,1.132542737715706502e-04,5.416148514879171679e-08,3.181757263510122047e-06,1.801085309992088458e-08,2.003274727995968721e-06,1.079970689254035278e-04,1.849463594505609125e-13,1.863228385636928425e-14,2.233088158939131481e-13,2.439595097914779570e-14,2.713440195812215660e-15,6.846542252777246159e-15,4.628914014474977983e-14,6.628191148553432548e-15,2.651590160444735454e-15
4.074999999999999734e-01,1.145231251357412341e-04,5.374111323777481828e-08,3.236172226519840506e-06,1.719767701416254223e-08,1.950052974389332828e-06,1.092659606402102878e-04,1.845979224104211292e-13,1.843013916385479119e-14,2.125250980321598176e-13,2.336291194223802410e-14,2.787881464810977080e-15,6.983397281618610379e-15,4.630119948104183988e-14,6.728109721998323154e-15,2.653160147658424054e-15
4.080000000000000293e-01,1.148917137095092797e-04,5.286590349797767481e-08,3.290180535287556754e-06,1.640622715781221490e-08,1.897530626713364762e-06,1.096347299350774974e-04,1.846160790104556309e-13,1.820603185285706664e-14,1.894845195694144850e-13,2.264423665457912411e-14,2.884325919014379453e-15,7.181245507809603558e-15,4.717069271863170264e-14,6.891037805205071150e-15,2.696899280005944691e-15
4.084999999999999742e-01,1.143803857517631866e-04,5.168966388503573894e-08,3.343778933016141684e-06,1.563653930056866356e-08,1.846482933698099832e-06,1.091227972261278085e-04,1.847215335814566908e-13,1.796716083768813712e-14,1.616483192821522246e-13,2.227172420744716384e-14,3.002738894098319521e-15,7.407804262345063590e-15,4.884414554040757437e-14,7.086675884818570041e-15,2.785453836515692130e-15
4.090000000000000302e-01,1.130233274769254921e-04,5.042844029418694495e-08,3.396943487111338166e-06,1.488868177493903438e-08,1.797249672575807179e-06,1.077638167604403187e-04,1.846638991247268899e-13,1.772707716791933029e-14,1.381156905396493723e-13,2.221786790972530546e-14,3.138410422666127770e-15,7.626159162381738516e-15,5.104769561372946061e-14,7.279490850641583856e-15,2.912616462672765893e-15
4.094999999999999751e-01,1.108666754858132585e-04,4.928173059704323396e-08,3.449628544776771742e-06,1.416278458856835069e-08,1.749633024360192809e-06,1.056039689760483638e-04,1.842905023892427653e-13,1.750214118322357974e-14,1.262834899626638402e-13,2.240612327552370022e-14,3.283402818243801123e-15,7.807468422976582155e-15,5.336270543254602623e-14,7.440998460470416197e-15,3.065480317767465469e-15
4.100000000000000311e-01,1.079665802151527138e-04,4.836274562776109389e-08,3.501773645976128481e-06,1.345904036554696424e-08,1.702997630916625090e-06,1.026999867219625332e-04,1.835869418242652779e-13,1.730753446855898602e-14,1.291860506757038643e-13,2.272759715917056490e-14,3.428650454235227482e-15,7.939982123546395696e-15,5.534106577074002385e-14,7.558531383763678182e-15,3.227765526281180323e-15
4.104999999999999760e-01,1.043874488607478209e-04,4.766349363420091390e-08,3.553315894444349023e-06,1.277768147101288122e-08,1.656527090352137804e-06,9.911716425420314096e-05,1.826805308367238384e-13,1.715369440278961616e-14,1.445008347820904632e-13,2.306106980437397327e-14,3.566191033572617214e-15,8.031641599621327237e-15,5.662759399435353410e-14,7.637896690274477375e-15,3.383528700907795705e-15
4.110000000000000320e-01,1.002004890457295543e-04,4.706633983156954512e-08,3.604203257145377538e-06,1.211894542362610139e-08,1.609534128675471644e-06,9.492756590688594860e-05,1.818071605651630919e-13,1.704383755471097095e-14,1.655511531348460904e-13,2.329303981187887535e-14,3.691039346228265343e-15,8.105993986104708856e-15,5.705513455201498961e-14,7.699702843619083546e-15,3.520480524320024253e-15
4.114999999999999769e-01,9.548253699648566765e-05,4.639565667369994670e-08,3.654403947814914441e-06,1.148304258255775991e-08,1.561706579552868415e-06,9.020854728434424133e-05,1.812509014774174771e-13,1.697299583219601625e-14,1.838731866912860284e-13,2.333478126088757015e-14,3.802328866660600925e-15,8.193508387826952067e-15,5.668604775378052063e-14,7.771361919751321634e-15,3.632287983571829720e-15
4.120000000000000329e-01,9.031503785310819924e-05,4.548834838284382606e-08,3.703908562476007690e-06,1.087013635861706008e-08,1.513201798249709688e-06,8.504156851435507351e-05,1.812719186795619065e-13,1.692875021009786882e-14,1.923390535844269871e-13,2.313414331581705583e-14,3.903506816179436964e-15,8.321753150314658676e-15,5.578930929022448878e-14,7.878037287656845084e-15,3.719477921100681671e-15
4.124999999999999778e-01,8.478299399239486536e-05,4.425597454094253809e-08,3.752724377661108261e-06,1.028033934289895211e-08,1.464564066250456008e-06,7.951116874623339508e-05,1.820407313543745199e-13,1.689360098137018478e-14,1.876560617754071803e-13,2.268083963583298548e-14,4.001548997430047260e-15,8.507866499454066224e-15,5.476084037706181670e-14,8.035733751878734799e-15,3.788841349766647061e-15
4.130000000000000338e-01,7.897372602931090793e-05,4.271582553275737046e-08,3.800864130227671454e-06,9.713722134185163748e-09,1.416507378281957986e-06,7.370392450036834537e-05,1.835950582970547892e-13,1.684863213061889039e-14,1.713458306422086619e-13,2.200505821285303595e-14,4.105346237848807302e-15,8.755476929170122067e-15,5.401057326130677269e-14,8.248489464142734746e-15,3.851524852696821023e-15
4.134999999999999787e-01,7.297538479768956015e-05,4.098129560574282689e-08,3.848333558779543942e-06,9.170327928453549650e-09,1.369653430094405039e-06,6.770724573302631488e-05,1.858298952394857023e-13,1.677781308466878946e-14,1.489186290660982880e-13,2.117017846091834046e-14,4.223588517905732795e-15,9.056327987942598444e-15,5.384859486449421901e-14,8.509838317553966916e-15,3.920250054916575337e-15
4.140000000000000346e-01,6.687527123330389597e-05,3.921781247082045179e-08,3.895122277350577205e-06,8.650186010122498105e-09,1.324324832228236675e-06,6.160795569116529237e-05,1.885233095117356264e-13,1.667199946690874563e-14,1.276491570059973729e-13,2.026108525501428914e-14,4.362608671850008539e-15,9.395143008780496877e-15,5.440213510101680800e-14,8.807135973862530123e-15,4.006284761940009358e-15
4.144999999999999796e-01,6.075811734953922834e-05,3.758313266061961920e-08,3.941201112347781846e-06,8.153320195911441227e-09,1.280465202236368822e-06,5.549071415783489165e-05,1.913915592363144631e-13,1.653156600305233839e-14,1.138614017504362357e-13,1.936998127103375707e-14,4.524705772068653704e-15,9.755380153817021367e-15,5.558561251033312249e-14,9.126579721927775818e-15,4.116857507224268324e-15
4.150000000000000355e-01,5.470451932250983070e-05,3.617537620128952377e-08,3.986526476061384245e-06,7.679751975050730868e-09,1.237704456912064421e-06,4.943643283582035953e-05,1.941596515618546269e-13,1.636675346592951216e-14,1.107593368446654613e-13,1.858175316085648332e-14,4.707409993152034665e-15,1.012371642068272303e-14,5.713043562186595176e-14,9.456996202328196284e-15,4.253627410962024679e-15
4.154999999999999805e-01,4.878968160009207835e-05,3.500750337070176106e-08,4.031049700106966184e-06,7.229500578400043275e-09,1.195531631724986616e-06,4.352086282769343820e-05,1.966292548710719869e-13,1.619529333415026340e-14,1.175675958162178521e-13,1.796090479868964007e-14,4.903958507234847272e-15,1.049212437294283672e-14,5.866440106762529269e-14,9.791466298268412058e-15,4.412586955075747150e-15
4.160000000000000364e-01,4.308254503874768077e-05,3.401544816319655521e-08,4.074727534104269187e-06,6.802582544395065405e-09,1.153500576702157726e-06,3.781349844423598466e-05,1.987261983602284405e-13,1.603761944790143570e-14,1.301997242157467325e-13,1.754187246174156581e-14,5.104949739216992739e-15,1.085769783354565692e-14,5.981713858404380060e-14,1.012704871743486552e-14,4.585422791117266620e-15
4.164999999999999813e-01,3.764526815675664300e-05,3.309373465690820288e-08,4.117529846860507570e-06,6.399011931193497471e-09,1.111388571300589976e-06,3.237685652310977200e-05,2.005147789656323722e-13,1.591078287642138894e-14,1.430784432766634059e-13,1.732417666573215169e-14,5.300802523038365629e-15,1.122131885802329689e-14,6.032173948188286386e-14,1.046367117665681426e-14,4.761970557192460059e-15
4.170000000000000373e-01,3.253294901542049455e-05,3.214244500186504459e-08,4.159441932368872262e-06,6.018800482877227413e-09,1.069253625248051365e-06,2.726609173283108480e-05,2.021746670661375530e-13,1.582277296380970119e-14,1.513248490912411261e-13,1.727330384054612541e-14,5.484371394201997932e-15,1.158644560078141915e-14,6.008491391444547895e-14,1.080333935520062257e-14,4.933083986887550240e-15
4.174999999999999822e-01,2.779344489488740609e-05,3.110650265997464973e-08,4.200461099242210213e-06,5.661956180142923679e-09,1.027380324047930090e-06,2.252883453019424232e-05,2.039462146167534599e-13,1.576905618527534775e-14,1.524574501598951441e-13,1.732742060967028073e-14,5.652962336112838813e-15,1.195874390145291694e-14,5.920774445810123067e-14,1.115021257737689680e-14,5.093101388932101257e-15
4.180000000000000382e-01,2.346717475826897668e-05,2.999297694020266213e-08,4.240589457474584810e-06,5.328479313435175428e-09,9.861477680590168380e-07,1.820511559741589923e-05,2.060587273745921691e-13,1.573265260594875127e-14,1.470042344095497352e-13,1.740904566119063402e-14,5.809115498635449742e-15,1.234636168359997563e-14,5.795330148403172348e-14,1.151119990470740891e-14,5.241194447107589685e-15
4.184999999999999831e-01,1.958685927349562735e-05,2.886204077495098953e-08,4.279826123414947128e-06,5.018357022971652957e-09,9.458794497734975800e-07,1.432727283014636045e-05,2.086612571936234591e-13,1.568806342293540087e-14,1.379047857049766310e-13,1.743978591954399745e-14,5.959860012144816337e-15,1.275990551267138311e-14,5.667195766469780318e-14,1.189607200324308812e-14,5.381212153589501059e-15
4.190000000000000391e-01,1.617723348638857680e-05,2.779798701054971032e-08,4.318161977505884539e-06,4.731558883798965227e-09,9.067351636278929325e-07,1.091980633269096684e-05,2.117751324840201616e-13,1.560813393548006125e-14,1.290627393156913555e-13,1.735542638504949978e-14,6.114608570528839371e-15,1.321106967103679632e-14,5.570620916122430362e-14,1.231606856088602099e-14,5.520094771407607170e-15
4.194999999999999840e-01,1.325482498414056059e-05,2.687397902875838277e-08,4.355578756784317652e-06,4.468036300649540959e-09,8.686816665422681921e-07,7.999222080164182142e-06,2.152816798503212976e-13,1.547189486094904597e-14,1.237092212774384601e-13,1.711831856612900148e-14,6.282298631318907389e-15,1.370950525675411176e-14,5.530140116762705615e-14,1.278068035577919103e-14,5.665383320647641358e-15
4.199999999999999845e-01,1.082790393792777161e-05,2.612535741878598188e-08,4.392052286468467432e-06,4.227726752838602246e-09,8.315433918961852756e-07,5.573954705808827348e-06,2.189488904912164423e-13,1.527095665938766936e-14,1.232491292403835166e-13,1.672434366001069463e-14,6.468650280608243958e-15,1.425861468488193269e-14,5.554605412109713301e-14,1.329338794471548866e-14,5.822637694149422470e-15
4.204999999999999849e-01,8.896678430050171228e-06,2.554138549806706983e-08,4.427557919068411567e-06,4.010561017988398336e-09,7.951023960595851965e-07,3.644465689975037786e-06,2.224898583750023175e-13,1.501234863011811351e-14,1.270014965170289766e-13,1.620277009460174237e-14,6.674396824766528259e-15,1.485195333068376064e-14,5.635657479905702460e-14,1.384808566723938260e-14,5.993598559155662126e-15
4.209999999999999853e-01,7.453745458786108235e-06,2.507679203886095182e-08,4.462075476443391675e-06,3.816469024823140776e-09,7.592004764763749311e-07,2.203575755521405315e-06,2.256368119624098355e-13,1.471674214536534180e-14,1.328389980240043771e-13,1.560889918171239163e-14,6.895044767635766559e-15,1.547224034580570691e-14,5.750867977885333106e-14,1.442816491147385294e-14,6.175671357754521808e-15
4.214999999999999858e-01,6.484742368174412864e-06,2.467613288650141139e-08,4.495591457274477243e-06,3.645379607806472731e-09,7.238010485315093092e-07,1.237027850589029030e-06,2.282101238278871576e-13,1.441245531721390259e-14,1.383571446756232038e-13,1.501112057575026820e-14,7.122228515307025492e-15,1.609432405992992868e-14,5.870531858048587858e-14,1.500951527032270194e-14,6.362859914751508255e-15
4.219999999999999862e-01,5.969101663849179274e-06,2.429926468751176122e-08,4.528097711406121550e-06,3.497211898586596434e-09,6.889899495071931158e-07,7.242170197558985502e-07,2.301631413658135420e-13,1.412702137253706847e-14,1.420135576447512672e-13,1.447540822286305568e-14,7.346207499523055848e-15,1.669196132149080800e-14,5.966157362488235383e-14,1.556720796872909100e-14,6.547788008894266497e-15
4.224999999999999867e-01,5.880809194664568270e-06,2.393679279086073750e-08,4.559587512640859148e-06,3.371860618460020739e-09,6.549223226812347676e-07,6.389901948774722892e-07,2.315906246502269840e-13,1.387893715879640532e-14,1.437386740706928427e-13,1.405095599232633876e-14,7.558688562647825066e-15,1.724652618562548044e-14,6.018325049915218970e-14,1.608393396195810216e-14,6.724090769181381516e-15
4.229999999999999871e-01,6.189099616888997549e-06,2.360959750170514356e-08,4.590051195229277834e-06,3.269182022345581860e-09,6.217449006820635872e-07,9.504242273592384691e-07,2.326989649266442019e-13,1.367219210817565012e-14,1.447893415985177739e-13,1.376035385552636245e-14,7.755071333617816069e-15,1.775453312780325551e-14,6.021842434238517227e-14,1.655713020199462540e-14,6.888357695964396850e-15
4.234999999999999876e-01,6.859077083082934783e-06,2.335392706886549429e-08,4.619473707036891679e-06,3.188989165828996345e-09,5.895306211552664745e-07,1.623529320770447459e-06,2.337471412838454743e-13,1.349530284640830455e-14,1.469685813048391037e-13,1.359649664199717470e-14,7.935436004920922366e-15,1.823078043069511417e-14,5.986916536951585888e-14,1.700173572102670565e-14,7.040996073607988416e-15
4.239999999999999880e-01,7.852299286434192828e-06,2.319980307367146088e-08,4.647835499690749352e-06,3.131062869101061372e-09,5.582536555815801634e-07,2.619878740975294554e-06,2.349754241582803744e-13,1.332513393996259589e-14,1.516130300344462054e-13,1.352663220598142329e-14,8.104037982529050404e-15,1.870519099696452434e-14,5.936173492939255246e-14,1.744682875560679632e-14,7.185783718120956108e-15
4.244999999999999885e-01,9.127388587448847262e-06,2.315301464718046667e-08,4.675116551315995739e-06,3.095178469067151267e-09,5.278127650440700496e-07,3.898210544235818557e-06,2.365418818174611426e-13,1.313425772784035934e-14,1.588375674086111150e-13,1.350210681362552918e-14,8.267579648995247780e-15,1.921368193315063384e-14,5.898468652563043499e-14,1.792661114547821637e-14,7.328343483923228177e-15
4.249999999999999889e-01,1.064072572096408502e-05,2.318890229722675161e-08,4.701301741702759155e-06,3.081140508470938821e-09,4.980889223123196716e-07,5.415064468720953264e-06,2.384840366939185695e-13,1.289950704473973288e-14,1.673939229018585730e-13,1.347098166856900941e-14,8.432915313075111379e-15,1.978579962056121994e-14,5.901255832737067385e-14,1.846850152362054098e-14,7.474129817797497059e-15
4.254999999999999893e-01,1.234724496467979240e-05,2.326056762659918716e-08,4.726385000113604886e-06,3.088811509410053663e-09,4.690088996836205639e-07,7.125501128436282605e-06,2.407154963736433102e-13,1.260905976388241826e-14,1.752118790599738143e-13,1.339015299269589380e-14,8.604980369487792993e-15,2.043343484241123334e-14,5.963608927729102249e-14,1.908253542107689955e-14,7.626645661201551299e-15
4.259999999999999898e-01,1.420130169837224631e-05,2.331763687640785186e-08,4.750370014815112660e-06,3.118120232160812867e-09,4.405855745010359117e-07,8.983909784621626885e-06,2.430573520087543602e-13,1.226594311569085136e-14,1.803779827350327803e-13,1.323401863517177986e-14,8.785586166164421748e-15,2.114495774597266072e-14,6.091740824497207699e-14,1.975618200519545560e-14,7.786472109655136937e-15
4.264999999999999902e-01,1.615754499813302976e-05,2.332708820290062399e-08,4.773266710867896477e-06,3.169040713790313317e-09,4.129175630002847834e-07,1.094486402101330080e-05,2.452945269119786548e-13,1.188704353900109633e-14,1.821049637807296278e-13,1.299791491337974333e-14,8.973361117651770261e-15,2.188743562526876386e-14,6.278127373915398728e-14,2.045697763098295716e-14,7.951359322893518151e-15
4.269999999999999907e-01,1.817171535208010201e-05,2.328684243923109334e-08,4.795084578809817507e-06,3.241544419931270182e-09,3.861495505738407432e-07,1.296395225707585330e-05,2.472407508454630948e-13,1.149813172641638972e-14,1.812418510904353114e-13,1.269609817269488857e-14,9.164693757580168722e-15,2.261674690431715915e-14,6.504332409708217159e-14,2.114259865297976380e-14,8.117231880904358840e-15
4.274999999999999911e-01,2.020130545541031294e-05,2.322604708038701409e-08,4.815825458757888168e-06,3.335539928340167120e-09,3.604118747755379711e-07,1.499850595235320770e-05,2.487941039328678222e-13,1.112658918367327023e-14,1.800700470928462598e-13,1.235548919802032366e-14,9.355206711520665688e-15,2.329241880139686535e-14,6.746627274197532108e-14,2.177516792586893775e-14,8.279656744749863169e-15
4.279999999999999916e-01,2.220606225261660923e-05,2.319176875277488164e-08,4.835478863462456904e-06,3.450822499067787149e-09,3.357662571254800130e-07,1.700817395253650179e-05,2.499683653579766267e-13,1.079409367932252819e-14,1.814395036541960905e-13,1.200733716805620778e-14,9.541175044564025237e-15,2.389204965001078358e-14,6.982778556040823102e-14,2.233481026662174863e-14,8.435214282444940343e-15
4.284999999999999920e-01,2.414835394153924447e-05,2.322763524026612399e-08,4.854022095901017560e-06,3.587055574360580343e-09,3.121809850447516158e-07,1.895533557157504133e-05,2.508925573491480616e-13,1.051135661982086812e-14,1.875891347305778959e-13,1.167919126097960208e-14,9.720420724668076673e-15,2.442004864163162224e-14,7.198128233953889424e-14,2.282748719533557611e-14,8.582325483940313673e-15
4.289999999999999925e-01,2.599345798123614619e-05,2.335337685703400901e-08,4.871425568834940767e-06,3.743796642858205313e-09,2.895454701646345388e-07,2.080538915544962334e-05,2.517799445806645064e-13,1.027622809678671600e-14,1.991429759680362821e-13,1.138912604587549643e-14,9.892495763505948416e-15,2.490727685683413956e-14,7.389362198138220649e-14,2.328403036042510112e-14,8.721356270860951810e-15
4.294999999999999929e-01,2.770983280285649387e-05,2.355383168999772009e-08,4.887661597239556319e-06,3.920563818854927687e-09,2.677171225574371540e-07,2.252697905502617967e-05,2.528758506103026875e-13,1.007540232769143876e-14,2.147151388293556698e-13,1.114327869754834666e-14,1.005827939069393168e-14,2.540138287923261630e-14,7.565060413715690104e-14,2.375041246848207036e-14,8.854120801806217982e-15
4.299999999999999933e-01,2.926941539421428940e-05,2.378203956908756256e-08,4.902713391439979894e-06,4.116922834090751697e-09,2.465802267994354141e-07,2.409222216017550209e-05,2.543988657888634574e-13,9.888934057573538401e-15,2.313153434125757473e-13,1.093674183546777792e-14,1.021932678712509990e-14,2.595102623368140781e-14,7.743034231673336432e-14,2.427250376033426324e-14,8.983114510133695477e-15
4.304999999999999938e-01,3.064794880383784454e-05,2.397525912893248768e-08,4.916580695818875484e-06,4.332563709503656438e-09,2.260923478425701411e-07,2.547696726456045801e-05,2.564911245096036149e-13,9.696110228831517585e-15,2.454217015287155498e-13,1.075701290511802967e-14,1.037733922610330802e-14,2.658949507674404245e-14,7.945322365580643619e-14,2.488065282201074294e-14,9.110847561130184227e-15
4.309999999999999942e-01,3.182530424066362846e-05,2.407751801817420774e-08,4.929279663643654401e-06,4.567337068466663617e-09,2.062999816314441875e-07,2.666107905213033490e-05,2.591902561889273487e-13,9.481046945468040113e-15,2.543118545982265063e-13,1.058871707234355542e-14,1.053398260059393452e-14,2.732355569796549084e-14,8.192301408286641092e-14,2.557959249094889468e-14,9.239521728619729668e-15
4.314999999999999947e-01,3.278573806737351983e-05,2.405976283361726087e-08,4.940836720966574274e-06,4.821232662597621093e-09,1.873185581700238079e-07,2.762870109400980293e-05,2.624293834727717013e-13,9.236659734197769225e-15,2.571303830163957849e-13,1.041824069391652650e-14,1.069104527721189193e-14,2.813155983740606358e-14,8.497525181957216692e-14,2.634731194336503826e-14,9.371072577658589610e-15
4.319999999999999951e-01,3.351802419561327275e-05,2.392977136584890522e-08,4.951278514399702267e-06,5.094303216279055761e-09,1.692865557644918625e-07,2.836843434521440745e-05,2.660639237909363147e-13,8.966219175007925026e-15,2.552660500164460950e-13,1.023716236859587852e-14,1.085071673351156810e-14,2.897152866263314304e-14,8.864621994327209586e-14,2.714332476932744025e-14,9.507395326533307250e-15
4.324999999999999956e-01,3.401542659667952282e-05,2.372817929453075627e-08,4.960621628396650801e-06,5.386557656167644074e-09,1.523132928585590499e-07,2.887337622669618604e-05,2.699169752992322287e-13,8.682346842829649729e-15,2.518788323199600054e-13,1.004381265400679387e-14,1.101568796286343897e-14,2.979634575368331766e-14,9.286955549131741265e-14,2.792338389752923937e-14,9.650483778151679858e-15
4.329999999999999960e-01,3.427551474827874374e-05,2.351248354982480330e-08,4.968865948462304352e-06,5.697860971247950834e-09,1.364412203758646777e-07,2.914099651437782669e-05,2.738305029532247610e-13,8.403860155652551284e-15,2.507474785572192125e-13,9.842795696727991632e-15,1.118886223261151982e-14,3.057065161506898390e-14,9.749984116876806717e-14,2.865539718395303868e-14,9.802276798125770802e-15
4.334999999999999964e-01,3.429986170021034328e-05,2.333547897422632332e-08,4.975994235363000027e-06,6.027877709268588711e-09,1.216363096311745158e-07,2.917286706385102023e-05,2.777084688550017129e-13,8.151253359146907140e-15,2.548724058689586037e-13,9.642767706779125808e-15,1.137267891445427809e-14,3.128347212506036591e-14,1.023554923266617814e-13,2.933092379617600372e-14,9.964191243749913893e-15
4.339999999999999969e-01,3.409368608716537919e-05,2.322648277453659550e-08,4.981978153773572066e-06,6.376081797634694331e-09,1.078079734438635976e-07,2.897429664018337525e-05,2.815406359564017066e-13,7.941796720855316510e-15,2.653628058064115693e-13,9.453132176178776156e-15,1.156829060634781852e-14,3.195222187098435762e-14,1.072686957874419101e-13,2.996829885105957832e-14,1.013653159852827700e-14
4.344999999999999973e-01,3.366549847983564618e-05,2.318227066840149281e-08,4.986788561455141887e-06,6.741831818302823817e-09,9.484819214325985864e-08,2.855393684281205634e-05,2.854012466719941444e-13,7.785275743615541362e-15,2.810258946904227870e-13,9.280546642445161462e-15,1.177497663952074344e-14,3.261688056353449197e-14,1.121290727212646394e-13,3.060649912794206939e-14,1.031809731204725721e-14
4.349999999999999978e-01,3.302679071275882428e-05,2.317060577050332457e-08,4.990406256706819707e-06,7.124486727145206750e-09,8.267289310071386931e-08,2.792341566139095073e-05,2.894236472575256732e-13,7.681298236617234986e-15,2.988061274425906384e-13,9.126207635847590096e-15,1.199014549792661816e-14,3.332666185177055879e-14,1.169101362186203719e-13,3.129217572767832198e-14,1.050628602774737663e-14
4.354999999999999982e-01,3.219177393985637260e-05,2.314429852990033535e-08,4.992829223323138512e-06,7.523521493788715413e-09,7.124940689823671955e-08,2.709702665358030475e-05,2.937583641273692738e-13,7.618862209470448433e-15,3.148998122927681778e-13,8.984751367413616633e-15,1.221007248085756001e-14,3.412408408721250533e-14,1.216726268942321687e-13,3.206462422015890341e-14,1.069781092509482109e-14
4.359999999999999987e-01,3.117714049244188181e-05,2.305986924819252255e-08,4.994073757755359161e-06,7.938601391804821714e-09,6.060101489838441132e-08,2.609146639023506120e-05,2.985264354002710355e-13,7.578481190704594605e-15,3.261207043367480367e-13,8.845254993608924057e-15,1.243121566724726757e-14,3.503209470277794054e-14,1.265450023575269888e-13,3.294401433273677094e-14,1.088988342125497391e-14
4.364999999999999991e-01,3.000180774096694673e-05,2.289353441485000978e-08,4.994169182010030342e-06,8.369588275297979111e-09,5.078967018278969103e-08,2.492558488966809341e-05,3.037808258812022271e-13,7.536614024362685658e-15,3.310084721303737848e-13,8.694274829481779016e-15,1.265168058923846880e-14,3.604858700363215902e-14,1.316871352499913935e-13,3.392682304794062771e-14,1.108147370464655473e-14
4.369999999999999996e-01,2.868660455420194295e-05,2.264876968373823223e-08,4.993148235137061210e-06,8.816476817702218443e-09,4.188650905578137008e-08,2.362010367421483700e-05,3.094862517422685352e-13,7.471522780879487477e-15,3.302815891190750753e-13,8.520220177972169341e-15,1.287228458165981714e-14,3.714983830723059701e-14,1.372472703880020012e-13,3.498968652732311947e-14,1.127416180222902494e-14
4.375000000000000000e-01,2.725388026604379441e-05,2.235332710998365484e-08,4.991036783179459461e-06,9.279284115774459493e-09,3.394342173066923531e-08,2.219726654991333419e-05,3.155224231160887726e-13,7.369146475761092300e-15,3.264915573885559974e-13,8.317815869559045578e-15,1.309676924190816475e-14,3.830117815761794380e-14,1.433236379885332219e-13,3.609985935575815505e-14,1.147218819051889326e-14
4.380000000000000004e-01,2.572704363365845685e-05,2.204774584027632565e-08,4.987846619176448547e-06,9.757932683193927127e-09,2.697673673273876084e-08,2.068041368751109504e-05,3.217090800342070924e-13,7.227335319764281724e-15,3.230349455914298717e-13,8.091162567183517927e-15,1.333099858667774399e-14,3.947075309157657610e-14,1.499405946956709332e-13,3.722825616394009625e-14,1.168158118541955624e-14
4.385000000000000009e-01,2.413006395262167571e-05,2.177043737510333216e-08,4.983573833239315895e-06,1.025216845491218859e-08,2.096757777691401177e-08,1.909349900857302374e-05,3.278451361231532070e-13,7.057009978721320241e-15,3.229091682724333612e-13,7.854119124474880612e-15,1.358135433425753723e-14,4.064143269281754936e-14,1.570451977772614919e-13,3.836040609920445545e-14,1.190857975036261725e-14
4.390000000000000013e-01,2.248697914993456838e-05,2.154525537494107028e-08,4.978203056701809264e-06,1.076154158687529576e-08,1.587590618601448935e-08,1.746059244229920387e-05,3.337504915224849032e-13,6.879536201055388267e-15,3.276742626499692921e-13,7.627429748377138206e-15,1.385285163052978633e-14,4.181690084870507516e-14,1.645246896929068408e-13,3.950171143212853450e-14,1.215785046331652986e-14
4.395000000000000018e-01,2.082145253511226058e-05,2.137593748922791861e-08,4.971715688979165350e-06,1.128545408609071544e-08,1.166000101946820212e-08,1.580541448058661385e-05,3.392987044477244406e-13,6.720696522214840947e-15,3.369847249962511767e-13,7.433045327020196664e-15,1.414762203070202680e-14,4.302031544852970302e-14,1.722398127040091983e-13,4.067567044768751900e-14,1.243110104121784761e-14
4.400000000000000022e-01,1.915640352450399705e-05,2.124873177060560531e-08,4.964098841793253098e-06,1.182325388024106980e-08,8.292138361422910302e-09,1.415093955809023954e-05,3.444317936943820023e-13,6.602783783436796866e-15,3.488281128444308681e-13,7.287130182884784372e-15,1.446429204960906048e-14,4.428665733522758614e-14,1.800645993407643118e-13,4.191629493175906760e-14,1.272657257698132116e-14
4.405000000000000027e-01,1.751371539989354372e-05,2.114123715399123497e-08,4.955351671690980407e-06,1.237433911815304539e-08,5.764412807667610674e-09,1.251908271122614656e-05,3.491540176905640746e-13,6.537138311567489366e-15,3.603421167581511738e-13,7.193924800937826912e-15,1.479846751319625662e-14,4.565200316136001406e-14,1.879214667388206404e-13,4.325787272561082178e-14,1.303958972895299875e-14
4.410000000000000031e-01,1.591400383257261623e-05,2.103330531879917515e-08,4.945486976762284440e-06,1.293823497371530562e-08,4.084065280493068307e-09,1.093046019800821414e-05,3.535078185312710381e-13,6.519563232552760189e-15,3.688796867638161319e-13,7.142646311443544544e-15,1.514413840954804925e-14,4.714373162118990702e-14,1.958016928859750414e-13,4.472585716181502094e-14,1.336397698229719099e-14
4.415000000000000036e-01,1.437642024385384983e-05,2.091552358777104172e-08,4.934527872470684594e-06,1.351461795339479760e-08,3.262615783314056389e-09,9.404198541893918971e-06,3.575402835743624458e-13,6.530344573423896432e-15,3.729236164941962858e-13,7.108850210051360660e-15,1.549549850576095941e-14,4.877494382893590060e-14,2.037654856292174178e-13,4.633189467236872637e-14,1.369385159544129940e-14
4.420000000000000040e-01,1.291846637469690002e-05,2.079226949206213335e-08,4.922501239249430696e-06,1.410328406890692948e-08,3.305335728639826683e-09,7.957763158338730848e-06,3.612709015743283191e-13,6.539224832884568216e-15,3.725343142511846690e-13,7.060321368069405781e-15,1.584854985486656572e-14,5.054455025707111372e-14,2.119218345954642506e-13,4.807424053115900301e-14,1.402519186121590985e-14
4.425000000000000044e-01,1.155580814205043114e-05,2.067882673744683568e-08,4.909430721603254229e-06,1.470407846827988408e-08,4.206398899504045182e-09,6.606787015646561438e-06,3.646703994257247391e-13,6.514047569235760092e-15,3.692066589348711397e-13,6.966026753111963094e-15,1.620197566536250982e-14,5.244232140590389842e-14,2.203944687238515836e-13,4.994279594090016411e-14,1.435668999076627364e-14
4.430000000000000049e-01,1.030209210357709356e-05,2.059447117250747805e-08,4.895331978855073954e-06,1.531681692143810642e-08,5.951377200151408085e-09,5.364896346386048987e-06,3.676564641000802723e-13,6.430462535234497885e-15,3.652350838207260387e-13,6.805478797860739897e-15,1.655706186885906233e-14,5.445653593971102242e-14,2.292846238943802681e-13,5.192648234379760007e-14,1.468968090155514060e-14
4.435000000000000053e-01,9.168780138695610502e-06,2.055480934226038107e-08,4.880211751715509319e-06,1.594122942109031366e-08,8.524649268463331459e-09,4.243546571943039645e-06,3.701065595672692660e-13,6.279555282995010499e-15,3.628557474192748459e-13,6.575485882321715300e-15,1.691680328103349938e-14,5.658124103342356421e-14,2.386424387894541879e-13,5.402014151756599132e-14,1.502727451218409405e-14
4.440000000000000058e-01,8.165022767894266752e-06,2.056654017863363077e-08,4.864070644476724931e-06,1.657694404316914218e-08,1.191685456971095884e-08,3.251890640724955253e-06,3.718827042812375153e-13,6.070790769511951524e-15,3.634925574804133498e-13,6.291910297983507505e-15,1.728460210481280063e-14,5.882067047392911705e-14,2.484560758622186985e-13,5.622868405918026394e-14,1.537307693553203687e-14
4.445000000000000062e-01,7.297587863807690740e-06,2.062642472202509027e-08,4.846908040117772804e-06,1.722351091635253403e-08,1.612786598059661347e-08,2.396700858216769922e-06,3.728597037716240776e-13,5.829121423692264340e-15,3.673677614085000423e-13,5.985566685381100832e-15,1.766305409134011512e-14,6.118971255170511222e-14,2.586618038752410635e-13,5.856747730529557254e-14,1.572997154715349640e-14
4.450000000000000067e-01,6.570851794227260947e-06,2.072430321548341637e-08,4.828726858304864785e-06,1.788044971417757267e-08,2.116352321063384386e-08,1.682355473877230864e-06,3.729479421986370143e-13,5.587042272851059027e-15,3.735826236049224458e-13,5.693301250312408848e-15,1.805320248714731047e-14,6.371088411543541024e-14,2.691711339152819059e-13,6.105941186734169098e-14,1.609932707187005332e-14
4.455000000000000071e-01,5.986848741339890284e-06,2.084836207549684603e-08,4.809536172469992956e-06,1.854729631419498252e-08,2.702800477217372403e-08,1.110887697208450547e-06,3.721043947127389367e-13,5.374116880814014146e-15,3.805942144825373634e-13,5.446946042756652949e-15,1.845438984066471759e-14,6.640944556153118216e-14,2.799051354448912614e-13,6.373016830406323464e-14,1.648076948636433087e-14
4.460000000000000075e-01,5.545365500457065847e-06,2.099016999940919380e-08,4.789350823852612627e-06,1.922362790573751940e-08,3.371626516364181959e-08,6.820833833832579177e-07,3.703299999302765082e-13,5.207422199655327066e-15,3.868785635525554131e-13,5.263649205419433787e-15,1.886457395957075678e-14,6.930870438773033822e-14,2.908234944776159802e-13,6.660358899735941650e-14,1.687240978562454987e-14
4.465000000000000080e-01,5.244066124834560223e-06,2.114744546022459551e-08,4.768188576801167383e-06,1.990905851436824661e-08,4.121107587362539276e-08,3.936087181623197266e-07,3.676562884274280952e-13,5.086111729331930868e-15,3.915239350715994507e-13,5.140722527566212625e-15,1.928081562276243548e-14,7.242716171996086006e-14,3.019378307608818373e-13,6.969871813277364542e-14,1.727127021579609108e-14
4.470000000000000084e-01,5.078633419377376217e-06,2.132376285945701126e-08,4.746066425986615337e-06,2.060321238622092211e-08,4.948680732365757543e-08,2.411519426107111941e-07,3.641275376142349619e-13,4.991930471904525345e-15,3.945490073211914231e-13,5.056707672791870752e-15,1.969965516806812184e-14,7.577822360033713815e-14,3.133047494047296539e-13,7.302924607589864500e-14,1.767365542657168166e-14
4.475000000000000089e-01,5.042920355372991666e-06,2.152582055596761696e-08,4.722997943182953382e-06,2.130569363616135913e-08,5.851840438371613388e-08,2.185712079220850315e-07,3.597856192867065479e-13,4.895493433491998082e-15,3.968607928835375385e-13,4.978316887017225974e-15,2.011725275382103826e-14,7.937215355165323702e-14,3.250019685782001343e-13,7.660515728543779082e-14,1.807535337603112476e-14
4.480000000000000093e-01,5.129110859089801851e-06,2.175984686365361122e-08,4.698992951212163730e-06,2.201607194306163782e-08,6.829096170819624340e-08,3.180497234036763351e-07,3.546629571092094916e-13,4.766170068834775811e-15,3.999053405480280224e-13,4.870955780233854406e-15,2.052938056721234050e-14,8.321918387160226601e-14,3.370976484764097532e-13,8.043567609957426895e-14,1.847173873939656410e-14
4.485000000000000098e-01,5.327893457623031417e-06,2.202884960961920720e-08,4.674059635610770119e-06,2.273389529954118442e-08,7.880454573788592325e-08,5.302652068394643076e-07,3.487854074562398087e-13,4.582199816072106366e-15,4.051685376063136034e-13,4.709365659961204053e-15,2.093150441777071953e-14,8.733245424922740559e-14,3.496259786162639959e-13,8.453232337588038094e-14,1.885797940862371275e-14
4.490000000000000102e-01,5.628651764589008010e-06,2.233176522408445110e-08,4.648207998351690012e-06,2.345872607111884882e-08,9.007097303212297775e-08,8.445809534145707195e-07,3.421828447988720726e-13,4.337632539428860541e-15,4.137207854440818951e-13,4.484941384894946219e-15,2.131918762309487375e-14,9.172970389256750131e-14,3.625797486616013348e-13,8.891104196685034670e-14,1.922953427894292552e-14
4.495000000000000107e-01,6.019673276993512243e-06,2.266452356953278585e-08,4.621452873377369450e-06,2.419018295222933593e-08,1.021032527482508652e-07,1.249261068008380823e-06,3.349022949461535297e-13,4.043848055348809821e-15,4.259626068196790702e-13,4.207475654105963701e-15,2.168887895072764699e-14,9.643322299612663555e-14,3.759236706069535041e-13,9.359278126303805130e-14,1.958296898336919235e-14
4.500000000000000111e-01,6.488374108176241395e-06,2.302213992628416942e-08,4.593814874175748667e-06,2.492796559098940800e-08,1.149024100953779055e-07,1.731705310454039591e-06,3.270176762486339055e-13,3.725334798027178837e-15,4.416400936882700089e-13,3.901019562067082712e-15,2.203888352007833926e-14,1.014682148985554742e-13,3.896232420388345437e-13,9.860245992712050117e-14,1.991687735160915713e-14
4.505000000000000115e-01,7.021533973970614970e-06,2.340058503234865375e-08,4.565318568710318184e-06,2.567184404901378955e-08,1.284483735183360843e-07,2.278693159818747291e-06,3.186318030711202269e-13,3.411398467868028516e-15,4.600970006766020486e-13,3.595537202838986308e-15,2.237009365378710420e-14,1.068602158573544326e-13,4.036766055578127616e-13,1.039666930806997321e-13,2.023250364904699749e-14
4.510000000000000120e-01,7.605534185470662418e-06,2.379748255111722197e-08,4.535988469790910086e-06,2.642161015511808467e-08,1.427003568112312948e-07,2.876624785499161737e-06,3.098696038751273496e-13,3.126812351595862841e-15,4.806518036838524989e-13,3.317367195916076378e-15,2.268600619587056748e-14,1.126324552991474040e-13,4.181344541009160093e-13,1.097109889432537504e-13,2.053363301182304748e-14
4.515000000000000124e-01,8.226591724898111769e-06,2.421143149104237623e-08,4.505844513048401288e-06,2.717700597314212813e-08,1.576080318783405001e-07,3.511749221142703786e-06,3.008652081658560881e-13,2.884647348499868309e-15,5.029573256563262957e-13,3.081734300018128911e-15,2.299173797752204070e-14,1.188040135190888397e-13,4.330970414526814451e-13,1.158572641689540240e-13,2.082550982352473967e-14
4.520000000000000129e-01,8.870983958485192226e-06,2.464053864734586338e-08,4.474899074293616299e-06,2.793765787425727269e-08,1.731295427175494777e-07,4.170375579505676501e-06,2.917482286068557601e-13,2.683585792596544600e-15,5.272216913566773154e-13,2.889639595206535842e-15,2.329213060807468475e-14,1.253894059890942590e-13,4.486866609476269754e-13,1.224224929791395608e-13,2.111291161461924352e-14
4.525000000000000133e-01,9.525260147971779354e-06,2.508117114912033860e-08,4.443157055594930367e-06,2.870304654513877513e-08,1.892485109755543933e-07,4.839068749792254481e-06,2.826351696193500957e-13,2.510310840373394103e-15,5.542281620542256851e-13,2.729775510435948178e-15,2.358946847232542290e-14,1.323998622342040770e-13,4.650050393002509826e-13,1.294190821803080757e-13,2.139791266761791238e-14
4.530000000000000138e-01,1.017643696544072123e-05,2.552780140968472151e-08,4.410619335717614050e-06,2.947253175560908600e-08,2.059816370796038168e-07,5.504833991398470092e-06,2.736301672354501333e-13,2.345729609936551945e-15,5.851632029785078825e-13,2.584306795505766105e-15,2.388163067614858994e-14,1.398461245304965853e-13,4.820932995391607425e-13,1.368571423303883076e-13,2.167813810841759039e-14
4.535000000000000142e-01,1.081217565431047611e-05,2.597420532090655897e-08,4.377288440751507108e-06,3.024542967148446064e-08,2.233718909054629687e-07,6.155293958382843289e-06,2.648358052643233354e-13,2.172511954867054768e-15,6.213221699234224044e-13,2.436093991661641407e-15,2.416150086413489263e-14,1.477421174643486217e-13,4.999135448917965809e-13,1.447482368902696473e-13,2.194629009597395950e-14
4.540000000000000147e-01,1.142093881098720437e-05,2.641551356301871711e-08,4.343174254874143268e-06,3.102111817520016399e-08,2.414683956796289080e-07,6.778857730083343163e-06,2.563708011629606119e-13,1.981151395437049060e-15,6.637935464246961522e-13,2.274645502586369634e-15,2.441811573404884915e-14,1.561084181453671202e-13,5.183642587065206923e-13,1.531095567134018234e-13,2.219137918703581792e-14
4.545000000000000151e-01,1.199212557668563627e-05,2.685009923321148431e-08,4.308297417501419106e-06,3.179913143646305902e-08,2.603003614548066722e-07,7.364876690268608051e-06,2.483883503966577631e-13,1.772528702383283166e-15,7.132207162654976748e-13,2.098816032468410833e-15,2.463943253151410101e-14,1.649742279736551749e-13,5.373285442365363484e-13,1.619670041138540853e-13,2.240150714234256776e-14
4.550000000000000155e-01,1.251618551368661336e-05,2.728028158064541679e-08,4.272688851474520649e-06,3.257920546566282727e-08,2.798559720520644872e-07,7.903779238987921525e-06,2.410879895223308698e-13,1.556430522970186574e-15,7.697103804881589584e-13,1.915682117922304077e-15,2.481594744128241581e-14,1.743766767182687875e-13,5.567396300384917038e-13,1.713556358016223507e-13,2.256742653117087449e-14
4.555000000000000160e-01,1.298471314292778905e-05,2.771134894191796269e-08,4.236385345300683455e-06,3.336125247557207886e-08,3.000761296883535118e-07,8.387177005870284267e-06,2.347154105372103783e-13,1.347043728860620794e-15,8.329108190704777596e-13,1.736536180602991973e-15,2.494395711747846260e-14,1.843568909158050090e-13,5.766381409608877259e-13,1.813164869800562195e-13,2.268569300445409316e-14
4.560000000000000164e-01,1.339052612990762479e-05,2.814920608488109120e-08,4.199422688837873248e-06,3.414526807155650802e-08,3.208674752476511915e-07,8.807939325327300534e-06,2.295483040993663522e-13,1.157501364963051062e-15,9.022346650487608134e-13,1.571958231109558631e-15,2.502722720034481025e-14,1.949532895338713991e-13,5.971952464682013217e-13,1.918899545005324705e-13,2.276021850968505435e-14
4.565000000000000169e-01,1.372772957421289983e-05,2.859764266465313906e-08,4.161828899072819020e-06,3.493120165296348953e-08,3.421311885491103122e-07,9.160238360952229576e-06,2.258708847800546863e-13,9.957185404744168097e-16,9.771611840924126315e-13,1.428081882962359838e-15,2.507627496941542786e-14,2.061937721801492294e-13,6.186863753910449795e-13,2.031073544601602003e-13,2.280148004721174735e-14
4.570000000000000173e-01,1.399176657662187921e-05,2.905645710783892998e-08,4.123620137231344487e-06,3.571883642584518335e-08,3.637970029045572765e-07,9.439571736889445765e-06,2.239437734057252989e-13,8.630167641875427467e-16,1.057530346636423357e-12,1.305460666780913639e-15,2.510526810585849104e-14,2.180893950800335581e-13,6.414187090351743421e-13,2.149834591048244917e-13,2.282341737743306958e-14
4.575000000000000178e-01,1.417945196815807729e-05,2.952132311163167369e-08,4.084800960549776407e-06,3.650772425676605023e-08,3.858487612239332067e-07,9.642770657594407907e-06,2.239780319686519265e-13,7.557433377469600262e-16,1.143739886675641684e-12,1.200702195316871586e-15,2.512741806742094424e-14,2.306323008381098703e-13,6.656354014030927439e-13,2.275131754289358820e-13,2.283890092691522042e-14
4.580000000000000182e-01,1.428898329879877334e-05,2.998550184411027104e-08,4.045368929653878623e-06,3.729720194884607684e-08,4.083302984958099680e-07,9.767998678265223784e-06,2.261215839669664356e-13,6.688055262179291873e-16,1.236778283178673708e-12,1.109811138015594729e-15,2.515037848697844672e-14,2.437997661762710934e-13,6.914323531575664587e-13,2.406746691900381164e-13,2.285525308327470304e-14
4.585000000000000187e-01,1.431992254074485274e-05,3.044264284694056944e-08,4.005321932706027315e-06,3.808648600210882463e-08,4.313277679657537051e-07,9.814740862290431949e-06,2.304630427983278465e-13,5.992896212981885453e-16,1.338068381023324893e-12,1.031480913373595396e-15,2.517328608820587312e-14,2.575643192351653441e-13,7.187231670246082775e-13,2.544392080953542402e-13,2.287141380075362006e-14
4.590000000000000191e-01,1.427314440733053388e-05,3.088938756373234280e-08,3.964665537490834578e-06,3.887481359408030759e-08,4.549339348107681197e-07,9.783777710120282982e-06,2.370529671270842417e-13,5.484146344948107398e-16,1.449150384329536630e-12,9.686771404479610912e-16,2.518661549061209597e-14,2.719074754537881397e-13,7.472730644842605397e-13,2.687853611688391090e-13,2.287787417842675298e-14
4.595000000000000195e-01,1.415075236530083307e-05,3.132655276982380564e-08,3.923417653679315314e-06,3.966157965400545063e-08,4.792076228784865800e-07,9.677135742269693083e-06,2.459371973836618108e-13,5.209174419422421675e-16,1.571286180747129601e-12,9.276975886180508924e-16,2.517508959985673684e-14,2.868326216039641542e-13,7.767973072887683463e-13,2.837129083403269803e-13,2.285958942099230939e-14
4.600000000000000200e-01,1.395596960781884565e-05,3.175831604316106712e-08,3.881608792001532229e-06,4.044642054285841828e-08,5.041441523209270591e-07,9.498008506537538643e-06,2.571928038292737512e-13,5.221981802170849735e-16,1.705103046512097242e-12,9.150970107576841023e-16,2.512280685526276785e-14,3.023718721290574111e-13,8.070930591231643942e-13,2.992509136088998649e-13,2.280103116050601822e-14
4.605000000000000204e-01,1.369301698071278097e-05,3.218976662963366680e-08,3.839277855707287393e-06,4.122921399309788604e-08,5.296689336812838972e-07,9.250647567953352804e-06,2.709556056550928310e-13,5.546317639099601653e-16,1.850398588563838141e-12,9.339036106214654006e-16,2.501890428871435903e-14,3.185829282530612465e-13,8.381562733561373705e-13,3.154555649473921262e-13,2.269172593260798281e-14
4.610000000000000209e-01,1.336699091702092687e-05,3.262398903939250597e-08,3.796465056528513268e-06,4.200999549158590610e-08,5.556576432995212399e-07,8.940230351884836935e-06,2.874298365223780594e-13,6.149027582295999872e-16,2.006192449229454358e-12,9.809701018574329794e-16,2.486179403481766950e-14,3.355350207387173367e-13,8.702352056633433502e-13,3.323965338490544903e-13,2.253036326727992451e-14
4.615000000000000213e-01,1.298375095545027865e-05,3.306012921088000030e-08,3.753204580879712334e-06,4.278882170258094044e-08,5.819759844680211904e-07,8.572717305334848730e-06,3.068750804992779967e-13,6.938409458273195281e-16,2.171038552015767640e-12,1.046900980942089970e-15,2.466042312794209886e-14,3.532870648494403999e-13,9.037915394039650026e-13,3.501348685904795284e-13,2.232596921508038998e-14
4.620000000000000218e-01,1.254981938883255983e-05,3.349349905415088692e-08,3.709519661010697895e-06,4.356563038426600148e-08,6.085241173688147725e-07,8.154712079556176570e-06,3.295719641453479657e-13,7.791700373246908405e-16,2.343523385505121910e-12,1.118928365804508473e-15,2.443199551307861984e-14,3.718647725469130165e-13,9.393733250580314514e-13,3.686992965269426861e-13,2.209561303363183156e-14
4.625000000000000222e-01,1.207228763488843703e-05,3.391785789317052463e-08,3.665421742490696326e-06,4.434014659327995401e-08,6.352686821340305564e-07,7.693334522346381599e-06,3.557745417422272267e-13,8.602721139866654584e-16,2.522800060673496501e-12,1.185808053232235079e-15,2.419682743257729264e-14,3.912451241159407612e-13,9.774392720955401717e-13,3.880696525792743895e-13,2.185931969324630032e-14
4.630000000000000226e-01,1.155871831285236874e-05,3.432897016052566034e-08,3.620913876100290680e-06,4.511186696706965644e-08,6.622499291276497161e-07,7.196108690350696615e-06,3.856619664079038500e-13,9.330703299050230537e-16,2.708974605561198819e-12,1.242822301872200360e-15,2.397204615259856798e-14,4.113552830599462833e-13,1.018197576727749934e-12,4.081748926342153087e-13,2.163387317030277750e-14
4.635000000000000231e-01,1.101703129337726217e-05,3.472785200920577657e-08,3.575996909506638202e-06,4.588012466470322679e-08,6.895610704233819597e-07,6.670860044267703341e-06,4.193033768977412177e-13,1.002884014549000238e-15,2.903189373570766313e-12,1.294739975693617406e-15,2.376630482341657747e-14,4.320887449809195849e-13,1.061523783516553705e-12,4.289087779876893698e-13,2.142764280061184518e-14
4.640000000000000235e-01,1.045536683382899639e-05,3.512211917376146044e-08,3.530676098196960824e-06,4.664420837348032245e-08,7.173077849947986561e-07,6.125611001356969167e-06,4.566472571628139093e-13,1.083758189465101438e-15,3.107337373355563796e-12,1.355237579766314108e-15,2.357738698221107542e-14,4.533354308020166740e-13,1.106998258648406583e-12,4.501600564805108661e-13,2.123826651030702557e-14
4.645000000000000240e-01,9.881927677882661393e-06,3.552457171033841391e-08,3.484965731747890259e-06,4.740349056526606263e-08,7.455635275698477115e-07,5.568464387272324283e-06,4.975402662639158099e-13,1.194094365670562186e-15,3.323466267929394263e-12,1.442606777295174608e-15,2.339359753785670376e-14,4.750166535680897319e-13,1.154061463489791546e-12,4.718479784092127738e-13,2.105406390770612943e-14
4.650000000000000244e-01,9.304811285739108674e-06,3.594931161715289354e-08,3.438890245544992744e-06,4.815751931405170167e-08,7.743378164024824247e-07,5.007470057755674548e-06,5.417722189391842348e-13,1.349907134776315337e-15,3.553049871729663920e-12,1.573064765641844543e-15,2.319851571554145964e-14,4.971126955165207661e-13,1.202239086495315852e-12,4.939506391896772480e-13,2.085875448383377166e-14
4.655000000000000249e-01,8.731849340924517644e-06,3.640679342260675351e-08,3.392481681851869146e-06,4.890604400464497858e-08,8.035694108470679062e-07,4.450478690818871204e-06,5.891358217193042152e-13,1.558106758806391309e-15,3.796372875591930883e-12,1.754054253087697034e-15,2.297748556686453998e-14,5.196717412884370611e-13,1.251356892678774910e-12,5.165146023871604663e-13,2.063787777870402894e-14
4.660000000000000253e-01,8.170471691898664547e-06,3.689976779315782830e-08,3.345774719131863224e-06,4.964897128192782005e-08,8.331463790929714080e-07,3.904994731858939198e-06,6.394843991608835639e-13,1.812410290558499861e-15,4.052259704513030143e-12,1.980122788520615035e-15,2.272357483035848531e-14,5.427943291654873158e-13,1.301660847186257112e-12,5.396397391306502228e-13,2.038467845571288574e-14
4.665000000000000258e-01,7.627605622015195660e-06,3.742182726243552020e-08,3.298801290936350765e-06,5.038627320876720103e-08,8.629445082831190861e-07,3.378044180582604780e-06,6.927700730142378577e-13,2.093686445646843220e-15,4.318277078354300567e-12,2.233181925889581266e-15,2.244088608094749295e-14,5.665958310914212833e-13,1.353786098890860861e-12,5.634417119496733148e-13,2.010336912298410942e-14
4.670000000000000262e-01,7.109611075188358233e-06,3.795927888157057530e-08,3.251586794414603654e-06,5.111788510990685398e-08,8.928685571351016829e-07,2.876070584669950862e-06,7.490493587715806873e-13,2.374999548719447042e-15,4.591380671541532168e-12,2.487419893360451726e-15,2.214401556606140255e-14,5.911579574580448881e-13,1.408571050363591242e-12,5.880031719805740067e-13,1.980858031876432478e-14
4.675000000000000266e-01,6.622242207268747669e-06,3.849574771973252260e-08,3.204149108579665093e-06,5.184363073669251167e-08,9.228802264677897628e-07,2.404865073189777184e-06,8.084520277041971199e-13,2.629886708262760678e-15,4.868812834152472917e-12,2.717423623222653808e-15,2.185381147841080317e-14,6.164857048563297904e-13,1.466771992040086164e-12,6.133302656282818882e-13,1.952114418840891090e-14
4.680000000000000271e-01,6.170619509540027749e-06,3.901780841082392717e-08,3.156500460966401227e-06,5.256319825770476727e-08,9.530025530645928998e-07,1.969526611574433627e-06,8.711199985851681750e-13,2.841122385996751264e-15,5.148951062233964896e-12,2.906794548492194158e-15,2.159090567980464058e-14,6.424861087115564146e-13,1.528777406464288844e-12,6.393310080627065744e-13,1.926166575979581247e-14
4.684999999999999720e-01,5.759197273965761147e-06,3.951951849380192861e-08,3.108651089439228842e-06,5.327616878372374670e-08,9.833002167657735956e-07,1.574440935839680343e-06,9.371327523278989343e-13,3.006888896778510614e-15,5.431800565310043471e-12,3.054207406177154866e-15,2.136930634414505701e-14,6.689790149604404304e-13,1.594430805788486496e-12,6.658258666973154030e-13,1.904414497928034601e-14
4.689999999999999725e-01,5.391718142498489410e-06,4.000417106359482703e-08,3.060613066283960741e-06,5.398207889615187001e-08,1.013844920334158771e-06,1.223264082799359968e-06,1.006441154936741687e-12,3.142037113553905745e-15,5.718929555866070757e-12,3.174619178079933512e-15,2.119234408953191044e-14,6.957394702234242694e-13,1.663039984406351722e-12,6.925901713744976476e-13,1.887192557058692649e-14
4.694999999999999729e-01,5.071157011043992197e-06,4.048271136669759927e-08,3.012402773320918710e-06,5.468048792168716585e-08,1.044680613831823420e-06,9.189001110182142608e-07,1.078830569632760126e-12,3.273746329931607207e-15,6.012832502561117346e-12,3.294946415371139612e-15,2.105244693165911540e-14,7.225597313948418791e-13,1.733586996374012963e-12,7.194162675898568200e-13,1.873744518092046192e-14
4.699999999999999734e-01,4.799666211451919511e-06,4.096959694560913207e-08,2.964041233370115159e-06,5.537102299972215734e-08,1.075802698721480832e-06,6.634708425740147283e-07,1.153926540799786771e-12,3.432817635347666057e-15,6.315911628536992819e-12,3.445439521882857469e-15,2.093486065761108722e-14,7.493105257435817182e-13,1.805078333650902093e-12,7.461749134324603973e-13,1.862591839040037199e-14
4.704999999999999738e-01,4.578538541963293537e-06,4.147786003172991140e-08,2.915552474498409280e-06,5.605338820186675513e-08,1.107158901202679585e-06,4.582845849803846829e-07,1.231244042353284961e-12,3.643386407739579109e-15,6.629416230330195640e-12,3.649521283606867651e-15,2.082401030725809824e-14,7.759794748001945748e-13,1.876916155955182860e-12,7.728537304690940608e-13,1.852167164444754254e-14
4.709999999999999742e-01,4.408202284212775332e-06,4.201534546611250007e-08,2.866960907755330195e-06,5.672734152227575917e-08,1.138670094234433244e-06,3.038167339168193409e-07,1.310267865099264227e-12,3.914466080036160397e-15,6.952714645274841444e-12,3.915476077762034932e-15,2.071022442372013382e-14,8.026708002027662920e-13,1.949152651724533389e-12,7.995568058997954900e-13,1.841487185722808226e-14
4.714999999999999747e-01,4.288253735604488958e-06,4.258347132846033803e-08,2.818289012844364934e-06,5.739265748040590264e-08,1.170260997063060242e-06,1.997151972554851599e-07,1.390541368960703089e-12,4.236206272338898572e-15,7.283175295565286609e-12,4.232845484162023990e-15,2.059437376903549795e-14,8.295630008150797300e-13,2.022521207105979502e-12,8.264622073081917565e-13,1.830620663707115306e-14
4.719999999999999751e-01,4.217521551011303440e-06,4.317868236604071907e-08,2.769556352462870241e-06,5.804909744404969082e-08,1.201886887156945737e-06,1.448375864634445976e-07,1.471737047779641108e-12,4.582232688768146188e-15,7.616729798540221185e-12,4.574873534830904787e-15,2.048868567020395331e-14,8.568360750253398463e-13,2.098212362838869758e-12,8.537491104844564642e-13,1.820776522904306016e-14
4.724999999999999756e-01,4.194148060905396544e-06,4.379556720748859006e-08,2.720780232886408686e-06,5.869640322825335417e-08,1.233544727853822831e-06,1.373176351492737399e-07,1.553686749554375386e-12,4.917441712941363512e-15,7.948951409687081025e-12,4.906356914708874115e-15,2.041334622482727828e-14,8.845918067166124651e-13,2.177455160294711776e-12,8.815181711257086798e-13,1.813970589087708694e-14
4.729999999999999760e-01,4.215669627196263648e-06,4.442992487159099705e-08,2.671977529504457365e-06,5.933431567870353055e-08,1.265264348759630620e-06,1.746494632420122450e-07,1.636361009438478825e-12,5.208818347094950696e-15,8.276291421839278339e-12,5.194459705569559601e-15,2.039002364503983125e-14,9.127950345082192645e-13,2.261042197267696708e-12,9.097330917732212717e-13,1.812381290511595311e-14
4.734999999999999765e-01,4.279082407744771145e-06,4.508019901337159752e-08,2.623166660446746680e-06,5.996260567024053704e-08,1.297084310093955312e-06,2.537740377729396485e-07,1.719802429954789038e-12,5.435832492093338025e-15,8.597045750973653353e-12,5.419048406950932556e-15,2.043459523138999071e-14,9.412584822758205865e-13,2.348969290594778555e-12,9.382058822326151836e-13,1.817620544461843312e-14
4.739999999999999769e-01,4.380889846466971454e-06,4.574658561609690118e-08,2.574368648661880077e-06,6.058109720081827636e-08,1.329023908828627147e-06,3.711544637465861437e-07,1.804032592877864485e-12,5.597076737797382438e-15,8.911703959506758852e-12,5.579221505396715479e-15,2.055171688139267867e-14,9.696798437640015613e-13,2.440332377963346394e-12,9.666343368717274175e-13,1.830183676217869084e-14
4.744999999999999774e-01,4.517139526319078095e-06,4.642835246705606181e-08,2.525606667979386664e-06,6.118966492649386848e-08,1.361064477460552328e-06,5.228346754087291794e-07,1.888960895996115625e-12,5.710996050482214728e-15,9.222539942088081227e-12,5.693904917525174909e-15,2.073328925472235473e-14,9.977217909282578597e-13,2.533540974173383514e-12,9.946822077900935944e-13,1.849285937570304134e-14
4.749999999999999778e-01,4.683464750635847685e-06,4.712091083718407826e-08,2.476904207111556005e-06,6.178820061523225128e-08,1.393148950967441388e-06,7.044862489314620935e-07,1.974323900912950359e-12,5.810432252431495338e-15,9.532567117040854816e-12,5.796264479479398366e-15,2.096153140401731694e-14,1.025109637437555188e-12,2.626795804701470110e-12,1.022076680331097584e-12,1.873160345861248940e-14
4.754999999999999782e-01,4.875146809742334587e-06,4.781446483168351535e-08,2.428282670136369903e-06,6.237655915018805213e-08,1.425200446401293353e-06,9.114558941896198314e-07,2.059674909293222568e-12,5.932656803463019138e-15,9.844208321361875850e-12,5.923639535277269852e-15,2.121572781918297924e-14,1.051713423725878442e-12,2.718677305230478633e-12,1.048689925175764576e-12,1.899727176938408110e-14
4.759999999999999787e-01,5.087206798964975153e-06,4.849545772374983154e-08,2.379759552277121108e-06,6.295450733237286507e-08,1.457151899906060240e-06,1.138828065390528414e-06,2.144428155529113235e-12,6.107975069038091810e-15,1.015813941379703236e-11,6.106106351233266487e-15,2.148034553280053163e-14,1.077584582529330902e-12,2.808639450608311895e-12,1.074575041995055367e-12,1.927407101146048470e-14
4.764999999999999791e-01,5.314523867207567936e-06,4.915076571064926312e-08,2.331348135918673974e-06,6.352170149729625142e-08,1.488973464661392486e-06,1.381511944647960245e-06,2.227944997418334527e-12,6.350420187849667252e-15,1.047271432015804920e-11,6.357202264774861095e-15,2.175162159480855405e-14,1.102931586655809208e-12,2.897222516320310116e-12,1.099941053017642173e-12,1.955787885848438443e-14
4.769999999999999796e-01,5.551964923117598961e-06,4.977320296726068131e-08,2.283059019339402607e-06,6.407771070415567455e-08,1.520684810233078334e-06,1.634351791833558035e-06,2.309636245374041798e-12,6.653396128380030257e-15,1.078418301500787704e-11,6.669664636748775595e-15,2.204013855489252351e-14,1.128039624523419459e-12,2.985886865444769159e-12,1.125072253883479748e-12,1.985893804153315942e-14
4.774999999999999800e-01,5.794504298450689595e-06,5.036602953032975205e-08,2.234902987245339193e-06,6.462208410108731558e-08,1.552345632127598192e-06,1.892248652303341504e-06,2.389049606782986414e-12,6.991599553428217853e-15,1.108764000767114234e-11,7.017489682513757758e-15,2.236822830645328030e-14,1.153159384854783995e-12,3.076500136003976963e-12,1.150217163914251351e-12,2.019937560371932502e-14
4.779999999999999805e-01,6.037313792731102769e-06,5.094423704837688608e-08,2.186894103971124622e-06,6.515444134495770206e-08,1.584027049619508429e-06,2.150274533860371416e-06,2.465915866590872300e-12,7.328631061708495163e-15,1.137838527920340840e-11,7.363683690576358248e-15,2.276284186579258529e-14,1.178402280081407669e-12,3.170637648128342472e-12,1.175484391218149251e-12,2.060614243580829327e-14
4.784999999999999809e-01,6.275813545596081246e-06,5.153147311479915147e-08,2.139051734021756488e-06,6.567455218678317945e-08,1.615775168155169211e-06,2.403760691701761282e-06,2.540140419879560927e-12,7.627985631037439973e-15,1.165323286099675560e-11,7.671355789851824359e-15,2.324618002642807588e-14,1.203679125326472472e-12,3.268934012296113490e-12,1.200782231751983455e-12,2.110164167585857250e-14
4.789999999999999813e-01,6.505688482621626220e-06,5.215316266736865239e-08,2.091400560431701690e-06,6.618237164192487111e-08,1.647582166767220430e-06,2.648349811498442967e-06,2.611743925853300396e-12,7.864102895394545234e-15,1.191131700370214706e-11,7.914802770850845888e-15,2.382730674147017170e-14,1.228705888266592834e-12,3.370721368301292264e-12,1.225825300055287564e-12,2.169526794058883259e-14
4.794999999999999818e-01,6.722887853965133398e-06,5.282801457671410772e-08,2.043968442674173340e-06,6.667801150811486541e-08,1.679377926098801458e-06,2.880014583834510433e-06,2.680771621435094126e-12,8.030150423246299552e-15,1.215411786406898703e-11,8.087250347024760367e-15,2.449780293761159826e-14,1.253077748803867008e-12,3.474102331287359485e-12,1.250209107782761505e-12,2.237894195139715271e-14
4.799999999999999822e-01,6.923631220630779762e-06,5.356097003045370246e-08,1.996782824460381509e-06,6.716165249916624119e-08,1.711047204531722108e-06,3.095057246127547853e-06,2.747200161394938340e-12,8.140196897049019449e-15,1.238469794769086833e-11,8.202924492150729430e-15,2.523326716525850146e-14,1.276388857260242107e-12,3.576459889111030598e-12,1.273529773230156201e-12,2.312849052023448926e-14
4.804999999999999827e-01,7.104440407947004695e-06,5.434034482877894984e-08,1.949867014113718141e-06,6.763342496805537067e-08,1.742466881471202179e-06,3.290110989733635994e-06,2.810870849184111739e-12,8.225107186583964627e-15,1.260641294834170915e-11,8.292822397003306832e-15,2.600051370607594421e-14,1.298358216012563816e-12,3.675251109189045164e-12,1.295509281177957324e-12,2.391076631327323169e-14
4.809999999999999831e-01,7.262204628643632344e-06,5.514049578378624618e-08,1.903237762113378559e-06,6.809330053830609013e-08,1.773549134756361860e-06,3.462161770437245702e-06,2.871468996362921895e-12,8.323361224519352769e-15,1.282154098375420193e-11,8.395430724909322703e-15,2.676830450468072976e-14,1.318918308273152744e-12,3.768821677394191330e-12,1.316083120376610654e-12,2.469437129467005373e-14
4.814999999999999836e-01,7.394269933017735777e-06,5.592932092058274391e-08,1.856905101253297513e-06,6.854103569115574973e-08,1.804273273484975236e-06,3.608598642211712078e-06,2.928554087409290047e-12,8.469514864104334185e-15,1.303030013130499075e-11,8.545146993137765419e-15,2.751807712419836643e-14,1.338234333045985128e-12,3.856955775760797491e-12,1.335418500800488206e-12,2.546044720838568717e-14
4.819999999999999840e-01,7.498530841461929245e-06,5.667806825197409874e-08,1.810874568780285231e-06,6.897619115514988646e-08,1.834692789826957822e-06,3.727286287871727978e-06,2.981629474999948088e-12,8.683739214659938154e-15,1.323058767518614466e-11,8.761855918518671366e-15,2.825090968206279537e-14,1.356644811843108849e-12,3.940953343669868692e-12,1.353854275129316417e-12,2.620974892861102633e-14
4.824999999999999845e-01,7.573497026630251388e-06,5.737001352586480572e-08,1.765151025847611219e-06,6.939822379674956300e-08,1.864913657728165868e-06,3.816640813513250873e-06,3.030228659711947900e-12,8.965580617359473424e-15,1.341852439076238798e-11,9.044789475072135107e-15,2.898803676985475786e-14,1.374541304100342234e-12,4.023182029822554440e-12,1.371780544516555451e-12,2.696327340129131817e-14
4.829999999999999849e-01,7.618313595432743893e-06,5.800495698492109147e-08,1.719742680025723596e-06,6.980662071469919886e-08,1.895051287117097728e-06,3.875684422844001033e-06,3.073991385820379377e-12,9.293853255000910688e-15,1.358961127237798066e-11,9.372544574159108008e-15,2.976430003273705832e-14,1.392226698103688576e-12,4.106233007946515813e-12,1.389497453351045409e-12,2.775578643431733119e-14
4.834999999999999853e-01,7.632727962714477580e-06,5.859805039291698066e-08,1.674663837292108031e-06,7.020102873359054270e-08,1.925182272151947408e-06,3.904058833897324346e-06,3.112707642460208153e-12,9.632760322190345571e-15,1.374009985862010440e-11,9.709305190354581213e-15,3.061632594686995159e-14,1.409800256173105178e-12,4.191955258185650021e-12,1.407101170751191432e-12,2.862401392152467757e-14
4.839999999999999858e-01,7.617013999011440602e-06,5.917359449631622968e-08,1.629935388410713036e-06,7.058133301303369842e-08,1.955309573738958786e-06,3.901989881556603250e-06,3.146319126541274333e-12,9.942465776845955018e-15,1.386811056994141119e-11,1.001544918555781856e-14,3.156916053991120691e-14,1.427109830955191566e-12,4.280698845075191067e-12,1.424437142995354912e-12,2.959322589589526622e-14
4.844999999999999862e-01,7.571878122672760498e-06,5.975630691390991162e-08,1.585582882006415705e-06,7.094765616375336314e-08,1.985354930315770776e-06,3.870211858553003507e-06,3.174881660686759966e-12,1.019096493428012906e-14,1.397412666562664421e-11,1.025936989941085197e-14,3.262586174088074671e-14,1.443789645799916779e-12,4.371040354468838133e-12,1.441138647882197190e-12,3.066673671252435414e-14
4.849999999999999867e-01,7.498376684530806520e-06,6.036341840815319204e-08,1.541632924917651977e-06,7.130027767474089589e-08,2.015181916892445598e-06,3.809873424827092827e-06,3.198503762204878985e-12,1.036365397787481145e-14,1.406070951500563660e-11,1.042692577934925994e-14,3.376382078979000001e-14,1.459373011029159369e-12,4.460108142433618396e-12,1.456739762602642668e-12,3.182212956160257283e-14
4.854999999999999871e-01,7.397867386581827775e-06,6.100048069934478328e-08,1.498109242716004748e-06,7.163950206964392740e-08,2.044641223783255191e-06,3.722452010844813849e-06,3.217282385699822306e-12,1.046763726262999238e-14,1.413154675416535849e-11,1.052559765047112284e-14,3.493951600226307089e-14,1.473443234765316339e-12,4.544421757960625805e-12,1.470825936166190429e-12,3.301594474402733268e-14
4.859999999999999876e-01,7.272002092657774837e-06,6.166216822574750257e-08,1.455029814487109788e-06,7.196552238988640408e-08,2.073621075644224293e-06,3.609698409159177802e-06,3.231255407711013492e-12,1.052937436631223240e-14,1.419016698601690210e-11,1.058200940730870977e-14,3.610062455467279711e-14,1.485771925123633350e-12,4.620978017074730082e-12,1.483171506027693283e-12,3.419577911637142111e-14
4.864999999999999880e-01,7.122750265906279640e-06,6.233729062171202294e-08,1.412406052096400136e-06,7.227832668131646854e-08,2.102083680403349303e-06,3.473619664790198993e-06,3.240382849089270512e-12,1.058630352477108620e-14,1.423875873649269140e-11,1.063349594230349403e-14,3.720183958924754693e-14,1.496397034455352407e-12,4.688220095991324876e-12,1.493816803285480574e-12,3.531614395127850656e-14
4.869999999999999885e-01,6.952428581648429073e-06,6.301554793127754498e-08,1.370244211195806061e-06,7.257767894712238343e-08,2.130073989177514104e-06,3.316491781167375479e-06,3.244558281992242813e-12,1.067496702916738308e-14,1.427748537637502271e-11,1.071626673178722343e-14,3.821925408551066241e-14,1.505612657919081043e-12,4.746552415289136283e-12,1.503057191003707713e-12,3.635292237882443812e-14
4.874999999999999889e-01,6.763708460750211913e-06,6.369294109199731814e-08,1.328548406222171140e-06,7.286317880293586198e-08,2.157697729017516878e-06,3.140880735892436419e-06,3.243642216772124286e-12,1.081930997008196530e-14,1.430451144694294082e-11,1.085382606229327369e-14,3.915835095096666621e-14,1.513872310146588977e-12,4.798208249808564444e-12,1.511346009104729474e-12,3.731143477698887814e-14
4.879999999999999893e-01,6.559580872105472455e-06,6.437343875358101064e-08,1.287324060192388472e-06,7.313437609996755539e-08,2.185077431311078383e-06,2.949646023909697581e-06,3.237503689366170753e-12,1.102283914849719790e-14,1.431671247335879138e-11,1.104929639540619923e-14,4.005251631711249628e-14,1.521637093375669173e-12,4.846492929371528725e-12,1.519142921626091032e-12,3.822500028212554711e-14
4.884999999999999898e-01,6.343273744298152578e-06,6.506619996668526046e-08,1.246580539366857255e-06,7.339089835132583988e-08,2.212303420397699858e-06,2.745907096079844452e-06,3.226056182426645140e-12,1.126717192508019331e-14,1.431081361372147208e-11,1.128411877391836073e-14,4.095202739101412274e-14,1.529219589418023213e-12,4.894640711442891693e-12,1.526758395248666619e-12,3.914393047316394295e-14
4.889999999999999902e-01,6.118135349485902284e-06,6.577964504611618610e-08,1.206332105831809743e-06,7.363254631769537948e-08,2.239398287204977243e-06,2.532967150585852655e-06,3.209278698558341615e-12,1.151750953845254654e-14,1.428456762645837983e-11,1.152361345383026884e-14,4.190668921612834120e-14,1.536676588017138860e-12,4.944663411730615005e-12,1.534247183010289053e-12,4.011813277516444245e-14
4.894999999999999907e-01,5.887509932396086147e-06,6.651511595788828229e-08,1.166596995276174651e-06,7.385932682018959090e-08,2.266307761918255183e-06,2.314205118276056025e-06,3.187219875473241976e-12,1.173335614994418742e-14,1.423758148527102376e-11,1.172769342688257912e-14,4.294761985349392208e-14,1.543787854412738966e-12,4.996583057005865818e-12,1.541387739015860237e-12,4.117884180063949607e-14
4.899999999999999911e-01,5.654634583394854381e-06,6.726315838288580093e-08,1.127395120834618703e-06,7.407141593853800781e-08,2.292920454983790202e-06,2.092958845386356094e-06,3.159989478377594776e-12,1.188108872324100839e-14,1.417152925378507213e-11,1.186333977821394086e-14,4.407427095164755613e-14,1.550129254237675713e-12,5.048320716849817349e-12,1.547755670544897095e-12,4.232559062651100215e-14
4.904999999999999916e-01,5.422577919015420681e-06,6.800445333813833863e-08,1.088745355863929498e-06,7.426907080816117991e-08,2.319107845782400029e-06,1.872425658763914204e-06,3.127744995509373999e-12,1.194434054103835103e-14,1.408969943526545045e-11,1.191483562395150856e-14,4.525132778483477746e-14,1.555216453731765033e-12,5.096297033488699812e-12,1.552867370058251289e-12,4.352308623943375570e-14
4.909999999999999920e-01,5.194225012584987062e-06,6.871552568767320301e-08,1.050663408377325425e-06,7.445252496350599162e-08,2.344768506780719034e-06,1.655599593530326039e-06,3.090680457305992154e-12,1.192883185816304102e-14,1.399604539335670257e-11,1.188844306083619868e-14,4.641704354010410908e-14,1.558671082670546063e-12,5.136558844983385681e-12,1.556345789211881296e-12,4.470955089055248344e-14
4.914999999999999925e-01,4.972295707902514889e-06,6.937733234412750306e-08,1.013160977856018589e-06,7.462190495216175389e-08,2.369859630385994451e-06,1.445250517825242942e-06,3.049020809521350818e-12,1.186007230527210479e-14,1.389406469518020654e-11,1.180999695032283775e-14,4.750079172282382128e-14,1.560353116240136812e-12,5.166062889556208588e-12,1.558052292273348434e-12,4.581430499122984566e-14
4.919999999999999929e-01,4.759371826812245927e-06,6.998351483692645167e-08,9.762463369117526372e-07,7.477719474196586624e-08,2.394404615405456261e-06,1.243934955063370052e-06,3.003020312309807872e-12,1.177469617582042255e-14,1.378587813291757527e-11,1.171620700201369927e-14,4.844441367970892331e-14,1.560414241392655654e-12,5.183686057941287129e-12,1.558139562327711579e-12,4.677914998969873765e-14
4.924999999999999933e-01,4.557907336741235514e-06,7.054503859856236319e-08,9.399259354670577236e-07,7.491825453830490078e-08,2.418475290903069420e-06,1.054017765448964682e-06,2.952959976227217310e-12,1.170829938642974479e-14,1.367180130959421338e-11,1.164253909955294800e-14,4.922041013869144010e-14,1.559253513017088709e-12,5.190615630773069037e-12,1.557007018503913507e-12,4.757658058606890691e-14
4.929999999999999938e-01,4.370204607264997202e-06,7.108917939320791058e-08,9.042062923102538923e-07,7.504488024066761303e-08,2.442157273250203798e-06,8.776821085065337280e-07,2.899138727752305936e-12,1.168381159641646892e-14,1.355053111236123748e-11,1.161168490104181555e-14,4.984077265395600198e-14,1.557389706835623197e-12,5.189976504319648295e-12,1.555173197655763031e-12,4.821861110959282254e-14
4.934999999999999942e-01,4.198355558634940392e-06,7.165287812509564299e-08,8.690954254455445127e-07,7.515687667930805183e-08,2.465513037568711591e-06,7.169126624491587552e-07,2.841856096504591145e-12,1.170425249312700634e-14,1.341986515647063839e-11,1.162642885665800426e-14,5.035312241818943564e-14,1.555293161107416940e-12,5.185808189657438355e-12,1.553107829029265618e-12,4.875288623989894215e-14
4.939999999999999947e-01,4.044162311443704170e-06,7.227256370504643330e-08,8.346033508825686245e-07,7.525411631657295640e-08,2.488557284577651309e-06,5.734505273372441520e-07,2.781389405079684014e-12,1.175223735004203674e-14,1.327770190166709018e-11,1.166923841407688262e-14,5.082493992289890478e-14,1.553233843795151454e-12,5.181725974439260880e-12,1.551080205783345137e-12,4.924687480698738220e-14
4.944999999999999951e-01,3.909061495372027202e-06,7.297383315870729795e-08,8.007416089132734304e-07,7.533656468378239627e-08,2.511253373133153736e-06,4.487318699484605623e-07,2.717973323374733359e-12,1.179631166158693480e-14,1.312298648884056371e-11,1.170863270069278220e-14,5.132068814132167181e-14,1.551197062709507739e-12,5.179712039122447638e-12,1.549075133200566924e-12,4.976496989741641009e-14
4.949999999999999956e-01,3.794075958130856478e-06,7.376439365833178851e-08,7.675221700108426736e-07,7.540426952453436521e-08,2.533530574353602924e-06,3.438305416144108921e-07,2.651791750872653890e-12,1.180188843872641410e-14,1.295629586771941442e-11,1.171010086984644403e-14,5.187919060052439953e-14,1.548895405361416542e-12,5.179444101214013499e-12,1.546804956557079560e-12,5.034587250240107459e-14
4.954999999999999960e-01,3.699807665583122350e-06,7.463243741087731255e-08,7.349562743278501852e-07,7.545732546592451453e-08,2.555313487041263448e-06,2.594243835075915285e-07,2.582989827269945546e-12,1.174302840148826471e-14,1.277988328050039053e-11,1.164782813064320970e-14,5.249880288046456148e-14,1.545872898667354895e-12,5.178392491357853987e-12,1.543813657877993987e-12,5.098780021925279164e-14
4.959999999999999964e-01,3.626470413366359177e-06,7.555065069063658563e-08,7.030537070879568403e-07,7.549583402085971814e-08,2.576550543000757973e-06,1.957961878054996182e-07,2.511707649507745004e-12,1.161107114320992250e-14,1.259718250250475386e-11,1.151326590636180838e-14,5.313556538507711014e-14,1.541666113896063386e-12,5.172659965317064017e-12,1.539637818119023805e-12,5.164669631965506064e-14
4.964999999999999969e-01,3.573946925757269120e-06,7.648413603924915313e-08,6.718227550238922894e-07,7.551987720259064812e-08,2.597229755680239807e-06,1.528671948108759469e-07,2.438128947420579060e-12,1.141726880211073112e-14,1.241194667289105854e-11,1.131772387439581431e-14,5.371535395201711332e-14,1.535967662362944524e-12,5.158288367907114965e-12,1.533969991053961881e-12,5.224843212268072891e-14
4.969999999999999973e-01,3.541847724151878960e-06,7.739938195251064759e-08,6.412707557163277267e-07,7.552951361316882701e-08,2.617375969053130662e-06,1.302491967286496242e-07,2.362530611395065205e-12,1.118868472823361357e-14,1.222730931636280738e-11,1.108826001698692925e-14,5.415640265482186072e-14,1.528736794529671621e-12,5.132597390366253390e-12,1.526769279168102069e-12,5.271135211064360452e-14
4.974999999999999978e-01,3.529551553627150360e-06,7.827143169470331127e-08,6.114048923347619724e-07,7.552479347433397691e-08,2.637032090186730591e-06,1.272957527552488847e-07,2.285315644966684847e-12,1.095895115475124229e-14,1.204507204677276136e-11,1.085845971573213016e-14,5.439501277483363538e-14,1.520219857525109291e-12,5.095107554937602923e-12,1.518281882743316616e-12,5.297196069895432788e-14
4.979999999999999982e-01,3.536217845508107915e-06,7.908747869630386994e-08,5.822328070139412204e-07,7.550577960545600772e-08,2.656233589951485509e-06,1.431359213819311231e-07,2.207014714799436287e-12,1.075721228366806427e-14,1.186544189736702823e-11,1.065741416626118644e-14,5.440601561184711593e-14,1.510874007179874090e-12,5.047737442005335528e-12,1.508964966141307724e-12,5.300532076271341280e-14
4.984999999999999987e-01,3.560775905335929046e-06,7.984672247014192925e-08,5.537627274009713113e-07,7.547255908616619205e-08,2.674988094321588361e-06,1.766838636045411275e-07,2.128249857868001691e-12,1.059911284889878869e-14,1.168729013411586886e-11,1.050073773505422938e-14,5.421110618067995683e-14,1.501220352221187284e-12,4.994207993068503983e-12,1.499339925561373219e-12,5.283330157629611756e-14
4.989999999999999991e-01,3.601907091182855541e-06,8.055774264173217490e-08,5.260030547837617955e-07,7.542523606637393639e-08,2.693269208481452906e-06,2.266302430963964719e-07,2.049665801015506059e-12,1.048286078124154476e-14,1.150883404501274377e-11,1.038663803323759072e-14,5.387205578190152787e-14,1.491676473987664969e-12,4.938852632845954729e-12,1.489824914559102370e-12,5.251771592004542035e-14
4.994999999999999996e-01,3.658040244748287795e-06,8.123530013874583856e-08,4.989616270627154196e-07,7.536390697174413814e-08,2.711027103320315803e-06,2.914310323399436447e-07,1.971845964230816075e-12,1.039151880006743647e-14,1.132850869800634106e-11,1.029819080687694864e-14,5.347078497243558655e-14,1.482424972402128722e-12,4.885231092082501427e-12,1.480603243017325607e-12,5.214035864905004356e-14
5.000000000000000000e-01,3.727375409773979887e-06,8.189813725197033573e-08,4.726450260198030974e-07,7.528862992713250963e-08,2.728210787171643437e-06,3.693118831124671464e-07,1.895237485053901795e-12,1.030045350113892240e-14,1.114573942725310125e-11,1.021075802243063255e-14,5.308268112351415718e-14,1.473362142248374484e-12,4.835009874601307368e-12,1.471571792973014856e-12,5.177634814942953764e-14
5.004999999999999449e-01,3.807938745725009213e-06,8.256826122613350666e-08,4.470582797891505123e-07,7.519940537092056890e-08,2.744791702636085886e-06,4.583004767074971341e-07,1.820109567896083399e-12,1.018709453982106072e-14,1.096136431292437165e-11,1.010171856143083025e-14,5.275188378535112841e-14,1.464143456308153902e-12,4.787481467907022937e-12,1.462386229623125200e-12,5.146948981445162030e-14
5.010000000000000009e-01,3.897657819293393954e-06,8.327093743265029601e-08,4.222051316147350480e-07,7.509618177224647046e-08,2.760777611698164040e-06,5.562876621710451775e-07,1.746561405384790067e-12,1.003945379623051925e-14,1.077757494160648980e-11,9.958976597471344810e-15,5.247671634457803312e-14,1.454309639270202339e-12,4.739878691098590532e-12,1.452586913569551608e-12,5.121781491851708409e-14
5.015000000000000568e-01,3.994437148226825157e-06,8.403384096994369981e-08,3.980887886112776688e-07,7.497889002370732451e-08,2.776209948633032057e-06,6.611057115881734064e-07,1.674581754030242574e-12,9.860445221389948057e-15,1.059740338877972595e-11,9.785294341810025672e-15,5.221015752482049154e-14,1.443449974998771204e-12,4.688373281053450719e-12,1.441762245289504683e-12,5.097415091764421525e-14
5.020000000000000018e-01,4.096213148770016160e-06,8.488394995910473138e-08,3.747128443873283061e-07,7.484749679184522472e-08,2.791145110567704138e-06,7.706041067254368648e-07,1.604146072411568031e-12,9.666676132386796718e-15,1.042393123186333392e-11,9.597113765334034843e-15,5.187529412101577885e-14,1.431347279802498754e-12,4.629419414150279386e-12,1.429693886559238323e-12,5.066162840182189546e-14
5.024999999999999467e-01,4.200976022921017613e-06,8.584181553714759711e-08,3.520819828223360638e-07,7.470205676167573728e-08,2.805627376514220224e-06,8.827034805054005851e-07,1.535324021920104531e-12,9.482425072605664211e-15,1.025948452850224476e-11,9.418567145177636533e-15,5.139072607186945468e-14,1.418055722876725589e-12,4.560990207221675751e-12,1.416434964065456769e-12,5.019907470123945449e-14
5.030000000000000027e-01,4.306760225452784031e-06,8.691437630821397539e-08,3.302021531592062549e-07,7.454274122569602633e-08,2.819665166031256717e-06,9.954168069779929329e-07,1.468364541944543021e-12,9.331222596478836244e-15,1.010507905317824667e-11,9.273076002681795294e-15,5.069757661545605266e-14,1.403885921904006814e-12,4.483295531433786906e-12,1.402295544695228378e-12,4.952794915624868383e-14
5.035000000000000586e-01,4.411619051839798444e-06,8.808879799661477723e-08,3.090801218848724777e-07,7.436982759051340457e-08,2.833221378775836100e-06,1.106840268960733670e-06,1.403729994677990739e-12,9.228201711977238086e-15,9.960293549746923315e-12,9.175695394955053492e-15,4.977921664410987632e-14,1.389303430917940610e-12,4.398747832599022297e-12,1.387741351834956678e-12,4.863195441664105089e-14
5.040000000000000036e-01,4.513606596607049107e-06,8.933024688181765111e-08,2.887225624146434693e-07,7.418364879698192066e-08,2.846222912757718042e-06,1.215128886357209872e-06,1.342064395171234173e-12,9.175945965673340386e-15,9.823604685557277621e-12,9.128934221113119661e-15,4.866723345936942122e-14,1.374776012707151032e-12,4.311197561123922299e-12,1.373241017526215663e-12,4.754289319172726139e-14
5.044999999999999485e-01,4.610788313834182006e-06,9.058571489797214167e-08,2.691350324049365589e-07,7.398451782282381122e-08,2.858586446291108073e-06,1.318478568761742584e-06,1.284099904445875764e-12,9.165143667223487881e-15,9.693063911862854576e-12,9.123374746733583877e-15,4.743174849178110154e-14,1.360622020831155792e-12,4.224704391135772691e-12,1.359114189873791108e-12,4.633091392951370294e-14
5.050000000000000044e-01,4.701290125907425400e-06,9.179417037859528817e-08,2.503212339772975157e-07,7.377265376352139494e-08,2.870250525831681601e-06,1.415133800177645057e-06,1.230524974434397823e-12,9.179520280257236166e-15,9.567084537510825906e-12,9.142583762848794123e-15,4.615937724805885861e-14,1.346911183654101535e-12,4.142262164493675517e-12,1.345431879902078424e-12,4.508246316497729612e-14
5.055000000000000604e-01,4.783379818782153688e-06,9.290103789347509647e-08,2.322828387024753506e-07,7.354813754049791613e-08,2.881200914775315698e-06,1.503429425415861826e-06,1.181850842417832227e-12,9.202965321924800677e-15,9.445073952872400954e-12,9.170248176949723959e-15,4.492618469791745750e-14,1.333450641884236478e-12,4.064904338500741781e-12,1.332002055567682376e-12,4.387329909833500746e-14
5.060000000000000053e-01,4.855559846620571880e-06,9.387316938807062021e-08,2.150199365890313257e-07,7.331091587987513755e-08,2.891478409810757597e-06,1.581860214206834580e-06,1.138316004839071665e-12,9.226062079498796729e-15,9.327701667663603159e-12,9.196747267351192730e-15,4.377456631421377857e-14,1.319859724277995963e-12,3.991481626684123976e-12,1.318444129157425049e-12,4.274547478862612290e-14
5.064999999999999503e-01,4.916643689641750330e-06,9.470980645862188987e-08,1.985319286532485618e-07,7.306085502583508556e-08,2.901165110912313909e-06,1.649159039938597619e-06,1.099859324631483903e-12,9.249596350052973714e-15,9.216719275574695358e-12,9.222725654932291945e-15,4.270157214152103249e-14,1.305706783741286713e-12,3.919172317581901498e-12,1.304325765443571015e-12,4.169577175933505255e-14
5.070000000000000062e-01,4.965791655809338995e-06,9.544588890444103922e-08,1.828185211904321709e-07,7.279782708641105432e-08,2.910353746940909021e-06,1.704358965715341401e-06,1.066173585931691550e-12,9.283880288002993536e-15,9.114400801305890869e-12,9.258478356980331194e-15,4.166229538722984966e-14,1.290660736842713821e-12,3.844538195704540608e-12,1.289314662275094672e-12,4.067916777069547231e-14
5.075000000000000622e-01,5.002495316128729014e-06,9.614621693601249659e-08,1.678804564379182621e-07,7.252179910083940930e-08,2.919111627216934102e-06,1.746818745274725681e-06,1.036827786571426826e-12,9.344367269548694767e-15,9.022799321064644109e-12,9.319596034940090096e-15,4.058690708124613714e-14,1.274605669776608367e-12,3.764759179766185744e-12,1.273293576230950940e-12,3.962589492808556373e-14
5.080000000000000071e-01,5.026517589961617264e-06,9.689171260016031691e-08,1.537197310605028815e-07,7.223289294815359438e-08,2.927453253365060262e-06,1.776203756041840572e-06,1.011425149784295985e-12,9.445418606950536500e-15,8.943075132862355670e-12,9.420712165926822818e-15,3.940544106131826528e-14,1.257680225455982583e-12,3.678627477115485946e-12,1.256400153990452827e-12,3.846618785045560422e-14
5.084999999999999520e-01,5.037810950707966637e-06,9.776141121517840335e-08,1.403392576375493143e-07,7.193139408281573199e-08,2.935332523315180967e-06,1.792430339010979694e-06,9.897513380157298080e-13,9.594699961931254062e-15,8.875122380151240213e-12,9.569828680618798057e-15,3.807200854655492631e-14,1.240229669346661641e-12,3.586972611402765825e-12,1.238979308539948997e-12,3.715441795477406584e-14
5.090000000000000080e-01,5.036443273699039695e-06,9.881503151615360341e-08,1.277421311668259766e-07,7.161770526139083553e-08,2.942657964982262803e-06,1.795594622925259813e-06,9.718679283651571217e-13,9.790332993569548392e-15,8.817615415675151685e-12,9.765364515017818555e-15,3.658051886031440688e-14,1.222688431957213389e-12,3.492388597909745112e-12,1.221465834469055205e-12,3.568472124020642394e-14
5.095000000000000639e-01,5.022556746638426942e-06,1.000806374729741068e-07,1.159307931974024556e-07,7.129226118299111316e-08,2.949325496250833588e-06,1.785911934838083207e-06,9.581203732490074541e-13,1.002178081981912442e-14,8.768450426233774322e-12,9.996939105961507509e-15,3.496700444231721699e-14,1.205434289849540387e-12,3.398373667682786039e-12,1.204238411842253097e-12,3.409325059447340286e-14
5.100000000000000089e-01,4.996371634488037882e-06,1.015501926835581968e-07,1.049063969100089406e-07,7.095543396364447419e-08,2.955256356263112121e-06,1.763687809574228284e-06,9.490538306505079903e-13,1.027397405786842766e-14,8.725422691249733844e-12,1.024943371025414564e-14,3.329821536546901507e-14,1.188664303375801188e-12,3.308189100374179823e-12,1.187495196016508797e-12,3.244674084935224561e-14
5.104999999999999538e-01,4.958228884187914661e-06,1.031833774905297459e-07,9.466857376993542449e-08,7.060746242884584603e-08,2.960425800230728021e-06,1.729328387236011609e-06,9.452575957133272975e-13,1.053296202677350082e-14,8.686902032993064464e-12,1.050864035959803222e-14,3.165068833592643142e-14,1.172334348230019484e-12,3.223831032923776540e-12,1.171192966587743899e-12,3.082159724885370567e-14
5.110000000000000098e-01,4.908650503403431446e-06,1.049177619694822074e-07,8.521563614685567724e-08,7.024842931656453758e-08,2.964871699971462214e-06,1.683381838906332692e-06,9.471812810464923056e-13,1.079085724270084289e-14,8.652274855468410472e-12,1.076627102003348116e-14,3.008748771519966676e-14,1.156181665629505953e-12,3.145460224120534885e-12,1.155069398826529091e-12,2.928069270636011929e-14
5.115000000000000657e-01,4.848390113139448787e-06,1.066820532403990105e-07,7.654509016127256887e-08,6.987829306923741563e-08,2.968679932602951612e-06,1.626589738485295309e-06,9.549763594975794979e-13,1.104819907319710979e-14,8.622007432815098687e-12,1.102243420370512382e-14,2.864030963132301541e-14,1.139821202495619428e-12,3.071469496540467087e-12,1.138739317829384999e-12,2.785554101212867532e-14
5.120000000000000107e-01,4.778450380452479143e-06,1.084090118881850918e-07,6.865423894242222796e-08,6.949696151240496577e-08,2.971952318206713015e-06,1.559922963872873444e-06,9.684114782472101350e-13,1.131292248462438346e-14,8.597320329656540304e-12,1.128472963711495653e-14,2.730255758961564458e-14,1.122881516146161675e-12,2.999146199254284588e-12,1.121830719459997522e-12,2.653942864529060144e-14
5.124999999999999556e-01,4.700057202338884835e-06,1.100456031531701795e-07,6.154065602869041328e-08,6.910438047599713615e-08,2.974769416407915292e-06,1.484582370362613260e-06,9.868899464713006393e-13,1.159644751578247959e-14,8.579599663113542359e-12,1.156443712667043067e-14,2.603513469044249322e-14,1.105133160564579893e-12,2.925685067827375758e-12,1.104113408638171377e-12,2.529323233160221336e-14
5.130000000000000115e-01,4.614597106759703135e-06,1.115594537900801215e-07,5.520238957827969828e-08,6.870060632158757380e-08,2.977162203882196100e-06,1.401957779899505505e-06,1.009568402870492415e-12,1.190848680633016794e-14,8.569759449446384448e-12,1.187136719613407746e-14,2.478242095226460264e-14,1.086565936554625013e-12,2.849194074961963252e-12,1.085576527295881511e-12,2.406138640209793470e-14
5.135000000000000675e-01,4.523537712917300661e-06,1.129420209842082650e-07,4.963787791168881311e-08,6.828583847632678234e-08,2.979102955662169502e-06,1.313554442642411942e-06,1.035545392952629930e-12,1.225260062831589895e-14,8.567780156789011122e-12,1.220939286425719956e-14,2.349266682625940832e-14,1.067389696685349544e-12,2.769348791035045826e-12,1.066429556478767822e-12,2.279224011745604402e-14
5.140000000000000124e-01,4.428356058257311964e-06,1.142095034203872547e-07,4.484566375779079849e-08,6.786040333929075288e-08,2.980518093867476486e-06,1.220907905966023516e-06,1.064066566429676358e-12,1.262417393373329239e-14,8.572579647159601131e-12,1.257434898689774916e-14,2.213587530326741961e-14,1.047960009334307010e-12,2.687481792358485311e-12,1.047028035524857397e-12,2.145589479816165588e-14
5.144999999999999574e-01,4.330494467806356545e-06,1.154022802133218992e-07,4.082404928520971912e-08,6.742469838184435804e-08,2.981317371037075648e-06,1.125511662717089429e-06,1.094686433547329375e-12,1.301151528730995880e-14,8.582250367238021801e-12,1.295502709992031710e-14,2.071345444112986078e-14,1.028655637741296104e-12,2.606094601121801996e-12,1.027750957499809003e-12,2.005382059142701982e-14
5.150000000000000133e-01,4.231350832379384570e-06,1.165828299849721114e-07,3.757082440323005063e-08,6.697911845393208837e-08,2.981427792761719333e-06,1.028775933658047875e-06,1.127337705887255663e-12,1.339957801395687134e-14,8.594565994187381150e-12,1.333679901039340363e-14,1.925697321291918178e-14,1.009750713921238486e-12,2.527979342307627357e-12,1.008872779903644516e-12,1.861759728605827577e-14
5.155000000000000693e-01,4.132295141578073167e-06,1.178312323725179029e-07,3.508314279905448929e-08,6.652399074120757319e-08,2.980819383699080450e-06,9.320231225495786399e-07,1.162285446731586133e-12,1.377484137213947140e-14,8.607568822727703731e-12,1.370643267900916315e-14,1.781712157433524428e-14,9.913254186002738050e-13,2.455266722416632578e-12,9.904739456038963072e-13,1.719788151149343659e-14
5.160000000000000142e-01,4.034693122157708987e-06,1.192370829460883721e-07,3.335754672857729626e-08,6.605953950229582429e-08,2.979513598877059000e-06,8.365111392201777642e-07,1.199977111523400248e-12,1.412951493329940542e-14,8.620027935234729134e-12,1.405627411978595440e-14,1.644715122118026254e-14,9.732448956860967998e-13,2.388733046450904240e-12,9.724197120278113852e-13,1.584786912765542360e-14
5.164999999999999591e-01,3.939915326143645006e-06,1.208872953151604726e-07,3.239008602159531855e-08,6.558588933502398708e-08,2.977572249330159578e-06,7.434656378296785409e-07,1.240831030891494818e-12,1.446355537953064939e-14,8.631613117985262835e-12,1.438627875947773638e-14,1.518662022295901312e-14,9.552121627308776628e-13,2.327599121803945161e-12,9.544130760034269592e-13,1.460706384402473565e-14
5.170000000000000151e-01,3.849316903659169242e-06,1.228507233366066519e-07,3.217645824504603952e-08,6.510310138704052819e-08,2.975072358998512509e-06,6.541001340467103436e-07,1.285025362045097896e-12,1.478385604860883384e-14,8.642738185786454719e-12,1.470323604130086416e-14,1.405075968129584566e-14,9.368753451247146846e-13,2.269875751018199141e-12,9.361020967634270664e-13,1.349065949827199455e-14
5.175000000000000711e-01,3.764186621608879851e-06,1.251622925238788596e-07,3.271211439908908764e-08,6.461122605790210810e-08,2.972077434577671366e-06,5.696094636430590895e-07,1.332350793175173821e-12,1.510103472006826478e-14,8.654148463163632057e-12,1.501759466755474368e-14,1.302852539529435118e-14,9.179514092265035581e-13,2.213118132744416985e-12,9.172037321517279455e-13,1.248759422297423584e-14
5.180000000000000160e-01,3.685677883860519885e-06,1.278106378138787134e-07,3.399231064421327423e-08,6.411035201121502332e-08,2.968616348337225260e-06,4.911341808071313959e-07,1.382172523231335783e-12,1.542510028694187388e-14,8.666415977216542574e-12,1.533915793290593888e-14,1.208927266130716503e-14,8.983237635363037300e-13,2.155312350481493207e-12,8.976014935539382889e-13,1.156721712970367147e-14
5.184999999999999609e-01,3.614743696212443057e-06,1.307334354213216787e-07,3.601211900053670127e-08,6.360063535673664852e-08,2.964677339801182026e-06,4.197061492209927464e-07,1.433515243190649823e-12,1.576162098998976427e-14,8.679531110535499067e-12,1.567327146666037048e-14,1.119511896568890410e-14,8.780809918966094449e-13,2.095578527806825564e-12,8.773841483832882317e-13,1.069163980778454051e-14
5.190000000000000169e-01,3.552097906284534962e-06,1.338233819073065932e-07,3.876642313791346476e-08,6.308230231038277510e-08,2.960218221910818736e-06,3.561935980165434442e-07,1.485248388703856000e-12,1.610975019614977925e-14,8.692734295510043760e-12,1.601886766494319761e-14,1.031439741049055572e-14,8.574848583422733614e-13,2.034448207993610756e-12,8.568136205590618016e-13,9.829183629068842237e-15
5.195000000000000728e-01,3.498216429745247126e-06,1.369453205609497225e-07,4.224991736065607526e-08,6.255562927105751656e-08,2.955187424092496640e-06,3.012641995334684151e-07,1.536318776860808987e-12,1.646272421474381845e-14,8.704635431377532775e-12,1.636899136407202024e-14,9.431630435716419517e-15,8.368801751161890528e-13,1.973629800017251874e-12,8.362347325860742696e-13,8.964356788700165657e-15
5.200000000000000178e-01,3.453377968885979480e-06,1.399620209527763412e-07,4.645710833239763063e-08,6.202091184407621138e-08,2.949546596946751097e-06,2.553774332141585231e-07,1.585963079200717185e-12,1.681052889344146964e-14,8.713559910000329085e-12,1.671350733362001345e-14,8.551030015853101428e-15,8.165786926723280482e-13,1.915358689255795539e-12,8.159590167720122642e-13,8.101365571689254266e-15
5.204999999999999627e-01,3.417729551680937044e-06,1.427635029227454774e-07,5.138230550637596067e-08,6.147843631401640486e-08,2.943285571729166315e-06,2.188058797575720456e-07,1.633838002493414071e-12,1.714367958150393513e-14,8.717979678699256098e-12,1.704292690090697152e-14,7.692992998909895844e-15,7.967572677840404206e-13,1.861572986777121512e-12,7.961629037082579261e-13,7.260621658083191586e-15
5.210000000000000187e-01,3.391353593870092944e-06,1.452934032742199110e-07,5.701958826604093028e-08,6.092846338387936840e-08,2.936424265376999746e-06,1.916740610586708315e-07,1.680030062514492319e-12,1.745672970560411917e-14,8.716864589761826733e-12,1.735195158304790806e-14,6.885488064370681622e-15,7.774047008168921361e-13,1.813211938945975944e-12,7.768346875990563048e-13,6.470133494472532340e-15
5.215000000000000746e-01,3.374313347356852290e-06,1.475661797538345210e-07,6.336275482284000942e-08,6.037122693481529044e-08,2.929001895621335964e-06,1.739975221461912764e-07,1.724942302122403314e-12,1.775030274080743308e-14,8.709829470207665261e-12,1.764150798197655189e-14,6.153787375679785731e-15,7.583341623547971278e-13,1.769883927054420960e-12,7.577871459728991736e-13,5.755229293687189090e-15
5.220000000000000195e-01,3.366662259364073701e-06,1.496708694585822267e-07,7.040527846910590781e-08,5.980694354929064150e-08,2.921059140322393746e-06,1.657063068434871217e-07,1.769091591299378075e-12,1.803102915282247096e-14,8.697037594406070439e-12,1.791864186469368696e-14,5.512216094467328158e-15,7.392553268862058040e-13,1.730014675807552531e-12,7.387298531448114802e-13,5.130285549552531273e-15
5.224999999999999645e-01,3.368416337638756952e-06,1.517601101220301630e-07,7.814030536666542697e-08,5.923582462632558102e-08,2.912621480485453071e-06,1.666449485168200555e-07,1.812876380222208275e-12,1.830952760004930339e-14,8.678916755060922907e-12,1.819441245938170986e-14,4.960517881676121932e-15,7.198801339817070570e-13,1.691413641984698671e-12,7.193750264788903537e-13,4.595066582770377503e-15
5.230000000000000204e-01,3.379501739946511946e-06,1.540263495079595714e-07,8.656071479093439008e-08,5.865808348662347707e-08,2.903690946186341975e-06,1.765520364644864811e-07,1.856383159565674137e-12,1.859722361447988175e-14,8.655812600429492870e-12,1.848060009291227070e-14,4.485558207899036797e-15,7.000253372691326303e-13,1.652049261173512886e-12,6.995400173023349498e-13,4.136408227224882808e-15
5.235000000000000764e-01,3.399697555949517112e-06,1.566697747844690424e-07,9.565923033786885331e-08,5.807393414787116709e-08,2.894249430179082369e-06,1.950316443592611909e-07,1.899288046644635714e-12,1.890313592124256684e-14,8.627720075651336836e-12,1.878639040818407325e-14,4.067144839799647448e-15,6.796770927585564097e-13,1.610753336620318951e-12,6.792117061913798004e-13,3.734035338068845903e-15
5.240000000000000213e-01,3.428593583413472144e-06,1.598639268971661317e-07,1.054285345432088607e-07,5.748358406198938511e-08,2.884271489013393159e-06,2.215325832675310140e-07,1.940881585513384206e-12,1.923169580390975997e-14,8.594193866012976249e-12,1.911613539408725706e-14,3.685431075199167871e-15,6.589967032525660879e-13,1.567604798733203638e-12,6.585519847661434300e-13,3.367983179382713355e-15
5.244999999999999662e-01,3.465575566780634878e-06,1.637250714528742764e-07,1.158613208066047302e-07,5.688722713548595204e-08,2.873740400405907636e-06,2.553481669347617225e-07,1.980208631167762897e-12,1.958225638355748291e-14,8.554461077122419131e-12,1.946887112574799649e-14,3.327091160928905391e-15,6.382672049922055066e-13,1.523860951383586675e-12,6.378441091629141884e-13,3.024808114468647240e-15
5.250000000000000222e-01,3.509839432872643986e-06,1.682904074053781904e-07,1.269502309536229338e-07,5.628504380278725603e-08,2.862659941366357827e-06,2.956405232399872082e-07,2.016281894450373229e-12,1.995036020436143306e-14,8.507676571439635713e-12,1.983966175593683454e-14,2.988218513851818220e-15,6.178005493132974831e-13,1.481466956753498747e-12,6.173997717565142979e-13,2.700526540085105426e-15
5.255000000000000782e-01,3.560426296323727023e-06,1.735085571211658163e-07,1.386876743189412164e-07,5.567721152276403936e-08,2.851056390900702750e-06,3.414832776999979672e-07,2.048307080009599368e-12,2.033026775491414681e-14,8.453206785183502352e-12,2.022224955757484285e-14,2.673320504778079749e-15,5.978378827894987292e-13,1.442323483215633619e-12,5.974594448360467880e-13,2.399640635395707977e-15
5.260000000000000231e-01,3.616265330243107160e-06,1.792439480930800901e-07,1.510655868561409780e-07,5.506392343884429701e-08,2.838969702565401104e-06,3.919090925873465772e-07,2.075855312454764088e-12,2.071787835318256862e-14,8.390822319628470164e-12,2.061210296036282559e-14,2.391286181428986967e-15,5.784767610906035110e-13,1.407575703150510716e-12,5.781198160475077000e-13,2.131114508722088729e-15
5.264999999999999680e-01,3.676213436027060252e-06,1.852949513721699189e-07,1.640752367699862490e-07,5.444540780285566879e-08,2.826437681595271410e-06,4.459471965162789022e-07,2.098934906550735111e-12,2.111309116726951404e-14,8.320723476904995434e-12,2.100886854868715599e-14,2.150226131871461014e-15,5.596489640148449264e-13,1.377175864418092122e-12,5.593119056879481984e-13,1.903194818107569220e-15
5.270000000000000240e-01,3.739087428461672390e-06,1.914240468333488013e-07,1.777071886207097255e-07,5.382193870384132331e-08,2.813480215067969898e-06,5.026411994221403774e-07,2.117944242404884353e-12,2.152085713538256019e-14,8.243396467982211576e-12,2.141744951957831307e-14,1.953294250456266752e-15,5.411547451732590419e-13,1.349871827045743495e-12,5.408355884605352369e-13,1.719190632375985663e-15
5.275000000000000799e-01,3.803692393152111382e-06,1.973967593921952102e-07,1.919514891504239688e-07,5.319383093795786290e-08,2.800090749869246273e-06,5.610468549410158396e-07,2.133521599158146318e-12,2.195058276566538416e-14,8.159369978880753167e-12,2.184736783134361812e-14,1.796997698287327195e-15,5.227401538181344793e-13,1.323621804522258001e-12,5.224370551122960283e-13,1.575732525225971974e-15
5.280000000000000249e-01,3.868854718144837326e-06,2.030245899041749524e-07,2.067980482951317282e-07,5.256141783801793643e-08,2.786239215290711188e-06,6.202188792599357646e-07,2.146336384364123417e-12,2.241403960713949187e-14,8.068982307012208700e-12,2.231058605230958460e-14,1.672386048512963930e-15,5.041900482296773062e-13,1.296285415742930996e-12,5.039017795586460926e-13,1.463919431190499215e-15
5.284999999999999698e-01,3.933467269266757221e-06,2.082057610743089679e-07,2.222370931168201635e-07,5.192501816585792758e-08,2.771885707535523047e-06,6.792012746667774105e-07,2.156881347537828210e-12,2.292237530636201490e-14,7.972262157130133533e-12,2.281842397393938421e-14,1.568351876811932633e-15,4.854051231562802110e-13,1.266345760869123079e-12,4.851313294678687889e-13,1.372600463884343184e-15
5.290000000000000258e-01,3.996547270807021155e-06,2.129566624601989664e-07,2.382595144269677636e-07,5.128490365090926228e-08,2.756999557645610219e-06,7.370343826694805380e-07,2.165323322147450903e-12,2.348310122883001504e-14,7.868975241501619839e-12,2.337848492841327601e-14,1.475518257313854347e-15,4.664377786533446621e-13,1.233409207344526597e-12,4.661789267512070144e-13,1.292273962154564584e-15
5.295000000000000817e-01,4.057297558953941135e-06,2.174269224457703191e-07,2.548569385653704615e-07,5.064127991636689821e-08,2.741575891133404341e-06,7.927844529072116591e-07,2.171452062530101196e-12,2.409797556043682815e-14,7.758816072806443040e-12,2.399253473413566337e-14,1.389089891002881508e-15,4.474763533905926220e-13,1.198310359389978387e-12,4.472333936659439740e-13,1.217976653479389287e-15
5.300000000000000266e-01,4.115153613160972871e-06,2.218925340679979165e-07,2.720214455758554259e-07,4.999428954185759770e-08,2.725642551466383629e-06,8.455909040983124015e-07,2.174738489036489216e-12,2.476248923192140161e-14,7.641660676055658925e-12,2.465603819648356981e-14,1.309588471383776931e-15,4.287848654348381224e-13,1.162789618664310993e-12,4.285587310810898786e-13,1.150070510580180056e-15
5.304999999999999716e-01,4.169796532944915223e-06,2.267246044604674718e-07,2.897449918368373691e-07,4.934403816083485479e-08,2.709254032810703445e-06,8.947171703725334664e-07,2.174483349231069942e-12,2.546723224544511305e-14,7.517768315897566030e-12,2.535960239086437945e-14,1.241318799297765728e-15,4.106199184506660098e-13,1.128860003807084530e-12,4.104110427410142995e-13,1.092756401258355307e-15
5.310000000000000275e-01,4.221118140665837636e-06,2.323357952483673656e-07,3.080187271008839691e-07,4.869063572001593156e-08,2.692474328054256800e-06,9.395871579546315112e-07,2.170013304228663862e-12,2.620086520543082157e-14,7.387840546903336757e-12,2.609200889865542163e-14,1.189332018374272426e-15,3.931531179170045651e-13,1.098086302407345700e-12,3.929611386110498481e-13,1.051065394532432655e-15
5.315000000000000835e-01,4.269137599295063970e-06,2.391115658210741280e-07,3.268324655953010194e-07,4.803423878354127819e-08,2.675355195888135257e-06,9.797928397503075973e-07,2.160869961534679255e-12,2.695388749394117463e-14,7.252905736732155060e-12,2.684398798953241271e-14,1.156208407981758930e-15,3.764243150488457749e-13,1.071026902797565584e-12,3.762480622531585612e-13,1.027641935212440949e-15
5.320000000000000284e-01,4.313885195990875320e-06,2.473377465485807487e-07,3.461745413735038273e-07,4.737507861331721837e-08,2.657918390923675032e-06,1.015068352478916452e-06,2.146940913924398411e-12,2.772204248647019205e-14,7.114071817768141700e-12,2.761155869931170504e-14,1.139982271887979249e-15,3.603397091185649136e-13,1.047028745805696207e-12,3.601774679508564269e-13,1.020643001361387561e-15
5.324999999999999734e-01,4.355282486502949356e-06,2.571385176832380623e-07,3.660321508732965998e-07,4.671346433822241823e-08,2.640149020796461565e-06,1.045238459283354573e-06,2.128498805598552844e-12,2.850817122243157945e-14,6.972248105870732661e-12,2.839776142016675566e-14,1.134011592834871228e-15,3.447134340431640732e-13,1.024441143114123563e-12,3.445633762552442344e-13,1.023566157118336163e-15
5.329999999999999183e-01,4.393053584634335878e-06,2.684386254663549817e-07,3.863921033979261918e-07,4.604975925820956800e-08,2.622002916534522302e-06,1.070159525490385668e-06,2.106139800925813859e-12,2.932168388507369589e-14,6.827953813153147932e-12,2.921199612005440270e-14,1.128790268815232188e-15,3.293370409647527199e-13,1.001169127299482297e-12,3.291976656670627362e-13,1.027019059943523913e-15
5.334999999999999742e-01,4.426697331789810855e-06,2.809603240043607439e-07,4.072417326054684369e-07,4.538433799862214854e-08,2.603425422531645764e-06,1.089675086984343515e-06,2.080639634607402410e-12,3.017551139311445369e-14,6.681298448464917300e-12,3.006688542034222106e-14,1.114941100868412329e-15,3.140529051950754927e-13,9.753720261222038583e-13,3.139233355726242870e-13,1.021682367159144677e-15
5.340000000000000302e-01,4.455535349010952304e-06,2.942595455283123227e-07,4.285696384430993882e-07,4.471753922033439156e-08,2.584374512079846046e-06,1.103603921118366970e-06,2.052766699617419738e-12,3.108124821085399504e-14,6.532150057029316443e-12,3.097342147868167029e-14,1.086204970432898339e-15,2.988074937514426014e-13,9.460670405919065502e-13,2.986875381461564014e-13,1.001289612492051849e-15
5.344999999999999751e-01,4.478830876454149406e-06,3.077983114482587867e-07,4.503659694641535850e-07,4.404963027823914818e-08,2.564839402501713269e-06,1.111767612583611976e-06,2.023102114503957459e-12,3.204393140917345577e-14,6.380429115601683342e-12,3.193585989702498923e-14,1.041298777893493486e-15,2.836682125050147017e-13,9.134349549050250337e-13,2.835581883915964134e-13,9.644968846101265627e-16
5.349999999999999201e-01,4.495954001513319042e-06,3.210429489015229687e-07,4.726221124637056371e-07,4.338079597563322218e-08,2.544847561918031058e-06,1.114050879792239510e-06,1.991914050041038394e-12,3.305823855337378454e-14,6.226411049639289600e-12,3.294812118199922756e-14,9.840001579415287879e-16,2.688002203157794921e-13,8.787308894128119902e-13,2.687006234599906516e-13,9.149935230910503461e-16
5.354999999999999760e-01,4.506556189534101259e-06,3.335718439320072962e-07,4.953298745663321531e-07,4.271115497617926056e-08,2.524457477996217837e-06,1.110476385574425125e-06,1.959118779219561735e-12,3.410763983569083924e-14,6.070912058607142642e-12,3.399317711369294783e-14,9.215171207641586720e-16,2.544127312114890827e-13,8.438392553266795754e-13,2.543238794523270980e-13,8.599013757830408660e-16
5.360000000000000320e-01,4.510714457617326186e-06,3.451734671076034557e-07,5.184804393496559142e-07,4.204079769974199484e-08,2.503740023869486390e-06,1.101270526154350966e-06,1.924337916639094922e-12,3.516720317865038384e-14,5.915275932051323633e-12,3.504604493034758169e-14,8.618331543527531048e-16,2.406936197445330497e-13,8.106313970201864026e-13,2.406153971123288483e-13,8.071429777131407434e-16
5.364999999999999769e-01,4.509013181195480599e-06,3.559158710398870238e-07,5.420634750165337959e-07,4.136983219431485579e-08,2.482755566333117453e-06,1.086899478768731882e-06,1.887036055323907438e-12,3.620953926701178268e-14,5.761157644599955659e-12,3.607980882419454606e-14,8.110458209095671731e-16,2.277538178664155521e-13,7.803465962057429858e-13,2.276855960231125112e-13,7.627904678648652579e-16
5.369999999999999218e-01,4.502546340607476412e-06,3.661727182065150653e-07,5.660667273878478879e-07,4.069842213240739661e-08,2.461535458490599517e-06,1.068064297379588888e-06,1.846701916687336986e-12,3.721217681709039317e-14,5.610181876132907560e-12,3.707292443986563856e-14,7.716368651437476384e-16,2.155985975030212877e-13,7.532027157266781012e-13,2.155393399731301113e-13,7.293325919146386702e-16
5.374999999999999778e-01,4.492840136702264329e-06,3.765974907595387034e-07,5.904762567280880827e-07,4.002680440913647675e-08,2.440074714505593660e-06,1.045656389466466429e-06,1.803024593025407304e-12,3.816392200723853633e-14,5.463607888684994766e-12,3.801537230727875199e-14,7.421871380705121535e-16,2.041332464787326408e-13,7.283591191101341980e-13,2.040817355228974196e-13,7.053772741171173602e-16
5.380000000000000338e-01,4.481710548974846352e-06,3.880458001793398988e-07,6.152772395206690131e-07,3.935528140338378849e-08,2.418338263999888288e-06,1.020685715749635789e-06,1.756017524400623039e-12,3.906781752313815131e-14,5.322134051776037532e-12,3.891133195218959704e-14,7.184724086119846211e-16,1.931992891269111046e-13,7.042323312302177939e-13,1.931543790554199049e-13,6.867324530717631998e-16
5.384999999999999787e-01,4.471079533354872538e-06,4.014544154464537149e-07,6.404550454972520989e-07,3.868419190577855551e-08,2.396277991027064535e-06,9.941998721545065463e-07,1.706056417097565418e-12,3.993926052733766108e-14,5.185923607811733194e-12,3.977701867254816969e-14,6.953830353423786657e-16,1.826280249464551724e-13,6.790469625528438184e-13,1.825888292230401191e-13,6.683142771963498124e-16
5.389999999999999236e-01,4.462776636260939745e-06,4.176935307620164856e-07,6.659961984939312030e-07,3.801387175879446196e-08,2.373853801539582290e-06,9.672114463072604019e-07,1.653820070136845597e-12,4.079942785244969158e-14,5.054847366842679744e-12,4.063391314358446272e-14,6.688853978775534134e-16,1.722935983665229135e-13,6.514304351944903475e-13,1.722595549623418005e-13,6.461039306495024825e-16
5.394999999999999796e-01,4.458351495296367801e-06,4.374147800121644774e-07,6.918888769521514128e-07,3.734461800773647325e-08,2.351050719112888620e-06,9.406449426663594610e-07,1.600149221337152724e-12,4.166587961464212712e-14,4.928852437738352153e-12,4.149930932521635652e-14,6.373470910214184057e-16,1.621491592218154959e-13,6.208532657347916585e-13,1.621199712087577949e-13,6.184749311129597435e-16
5.400000000000000355e-01,4.458919617733636518e-06,4.609206284495720300e-07,7.181227874727391721e-07,3.667666812697839630e-08,2.327885862264405933e-06,9.153063389120302975e-07,1.545861136319375662e-12,4.254344443241308854e-14,4.808313401951717792e-12,4.237729367579241759e-14,6.019035255902919295e-16,1.522360584826345994e-13,5.877765547113662871e-13,1.522115529518638404e-13,5.865656179365153774e-16
5.404999999999999805e-01,4.465061023598838311e-06,4.880803036301330626e-07,7.446884827134325373e-07,3.601019982033916392e-08,2.304403271744736800e-06,8.918716533205363974e-07,1.491570491026732356e-12,4.341871683408122415e-14,4.694225341744099353e-12,4.325345043441040528e-14,5.659760167329715163e-16,1.426650600315297155e-13,5.534717915222830457e-13,1.426450314671375487e-13,5.538029774183676897e-16
5.409999999999999254e-01,4.476789185727169430e-06,5.183129419516495778e-07,7.715763996943106748e-07,3.534534944007726337e-08,2.280659249524907076e-06,8.708883432506600873e-07,1.437566288561261195e-12,4.426052637751370177e-14,4.588156992782397190e-12,4.409558548100219644e-14,5.343684551541096240e-16,1.335772163691532981e-13,5.195882696792607996e-13,1.335613150962210226e-13,5.250018153134538018e-16
5.414999999999999813e-01,4.493604708753181891e-06,5.506501414737339397e-07,7.987759870165134477e-07,3.468224099218373203e-08,2.256704304501128700e-06,8.527853303031183125e-07,1.383779859374281070e-12,4.502680366222775231e-14,4.491974981589691474e-12,4.486081998496269075e-14,5.124445767937599138e-16,1.250977058394848182e-13,4.876229445010735129e-13,1.250854044991848393e-13,5.055402280446410914e-16
5.420000000000000373e-01,4.514641845173341066e-06,5.838782494765547243e-07,8.262752364030426166e-07,3.402101501031471611e-08,2.232568707012882214e-06,8.378921147298652483e-07,1.329854068148201627e-12,4.567599112581368074e-14,4.407440737459336147e-12,4.550714569442055672e-14,5.057111457106134749e-16,1.172970784029540869e-13,4.584712978126196304e-13,1.172877137812054704e-13,5.009377589492311802e-16
5.424999999999999822e-01,4.538904195849794211e-06,6.167468193931968918e-07,8.540607610043625045e-07,3.336184790163027444e-08,2.208256814786292147e-06,8.264715958770845419e-07,1.275295421993139921e-12,4.617933586461983595e-14,4.335834392302609246e-12,4.600575740960015127e-14,5.198109593032612700e-16,1.101710388757300677e-13,4.322007303345299075e-13,1.101638980631450965e-13,5.168425554060843602e-16
5.429999999999999272e-01,4.565568697114071850e-06,6.482157945858110630e-07,8.821183433237599590e-07,3.270495678410786874e-08,2.183751613049064256e-06,8.187717825644123819e-07,1.219666883063839879e-12,4.652976894626921541e-14,4.277753148558760390e-12,4.634988222210578382e-14,5.606351798558373013e-16,1.036435025047163007e-13,4.081060438718559151e-13,1.036379112453610147e-13,5.591395660627292816e-16
5.434999999999999831e-01,4.594316953967209327e-06,6.777026520806036274e-07,9.104336994483383026e-07,3.205059041039733147e-08,2.159026872210056613e-06,8.150970691297491373e-07,1.162766894628248844e-12,4.674395662984514404e-14,4.233166542297515727e-12,4.655673143215513253e-14,6.341537244397144805e-16,9.759037842780297847e-14,3.850098690349946366e-13,9.758575700097431665e-14,6.337801539743603125e-16
5.440000000000000391e-01,4.625635320781578930e-06,7.052845752900927956e-07,9.389931428933734135e-07,3.139901135721896892e-08,2.134061572098182948e-06,8.158910722379339965e-07,1.104743364340387519e-12,4.685630490021171258e-14,4.201711997388809132e-12,4.666140247537751494e-14,7.457033854534092933e-16,9.187561766856047145e-14,3.616928245430447721e-13,9.187148928631308421e-14,7.460731074462751654e-16
5.444999999999999840e-01,4.661016111661708522e-06,7.318118435911370957e-07,9.677839014743172917e-07,3.075047675055785359e-08,2.108850781294915182e-06,8.218132738368881257e-07,1.046109581398780866e-12,4.690650643970259637e-14,4.183119136487680330e-12,4.670435140039885899e-14,8.988105234189077907e-16,8.638812632310252812e-14,3.373037831265878085e-13,8.638408449687392732e-14,8.995130449203121713e-16
5.449999999999999289e-01,4.702997192960078485e-06,7.588980990514071035e-07,9.967940079731776442e-07,3.010522396226692801e-08,2.083409052797656056e-06,8.337850743391532908e-07,9.876572431116694857e-13,4.692465392840122848e-14,4.177597770589733708e-12,4.671646490190855522e-14,1.093999219919678350e-15,8.106877665174882229e-14,3.116184829998710213e-13,8.106443215083855533e-14,1.094595646783521099e-15
5.454999999999999849e-01,4.754998220398377492e-06,7.887705655760478636e-07,1.026011874516176037e-06,2.946346474976513921e-08,2.057765708155833023e-06,8.529809578811010188e-07,9.302917472861137787e-13,4.691908595448191567e-14,4.186034247684616166e-12,4.670687791971043536e-14,1.328251223545963311e-15,7.592043812600243304e-14,2.850751524021731513e-13,7.591536882793206962e-14,1.328284523818314895e-15
5.460000000000000409e-01,4.820946977014349929e-06,8.239866014276800248e-07,1.055425788508343054e-06,2.882538764124683136e-08,2.031954706863298526e-06,8.807489105168161588e-07,8.748377321600725910e-13,4.687147539768445913e-14,4.209911614060630820e-12,4.665801401335405623e-14,1.595697732421820817e-15,7.099935904292334400e-14,2.585952866337910782e-13,7.099307887335905028e-14,1.594708457117030232e-15
5.464999999999999858e-01,4.904732546412265260e-06,8.670486534002548404e-07,1.085023581284918038e-06,2.819116553252631888e-08,2.006003787238528517e-06,9.184598230182290225e-07,8.218715572648576148e-13,4.674133843874710295e-14,4.250974746893114795e-12,4.653000088658362308e-14,1.889716167758748515e-15,6.639166570480656884e-14,2.332679044524923301e-13,6.638361768170059058e-14,1.887261074119633229e-15
5.469999999999999307e-01,5.009564497560660141e-06,9.199732974042331273e-07,1.114792617452706191e-06,2.756096440433995826e-08,1.979927488536467538e-06,9.673046158433000183e-07,7.716292499699860120e-13,4.647888413326352237e-14,4.310762019618260000e-12,4.627337934426305034e-14,2.206006183170549542e-15,6.218268084279136536e-14,2.100134672929023818e-13,6.217225014724724980e-14,2.201676262874735944e-15
5.474999999999999867e-01,5.137349294496185350e-06,9.838869539239588012e-07,1.144720083701826016e-06,2.693494987694859215e-08,1.953726677557991135e-06,1.028075112083789646e-06,7.240157711659772321e-13,4.604207479944443116e-14,4.390181056619965196e-12,4.584600587128090463e-14,2.545665096955688246e-15,5.842823393251249448e-14,1.893389908891109864e-13,5.841477339433734755e-14,2.539098821116758037e-15
5.480000000000000426e-01,5.288208894032616600e-06,1.058727073084706234e-06,1.174793400520054882e-06,2.631329028736209339e-08,1.927394242331655365e-06,1.100975341828731467e-06,6.787111467121726454e-13,4.541204972433041965e-14,4.489294859345080767e-12,4.522835669290771386e-14,2.917028947041917725e-15,5.513594866389216353e-14,1.712539883968755087e-13,5.511881052044621985e-14,2.907916497482162639e-15
5.484999999999999876e-01,5.460257565656764956e-06,1.143120544312310891e-06,1.205000512412844978e-06,2.569615700876015472e-08,1.900923973971137584e-06,1.185510779654666417e-06,6.353403244334247828e-13,4.460137415839274881e-14,4.607408563760366812e-12,4.443175764151228307e-14,3.335257625961391608e-15,5.226118952748643829e-14,1.553554862446365949e-13,5.223976028085303535e-14,3.323333024087153584e-15
5.489999999999999325e-01,5.649721289641982285e-06,1.234490257962301761e-06,1.235329865933152135e-06,2.508372386948487490e-08,1.874318434920093511e-06,1.280493334653745347e-06,5.936552981451892742e-13,4.365189942578831826e-14,4.743433794347606976e-12,4.349637073513237271e-14,3.819316343357239540e-15,4.971799016411543438e-14,1.410324716894767465e-13,4.969172601167685095e-14,3.804337024761685466e-15
5.494999999999999885e-01,5.851433688228148977e-06,1.329407867305645892e-06,1.265770038335001494e-06,2.447616737172208037e-08,1.847592262961965990e-06,1.384181585844984639e-06,5.536755703191236418e-13,4.262260613813674849e-14,4.896399462706529500e-12,4.247931611860752411e-14,4.386945019738896636e-15,4.740112150984580010e-14,1.277055648311537796e-13,4.736957869137326437e-14,4.368662230332661724e-15
5.500000000000000444e-01,6.059680438989452388e-06,1.424169819466734800e-06,1.296309163732891949e-06,2.387366820960808267e-08,1.820769532022528973e-06,1.494552375405462375e-06,5.157468910486499827e-13,4.157140159311292236e-14,5.065916474095174947e-12,4.143685884020116151e-14,5.049080101033008994e-15,4.521259070304542078e-14,1.150162811273972300e-13,4.517544023236275068e-14,5.027207429286158550e-15
5.504999999999999893e-01,6.269299395184813144e-06,1.515530419117719848e-06,1.326934431592428837e-06,2.327641311732257198e-08,1.793876497316015782e-06,1.609675619557978919e-06,4.805037955673675967e-13,4.053714583060515214e-14,5.252413987275897983e-12,4.040685098320895094e-14,5.805647432432009705e-15,4.308497891635354178e-14,1.029091110327355339e-13,4.304199300733669648e-14,5.779837235424964266e-15
5.509999999999999343e-01,6.476885632071176345e-06,1.601486988199426346e-06,1.357631938578570040e-06,2.268459518688433767e-08,1.766933111289988416e-06,1.728142827299212324e-06,4.487505797105570161e-13,3.952830033152222834e-14,5.457044943510652549e-12,3.939771747783755754e-14,6.644444174209330617e-15,4.099525494065832139e-14,9.159531692719138195e-14,4.094625713078287364e-14,6.614281093352420284e-15
5.514999999999999902e-01,6.681908449338926656e-06,1.681985278021336878e-06,1.388387045733987541e-06,2.209841102235131589e-08,1.739947232885111397e-06,1.849484127825913190e-06,4.212989225361033198e-13,3.852240573322460179e-14,5.681280380545497199e-12,3.838809381381995664e-14,7.543957950223546608e-15,3.896561130185233522e-14,8.143148477643138335e-14,3.891039467889657916e-14,7.508974510341912229e-15
5.520000000000000462e-01,6.887529122045674655e-06,1.759404584469174458e-06,1.419185176083886241e-06,2.151805439927213266e-08,1.712914259427608379e-06,1.974500483976314802e-06,3.988113341344995158e-13,3.747681717165760380e-14,5.926330924871896038e-12,3.733748234518459326e-14,8.479670759992510411e-15,3.705160958572870894e-14,7.277235412343138178e-14,3.698984376086094867e-14,8.439382995360313536e-15
5.524999999999999911e-01,7.100920452183228611e-06,1.838696046135497026e-06,1.450012773963247931e-06,2.094370788719026780e-08,1.685822522799891944e-06,2.105438599295455401e-06,3.816951432023622613e-13,3.634708234186344972e-14,6.192605025827988972e-12,3.620430584211026678e-14,9.432091963131507449e-15,3.532145151826009964e-14,6.585818812736312762e-14,3.525261154117271555e-14,9.386045335535618798e-15
5.529999999999999361e-01,7.332935982751712941e-06,1.927086005295391828e-06,1.480858033343817448e-06,2.037553530269629021e-08,1.658662245555727353e-06,2.245947094601447931e-06,3.700739930558743380e-13,3.510650381656879873e-14,6.479408767286823772e-12,3.496495293160077526e-14,1.039393653734593277e-14,3.383255651676877515e-14,6.077426872657897769e-14,3.375590798359251778e-14,1.034174708835023251e-14
5.534999999999999920e-01,7.597058361452008662e-06,2.033317030188191476e-06,1.511711048485188220e-06,1.981367815299862609e-08,1.631434241083418739e-06,2.400775001992402654e-06,3.638390219873991570e-13,3.375985570747644212e-14,6.785010746740548528e-12,3.362688609557201638e-14,1.137386618861531823e-14,3.261220225342845150e-14,5.748512585773424643e-14,3.252686247839894498e-14,1.131524148526341818e-14
5.540000000000000480e-01,7.907667785269420892e-06,2.166476105481333633e-06,1.542563241607297021e-06,1.925825814108775246e-08,1.604154553544282434e-06,2.575207948255721745e-06,3.627581834627255278e-13,3.234619643550161768e-14,7.107065217177281859e-12,3.223087800653201916e-14,1.239512993183647522e-14,3.164764623775760027e-14,5.591387226876510799e-14,3.155271438105690549e-14,1.232985992181396155e-14
5.544999999999999929e-01,8.277801312254016991e-06,2.334542580438595494e-06,1.573406206914312675e-06,1.870938567722668989e-08,1.576852868588884002e-06,2.774282254405639481e-06,3.666067916407550782e-13,3.092957956390681830e-14,7.443253965831556836e-12,3.084129683262484259e-14,1.348904191895377799e-14,3.088829856248517541e-14,5.602040912800217943e-14,3.078301758849698988e-14,1.341696000339587363e-14
5.549999999999999378e-01,8.716704103998280072e-06,2.542864695537441748e-06,1.604230365272613067e-06,1.816717200102708210e-08,1.549565103357190719e-06,3.001868393991045509e-06,3.752794825371349332e-13,2.958084683000340080e-14,7.791920986614925577e-12,2.952771258883254726e-14,1.468501436996867115e-14,3.025898589571351740e-14,5.783711591916217738e-14,3.014287908085726205e-14,1.460594042528326256e-14
5.554999999999999938e-01,9.227581161368261255e-06,2.792828432968285268e-06,1.635023940526710747e-06,1.763174092568587422e-08,1.522323030299822686e-06,3.259765266035071934e-06,3.888531948596353065e-13,2.835699674918410136e-14,8.152467053597476147e-12,2.834435910670490424e-14,1.600020981716139581e-14,2.968015461945573652e-14,6.144374039947683684e-14,2.955307976036790445e-14,1.591389515112124211e-14
5.560000000000000497e-01,9.806017544435409572e-06,3.081002334307464083e-06,1.665772688203147965e-06,1.710323606608692020e-08,1.495145086401731375e-06,3.546985052214481948e-06,4.075884048442380750e-13,2.728561722535777281e-14,8.525348970650208986e-12,2.731493045474731110e-14,1.743227807432396404e-14,2.908892924467026726e-14,6.689397539252960400e-14,2.895101797632213048e-14,1.733837369824710480e-14
5.564999999999999947e-01,1.043952362465749143e-05,3.399016302917600147e-06,1.696460548769305195e-06,1.658182083754465760e-08,1.468032125929235513e-06,3.859423261168647062e-06,4.318753363830377917e-13,2.636013184233405552e-14,8.911665161610944992e-12,2.642840766076536889e-14,1.895787990706866262e-14,2.845482552516993894e-14,7.413115750032918084e-14,2.830631644776414758e-14,1.885594268059757120e-14
5.569999999999999396e-01,1.110856456899599051e-05,3.734356423081638925e-06,1.727071052803824073e-06,1.606767101624668058e-08,1.440969944654263575e-06,4.190089472323373302e-06,4.621468882899764937e-13,2.554771579447152403e-14,9.312457882504965339e-12,2.564768682381574527e-14,2.053794435451784999e-14,2.778563410648880800e-14,8.293875778394688327e-14,2.762665160055311285e-14,2.042748231040300217e-14
5.574999999999999956e-01,1.178924759562158040e-05,4.072134259897078427e-06,1.757589006307438071e-06,1.556096230204661597e-08,1.413937717310144129e-06,4.530015182142983451e-06,4.987863995025472718e-13,2.480707840753645156e-14,9.727969650492586860e-12,2.492810456043364443e-14,2.212839359894248303e-14,2.712201026897772606e-14,9.295894710250093452e-14,2.695236810989669327e-14,2.200893665687961459e-14
5.580000000000000515e-01,1.245758009083458955e-05,4.397729391304755513e-06,1.788001850985933020e-06,1.506185711753145309e-08,1.386919132306577178e-06,4.869856907691810152e-06,5.420552759217925387e-13,2.410959229359524634e-14,1.015711776878621093e-11,2.423923658760093479e-14,2.369313004660736887e-14,2.652270660408166300e-14,1.037841590558365874e-13,2.634181368284533895e-14,2.356430116000650152e-14
5.584999999999999964e-01,1.309490670569520721e-05,4.700027979121090832e-06,1.818300186237790163e-06,1.457049513478530530e-08,1.359911923993036910e-06,5.202084667448565032e-06,5.920553571705522075e-13,2.345587558034592778e-14,1.059738414007821876e-11,2.358197775752791450e-14,2.521510177650805389e-14,2.604513466728755582e-14,1.150936426438367724e-13,2.585204708449498211e-14,2.507666109126776783e-14
5.589999999999999414e-01,1.369382895327584683e-05,4.974814804673427740e-06,1.848477229986639276e-06,1.408699064875759971e-08,1.332932119686067593e-06,5.523505837211891677e-06,6.487281743611067380e-13,2.288147101459729326e-14,1.104517861935910120e-11,2.299446208619031433e-14,2.670164360223319569e-14,2.572721241545657274e-14,1.267831720802197076e-13,2.552082259636480741e-14,2.655348618028540809e-14
5.594999999999999973e-01,1.426366112722156564e-05,5.227752075989642862e-06,1.878527379224131478e-06,1.361143743445749457e-08,1.306011379268492245e-06,5.837746355689843689e-06,7.118826133594682077e-13,2.244921541674276571e-14,1.149656977214003639e-11,2.254435031055221717e-14,2.818198555271897343e-14,2.557588455924392350e-14,1.390318998748720197e-13,2.535518397306847292e-14,2.802408938928830614e-14
5.600000000000000533e-01,1.483433838586154285e-05,5.476325920811357176e-06,1.908444363882221561e-06,1.314391905712577545e-08,1.279188481506390181e-06,6.157222664291146555e-06,7.812371126525570258e-13,2.223084599365781653e-14,1.194814410231971773e-11,2.230999329569552965e-14,2.969732704788784293e-14,2.556550640134797694e-14,1.522689212246838200e-13,2.532982584529245283e-14,2.952966683812480017e-14
5.604999999999999982e-01,1.545771693606352986e-05,5.750186151170907395e-06,1.938219642088597343e-06,1.268452072430790519e-08,1.252498244390879720e-06,6.504114798408616965e-06,8.564630708123426392e-13,2.228452473726631318e-14,1.239770108107800418e-11,2.235715325285668487e-14,3.128638445930767926e-14,2.564617502594351221e-14,1.670376780775493332e-13,2.539530987317392949e-14,3.110884078286295600e-14
5.609999999999999432e-01,1.620542704871093652e-05,6.089461758384311844e-06,1.967841600416948743e-06,1.223333833457111346e-08,1.225962091578408534e-06,6.909914132078910992e-06,9.372209023225107442e-13,2.263670871367341247e-14,1.284453778406079511e-11,2.271976240891129324e-14,3.297097884426362693e-14,2.575906141486963114e-14,1.837960879595932135e-13,2.549322949772486479e-14,3.278327634395092501e-14
5.614999999999999991e-01,1.716286749465092498e-05,6.540904015917436822e-06,1.997295830218668158e-06,1.179048150572199673e-08,1.199583760502438219e-06,7.413278724001934766e-06,1.023186079471903950e-12,2.327542480787772256e-14,1.328921046640701591e-11,2.339188997273678011e-14,3.474643397359863212e-14,2.585378162827627336e-14,2.027190949510888428e-13,2.557342429779162861e-14,3.454813354337326402e-14
5.620000000000000551e-01,1.841954405025800106e-05,7.152073178799994242e-06,2.026566361208639940e-06,1.135606960993393781e-08,1.173351607818606059e-06,8.056181589387336381e-06,1.114066560380470801e-12,2.415793277545849737e-14,1.373283728958735547e-11,2.433407520636092357e-14,3.658016517355388843e-14,2.590243715581835742e-14,2.235763835420738300e-13,2.560793534613014362e-14,3.637071667900103475e-14
5.625000000000000000e-01,2.005669870825882504e-05,7.964206003969390016e-06,2.055637394042043512e-06,1.093022238818326572e-08,1.147246430740112057e-06,8.878662846757691635e-06,1.209613670010180209e-12,2.523041217122791259e-14,1.417616685141188782e-11,2.549188642361695724e-14,3.841925675823584513e-14,2.590622065305799466e-14,2.457373742309190515e-13,2.559763283486257773e-14,3.819809687109512922e-14
5.629999999999999449e-01,2.213395797059357101e-05,9.004823347346548119e-06,2.084494912053631457e-06,1.051304868118279271e-08,1.121251683393619310e-06,9.912858597540927144e-06,1.309626213975065969e-12,2.645264249447838169e-14,1.461872545894620354e-11,2.681992317828213940e-14,4.020487282624238725e-14,2.589295938587954865e-14,2.683141729233643663e-13,2.556988213528827352e-14,3.997153528630076491e-14
5.635000000000000009e-01,2.467742429828539090e-05,1.028148867541129913e-05,2.113127626470023864e-06,1.010463756855753525e-08,1.095362193746279963e-06,1.117732421127204788e-05,1.413944462205860837e-12,2.781843376711310160e-14,1.505833985060645642e-11,2.830224983877127219e-14,4.188900436236931660e-14,2.590682719884875875e-14,2.904047199622606044e-13,2.556843296098785568e-14,4.164320406422932349e-14
5.640000000000000568e-01,2.767209884899179913e-05,1.177833017926296715e-05,2.141526985178082862e-06,9.705055558784904826e-09,1.069588227149439123e-06,1.267293087924340861e-05,1.522429293036090628e-12,2.936373258252809795e-14,1.549121389968954475e-11,2.996135012713836683e-14,4.344813533206420293e-14,2.599378515583741606e-14,3.113601017065731191e-13,2.563902316295094018e-14,4.318979568289938788e-14
5.645000000000000018e-01,3.106160441288212252e-05,1.345691369138436033e-05,2.169686341517641379e-06,9.314351691924269926e-09,1.043953648131777865e-06,1.438171829717011944e-05,1.634924076883022537e-12,3.115858301639127315e-14,1.591255518058915180e-11,3.185183042272167726e-14,4.488926830590538210e-14,2.618741134023289918e-14,3.309861676066526163e-13,2.581529366776595300e-14,4.461848074006213293e-14
5.649999999999999467e-01,3.475773866630886419e-05,1.526273679375473807e-05,2.197599692341631343e-06,8.932570096542413090e-09,1.018489216723640918e-06,1.626996176287878236e-05,1.751202802668344757e-12,3.328501293165669895e-14,1.631756054776814767e-11,3.404083568226508507e-14,4.624615206039885470e-14,2.649937708870627524e-14,3.496064854426005281e-13,2.610923833891172864e-14,4.596308049508069940e-14
5.655000000000000027e-01,3.866133421014932313e-05,1.713796915795714288e-05,2.225260533579200689e-06,8.559767363605342314e-09,9.932238224495893025e-07,1.829630176683018155e-05,1.870915454535560210e-12,3.580832814567561653e-14,1.670244240080704619e-11,3.658238116251040866e-14,4.756673655432429108e-14,2.691713580685798611e-14,3.679568953759703644e-13,2.650876579631412650e-14,4.727149920040333356e-14
5.660000000000000586e-01,4.269420660664554403e-05,1.904009278718018193e-05,2.252661296641047921e-06,8.196030606594101100e-09,9.681770560681163706e-07,2.042505976038711443e-05,1.993547349409311665e-12,3.875219971228388063e-14,1.706515394015640985e-11,3.949554576255073064e-14,4.889579742647309079e-14,2.740901983208533314e-14,3.869376569465831879e-13,2.698261989698360480e-14,4.858836649440989039e-14
5.665000000000000036e-01,4.683970262586781692e-05,2.096485175725599541e-05,2.279793558677675801e-06,7.841491536976235701e-09,9.433557822688965882e-07,2.264383986439180157e-05,2.118409747590610197e-12,4.208712808477330263e-14,1.740556319540060340e-11,4.275555738840441737e-14,5.025833992900938568e-14,2.793467300146290334e-14,4.072986654662865661e-13,2.749065750827514434e-14,4.993849339481582034e-14
5.669999999999999485e-01,5.118670101877358244e-05,2.297051579286743737e-05,2.306648873206981619e-06,7.496332265425941314e-09,9.187556695835412355e-07,2.498326370035513908e-05,2.244672859013275394e-12,4.573747412702013919e-14,1.772500410305579385e-11,4.630237075510548856e-14,5.164922802442428190e-14,2.845727759097434937e-14,4.293591624595690448e-13,2.799600400484200675e-14,5.131656914004754476e-14
5.675000000000000044e-01,5.596917576309071266e-05,2.519906725176389810e-05,2.333219781638729365e-06,7.160779612490767671e-09,8.943666777857469342e-07,2.753534015983435807e-05,2.371440308879235396e-12,4.960569412311164143e-14,1.802534049598069053e-11,5.006484931312473753e-14,5.303251120964641022e-14,2.895375910573921622e-14,4.528560221053017205e-13,2.847529717068757903e-14,5.268654770841224920e-14
5.680000000000000604e-01,6.159103764865326539e-05,2.788876380308436681e-05,2.359500450433321479e-06,6.835086188559544378e-09,8.701800732570035347e-07,3.046573667873413513e-05,2.497849741059976294e-12,5.360599322154860042e-14,1.830784632563888967e-11,5.399241249464825719e-14,5.435077174282079612e-14,2.942006323123568953e-14,4.769754190386643588e-13,2.892409527754005958e-14,5.399102639542929918e-14
5.685000000000000053e-01,6.862445760183902917e-05,3.137187888998605926e-05,2.385486475802661159e-06,6.519498179613188669e-09,8.461941602912823865e-07,3.401435659585400420e-05,2.623172614671826022e-12,5.769566978531548663e-14,1.857227532463297842e-11,5.808233704139080515e-14,5.554152529243508497e-14,2.987032054331040637e-14,5.005637686789635367e-13,2.935620850586602499e-14,5.516763981766116514e-14
5.689999999999999503e-01,7.776984240313367970e-05,3.605157052362500405e-05,2.411173670534902877e-06,6.214211604864480316e-09,8.224166570545433349e-07,3.847844495740330653e-05,2.746882201780777851e-12,6.189252539087029973e-14,1.881643959718461234e-11,6.239134026468033838e-14,5.655537454911433854e-14,3.033065191415699363e-14,5.224545700978682629e-13,2.979763608504710632e-14,5.616717292782597329e-14
5.695000000000000062e-01,8.976768806763919762e-05,4.235306142726009439e-05,2.436555998978537714e-06,5.919320911299534975e-09,7.988631366446335659e-07,4.417326542817681196e-05,2.868664950623754409e-12,6.627103855661155253e-14,1.903645422088874812e-11,6.702475410811768202e-14,5.737002272651680680e-14,3.082991239350169483e-14,5.418080371621336447e-13,3.027735206114719155e-14,5.696751555842285407e-14
5.700000000000000622e-01,1.052572250350911054e-04,5.064687503426810989e-05,2.461623142549561069e-06,5.634766342550220787e-09,7.755525514132692499e-07,5.136751644538784976e-05,2.988365923396993230e-12,7.093720916200760936e-14,1.922758572299621557e-11,7.210412970230271783e-14,5.799560753116551296e-14,3.139039066826092768e-14,5.583538828030916370e-13,3.081794091845139646e-14,5.757893989389069276e-14
5.705000000000000071e-01,1.245844977987942224e-04,6.114592910767995058e-05,2.486358376183443854e-06,5.360289768244219725e-09,7.525019194153695731e-07,6.019432470830152009e-05,3.105879618820860532e-12,7.598963821615730577e-14,1.938543852561229440e-11,7.772199797675137528e-14,5.846966931613677015e-14,3.202123353327964428e-14,5.724571311895271864e-13,3.142888239744959138e-14,5.803903272470082395e-14
5.709999999999999520e-01,1.475734684704536914e-04,7.378389184750579373e-05,2.510737495166195184e-06,5.095412694420586861e-09,7.297223921612461619e-07,7.054399766239153441e-05,3.221016535754188023e-12,8.147979803363596441e-14,1.950709397829637220e-11,8.389798661536287422e-14,5.884346946290665124e-14,3.271631398895407870e-14,5.849831712497075085e-13,3.210426700278426118e-14,5.839900761923438323e-14
5.715000000000000080e-01,1.732877699381780697e-04,8.808925225536011743e-05,2.534729496486295497e-06,4.839454945749882939e-09,7.072181568330656754e-07,8.195170669025037403e-05,3.333386612210382843e-12,8.738553094939008949e-14,1.959182355837458781e-11,9.055148376229755506e-14,5.916419320574391681e-14,3.345679565278885487e-14,5.970031584523889646e-13,3.282526353015936548e-14,5.870592884645323956e-14
5.720000000000000639e-01,1.998273542468214346e-04,1.030777649374361765e-04,2.558299674020199632e-06,4.591617780292080728e-09,6.849883342863777495e-07,9.350168561305592348e-05,3.442338757976417159e-12,9.360798162889742834e-14,1.964113181918827686e-11,9.750192519197841579e-14,5.945887161412179138e-14,3.421723757097501500e-14,6.094330016622802015e-13,3.356622702272872359e-14,5.898667013831643797e-14
5.725000000000000089e-01,2.242225576228202828e-04,1.171948200568695409e-04,2.581415813698624353e-06,4.351160536482356152e-09,6.630307853387109169e-07,1.037789155858377047e-04,3.546980687215871428e-12,9.999452064422569942e-14,1.965810354294744077e-11,1.044996814257043165e-13,5.972522082510576069e-14,3.497314039726652525e-14,6.227212750273179882e-13,3.430234814736578961e-14,5.923879127459905286e-14
5.729999999999999538e-01,2.425066703451352209e-04,1.283481836934592321e-04,2.604058309370069588e-06,4.117704704229287832e-09,6.413460449334119430e-07,1.109089402556917358e-04,3.646279201463226798e-12,1.063812546773882945e-13,1.964626158759371096e-11,1.112809752479403344e-13,5.993225563525401808e-14,3.570758908844278566e-14,6.366860463601750109e-13,3.501645387083640215e-14,5.943117777051929756e-14
5.735000000000000098e-01,2.500651813817404093e-04,1.340795923589902026e-04,2.626235230909861667e-06,3.891702782671214445e-09,6.199397163534275214e-07,1.127354979526904718e-04,3.739215366489843932e-12,1.126415203513264027e-13,1.960830932989687014e-11,1.176324107330510105e-13,6.003028972476676689e-14,3.641510670422196936e-14,6.505527360869303027e-13,3.570300237459459344e-14,5.951405239850604215e-14
5.740000000000000657e-01,2.423733485916516298e-04,1.319298629192363140e-04,2.648003571675045268e-06,3.675110548859486172e-09,5.988224747235330943e-07,1.071929600471176636e-04,3.824950067055115824e-12,1.187239276503550087e-13,1.954517671303429915e-11,1.234472267960797536e-13,5.996687781156891289e-14,3.710180442523630832e-14,6.631803716830912908e-13,3.636829040800174342e-14,5.943491994249122258e-14
5.745000000000000107e-01,2.162412897161934916e-04,1.200554039206612564e-04,2.669497964282448054e-06,3.472299496582875468e-09,5.780079611369787677e-07,9.293488309147760374e-05,3.902949813850282218e-12,1.246662522536634936e-13,1.945569407156487381e-11,1.287575905108684334e-13,5.970339662665431115e-14,3.778207349042988658e-14,6.734031740810379363e-13,3.702708672032529007e-14,5.915515520921928356e-14
5.749999999999999556e-01,1.716850083622625226e-04,9.815318532695955557e-05,2.690967982984127612e-06,3.291240381786571919e-09,5.575097960851902545e-07,7.028002956705614460e-05,3.973032905348047134e-12,1.305790876882394415e-13,1.933701241346006265e-11,1.337345274163221386e-13,5.922689216421964368e-14,3.847306854515572871e-14,6.803779978050983897e-13,3.769695978009833737e-14,5.866187674122586380e-14
5.755000000000000115e-01,1.145304267494881941e-04,6.874532470854526902e-05,2.712824707150538127e-06,3.144978426553090687e-09,5.373393081130932952e-07,4.253176867309951294e-05,4.035319478164746894e-12,1.366032492540523218e-13,1.918563998250325660e-11,1.386571297317030657e-13,5.855351948075182017e-14,3.918880299255047325e-14,6.838274314577057957e-13,3.839218413100431207e-14,5.797144390061197940e-14
5.760000000000000675e-01,5.983374466837168576e-05,3.886265254452492030e-05,2.735696537379122580e-06,3.053405540999099857e-09,5.175052301382591114e-07,1.771481269721301353e-05,4.090098532130844632e-12,1.428541059632459961e-13,1.899875597555481748e-11,1.438621978215197032e-13,5.772275709375962248e-14,3.993567916492721878e-14,6.841032231069581183e-13,3.911913122219671579e-14,5.712376374980551075e-14
5.765000000000000124e-01,3.616406685899622569e-05,2.214839976686978996e-05,2.760493427746513915e-06,3.045315120402968646e-09,4.980157381216170501e-07,1.075408852346679145e-05,4.137651365779553654e-12,1.493711070755839390e-13,1.877536453034632424e-11,1.496913058842688252e-13,5.678460952120960346e-14,4.071073998104536706e-14,6.820533409799553143e-13,3.987449820347824798e-14,5.616961839429573544e-14
5.769999999999999574e-01,9.074289440465880814e-05,4.137838224940099851e-05,2.788477842078693542e-06,3.160701222151446843e-09,4.788821900966462085e-07,4.609396754250372425e-05,4.178085443843517067e-12,1.560898476835291456e-13,1.851690034057016383e-11,1.564525272131646412e-13,5.578420837000577565e-14,4.150303423408459976e-14,6.787389948794456749e-13,4.064678724859063221e-14,5.515541571579941072e-14
5.775000000000000133e-01,2.953704911739479084e-04,1.313631077605285371e-04,2.821339954619075922e-06,3.453237284232934906e-09,4.601232065416140982e-07,1.607224433817385748e-04,4.211230577960092831e-12,1.628471523590469897e-13,1.822707729277858802e-11,1.644087277785173978e-13,5.474888657335948438e-14,4.229750989504073175e-14,6.750947875237956206e-13,4.142041209254898798e-14,5.411042988168486251e-14
5.780000000000000693e-01,7.529932712830150190e-04,3.421610276886042365e-04,2.861273938181952142e-06,3.992841368482700265e-09,4.417676110015784267e-07,4.075251858493650304e-04,4.236630769667621314e-12,1.694189533970052991e-13,1.791102410358986621e-11,1.737954316389407528e-13,5.368177108863067592e-14,4.308008158578014696e-14,6.716409655390840918e-13,4.218099480627424055e-14,5.304057096877163331e-14
5.785000000000000142e-01,1.604682464213238883e-03,7.424922159811212039e-04,2.911051598261176188e-06,4.868206733254166783e-09,4.238552558814236276e-07,8.588504501235794467e-04,4.253635758440786047e-12,1.755796949826771504e-13,1.757399123869181967e-11,1.848620902996247671e-13,5.256362802236917541e-14,4.384218815541788852e-14,6.683370898091406086e-13,4.292007293311064850e-14,5.193041441308114444e-14
5.789999999999999591e-01,3.036706932460903324e-03,1.423200179574199810e-03,2.974089066131628468e-06,6.189150003430448565e-09,4.064356587946704863e-07,1.610120016296105131e-03,4.261565389121437325e-12,1.811643417617522894e-13,1.722005961403520825e-11,1.979246435155017014e-13,5.136192357799306128e-14,4.458336215950675205e-14,6.646186341890636607e-13,4.363767013820982585e-14,5.075245088313536120e-14
5.795000000000000151e-01,5.287297817827123561e-03,2.500568910300175838e-03,3.054501711566266196e-06,8.088606043978589842e-09,3.895652765823203579e-07,2.783276729573269312e-03,4.259897126814171479e-12,1.861125184282452115e-13,1.685128299524446372e-11,2.134169672632988596e-13,5.004377409348658328e-14,4.531101074788272978e-14,6.595983602290941723e-13,4.434191875748066101e-14,4.948022365595832651e-14
5.800000000000000711e-01,8.652626249097036468e-03,4.119265716305478900e-03,3.157141881456493591e-06,1.072408071094807441e-08,3.733047643706675577e-07,4.529819340086500661e-03,4.248419638463473137e-12,1.904795823131445581e-13,1.646755082031446098e-11,2.319346005332255757e-13,4.858838304524510336e-14,4.603754420659998176e-14,6.523625236931741883e-13,4.504592462744205034e-14,4.810093851078860973e-14
5.805000000000000160e-01,1.349145476756917310e-02,6.454651119088873797e-03,3.287613595540421374e-06,1.427836195491960800e-08,3.577174932968815685e-07,7.033144017457879614e-03,4.227305698965946716e-12,1.944099692681911002e-13,1.606721473549396510e-11,2.542742017622478490e-13,4.699499306242065823e-14,4.677588267220120141e-14,6.422645761685236264e-13,4.576300499715814496e-14,4.662355390424293744e-14
5.809999999999999609e-01,2.022788561271216326e-02,9.714178525790510485e-03,3.452258084724347804e-06,1.895928840280213108e-08,3.428699741239200838e-07,1.050989297843596751e-02,4.197082510176076823e-12,1.980805641496671586e-13,1.564826294682898322e-11,2.814829315579430791e-13,4.528408817041259134e-14,4.753492530866643257e-14,6.291240162463358739e-13,4.650199120526936238e-14,4.508006166744063743e-14
5.815000000000000169e-01,2.935162130558039914e-02,1.413760166162293663e-02,3.658104221641321393e-06,2.499838462388920117e-08,3.288339253974405222e-07,1.521000768674521213e-02,4.158509014258779907e-12,2.016320139916686176e-13,1.520964012566990954e-11,3.149391997625187500e-13,4.349192268185575467e-14,4.831658334470032602e-14,6.132725074826615841e-13,4.726426848918757920e-14,4.352001042377711813e-14
5.820000000000000728e-01,4.141518079875654290e-02,1.999571961293234237e-02,3.912778620681853891e-06,3.264819556652887608e-08,3.156889153550758125e-07,2.141520004989007353e-02,4.112398055840117077e-12,2.051103570068419878e-13,1.475226122988559031e-11,3.564865499207421288e-13,4.166061171138777162e-14,4.911543687048820333e-14,5.954408597721778864e-13,4.804361717227680404e-14,4.200048928534511755e-14
5.825000000000000178e-01,5.702758195730523588e-02,2.758741982460739817e-02,4.224371547927702639e-06,4.217819024567064668e-08,3.035241281933818568e-07,2.943559203911990871e-02,4.059437522665605942e-12,2.084384555255102566e-13,1.427937259976699463e-11,4.086344715637342207e-13,3.982729052309786413e-14,4.992114607438901438e-14,5.765314574101843225e-13,4.882891960693138385e-14,4.057507243768350009e-14
5.829999999999999627e-01,7.684411029374772772e-02,3.723482960366004263e-02,4.601256740193101154e-06,5.386915678102443160e-08,2.924380054503424896e-07,3.960433310696782200e-02,4.000063969941066463e-12,2.114272998861088267e-13,1.379613730610868023e-11,4.748247963860137083e-13,3.801587629112142676e-14,5.072274683968598433e-14,5.573546522116249898e-13,4.960875040649970945e-14,3.928526246653815496e-14
5.835000000000000187e-01,1.015519441266793804e-01,4.927645652799693410e-02,5.051865639235559276e-06,6.800607620416492197e-08,2.825352019735514491e-07,5.227008517303376178e-02,3.934425179473393429e-12,2.138243099403943371e-13,1.330858713683048888e-11,5.597435499813404992e-13,3.623383013788887146e-14,5.151324636183675424e-14,5.384143641131340859e-13,5.037615101984793065e-14,3.815684134317542621e-14
5.840000000000000746e-01,1.318515942138515640e-01,6.405828625050169478e-02,5.584419185526468969e-06,8.486953864907859123e-08,2.739211898996341488e-07,6.778736473517116279e-02,3.862440222583168867e-12,2.153835557546879400e-13,1.282229934555955233e-11,6.696405187418561875e-13,3.447448744210486104e-14,5.229277952757444853e-14,5.198069584172951387e-13,5.113177829257287209e-14,3.720170839294916467e-14
5.845000000000000195e-01,1.684343349648993460e-01,8.192290972824108064e-02,6.206622957864520954e-06,1.047258490461930765e-07,2.666955885878615208e-07,8.650484717443368554e-02,3.783935751061539399e-12,2.159354279563338877e-13,1.234124797636815854e-11,8.126070375099863623e-13,3.272366559396416125e-14,5.306907306399145413e-14,5.012569446652596761e-13,5.188417546509956741e-14,3.642392025982568263e-14
5.849999999999999645e-01,2.119560451753211561e-01,1.031968667098421555e-01,6.925333905516314927e-06,1.278160558523280402e-07,2.609456132249871298e-07,1.087518643524685719e-01,3.698814699226168453e-12,2.154332352485799176e-13,1.186721586202684141e-11,9.987597223386921052e-13,3.096799182427229850e-14,5.385493994776387065e-14,4.822676153934680477e-13,5.264696233937231544e-14,3.582737389466156360e-14
5.855000000000000204e-01,2.630081268232116742e-01,1.281765129175801987e-01,7.746209087432377372e-06,1.543442208217394313e-07,2.567408231716628493e-07,1.348234565944035346e-01,3.607205086600046806e-12,2.139615886224774640e-13,1.139995691028272264e-11,1.240284683486645605e-12,2.920208850181442806e-14,5.466364749456662305e-14,4.623296134471599580e-13,5.343390607045411693e-14,3.542226452929844688e-14
5.860000000000000764e-01,3.220864167150427892e-01,1.571128382390553080e-01,8.673348668228979659e-06,1.844653254317211181e-07,2.541297300194231932e-07,1.649644665154397227e-01,3.509544344390079357e-12,2.117038561059314322e-13,1.093803781667955871e-11,1.551311164878669171e-12,2.743242130774058002e-14,5.550385126860755262e-14,4.411164050297023950e-13,5.425367973184373292e-14,3.522812325308912922e-14
5.865000000000000213e-01,3.895592321729861029e-01,1.901957751250059614e-01,9.708946920244380301e-06,2.182732755848942000e-07,2.531380677009976163e-07,1.993532766730824468e-01,3.406575620718796795e-12,2.088793382633568285e-13,1.048005470990982876e-11,1.947601697543408960e-12,2.567693866751565428e-14,5.637602653581557979e-14,4.186058202843039968e-13,5.510630658654461460e-14,3.527257665633007150e-14
5.869999999999999662e-01,4.656358825851357741e-01,2.275386326612771071e-01,1.085296613235371383e-05,2.557895162259493018e-07,2.537679441018876692e-07,2.380858873837213563e-01,3.299259902777406493e-12,2.056706847692445716e-13,1.002579452677515668e-11,2.446063307097447214e-12,2.396109916827798818e-14,5.727183741294471113e-14,3.950960001895752318e-13,5.598272147393589447e-14,3.558646188456528566e-14
5.875000000000000222e-01,5.503371181299945292e-01,2.691633649603364375e-01,1.210284906286064040e-05,2.969527975630558909e-07,2.559969079803603464e-07,2.811610973543131609e-01,3.188632879665079701e-12,2.021651652393709602e-13,9.576936063779059458e-12,3.064097574500625302e-12,2.231198957036088333e-14,5.817681403380796929e-14,3.711210841366513778e-13,5.686774009442761413e-14,3.619705996690414746e-14
5.880000000000000782e-01,6.434690616419258546e-01,3.149874257569661440e-01,1.345328576994467970e-05,3.416106412048432672e-07,2.597762265941272615e-07,3.284675811955701796e-01,3.075650675790025857e-12,1.983287112959966263e-13,9.137051538590669754e-12,3.818814919750268735e-12,2.075264800851444362e-14,5.907544469927245774e-14,3.473038479333249293e-13,5.774542557182832248e-14,3.712163870041942994e-14
5.885000000000000231e-01,7.446021684470681690e-01,3.648129687072662053e-01,1.489605013074666857e-05,3.895130349301952172e-07,2.650282452763982042e-07,3.797736491312982965e-01,2.961069715271808985e-12,1.940207633054942090e-13,8.710916748014728510e-12,4.726141229571659825e-12,1.929836649151634162e-14,5.995681338239098721e-14,3.241990820621867489e-13,5.860487493602927216e-14,3.836315821398908450e-14
5.889999999999999680e-01,8.530566748226293683e-01,4.183191208362051494e-01,1.641991995539954436e-05,4.403088371832300281e-07,2.716433394325491848e-07,4.347204220966743859e-01,2.845393379552891136e-12,1.890445547813707361e-13,8.303379098502229954e-12,5.799845597450939600e-12,1.795585946781658995e-14,6.081861681498248451e-14,3.021786385200933808e-13,5.944420526294139143e-14,3.990909058143967126e-14
5.895000000000000240e-01,9.678958257793681685e-01,4.750579828741779975e-01,1.801069221183090375e-05,4.935452962758657187e-07,2.794774105930832451e-07,4.928190591719287528e-01,2.728896357231961868e-12,1.832160384747098555e-13,7.918183408622797313e-12,7.050519863225023860e-12,1.672512028551388830e-14,6.166792790445143616e-14,2.813895979475443190e-13,6.027112603354566391e-14,4.173321186564921756e-14
5.900000000000000799e-01,1.087927919456943338e+00,5.344548952571248623e-01,1.965130151713954243e-05,5.486709859667320718e-07,2.883509547174622951e-07,5.534525358570859810e-01,2.611713801347629243e-12,1.764289792598529277e-13,7.557163656006384780e-12,8.484546420321265504e-12,1.560293018990454987e-14,6.251826483636704770e-14,2.617891669801176942e-13,6.109974141521618227e-14,4.379933415431903411e-14
5.905000000000000249e-01,1.211717876173249664e+00,5.958133552756983420e-01,2.132204587184414479e-05,6.050423318363550997e-07,2.980504309040256883e-07,6.158822957385021724e-01,2.493963969415070254e-12,1.686956007464077815e-13,7.220073702761275970e-12,1.010310103881723810e-11,1.458659959276409533e-14,6.338394230751598018e-14,2.432340576326675668e-13,6.194467150570732085e-14,4.606553121703087221e-14
5.909999999999999698e-01,1.337608647894848568e+00,6.583247847482105453e-01,2.300091888161510820e-05,6.619337569600795706e-07,3.083321179502910400e-07,6.792598919401244828e-01,2.375865201732966111e-12,1.601507896996932507e-13,6.905101038698301903e-12,1.190125043533994289e-11,1.367667415233277911e-14,6.427377845873737291e-14,2.255868753212832956e-13,6.281465951601364592e-14,4.848754837864832774e-14
5.915000000000000258e-01,1.463752346139307603e+00,7.210831365674272853e-01,2.466404276201241623e-05,7.185513177741659834e-07,3.189280828312149661e-07,7.426435080264301991e-01,2.257812570501597475e-12,1.510201775419630514e-13,6.609866834046388240e-12,1.386721619685488986e-11,1.287789723946918277e-14,6.518656447654421921e-14,2.088015151852697669e-13,6.370810745182429351e-14,5.102064706970317866e-14
5.920000000000000817e-01,1.588150504534367791e+00,7.831041025126970201e-01,2.628619159459821088e-05,7.740495399049736484e-07,3.295535053955551668e-07,8.050190122020451922e-01,2.140394086361406352e-12,1.415641868115876681e-13,6.332548288503951223e-12,1.598188278026153890e-11,1.219842996665737044e-14,6.611011067610531877e-14,1.929622087786490052e-13,6.461231825326369370e-14,5.361985857073690477e-14
5.925000000000000266e-01,1.708702430674198025e+00,8.433484553831598340e-01,2.784138988737685280e-05,8.275510077576711521e-07,3.399145205482098507e-07,8.653249664087960813e-01,2.024345818476935646e-12,1.320174033456986610e-13,6.072723430741074462e-12,1.821862371180261999e-11,1.164791869341011355e-14,6.702435866070921336e-14,1.782706368467942627e-13,6.550684361935636546e-14,5.623922957750784190e-14
5.929999999999999716e-01,1.823260166154034634e+00,9.007488382931252424e-01,2.930356769981330657e-05,8.781681193399140974e-07,3.497159364335891900e-07,9.224807963803760558e-01,1.910463379719734096e-12,1.225431160880014303e-13,5.831644766425600371e-12,2.054350492832218420e-11,1.123528064163240456e-14,6.790748613043043492e-14,1.649945005960328657e-13,6.636975924916118493e-14,5.883093628132591948e-14
5.935000000000000275e-01,1.929688189197749093e+00,9.542391155805767244e-01,3.064725055644288245e-05,9.250262968825422915e-07,3.586685382703839931e-07,9.754171426409784518e-01,1.799498575805875604e-12,1.132166701619292912e-13,5.611856541595964841e-12,2.291589838773808221e-11,1.096700376362436408e-14,6.874273547181845110e-14,1.534023798797781618e-13,6.718452516639365771e-14,6.134506750742683509e-14
5.940000000000000835e-01,2.025925684807844629e+00,1.002785235328435220e+00,3.184826017670511515e-05,9.672878509580086737e-07,3.664960196281755861e-07,1.023107267402504794e+00,1.692071761570599459e-12,1.040408262542814309e-13,5.416305284820769343e-12,2.528950624444120573e-11,1.084641631466309951e-14,6.952335358885226467e-14,1.437104004719444343e-13,6.794480833204503911e-14,6.373051696478488178e-14
5.945000000000000284e-01,2.110048993202471745e+00,1.045416433714686288e+00,3.288440075896638263e-05,1.004175636300493602e-06,3.729417533164382305e-07,1.064598297934740811e+00,1.588622936564246913e-12,9.498542155798962118e-14,5.247270897159126775e-12,2.761376131531298602e-11,1.087394596634166845e-14,7.025370286733538046e-14,1.360573502698264399e-13,6.865538437258431205e-14,6.593695535516420703e-14
5.949999999999999734e-01,2.180331744032466101e+00,1.081255544893124920e+00,3.373610524846189977e-05,1.034995615272819908e-06,3.777755670599791425e-07,1.099041050226043481e+00,1.489411010190287760e-12,8.603609481115352257e-14,5.105503783736929383e-12,2.983553869976911036e-11,1.104803433762067697e-14,7.094605824243574340e-14,1.305110679374152350e-13,6.932873182205280306e-14,6.791746205712460380e-14
5.955000000000000293e-01,2.235300201143902488e+00,1.109547172698391426e+00,3.438701677606856592e-05,1.059157462222423673e-06,3.808004710132916772e-07,1.125717201432089531e+00,1.394555707021567269e-12,7.723512074707685116e-14,4.989873763205451548e-12,3.190109039266768078e-11,1.136621508446609147e-14,7.161429010724393096e-14,1.270961658818422980e-13,6.997861424979355569e-14,6.963121090912409966e-14
5.960000000000000853e-01,2.273781483395119540e+00,1.129682534762406210e+00,3.482448234605196565e-05,1.076192399407577455e-06,3.818590130373634960e-07,1.144062666058574429e+00,1.304104934788482453e-12,6.870175248900101664e-14,4.897649529879796893e-12,3.375810140123059041e-11,1.182592166058215803e-14,7.226688438426241129e-14,1.258263258639201788e-13,7.061315091910190618e-14,7.104565550952068067e-14
5.965000000000000302e-01,2.294942587068212525e+00,1.141219904695708109e+00,3.503993889186208502e-05,1.085767551380352069e-06,3.808387453943123273e-07,1.153686175785498591e+00,1.218105244990144705e-12,6.062793733243820509e-14,4.825301622851987015e-12,3.535776168351423057e-11,1.242479807289321819e-14,7.290205849019053580e-14,1.267254959847025197e-13,7.123011432214358881e-14,7.213788430325448814e-14
5.969999999999999751e-01,2.298318503516184386e+00,1.143899749318037173e+00,3.502917593269209317e-05,1.087696236134004302e-06,3.776762600288197302e-07,1.154382259606740346e+00,1.136655071614439529e-12,5.325448089518022214e-14,4.769538082356423332e-12,3.665675088605161623e-11,1.316053142802770084e-14,7.350694654674877887e-14,1.298298904720649127e-13,7.181634542166126097e-14,7.289509978765190582e-14
5.974999999999999201e-01,2.283828184141405426e+00,1.137653877607896158e+00,3.479246406384017278e-05,1.081943772168297542e-06,3.723593971250563845e-07,1.146138059722452862e+00,1.059928191449995706e-12,4.683920548818079380e-14,4.728204693634405216e-12,3.761903955138144793e-11,1.403040548979325135e-14,7.406123489113178086e-14,1.351728073105747649e-13,7.235155894573668723e-14,7.331440532702356403e-14
5.979999999999999760e-01,2.251777630368626770e+00,1.122608175177349121e+00,3.433454411332545453e-05,1.068628563036940572e-06,3.649274865551055421e-07,1.129133687046788515e+00,9.881651944255818639e-13,4.163010686639793144e-14,4.700736326817610570e-12,3.821741911975869328e-11,1.503083425435585302e-14,7.454384928652438921e-14,1.427623179242211771e-13,7.281505436558303978e-14,7.340218796950038328e-14
5.985000000000000320e-01,2.202849951543815354e+00,1.099078779386470250e+00,3.366447764509285202e-05,1.048018415479018471e-06,3.554697393670431448e-07,1.103736104147073238e+00,9.216401867967690559e-13,3.785272649716100547e-14,4.688010491832997638e-12,3.843468310440994111e-11,1.615707900500549247e-14,7.494004198724039500e-14,1.525645267134589432e-13,7.319265859044439165e-14,7.317335957941613875e-14
5.989999999999999769e-01,2.138082808719263816e+00,1.067561840821387609e+00,3.279536522485150817e-05,1.020522243612137707e-06,3.441220738968944311e-07,1.070486807844078792e+00,8.606157649683110875e-13,3.571376891962071875e-14,4.691668437618856572e-12,3.826439429089545478e-11,1.740323279468228753e-14,7.524602176099733908e-14,1.645016128047307605e-13,7.348109872451088085e-14,7.265060712196773734e-14
5.994999999999999218e-01,2.058834216431569608e+00,1.028717301213177837e+00,3.174394416839579434e-05,9.866774996131752222e-07,3.310626980816534411e-07,1.030083853490342038e+00,8.053003335838757611e-13,3.541555548847198823e-14,4.713156273397556024e-12,3.771118956784517603e-11,1.876243826041731369e-14,7.546922451762465782e-14,1.784662369388277476e-13,7.368801447727241289e-14,7.186367359175986568e-14
5.999999999999999778e-01,1.966738178375401436e+00,9.833473806869941214e-01,3.053008211868698678e-05,9.471338414083235034e-07,3.165067007428271029e-07,9.833590039229753721e-01,7.558186328807848833e-13,3.717138944642836759e-14,4.752833257543568424e-12,3.679059657099139471e-11,2.022723555543184702e-14,7.562407825829225331e-14,1.943458085538206919e-13,7.382758509955172067e-14,7.084860029832060850e-14
6.005000000000000338e-01,1.863652059842146214e+00,9.323706944395948604e-01,2.917618658452499091e-05,9.026336921786448360e-07,3.006998009210922689e-07,9.312509858409292463e-01,7.122006710545660982e-13,4.121221513073741992e-14,4.809465249499070031e-12,3.552836473542553017e-11,2.178992892622549586e-14,7.572497636153802473e-14,2.120452655384584332e-13,7.391356072505023724e-14,6.964683293926980905e-14
6.009999999999999787e-01,1.751597928046789265e+00,8.767930985842948832e-01,2.770655342152580534e-05,8.539904588085999982e-07,2.839113438103282639e-07,8.747759849672354093e-01,6.743883576428717604e-13,4.777992445906272946e-14,4.880281287034843199e-12,3.395934550789022880e-11,2.344289245149695562e-14,7.577937491750887714e-14,2.314975343242408912e-13,7.395260671680065850e-14,6.830411785830669749e-14
6.014999999999999236e-01,1.632700305031800303e+00,8.176764878447253526e-01,2.614667908521967730e-05,8.020652524883146695e-07,2.664266598180968604e-07,8.149966019777963311e-01,6.422548484356139399e-13,5.711010229026518469e-14,4.961571824028163022e-12,3.212598829919984245e-11,2.517877347022821872e-14,7.578395518288348640e-14,2.526563710888791120e-13,7.394080887217834113e-14,6.686916153699116404e-14
6.019999999999999796e-01,1.509122867551374592e+00,7.561068282749698888e-01,2.452256228826364584e-05,7.477429920355829524e-07,2.485390110448590103e-07,7.529905203957842907e-01,6.156298420807953498e-13,6.941354724476564414e-14,5.049619258703425997e-12,3.007654527657990650e-11,2.699057138391710306e-14,7.572559055827892780e-14,2.754742681971548443e-13,7.386493446481846198e-14,6.539206823260928793e-14
6.025000000000000355e-01,1.383006592311817773e+00,6.931627041897553410e-01,2.286002040696554746e-05,6.919087682989175408e-07,2.305414807193393096e-07,6.898201056171804346e-01,5.943246501776153214e-13,8.486840707913322350e-14,5.141639971649775819e-12,2.786309488940739102e-11,2.887156855855626715e-14,7.558688386901842095e-14,2.998749290236097900e-13,7.370807925271366825e-14,6.392259786987558224e-14
6.029999999999999805e-01,1.256411688534146531e+00,6.298855917402027549e-01,2.118404458444813200e-05,6.354253070245216989e-07,2.127192421756568107e-07,6.265040645727841806e-01,5.781528646807459198e-13,1.036316488988502690e-13,5.236418743307614578e-12,2.553949868588239018e-11,3.081508948892673941e-14,7.535408821643270910e-14,3.257324130253562664e-13,7.345744724780414002e-14,6.250830822086518022e-14
6.034999999999999254e-01,1.131265395125986339e+00,5.672529474058521926e-01,1.951821499605464584e-05,5.791122902939389592e-07,1.953426222481443730e-07,5.639921550204436418e-01,5.669447067019344454e-13,1.258706209491533641e-13,5.334427513849474586e-12,2.315939897389208877e-11,3.281409043164627523e-14,7.502411045649917428e-14,3.528662698023738264e-13,7.311099956757014301e-14,6.119267912938024994e-14
6.039999999999999813e-01,1.009317364748032020e+00,5.061550266216481297e-01,1.788419428387812279e-05,5.237281873554849377e-07,1.786612457277397415e-07,5.031437515151196971e-01,5.605547934008457812e-13,1.518056480848358560e-13,5.437399816138079807e-12,2.077434936702520086e-11,3.486064534414462138e-14,7.460752461012328895e-14,3.810550430439692985e-13,7.268003270315995877e-14,6.001336923958336205e-14
6.045000000000000373e-01,8.921039342373320302e-01,4.473761369267358345e-01,1.630131293400297542e-05,4.699551105325875866e-07,1.628993610768654550e-07,4.447108631178178784e-01,5.588638346891806003e-13,1.817470830396896590e-13,5.547516683022587142e-12,1.843215102664440735e-11,3.694547763512221092e-14,7.412606150138563209e-14,4.100625005095862732e-13,7.218633144328146950e-14,5.900081259211826970e-14
6.049999999999999822e-01,7.809221157265388014e-01,3.915807943279137060e-01,1.478625565111964039e-05,4.183870587316426529e-07,1.482522805155269954e-07,3.893259684803328513e-01,5.617749712551536224e-13,2.161086811152735849e-13,5.666486731109523843e-12,1.617544916317445475e-11,3.905774788983645302e-14,7.360531129934184692e-14,4.396653969803059404e-13,7.165478490033663166e-14,5.817738843495470554e-14
6.054999999999999272e-01,6.768136622330457319e-01,3.393050048745088754e-01,1.335285291761178890e-05,3.695217489218029584e-07,1.348837887967917742e-07,3.374948000787090785e-01,5.692056632794396848e-13,2.553851940767349158e-13,5.794831629425597209e-12,1.404063005465181754e-11,4.118529652935361244e-14,7.306546403124875646e-14,4.696709975426155609e-13,7.110434866163919385e-14,5.755735353663773886e-14
6.059999999999999831e-01,5.805590919700109875e-01,2.909526496446561694e-01,1.201197724316167495e-05,3.237560742789222134e-07,1.229244101340181099e-07,2.895939836480139751e-01,5.810766760461967564e-13,3.000943587023056449e-13,5.931612183436363419e-12,1.205704868519145630e-11,4.331543037242137956e-14,7.251393389971325874e-14,4.999173011100672043e-13,7.054113158786197376e-14,5.714759303307042417e-14
6.065000000000000391e-01,4.926811216533893423e-01,2.467967235169034601e-01,1.077153939248411731e-05,2.813850754300549679e-07,1.124705399023995970e-07,2.458732327234341708e-01,5.973007871567440167e-13,3.506979090636991945e-13,6.074678890388173694e-12,1.024660863652254809e-11,4.543615001674931458e-14,7.194317658593133776e-14,5.302568904207779993e-13,6.995674312833452876e-14,5.694904327352121313e-14
6.069999999999999840e-01,4.134565817456455905e-01,2.069849777053092144e-01,9.636576306695332321e-06,2.426041759842773972e-07,1.035845710791298739e-07,2.064616212586065647e-01,6.177748733460482142e-13,4.075273619105960728e-13,6.221356857580663864e-12,8.623705160665934847e-12,4.753750441547334243e-14,7.133504444718635048e-14,5.605330830546827193e-13,6.933303181781163015e-14,5.695842982913221960e-14
6.074999999999999289e-01,3.429355824623742111e-01,1.715493522768394563e-01,8.609419589660655960e-06,2.075143208790373036e-07,9.629619110215651001e-08,1.713773169399183949e-01,6.423792774180316137e-13,4.707431907460648252e-13,6.369336173704642646e-12,7.195525911681004153e-12,4.961262030677789397e-14,7.067036230159842587e-14,5.905610721121535224e-13,6.865172888463344790e-14,5.716983070170068926e-14
6.079999999999999849e-01,2.809664797522872792e-01,1.404184642407337869e-01,7.689931314611150935e-06,1.761295693833131412e-07,9.060494282622479979e-08,1.405400588311680465e-01,6.709872108428972829e-13,5.403482797950891985e-13,6.517478604656755241e-12,5.962680453951825540e-12,5.165796701237150766e-14,6.994010866209359177e-14,6.201250762039253222e-13,6.790533152937663330e-14,5.757559262637021665e-14
6.085000000000000409e-01,2.272250609488016271e-01,1.134323428267665634e-01,6.875792476769107303e-06,1.483866352226291536e-07,8.648394481655264273e-08,1.137856074451749910e-01,7.034843589651802112e-13,6.162596893792296110e-13,6.666285623119259637e-12,4.920101660636660315e-12,5.367261157105887378e-14,6.915363066380825463e-14,6.489956621433827495e-13,6.710475068963438578e-14,5.816632373624802824e-14
6.089999999999999858e-01,1.812463303293979922e-01,9.035857677037410773e-02,6.162828630666788131e-06,1.241558339899770295e-07,8.388442363139009601e-08,9.088138267689521710e-02,7.397954816246013973e-13,6.984218972500265960e-13,6.817886050332137940e-12,4.058135025626303626e-12,5.565655243477827908e-14,6.834019078080741110e-14,6.769621658900396072e-13,6.628023433208660319e-14,5.893001623640970285e-14
6.094999999999999307e-01,1.424573200843805010e-01,7.090905646878606361e-02,5.545357086753978606e-06,1.032528915093527211e-07,8.274052772100581775e-08,7.154253225222802215e-02,7.799118611579880313e-13,7.869270820755931887e-13,6.975554677473636741e-12,3.363713026426998579e-12,5.760858239222671272e-14,6.754260566797628900e-14,7.038675010530675420e-13,6.547457578306136467e-14,5.985071201872713176e-14
6.099999999999999867e-01,1.102094723107452101e-01,5.475655193449732033e-02,5.016540506389241639e-06,8.545108423349679706e-08,8.297385778046293035e-08,5.544773539814747826e-02,8.239122668447131193e-13,8.821006194107266715e-13,7.142916814109353996e-12,2.821507557014260525e-12,5.952438263947562978e-14,6.680489129537932270e-14,7.296300967414405702e-13,6.473070710906106577e-14,6.090737644002038569e-14
6.105000000000000426e-01,8.380931914209625855e-02,4.155045871337394170e-02,4.568732836378467112e-06,7.049322174270443081e-08,8.449729289888517353e-08,4.225413669276879836e-02,8.719715279046096236e-13,9.845167448379992504e-13,7.323084476554703421e-12,2.414967384557148526e-12,6.139557320012379206e-14,6.615843317089654546e-14,7.542417203927952447e-13,6.407823965736540157e-14,6.207367659236996846e-14
6.109999999999999876e-01,6.254641508077378453e-02,3.093116010293313345e-02,4.193805241535703697e-06,5.810303909969552981e-08,8.721797037235417904e-08,3.161091583889179268e-02,9.243547403063224132e-13,1.094929543402288288e-12,7.517983340564127151e-12,2.127177881266164775e-12,6.321019825818825967e-14,6.561215821542876278e-14,7.777392563505876170e-13,6.352430366995026405e-14,6.331912727068613503e-14
6.114999999999999325e-01,4.571773085161479067e-02,2.254258608294304467e-02,3.883441941522634944e-06,4.799563959984319240e-08,9.103958292015264858e-08,2.317112227858464379e-02,9.814004111015262435e-13,1.214132334071025294e-12,7.728065687964060180e-12,1.941520170593686113e-12,6.495466753388143634e-14,6.515099413937655345e-14,8.001595415862985106e-13,6.305272163394084386e-14,6.461162481544725931e-14
6.119999999999999885e-01,3.264798444486015361e-02,1.604268821881112139e-02,3.629398477581518415e-06,3.988671183852165144e-08,9.586436579936555062e-08,1.660153106323148872e-02,1.043500550232534749e-12,1.342785030492189807e-12,7.952485922064575360e-12,1.842146123182811791e-12,6.661665467039707690e-14,6.474389584227791743e-14,8.214945907296406606e-13,6.263251189110814865e-14,6.592087772253739124e-14
6.125000000000000444e-01,2.270564631606142303e-02,1.111168676876104350e-02,3.423717706004789546e-06,3.350033367659257310e-08,1.015951696576300094e-07,1.159040072039103399e-02,1.111087867600939749e-12,1.481264626016793527e-12,8.189678459177938674e-12,1.814313788328592773e-12,6.818805860317026174e-14,6.435898048293960844e-14,8.416663598618759699e-13,6.223306152753027184e-14,6.722184652543119232e-14
6.129999999999999893e-01,1.531459781490949329e-02,7.458073675904751398e-03,3.258901496472433228e-06,2.857526385576632073e-08,1.081378414349558563e-07,7.853128510181429239e-03,1.184638579065560272e-12,1.629591947845448193e-12,8.438162228165633266e-12,1.844637370880629445e-12,6.966702253664740832e-14,6.398028966117555167e-14,8.605344153909448372e-13,6.184044986514348286e-14,6.849718213910115699e-14
6.134999999999999343e-01,9.961633381260269135e-03,4.822466823925907614e-03,3.128038488093436011e-06,2.486970412105835774e-08,1.154038391755682683e-07,5.135898230488360888e-03,1.264693988408554521e-12,1.787467182612078939e-12,8.697332735840825965e-12,1.921295030092212161e-12,7.105824324313162292e-14,6.361964128422940465e-14,8.779383115651025674e-13,6.146853608357200067e-14,6.973787263842577999e-14
6.139999999999999902e-01,6.200169601729330592e-03,2.979502326742427577e-03,3.024890176559318281e-06,2.216458609102037115e-08,1.233127179569990456e-07,3.217496892036212936e-03,1.351896622206032687e-12,1.954412764484039076e-12,8.968007138955538425e-12,2.034211510536760060e-12,7.237133214187401969e-14,6.331849444185496059e-14,8.937633463198455208e-13,6.116002157717903410e-14,7.094182368113343380e-14
6.145000000000000462e-01,3.650652956269439826e-03,1.738019957823083586e-03,2.943939016008999686e-06,2.026549463959221451e-08,1.317939759959319533e-07,1.909536983777086576e-03,1.447029945845092499e-12,2.129985534427852965e-12,9.252557102504495947e-12,2.175201182015409786e-12,7.361763949354704695e-14,6.313831479039746457e-14,9.080086603767496682e-13,6.097628974981927188e-14,7.211074725927565160e-14
6.149999999999999911e-01,1.998241404223018765e-03,9.398411412222401357e-04,2.880403149000287011e-06,1.900338188098314002e-08,1.407878192045623032e-07,1.055360051700032255e-03,1.551047407261388905e-12,2.313993022748659182e-12,9.554579074814347771e-12,2.338032826767188479e-12,7.480650043620714823e-14,6.314232727911644458e-14,9.208342145758863194e-13,6.097912926190119724e-14,7.324629862105021139e-14
6.154999999999999361e-01,9.883742989398815095e-04,4.574599089221998869e-04,2.830222915571625935e-06,1.823425332960080980e-08,1.502446744103682078e-07,5.279156703986538027e-04,1.665078584937530376e-12,2.506641418090535226e-12,9.878181591604389348e-12,2.518370747610995288e-12,7.594210838651627353e-14,6.337510458842291228e-14,9.325691970911067658e-13,6.121082162923538932e-14,7.434668152982381531e-14
6.159999999999999920e-01,4.208444875229957940e-04,1.909669678729118225e-04,2.790024542391422240e-06,1.783802200423212175e-08,1.601236528075570759e-07,2.269095147716398031e-04,1.790407549471395481e-12,2.708559450918415249e-12,1.022708027803527326e-11,2.713561946318303827e-12,7.702206818038546858e-14,6.384771937729234319e-14,9.436768874276096748e-13,6.168014715065623992e-14,7.540482812427541880e-14
6.165000000000000480e-01,1.429518411064631996e-04,6.450869446053058502e-05,2.757066459397043965e-06,1.771672929694448795e-08,1.703904854130401764e-07,7.549795336066368731e-05,1.928429063070913715e-12,2.920679347927596778e-12,1.060375345707378314e-11,2.922272940359273689e-12,7.803816669761268596e-14,6.453454869697571758e-14,9.546855339900954442e-13,6.236007779725881940e-14,7.640877533644028957e-14
6.169999999999999929e-01,4.225619108032620025e-05,2.255039451006042892e-05,2.729173576117584188e-06,1.779232544747137185e-08,1.810155866627732825e-07,1.677779445349748003e-05,2.080598241554918963e-12,3.144002295784689262e-12,1.100890600529484399e-11,3.144021811160662517e-12,7.897918847514518834e-14,6.538372099445444706e-14,9.661062402027787839e-13,6.319880275107353325e-14,7.734415737449037554e-14
6.174999999999999378e-01,3.936769114105446673e-05,2.617080725314338167e-05,2.704664574516371768e-06,1.800418919035233547e-08,1.919727902188879253e-07,1.028222061929835713e-05,2.248394737562284704e-12,3.379316550306976309e-12,1.144141392158733316e-11,3.378686884823556796e-12,7.983493447736798822e-14,6.633807992690921278e-14,9.783632455376949627e-13,6.414072539425937134e-14,7.819804298273421040e-14
6.179999999999999938e-01,8.112197568886666643e-05,4.956688074855190949e-05,2.682276820736755941e-06,1.830654689344819609e-08,2.032389840031125607e-07,2.865124971969097120e-05,2.433320492265169661e-12,3.626957280115724518e-12,1.189879286664859316e-11,3.626089390377951587e-12,8.060019843824581391e-14,6.735931730740919251e-14,9.917579979505395333e-13,6.515005340671253917e-14,7.896289565380627878e-14
6.185000000000000497e-01,1.343935980356350231e-04,7.689830293866199750e-05,2.661092854380878891e-06,1.866592741576644616e-08,2.147944777627845827e-07,5.460071774789621826e-05,2.636940222379414674e-12,3.886689936143304076e-12,1.237808276957857677e-11,3.885735482908029393e-12,8.127745181367598912e-14,6.844627138671152796e-14,1.006477707340941830e-12,6.622817014294481489e-14,7.963937380810653139e-14
6.189999999999999947e-01,1.807105866194338246e-04,9.955360329915556041e-05,2.640471602804917695e-06,1.905876125806089455e-08,2.266236285134401437e-07,7.827080395348846582e-05,2.860958612066920428e-12,4.157763822427360084e-12,1.287690917066141208e-11,4.156763967646403556e-12,8.187738488038840155e-14,6.964007164853749458e-14,1.022645528855895692e-12,6.741781430162943053e-14,8.023703589014623219e-14
6.194999999999999396e-01,2.117507481014606319e-04,1.138766095540248686e-04,2.619986552605901973e-06,1.946920304316571785e-08,2.387151549548032321e-07,9.499594091449614576e-05,3.107312653948938363e-12,4.439129442461438974e-12,1.339441113954098973e-11,4.438089999075212605e-12,8.241711497282437225e-14,7.101337499186160282e-14,1.040397678902333754e-12,6.879168196017325563e-14,8.077265814738869573e-14
6.199999999999999956e-01,2.257303117703943272e-04,1.193556228939874459e-04,2.599372185289837152e-06,1.988722703554710172e-08,2.510617297695050785e-07,1.035043395986590120e-04,3.378247616261337167e-12,4.729758645287552718e-12,1.393174322761442995e-11,4.728678594511190540e-12,8.291658657828521287e-14,7.264679759281800274e-14,1.059966118157836179e-12,7.042880531928039786e-14,8.126660364759131869e-14
6.205000000000000515e-01,2.246398972750665861e-04,1.172490223096018673e-04,2.578479150363530373e-06,2.030701854357283269e-08,2.636587796668232841e-07,1.045284003978991076e-04,3.676345399283962040e-12,5.028968697746769891e-12,1.449196929872769534e-11,5.027843052656908827e-12,8.339422691739249404e-14,7.460064855755674208e-14,1.081745260824534564e-12,7.238684615014664248e-14,8.173827092102797044e-14
6.209999999999999964e-01,2.122424341971603141e-04,1.096005182825799198e-04,2.557237986828817286e-06,2.072566160520043266e-08,2.765027989614460876e-07,9.978741828728985403e-05,4.004486150022499306e-12,5.336643841842297916e-12,1.507934498899359081e-11,5.335455817918841990e-12,8.386312532755608296e-14,7.689228356747277218e-14,1.106326497033668720e-12,7.468041976084551097e-14,8.220192314977636920e-14
6.214999999999999414e-01,1.927221701757926900e-04,9.858467774923583300e-05,2.535630751299117164e-06,2.114210656575997281e-08,2.895897287358969906e-07,9.129109701251773336e-05,4.365745322893892924e-12,5.653275052007606009e-12,1.569818358184367608e-11,5.651987130168111768e-12,8.432882878291735110e-14,7.948784942546702987e-14,1.134492648353237952e-12,7.727385818528619289e-14,8.266408302592489903e-14
6.219999999999999973e-01,1.698618864070581245e-04,8.611783734868924960e-05,2.513669657794636027e-06,2.155639023109637934e-08,3.029139599251272859e-07,8.090587447988407976e-05,4.763252480392344510e-12,5.979793667088920968e-12,1.635165516945956068e-11,5.978342759293541922e-12,8.478936170459456157e-14,8.231228428849681815e-14,1.167173100051629657e-12,8.009189260078408616e-14,8.312322355028476493e-14
6.225000000000000533e-01,1.466247979672036640e-04,7.366994011188864803e-05,2.491381733942260731e-06,2.196907546043410401e-08,3.164682777604411637e-07,7.012500235189294217e-05,5.200056585114168379e-12,6.317240756479161828e-12,1.704092524653387681e-11,6.315539420232130988e-12,8.523744401266618197e-14,8.527485152907294461e-14,1.205367459515808304e-12,8.304527297498312157e-14,8.357183638034297605e-14
6.229999999999999982e-01,1.250258346375000536e-04,6.221779007210736438e-05,2.468798489187427959e-06,2.238087495102729153e-08,3.302446777414086234e-07,5.998658215473511485e-05,5.679047697875331268e-12,6.666370234152519749e-12,1.776496656831032909e-11,6.664313661613832280e-12,8.566428406919282941e-14,8.830159660581741014e-14,1.250050708900301742e-12,8.606267962748787571e-14,8.400030674250610402e-14
6.234999999999999432e-01,1.061914132255911691e-04,5.228827647771668870e-05,2.445949619903120348e-06,2.279242403632975203e-08,3.442356167522674797e-07,5.109011865790128121e-05,6.202972916875263846e-12,7.027310751856879011e-12,1.852118733930584054e-11,7.024787912035935930e-12,8.606392018061996816e-14,9.136314481959775678e-14,1.302076400614722406e-12,8.911754925546931865e-14,8.440154326427564054e-14
6.239999999999999991e-01,9.052485430207788048e-05,4.404989829816581711e-05,2.422859816176599222e-06,2.320416842952044282e-08,3.584350790907635129e-07,4.367041434315648550e-05,6.774556785112075305e-12,7.399398801707732418e-12,1.930676146956005444e-11,7.396305447048653314e-12,8.643696359923070247e-14,9.448742925932452883e-14,1.362096886746605718e-12,9.223977072944103393e-14,8.477511802639964163e-14
6.245000000000000551e-01,7.791397371476284286e-05,3.742121143398835232e-05,2.399547785004794711e-06,2.361633452171525158e-08,3.728389219915447608e-07,3.769671436780800376e-05,7.396700835115385974e-12,7.781245320272356157e-12,2.012030365053277206e-11,7.777496415300324522e-12,8.679276391062921237e-14,9.775199330857189282e-14,1.430520328523496214e-12,9.550728222937569559e-14,8.512979999718367561e-14
6.250000000000000000e-01,6.793621021331385944e-05,3.217465032792750314e-05,2.376026681697472663e-06,2.402895227105414720e-08,3.874442891979667681e-07,3.297401270810476409e-05,8.072704978632973381e-12,8.171025011483383030e-12,2.096338846503838983e-11,8.166564382517667006e-12,8.714941293191138130e-14,1.012577486678882309e-13,1.507521602347417144e-12,9.901971117098283595e-14,8.548376830528950700e-14
6.254999999999999449e-01,6.003353292449858393e-05,2.802283531390065363e-05,2.352305262643840904e-06,2.444190440889028648e-08,4.022483088013553145e-07,2.923165238379810130e-05,8.806437025051046581e-12,8.566904498568175352e-12,2.184142837210646126e-11,8.561710058156767341e-12,8.753152443315127731e-14,1.050929205609466975e-13,1.593116149445474536e-12,1.028628240508178888e-13,8.586236762581391688e-14
6.260000000000000009e-01,5.364340024279333637e-05,2.468153150633534593e-05,2.328389240562938046e-06,2.485498103211951959e-08,4.172466374939413181e-07,2.619132550441075893e-05,9.602383846229701807e-12,8.967476301241369856e-12,2.276361037832739378e-11,8.961559994490753801e-12,8.796626121290627627e-14,1.092998587573110750e-13,1.687291431943557209e-12,1.070762643617723687e-13,8.629388459614662776e-14
6.265000000000000568e-01,4.828277501537825200e-05,2.190868920780602417e-05,2.304282518607816033e-06,2.526792550380460342e-08,4.324325213360290358e-07,2.361204770621208550e-05,1.046554946531168996e-11,9.372057760343569904e-12,2.374189698260582305e-11,9.365460314885834596e-12,8.847852332199634787e-14,1.138568919993671550e-13,1.790171800850356274e-12,1.116363998001335662e-13,8.680434706328567811e-14
6.270000000000000018e-01,4.358960070505680173e-05,1.952249512875135038e-05,2.279988166427432136e-06,2.568046512208954065e-08,4.477968551835874029e-07,2.131358203082870886e-05,1.140121393576098271e-11,9.780751848709294674e-12,2.478942732139197124e-11,9.773533348732161305e-12,8.908647389261959043e-14,1.186824777137892233e-13,1.902174411734176039e-12,1.164611573883334065e-13,8.741266008621035868e-14
6.274999999999999467e-01,3.933048386684311575e-05,1.740328315774042844e-05,2.255509141301048916e-06,2.609232689324489533e-08,4.633293080955813003e-07,1.918220877146525452e-05,1.241461757281192439e-11,1.019423991946555742e-11,2.591889494411830930e-11,1.018646799852300679e-11,8.979859697651213983e-14,1.236611775442105857e-13,2.024103806444318180e-12,1.214361300606518805e-13,8.812741060781491510e-14
6.280000000000000027e-01,3.538509944401582123e-05,1.548478215385484292e-05,2.230848826119311973e-06,2.650324354086431609e-08,4.790201112464060033e-07,1.716388064675080619e-05,1.351067040430303843e-11,1.061336239364287960e-11,2.714153608290599039e-11,1.060510028514858914e-11,9.061322106431763357e-14,1.286831618254527604e-13,2.157138048874044335e-12,1.264536286408606630e-13,8.894636245765135672e-14
6.285000000000000586e-01,3.171764499092143900e-05,1.373985623499764282e-05,2.206011453411550090e-06,2.691295664469986778e-08,4.948617809867838251e-07,1.524993458616407302e-05,1.469379214110121012e-11,1.103861455426542928e-11,2.846720029598388533e-11,1.102991123408466870e-11,9.152091527699150877e-14,1.336838196725450608e-13,2.302683219468978360e-12,1.314514495985094712e-13,8.985905575874220348e-14
6.290000000000000036e-01,2.834415680675822984e-05,1.216496448568824245e-05,2.181002435533429587e-06,2.732122245086998807e-08,5.108500214724058606e-07,1.345994691712298444e-05,1.596795757225373004e-11,1.146971710361799436e-11,2.990563306435686439e-11,1.146060128056601977e-11,9.250944958589281912e-14,1.386695427919510417e-13,2.462112399605573858e-12,1.364377617443258981e-13,9.085212658016240873e-14
6.294999999999999485e-01,2.530226388242310062e-05,1.076634374722656027e-05,2.155828564704893653e-06,2.772782233435206287e-08,5.269833473311298914e-07,1.182530468674609833e-05,1.733696186233867589e-11,1.190540282452408252e-11,3.146868470278264431e-11,1.189588166940693645e-11,9.357025452563830823e-14,1.437201777568387865e-13,2.636449474087976667e-12,1.414929486700250408e-13,9.191615270690692804e-14
6.300000000000000044e-01,2.262750212968436131e-05,9.549654859213791184e-06,2.130498019380215183e-06,2.813257573477200936e-08,5.432614784286355934e-07,1.037587523264945234e-05,1.880484683441064438e-11,1.234349565585063512e-11,3.317281471592842876e-11,1.233355810095801239e-11,9.470472369204849159e-14,1.489665704877768249e-13,2.826091619248011653e-12,1.467470467867079283e-13,9.305223296469598844e-14
6.305000000000000604e-01,2.033802789183396448e-05,8.513713900795500660e-06,2.105020134228645263e-06,2.853535039226512304e-08,5.596830804584950652e-07,9.130990928554195477e-06,2.037636678772937471e-11,1.278126632506558963e-11,3.504111510513610340e-11,1.277088976800218186e-11,9.592848616689339083e-14,1.545503468958919207e-13,3.030671776871105835e-12,1.523399339575790837e-13,9.427633430771500652e-14
6.310000000000000053e-01,1.842771075717959781e-05,7.648067646686700877e-06,2.079404952931237037e-06,2.893606415241826411e-08,5.762437374493027311e-07,8.094969012358467977e-06,2.205734384477805968e-11,1.321595856375441631e-11,3.710419814206046997e-11,1.320511712029244419e-11,9.727208587508046938e-14,1.605795309709351313e-13,3.249134680127431884e-12,1.583776805452178863e-13,9.561982591267761035e-14
6.314999999999999503e-01,1.686628002205073763e-05,6.933612415774055790e-06,2.053662658004983295e-06,2.933467479195992012e-08,5.929350039635460278e-07,7.256640727820239751e-06,2.385478248503099884e-11,1.364532139118347268e-11,3.939966025980295329e-11,1.363399363505577119e-11,9.877735601333420357e-14,1.670954717065037294e-13,3.480039575955860451e-12,1.649002282448172829e-13,9.712554956674873498e-14
6.320000000000000062e-01,1.560446827370774161e-05,6.345189672526124831e-06,2.027803023691235577e-06,2.973115844845444782e-08,6.097449944030891256e-07,6.591899286211565639e-06,2.577668005188473911e-11,1.406797614089143384e-11,4.197032997000068732e-11,1.405615058840914336e-11,1.004900059635572216e-13,1.740630702530078948e-13,3.722025294279353540e-12,1.718720927192350125e-13,9.884005843798202487e-14
6.325000000000000622e-01,1.458187965987926351e-05,5.855073784272875734e-06,2.001835039503852242e-06,3.012548172246927256e-08,6.266603690281522944e-07,6.068078799004997748e-06,2.783156726352818748e-11,1.448349566073963945e-11,4.486196394063223639e-11,1.447117300505335757e-11,1.024502163111311275e-13,1.813885613429255326e-13,3.974304148496441022e-12,1.792001771373109426e-13,1.008039439348930440e-13
6.330000000000000071e-01,1.373549732870909499e-05,5.436428951226441384e-06,1.975766798073179247e-06,3.051757556099622993e-08,6.436690068311879122e-07,5.649002255807895645e-06,3.002791014918488047e-11,1.489216316613540148e-11,4.812130300489672208e-11,1.487935522112486865e-11,1.046839485132620717e-13,1.889597046411091887e-13,4.237017578217555946e-12,1.867735746234540360e-13,1.030430450753954090e-13
6.334999999999999520e-01,1.300719777312729468e-05,5.066078279765267331e-06,1.949605651036736453e-06,3.090731931572079679e-08,6.607623471754266503e-07,5.299724315966189791e-06,3.237356869350594942e-11,1.529448132834336148e-11,5.179533372826835713e-11,1.528120753219798620e-11,1.071978469926456608e-13,1.966954009447960679e-13,4.511307419716193418e-12,1.945125671492699212e-13,1.055634398750027360e-13
6.340000000000000080e-01,1.234922254599317600e-05,4.726228221020286805e-06,1.923358546996251200e-06,3.129454059518095075e-08,6.779364694976989281e-07,4.990277168331397060e-06,3.487551170236096458e-11,1.569058500569338846e-11,5.593222276472707810e-11,1.567686790917419477e-11,1.099798575379764889e-13,2.045881992189784139e-13,4.799034066185915923e-12,2.024105611869231149e-13,1.083522946271711563e-13
6.345000000000000639e-01,1.172715086540186810e-05,4.405069723149655414e-06,1.897032412610760361e-06,3.167903154582776182e-08,6.951914415884868400e-07,4.698042237555476122e-06,3.753992348420135260e-11,1.607974598438567320e-11,6.058381627883347737e-11,1.606560726045504744e-11,1.130061108201500784e-13,2.127252026405050085e-13,5.102187610750444672e-12,2.105547053547422433e-13,1.113850249060617480e-13
6.350000000000000089e-01,1.112042989953426054e-05,4.096395167005489844e-06,1.870634442375368721e-06,3.206057671595209283e-08,7.125291287237364509e-07,4.408665403807392438e-06,4.037271999441244510e-11,1.646013257830645773e-11,6.580902111602130955e-11,1.644559073147285512e-11,1.162526314129716592e-13,2.212799156418910079e-13,5.422154295036892426e-12,2.191178331196324445e-13,1.146372257605783538e-13
6.354999999999999538e-01,1.052089684489239698e-05,3.798508273689341644e-06,1.844172220133703815e-06,3.243898363373351551e-08,7.299502601466363173e-07,4.115671951346233019e-06,4.338035462184968595e-11,1.682890786079843214e-11,7.167701831995421291e-11,1.681397812371267386e-11,1.197086477909358233e-13,2.304772850785339645e-13,5.759075904092714571e-12,2.283239115516889925e-13,1.180980749836510621e-13
6.360000000000000098e-01,9.929945401147079908e-06,3.512760635337874763e-06,1.817653677885591764e-06,3.281410615515985188e-08,7.474518554143367460e-07,3.819099100789587289e-06,4.657068205668101987e-11,1.718264231992998234e-11,7.826925133389582816e-11,1.716733843665954183e-11,1.233873362865411069e-13,2.405433195048250284e-13,6.111540524792631645e-12,2.383981734089801713e-13,1.217810263899062196e-13
6.365000000000000657e-01,9.355054443443367994e-06,3.242034521907794660e-06,1.791086966642553726e-06,3.318585295099367763e-08,7.650259947346945034e-07,3.523543222937665154e-06,4.995360414305587762e-11,1.751791453457680492e-11,8.567950840807780217e-11,1.750225150155925012e-11,1.273301690117429832e-13,2.516561179595512666e-13,6.476758270656988536e-12,2.495185189429579868e-13,1.257280031593718625e-13
6.370000000000000107e-01,8.806335120751866461e-06,2.989426721910542596e-06,1.764480338408265688e-06,3.355417845633311847e-08,7.826604150587592232e-07,3.236022627231931639e-06,5.354126713334755502e-11,1.783191058564065433e-11,9.401206963656409672e-11,1.781590715029173034e-11,1.316027040716422598e-13,2.639150069463969614e-13,6.851224097410334899e-12,2.617847139276799265e-13,1.300050040263431167e-13
6.374999999999999556e-01,8.293603215440745977e-06,2.757295357143714220e-06,1.737842108276636275e-06,3.391905949352480862e-08,8.003407201605144341e-07,2.964000959497206331e-06,5.734770948833733530e-11,1.812283062561385787e-11,1.033785938630001097e-10,1.810651050272773919e-11,1.362822525511984951e-13,2.773387319883043192e-13,7.231697744397883644e-12,2.752163081080515741e-13,1.346896319841240496e-13
6.380000000000000115e-01,7.824289424095997163e-06,2.546732917642784063e-06,1.711180698312571137e-06,3.428046555870516795e-08,8.180533778722897931e-07,2.713821439246476969e-06,6.138803764841095098e-11,1.838997110446435846e-11,1.138949247808831903e-10,1.837336239303412077e-11,1.414406060244866268e-13,2.918941259036422010e-13,7.616197902434088206e-12,2.897808332626860097e-13,1.398537742665454667e-13
6.385000000000000675e-01,7.402301290614055335e-06,2.357442089730400083e-06,1.684504696586593627e-06,3.463833278533800105e-08,8.357883807123167988e-07,2.489690273947463777e-06,6.567737767310513486e-11,1.863345490292392709e-11,1.256791005378770334e-10,1.861658788067125522e-11,1.471269915248817606e-13,3.075465127816035455e-13,8.004667072088652196e-12,3.054437732530121332e-13,1.455465999583635953e-13
6.390000000000000124e-01,7.027778660108321920e-06,2.187928154067683126e-06,1.657822833964498587e-06,3.499255018861819325e-08,8.535405820176652944e-07,2.293238417407412936e-06,7.022995361211444631e-11,1.885369571503578384e-11,1.388514916278183803e-10,1.883659981161915869e-11,1.533568789452385155e-13,3.243156888094101075e-13,8.399041280444426509e-12,3.222243693306971598e-13,1.517834596861486658e-13
6.394999999999999574e-01,6.697560375754849489e-06,2.035888073927850583e-06,1.631143809505456250e-06,3.534296248449846048e-08,8.713092328076604784e-07,2.123599813028355216e-06,7.505863629953893893e-11,1.905077022376881208e-11,1.535372683883678312e-10,1.903347130911401980e-11,1.601108817618958957e-13,3.423191606758127191e-13,8.802640845632782652e-12,3.402390475573110933e-13,1.585448708318594974e-13
6.400000000000000133e-01,6.406112246088535394e-06,1.898671126714251853e-06,1.604475975234467020e-06,3.568938809716010611e-08,8.890959320981848308e-07,1.977881074217432833e-06,8.017518002770391780e-11,1.922390305304628834e-11,1.698705528028977040e-10,1.920642210704846423e-11,1.673450474657390136e-13,3.617882170891129620e-13,9.219030965032052258e-12,3.597179793447534430e-13,1.657868393962383332e-13
6.405000000000000693e-01,6.146653073638526764e-06,1.773703699785067225e-06,1.577826986977779060e-06,3.603164589624947635e-08,9.069017964325284853e-07,1.851865866416276523e-06,8.559115066591056265e-11,1.937123429442251995e-11,1.879989415536690516e-10,1.935358807112095654e-11,1.750101722163799498e-13,3.830511604419482647e-13,9.650705677884599838e-12,3.809888884813035753e-13,1.734601417061759571e-13
6.410000000000000142e-01,5.912246624817890409e-06,1.658803565955248413e-06,1.551203590956299317e-06,3.636958146400666968e-08,9.247249253889777618e-07,1.740795319207460587e-06,9.131931224039902111e-11,1.948994856054946060e-11,2.080868549102196541e-10,1.947215217558733461e-11,1.830745630288830519e-13,4.064888115509665438e-13,1.009804867420099666e-11,4.044329456106352073e-13,1.815330162910412541e-13
6.414999999999999591e-01,5.696687912058775836e-06,1.552347630711807240e-06,1.524611705474478829e-06,3.670308414804794047e-08,9.425590913808923222e-07,1.640087769846825607e-06,9.737505920332937130e-11,1.957672741610833394e-11,2.303164830565946165e-10,1.955879810497719334e-11,1.915430321652987664e-13,4.324766838844197930e-13,1.055897218692463797e-11,4.304269385439660656e-13,1.900101011959134073e-13
6.420000000000000151e-01,5.495085775763326485e-06,1.453293696783421751e-06,1.498056862865186247e-06,3.703208955963246026e-08,9.603940835047833295e-07,1.545898791546961203e-06,1.037774262746073710e-10,1.962838196853610852e-11,2.548858882118237289e-10,1.961034281763565366e-11,2.004655303032361252e-13,4.613329068968477424e-13,1.102943380749666434e-11,4.592907542972034676e-13,1.989410705505057675e-13
6.425000000000000711e-01,5.304115803244983535e-06,1.361085158578179322e-06,1.471544926850139793e-06,3.735656726172367727e-08,9.782174911232778483e-07,1.455466930860396139e-06,1.105493080889335061e-10,1.964246392567873010e-11,2.820048206517439014e-10,1.962434632607712162e-11,2.099316902155448512e-13,4.932894266468489293e-13,1.150473804401819069e-11,4.912578541647046796e-13,2.084152596948612354e-13
6.430000000000000160e-01,5.121977038309021520e-06,1.275484326731587868e-06,1.445082854090703673e-06,3.767649837097918156e-08,9.960171789500644748e-07,1.367233881762502650e-06,1.177167572693535728e-10,1.961766088850015016e-11,3.118896681763513756e-10,1.959950482797649291e-11,2.200518870696406924e-13,5.284966167136969994e-13,1.198124148778414946e-11,5.264791714240861179e-13,2.185428600143047981e-13
6.434999999999999609e-01,4.948126246184700430e-06,1.196384624720846017e-06,1.418679193684814577e-06,3.799185097963782672e-08,1.013783485302834666e-06,1.280763884667682769e-06,1.253075332993817334e-10,1.955385266564025251e-11,3.447593581336677451e-10,1.953570464403085620e-11,2.309298968388366446e-13,5.670605198805835401e-13,1.245790204861073121e-11,5.650599713377929446e-13,2.294277051027935901e-13
6.440000000000000169e-01,4.782882787193092075e-06,1.123645837856158741e-06,1.392344061592859377e-06,3.830256168476781628e-08,1.031510340966739474e-06,1.196512279297051563e-06,1.333493471078463362e-10,1.945181656940444693e-11,3.808337930011654752e-10,1.943372567820730615e-11,2.426353744609222649e-13,6.091010495240394475e-13,1.293711872879739170e-11,6.071182050379931122e-13,2.411398009574076954e-13
6.445000000000000728e-01,4.626997253483650739e-06,1.056983147614083600e-06,1.366088490735182988e-06,3.860852908488289605e-08,1.049194974014888752e-06,1.115506059639020302e-06,1.418683905722556565e-10,1.931268427454305875e-11,4.203355701839410135e-10,1.929469757567652427e-11,2.551850391306908128e-13,6.548122243096001295e-13,1.342451386080418596e-11,6.528454190647967198e-13,2.536964428001522349e-13
6.450000000000000178e-01,4.481262297222406825e-06,9.959237811892676504e-07,1.339923292322323222e-06,3.890962081181673883e-08,1.066836435408863467e-06,1.039000657081887625e-06,1.508886945194794454e-10,1.913733308101890275e-11,4.634945781833791304e-10,1.911949165674526358e-11,2.685392483760231282e-13,7.045043940578035681e-13,1.392765862187663271e-11,7.025499404126681655e-13,2.670586050289289733e-13
6.454999999999999627e-01,4.346220104336208629e-06,9.398285653512398419e-07,1.313857782874403323e-06,3.920569104855951668e-08,1.084433619433507468e-06,9.681690917031479946e-07,1.604326217081510959e-10,1.892591400427072014e-11,5.105539747611407262e-10,1.890825084982146391e-11,2.826160928458146261e-13,7.586139728624446413e-13,1.445412169202521834e-11,7.566674739109656330e-13,2.811447958622409263e-13
6.460000000000000187e-01,4.221993411798040040e-06,8.879625524003269462e-07,1.287898842021493692e-06,3.949660211358915484e-08,1.101983593886758669e-06,9.038649495311109937e-07,1.705224373189365208e-10,1.867767195919062510e-11,5.617754372757400565e-10,1.866021231725975339e-11,2.973195872543305423e-13,8.176767563085561994e-13,1.500949567891816285e-11,8.157348192721419628e-13,2.958590470048468772e-13
6.465000000000000746e-01,4.108240766964314584e-06,8.395910809665772643e-07,1.262050708147953444e-06,3.978224265268215355e-08,1.119480859111063128e-06,8.464825044596251947e-07,1.811825230261929623e-10,1.839111556745078376e-11,6.174416839385686099e-10,1.837387954256502177e-11,3.125737248640799270e-13,8.822730680463988687e-13,1.559611789674900691e-11,8.803347501394548173e-13,3.111248980266981885e-13
6.470000000000000195e-01,4.004215614182004322e-06,7.940757538146487339e-07,1.236315692902345984e-06,4.006253650402039453e-08,1.136917723635131659e-06,7.959187264479263024e-07,1.924415406446311769e-10,1.806447868206543573e-11,6.778551034301675190e-10,1.804748527013330384e-11,3.283517227390734472e-13,9.529627088884098531e-13,1.621301063342574266e-11,9.510300884615159636e-13,3.269147514103880627e-13
6.474999999999999645e-01,3.908895083146496062e-06,7.509482923017441940e-07,1.210695669582900725e-06,4.033743976440028095e-08,1.154285510503372053e-06,7.516255249664207361e-07,2.043338075668947790e-10,1.769632107867490263e-11,7.433326412721925432e-10,1.767959232586517309e-11,3.446906557158875939e-13,1.030231597934690416e-12,1.685716920507607269e-11,1.028309179028858314e-12,3.432647749665108713e-13
6.480000000000000204e-01,3.821138922076961503e-06,7.099476095598218460e-07,1.185193879945075346e-06,4.060692771662619734e-08,1.171575992377050025e-06,7.127283841490812047e-07,2.168993524933358773e-10,1.728607306531537083e-11,8.141984303884768720e-10,1.726963706118731509e-11,3.616857768116004959e-13,1.114468567075322138e-12,1.752585071473851239e-11,1.112561681083473173e-12,3.602695591894280444e-13
6.485000000000000764e-01,3.739841417971650513e-06,6.710147867692360100e-07,1.159816431229554494e-06,4.087097666303797698e-08,1.188782418207820928e-06,6.781808067164569561e-07,2.301825264404784821e-10,1.683435142326414742e-11,8.907765394144311850e-10,1.681824323050401080e-11,3.794650128270136639e-13,1.205980900691219051e-12,1.821912854701938281e-11,1.204093684839853470e-12,3.780568898447601999e-13
6.490000000000000213e-01,3.664047787740392568e-06,6.342499068886034000e-07,1.134572901162215243e-06,4.112954722318584573e-08,1.205899736434638930e-06,6.469230650909237190e-07,2.442295273291033560e-10,1.634295345609520870e-11,9.733862993580275517e-10,1.632721374664806302e-11,3.981505250374632189e-13,1.305044044385855082e-12,1.894182517765352020e-11,1.303177779945393839e-12,3.967494085511037883e-13
6.494999999999999662e-01,3.593018995301252485e-06,5.998421468525742954e-07,1.109475738130008973e-06,4.138257486592078663e-08,1.222924016745904470e-06,6.180181170447843490e-07,2.590855962803719876e-10,1.581454444051894581e-11,1.062341878351651317e-09,1.579921632428956060e-11,4.178187821691869206e-13,1.411968856040665585e-12,1.970409312812868515e-11,1.410121344967786992e-12,4.164245521297783930e-13
6.500000000000000222e-01,3.526242420089461442e-06,5.679889484723989978e-07,1.084538556040412841e-06,4.162997069462814200e-08,1.239851439845640538e-06,5.907458180514029252e-07,2.747928152983080749e-10,1.525215455072697906e-11,1.157956337698786464e-09,1.523727961842734206e-11,4.384717356306453673e-13,1.527163073189672705e-12,2.052034826158138453e-11,1.525329347346542276e-12,4.370853933491167663e-13
6.505000000000000782e-01,3.463397528544881561e-06,5.388209689272441823e-07,1.059773836674367145e-06,4.187163180041634755e-08,1.256677399042365030e-06,5.646468250452753809e-07,2.913893015064198154e-10,1.465866076081928178e-11,1.260548797496644774e-09,1.464427555154902993e-11,4.600288598638916691e-13,1.651164899138061853e-12,2.140683484260659541e-11,1.649339034675252694e-12,4.586522617476120477e-13
6.510000000000000231e-01,3.404293538152517409e-06,5.123470488760161290e-07,1.035190812349268928e-06,4.210745712160200657e-08,1.273396167628709067e-06,5.395177214899368744e-07,3.089101741923577298e-10,1.403642834146712999e-11,1.370452131394620862e-09,1.402256224243631022e-11,4.823437145764374684e-13,1.784635696979222331e-12,2.237861938843630814e-11,1.782813053913213862e-12,4.809789598395241558e-13
6.514999999999999680e-01,3.348798885282258591e-06,4.884284243404403696e-07,1.010794299538040507e-06,4.233736286160428972e-08,1.290001282823545705e-06,5.153670352353270672e-07,3.273900892518482556e-10,1.338722720902689813e-11,1.488018251724368267e-09,1.337390228166922234e-11,5.052410787220734381e-13,1.928312883468209351e-12,2.344707721268432668e-11,1.926491893814440001e-12,5.038897652594002578e-13
6.520000000000000240e-01,3.296780199610370028e-06,4.667850407096437467e-07,9.865849705012744291e-07,4.256129174628510468e-08,1.306486427813996019e-06,4.923467327446383524e-07,3.468665787460416800e-10,1.271244221216894153e-11,1.613618713529278889e-09,1.269967479694774725e-11,5.285639487163664233e-13,2.082938457314404264e-12,2.461883503066531164e-11,2.081121234721348285e-12,5.272265766934236058e-13
6.525000000000000799e-01,3.248062660672886305e-06,4.470304414115950259e-07,9.625610688932605323e-07,4.277921266567957039e-08,1.322846334370274106e-06,4.706750692130816032e-07,3.673830949287007651e-10,1.201349710608247068e-11,1.747639877604693869e-09,1.200130050219134528e-11,5.522159848501307949e-13,2.249188046300715940e-12,2.589667353725343412e-11,2.247379538858990092e-12,5.508917467699516841e-13
6.530000000000000249e-01,3.202416029139141308e-06,4.287265212469799126e-07,9.387210591230752184e-07,4.299111075516694302e-08,1.339077203903422487e-06,4.505648098955326313e-07,3.889906716462686633e-10,1.129234332140385675e-11,1.890473736772451782e-09,1.128073054500561963e-11,5.761856694415785434e-13,2.427626237854193726e-12,2.728221582055447659e-11,2.425832222770964381e-12,5.748727284321985548e-13
6.534999999999999698e-01,3.159563460852418603e-06,4.114463397450126489e-07,9.150663337184259099e-07,4.319697152079431686e-08,1.355176370117778452e-06,4.321668834987203008e-07,4.117475037249309683e-10,1.055184909021307970e-11,2.042507083344178752e-09,1.054083476622185388e-11,6.005435181287813979e-13,2.618705464978564373e-12,2.877956192663557003e-11,2.616930159613493002e-12,5.992396918217379929e-13
6.540000000000000258e-01,3.119205183760195963e-06,3.948325907646899835e-07,8.916030295959257346e-07,4.339676494859163412e-08,1.371141299668266096e-06,4.155347964294135131e-07,4.357164017693272957e-10,9.795965544469347808e-12,2.204112406336448846e-09,9.785566345651841693e-12,6.254117744813414714e-13,2.822810408576576938e-12,3.039862109977958404e-11,2.821054650173648797e-12,6.241153804484773645e-13
6.545000000000000817e-01,3.081047170559445809e-06,3.786411134256624003e-07,8.683422661550725881e-07,4.359043579405822122e-08,1.386968374262684256e-06,4.006107907967295587e-07,4.609608000055281257e-10,9.029627910355000889e-12,2.375643459035762161e-09,9.019861485647203830e-12,6.509147048429857616e-13,3.040332964481276013e-12,3.215691017405970834e-11,3.038593708400720685e-12,6.496252498105842367e-13
6.550000000000000266e-01,3.044826002593241691e-06,3.627624507223991370e-07,8.452986390728598866e-07,4.377790424476847313e-08,1.402652050252177857e-06,3.872314992724260637e-07,4.875405355791835504e-10,8.258442228398302486e-12,2.557436931317773973e-09,8.249325071798577914e-12,6.771241716072910844e-13,3.271750467603621917e-12,3.407905532016168178e-11,3.270021840592986724e-12,6.758426135936742039e-13
6.554999999999999716e-01,3.010324281466015601e-06,3.472190623728287453e-07,8.224874097661443974e-07,4.395907748725400701e-08,1.418184865888779684e-06,3.751489350819672416e-07,5.155087801906007716e-10,7.488278684557865707e-12,2.749819576234949833e-09,7.479823716371706959e-12,7.040174131342946386e-13,3.517676970270199718e-12,3.619401746188957489e-11,3.515952489942889319e-12,7.027458799881877297e-13
6.560000000000000275e-01,2.977374848353869079e-06,3.321404230374766096e-07,7.999213090935480814e-07,4.413386860676390001e-08,1.433558403896915469e-06,3.640618237135908880e-07,5.449112059914204506e-10,6.724917859553946532e-12,2.953118183548583313e-09,6.717132525856087019e-12,7.314609680528478471e-13,3.778865677426528632e-12,3.853089621857294030e-11,3.777140762694979390e-12,7.302020214401388882e-13
6.565000000000000835e-01,2.945855409745825174e-06,3.177220276224298361e-07,7.776080488252248658e-07,4.430221615294439621e-08,1.448764871978201027e-06,3.536521055571851611e-07,5.757877769247291871e-10,5.973869009483531714e-12,3.167668658565843258e-09,5.966754460228742122e-12,7.592271348159767789e-13,4.056157833197566980e-12,4.111475147863255509e-11,4.054431585751257214e-12,7.579828470134668184e-13
6.570000000000000284e-01,2.915677096270980048e-06,3.041766754113876734e-07,7.555494311362755970e-07,4.446409682649338873e-08,1.463798637933198112e-06,3.436215474206103062e-07,6.081766834351052659e-10,5.240411681727013657e-12,3.393820589234680620e-09,5.233963166265964965e-12,7.870394150905921627e-13,4.350393603410040022e-12,4.396398276554813533e-11,4.348669107591741456e-12,7.858106063646602460e-13
6.574999999999999734e-01,2.886770811413786750e-06,2.916870448648274261e-07,7.337424224090208834e-07,4.461952558243280088e-08,1.478657008768403123e-06,3.337236603512448584e-07,6.421191693744890975e-10,4.529829380048440332e-12,3.631935080886112449e-09,4.524037559348035529e-12,8.146340791918037539e-13,4.662316364109358833e-12,4.709035086640193461e-11,4.660599336089210925e-12,8.134200115872917077e-13
6.580000000000000293e-01,2.859074368212353761e-06,2.803675752438674623e-07,7.121818867525132563e-07,4.476854159679172525e-08,1.493339817711151791e-06,3.237866495171987247e-07,6.776636057278036985e-10,3.847736827226558270e-12,3.882375873039430487e-09,3.842589401033379760e-12,8.418192913622162755e-13,4.992506893334328134e-12,5.050183852155237015e-11,4.990803182391034382e-12,8.406179467383244919e-13
6.585000000000000853e-01,2.832522095121620152e-06,2.702413946264636529e-07,6.908640884700636735e-07,4.491118370365870416e-08,1.507847879815449552e-06,3.137241644685509357e-07,7.148673070832379559e-10,3.200374206808389149e-12,4.145496080390573713e-09,3.195857189806780211e-12,8.685131245245715700e-13,5.341375429489344444e-12,5.420751967281191649e-11,5.339688362749154337e-12,8.673219729960522885e-13
6.590000000000000302e-01,2.807037514352794202e-06,2.612350059991031690e-07,6.697897799095715172e-07,4.504746329995353570e-08,1.522180889489468826e-06,3.035323423863538470e-07,7.537952513479568359e-10,2.594761190875271333e-12,4.421624511293470502e-09,2.590859353178730853e-12,8.947475859134440783e-13,5.709219496075771058e-12,5.822280535830073091e-11,5.707548157311322199e-12,8.935645604643257686e-13
6.594999999999999751e-01,2.782529232304164650e-06,2.531902488366735811e-07,6.489658026239357837e-07,4.517734463104774335e-08,1.536335633980045276e-06,2.932739522684702896e-07,7.945158586121705608e-10,2.038661475901043805e-12,4.711055820572099676e-09,2.035357810229011446e-12,9.206359177623557087e-13,6.096330469177813333e-12,6.257316925030724187e-11,6.094669658185620328e-12,9.194602264989592422e-13
6.599999999999999201e-01,2.758890274486897452e-06,2.458902274449840635e-07,6.284046168272853315e-07,4.530074083662256786e-08,1.550305335721095436e-06,2.830529421482022461e-07,8.370949928226814100e-10,1.540381969838723441e-12,5.014047592099847498e-09,1.537656424175816392e-12,9.463119242994502522e-13,6.503111208541334154e-12,6.729486470401408918e-11,6.501453165381619512e-12,9.451443885098294608e-13
6.604999999999999760e-01,2.736001353221925040e-06,2.390938486742729424e-07,6.081218753500204777e-07,4.541752931193813592e-08,1.564080512605531166e-06,2.729847239276036013e-07,8.815900265708125302e-10,1.108491673026612836e-12,5.330825168292589279e-09,1.106319653399304054e-12,9.718593266900282140e-13,6.930159023752522244e-12,7.243212962654289828e-11,6.928496281047492500e-12,9.707021110271793743e-13
6.610000000000000320e-01,2.713738492728407924e-06,2.325725851915089919e-07,5.881328337259353130e-07,4.552758322651517057e-08,1.577651116652251442e-06,2.631684542733604519e-07,9.280459025771163035e-10,7.515711402791369739e-13,5.661592398866861438e-09,7.499223503447421039e-13,9.972531181696720135e-13,7.378277104438874403e-12,7.803161938485412783e-11,7.376605343279822892e-12,9.961089514325428112e-13
6.614999999999999769e-01,2.691984756638465473e-06,2.261431477861239389e-07,5.684488021457769444e-07,4.563080966889474061e-08,1.591009136552773483e-06,2.536669919995614636e-07,9.764945665994612201e-10,4.780854789521839956e-13,6.006544374826977360e-09,4.769235075482944601e-13,1.022332074696271773e-12,7.848401550598732196e-12,8.413587675191479316e-11,7.846721288759896489e-12,1.021203256283490104e-12
6.619999999999999218e-01,2.670644597306175931e-06,2.196908225039565666e-07,5.490748495903740164e-07,4.572718125748429592e-08,1.604150581335442852e-06,2.444981831230632717e-07,1.026958085256386893e-09,2.964202452585848820e-13,6.365877394889456018e-09,2.957030081121755722e-13,1.046812557012753947e-12,8.341462573380632951e-12,9.077813825373999875e-11,8.339778943575928392e-12,1.045700128238679426e-12
6.624999999999999778e-01,2.649658009849166889e-06,2.131800820602794042e-07,5.300095578857400769e-07,4.581674881056774708e-08,1.617075939595032821e-06,2.356381701521825881e-07,1.079454529286631319e-09,2.150519715099608688e-13,6.739792207464771730e-09,2.147327807976367888e-13,1.070341110567803324e-12,8.858225977750999162e-12,9.798046566241717930e-11,8.856546601316240565e-12,1.069244507900662512e-12
6.630000000000000338e-01,2.629010848628141965e-06,2.066513917315237567e-07,5.112469311955790206e-07,4.589962806869625264e-08,1.629788788225597520e-06,2.270343935001096822e-07,1.134004707464107128e-09,2.427701104837859793e-13,7.128488759225909822e-09,2.427989141760719027e-13,1.092570996039398673e-12,9.399173732161185245e-12,1.057561324071714186e-10,9.397505467705097231e-12,1.091488318126129180e-12
6.634999999999999787e-01,2.608737877598527642e-06,2.002055147021735283e-07,4.927798308434483715e-07,4.597596206566107625e-08,1.642292988633854352e-06,2.186237439375061314e-07,1.190637431795909884e-09,3.888464516149186590e-13,7.532153548925129442e-09,3.891707401246952456e-13,1.113239623813686884e-12,9.964473894291766825e-12,1.141157163182203217e-10,9.962819728506885920e-12,1.112168407443426324e-12
6.639999999999999236e-01,2.588916552234400073e-06,1.939786897056657717e-07,4.746037798340247695e-07,4.604586978839318929e-08,1.654589545458793793e-06,2.103505613044178686e-07,1.249391353407247913e-09,6.630696136943068342e-13,7.950943263235100370e-09,6.636346468086586680e-13,1.132222703757352155e-12,1.055406146297259963e-11,1.230749583227731134e-10,1.055241880435128395e-11,1.131160907870871231e-12
6.644999999999999796e-01,2.569651868025623631e-06,1.881134643586443650e-07,4.567198486875938782e-07,4.610939798535257089e-08,1.666674433797209379e-06,2.021799953178100007e-07,1.310312453468361021e-09,1.075617526535971606e-12,8.384969762535430600e-09,1.076365824200542257e-12,1.149547414879065554e-12,1.116781171013667716e-11,1.326616534700426447e-10,1.116617283104651447e-11,1.148494232962745217e-12
6.650000000000000355e-01,2.551055156857768222e-06,1.827304896623294948e-07,4.391356420027886118e-07,4.616649380050045074e-08,1.678538398790608119e-06,1.941042607409636359e-07,1.373447689375713863e-09,1.636808000341638140e-12,8.834291176518511352e-09,1.637678350122579646e-12,1.165359274289736985e-12,1.180575025081799438e-11,1.429189785536464861e-10,1.180410478947355004e-11,1.164315464594567761e-12
6.654999999999999805e-01,2.533221612801504284e-06,1.779061401883149688e-07,4.218640493166814427e-07,4.621701040316089489e-08,1.690168984166036107e-06,1.861417684078020063e-07,1.438836623834959458e-09,2.356819712694188610e-12,9.298911922766110961e-09,2.357746151979052157e-12,1.179851903505646318e-12,1.246822396139279797e-11,1.539037490940127398e-10,1.246656256763643861e-11,1.178819516100469962e-12
6.659999999999999254e-01,2.516211898413543408e-06,1.736595244759199686e-07,4.049201837302014588e-07,4.626074727092110776e-08,1.701554134005439646e-06,1.783311464822677218e-07,1.506503648359208718e-09,3.245491841032839108e-12,9.778791503490310888e-09,3.246403091010501352e-12,1.193180977767256128e-12,1.315596325825305307e-11,1.656798142060011108e-10,1.315428097818648523e-11,1.192162592489823582e-12
6.664999999999999813e-01,2.500042175906266372e-06,1.699505597506491999e-07,3.883175467356756608e-07,4.629751452820265133e-08,1.712686002311325234e-06,1.707231582397265801e-07,1.576453357340026770e-09,4.312282665956782732e-12,1.027385895767197487e-08,4.313102318549864494e-12,1.205389336805134962e-12,1.386999953585116712e-11,1.783085671169784178e-10,1.386829758683692549e-11,1.204387114200671455e-12
6.670000000000000373e-01,2.484684622179546444e-06,1.666886857582755279e-07,3.720647170778951839e-07,4.632720100958534551e-08,1.723563406367414441e-06,1.633732872554214340e-07,1.648670707297956744e-09,5.566405444008993463e-12,1.078402786916777054e-08,5.567052899518802876e-12,1.216367490151805496e-12,1.461145198682074441e-11,1.918397370937832338e-10,1.460973716987899217e-11,1.215382404985657456e-12
6.674999999999999822e-01,2.470077660159808577e-06,1.637498981898845054e-07,3.561636775115028996e-07,4.634982228425592338e-08,1.734191790918162461e-06,1.563365867595089660e-07,1.723126073591122214e-09,7.017087187268331604e-12,1.130920655548480573e-08,7.017479029199172631e-12,1.225863179435973335e-12,1.538124843572750707e-11,2.063057645121721604e-10,1.537953034449032261e-11,1.224894728123431111e-12
6.679999999999999272e-01,2.456142677236121226e-06,1.609984490639579335e-07,3.406103309138115524e-07,4.636552963020440280e-08,1.744580498845183638e-06,1.496648915734503700e-07,1.799783676804212951e-09,8.673841238921078958e-12,1.184929961645850394e-08,8.673892538297561408e-12,1.233538427712600597e-12,1.617987636559738935e-11,2.217220193460230340e-10,1.617816342463858161e-11,1.232584909953192474e-12
6.684999999999999831e-01,2.442802648475028789e-06,1.583090111740317386e-07,3.253970110171789388e-07,4.637457297670549832e-08,1.754738226336379096e-06,1.434053403505460892e-07,1.878610641383908678e-09,1.054663034877315874e-11,1.240419991062214616e-08,1.054625539588872990e-11,1.239057381740556550e-12,1.700725934599538359e-11,2.380931938811095090e-10,1.700555519781470610e-11,1.238116630154380955e-12
6.690000000000000391e-01,2.429998159075785963e-06,1.555853808650133410e-07,3.105161195317668683e-07,4.637722651868675785e-08,1.764668347878388490e-06,1.375988052455140822e-07,1.959583600332378830e-09,1.264583106349398822e-11,1.297377328621970182e-08,1.264494323681873143e-11,1.242178108878261970e-12,1.786281770354003081e-11,2.554240120218487846e-10,1.786111936039287671e-11,1.241248369107464258e-12
6.694999999999999840e-01,2.417697636792059719e-06,1.527727677954665503e-07,2.959636501295255420e-07,4.637369975169043783e-08,1.774365983481133203e-06,1.322773366543567102e-07,2.042690432982612860e-09,1.498198189201298294e-11,1.355784091638065299e-08,1.498049271761618082e-11,1.242819732087427066e-12,1.874571049716803932e-11,2.737307163287695721e-10,1.874400900953688724e-11,1.241900346756444064e-12
6.699999999999999289e-01,2.405900569040577924e-06,1.498621315979557036e-07,2.817414143593904954e-07,4.636406389082803903e-08,1.783818129966363145e-06,1.274607702254914650e-07,2.127926241681039364e-09,1.756538102805583683e-11,1.415616500105475040e-08,1.756319882870159391e-11,1.241083627769102889e-12,1.965518901877719197e-11,2.930492576027458486e-10,1.965347243943472987e-11,1.240175267645336206e-12
6.704999999999999849e-01,2.394634356198375985e-06,1.468865555530622327e-07,2.678572413559234711e-07,4.634822083056389027e-08,1.793007060331013927e-06,1.231536519534661544e-07,2.215284567014042302e-09,2.040566275573801871e-11,1.476844256698076885e-08,2.040269150016941838e-11,1.237221680078446907e-12,2.059094426643615383e-11,3.134369923061457753e-10,2.058920178813310031e-11,1.236326055070682774e-12
6.710000000000000409e-01,2.383946657781925659e-06,1.439109986573079334e-07,2.543231208117841531e-07,4.632592910324437072e-08,1.801915917062091423e-06,1.193440831877733837e-07,2.304746490289281403e-09,2.351149945368657861e-11,1.539430944679964709e-08,2.350763840136966738e-11,1.231561296147609051e-12,2.155332148006594299e-11,3.349667743616966071e-10,2.155154715426639622e-11,1.230680488034352659e-12
6.714999999999999858e-01,2.373895397267684408e-06,1.410177235753990369e-07,2.411519552811925020e-07,4.629688240498986760e-08,1.810534481782694762e-06,1.160057060347502601e-07,2.396271109924085313e-09,2.689053887986827981e-11,1.603335313251478286e-08,2.688568336657083945e-11,1.224410683578826666e-12,2.254331089562519897e-11,3.577149505159799885e-10,2.254150549169124577e-11,1.223546385893042632e-12
6.719999999999999307e-01,2.364538181301183623e-06,1.382901550739403475e-07,2.283540454687072288e-07,4.626081740555028710e-08,1.818862887048873602e-06,1.131029613430423560e-07,2.489790585909188086e-09,3.054960513418751236e-11,1.668513022126690487e-08,3.054364843812488822e-11,1.215974290773199091e-12,2.356229636048285969e-11,3.817470357628626422e-10,2.356046664574741617e-11,1.215127262230598753e-12
6.724999999999999867e-01,2.355922205208673919e-06,1.357978872110040564e-07,2.159344985127014856e-07,4.621761545278102887e-08,1.826911676191475011e-06,1.105984115039811931e-07,2.585211570554408885e-09,3.449509456006443332e-11,1.734918261930047356e-08,3.448793037312847828e-11,1.206305185220580619e-12,2.461162924967126819e-11,4.071059274117887955e-10,2.460978497954968302e-11,1.205475116977841509e-12
6.730000000000000426e-01,2.348075231420571398e-06,1.335851141905652918e-07,2.038924090774888090e-07,4.616736225372577657e-08,1.834697916713148427e-06,1.084599217065727668e-07,2.682422797968165232e-09,3.873342046608625268e-11,1.802504708223737935e-08,3.872494522559230390e-11,1.195309451717846296e-12,2.569216425038244611e-11,4.338069501514894271e-10,2.569031405459509426e-11,1.194495264406409278e-12
6.734999999999999876e-01,2.340998202783886377e-06,1.316640374097904458e-07,1.922220409590191717e-07,4.611034171206745873e-08,1.842238567760671322e-06,1.066653080044777750e-07,2.781306546285511463e-09,4.327133292847086523e-11,1.871225491980066165e-08,4.326144725413883175e-11,1.182801185069843575e-12,2.680391954743529712e-11,4.618419019433848161e-10,2.680206732549365314e-11,1.182001589906802070e-12
6.739999999999999325e-01,2.334660416817655988e-06,1.300139347526369363e-07,1.809155520602439673e-07,4.604696146003969337e-08,1.849543428675397838e-06,1.052028292104757702e-07,2.881750305181496573e-09,4.811597502507424257e-11,1.941032202728503542e-08,4.810458377467540385e-11,1.168590660818000674e-12,2.794599367121671443e-11,4.911912416499261710e-10,2.794413689534546393e-11,1.167804718144919633e-12
6.744999999999999885e-01,2.328998577469691505e-06,1.285856891088814210e-07,1.699662942739909212e-07,4.597763133533974957e-08,1.856610301887462816e-06,1.040673604055108795e-07,2.983654768024868970e-09,5.327462497503284073e-11,2.011873269758650090e-08,5.326163589972749214e-11,1.152577948710788074e-12,2.911679094983545176e-11,5.218406362407539254e-10,2.911492150200603351e-11,1.151805378748200796e-12
6.750000000000000444e-01,2.323920999246315425e-06,1.273107645046768530e-07,1.593715533747529183e-07,4.590263389629376591e-08,1.863424329248198309e-06,1.032536740834349436e-07,3.086935342703543068e-09,5.875418509993314669e-11,2.083692279996590207e-08,5.873950658827281655e-11,1.134822868183685460e-12,3.031450189413971052e-11,5.537963067925239324e-10,3.031260904657577143e-11,1.134063999735962376e-12
6.754999999999999893e-01,2.319317462554882810e-06,1.261129790921563002e-07,1.491338208887907445e-07,4.582203136360620873e-08,1.869962011081547077e-06,1.027493333259541924e-07,3.191516430064097167e-09,6.456057362866581759e-11,2.156426816003790854e-08,6.454411239357486155e-11,1.115570105238863307e-12,3.153768977468626283e-11,5.870936772253007425e-10,3.153576407191689111e-11,1.114825526958251396e-12
6.759999999999999343e-01,2.315073757948940818e-06,1.249210328797594360e-07,1.392602213635611509e-07,4.573564344533212026e-08,1.876198699553143826e-06,1.025298250980596339e-07,3.297320105696285791e-09,7.069821869716489791e-11,2.230008225481200584e-08,7.067987834267522297e-11,1.095222813311876014e-12,3.278578497541166262e-11,6.217958293761754315e-10,3.278382143641579075e-11,1.094492935662425735e-12
6.764999999999999902e-01,2.311088250976583813e-06,1.236796671780818110e-07,1.297603624932326402e-07,4.564310790740077184e-08,1.882117003536772087e-06,1.025576674569484346e-07,3.404252774704077130e-09,7.716982736228759578e-11,2.304362423143005126e-08,7.714950852056357800e-11,1.074274299882618794e-12,3.405930567968234363e-11,6.579816180264629836e-10,3.405730504845980583e-11,1.073559076344906408e-12
6.770000000000000462e-01,2.307286533001370161e-06,1.223575940894441108e-07,1.206434060663006775e-07,4.554400767331716997e-08,1.887713072486136488e-06,1.027856630246029320e-07,3.512194187123337867e-09,8.397651261365047079e-11,2.379411482276433939e-08,8.395411483730459390e-11,1.053220169085673493e-12,3.535970606875484489e-11,6.957269051798499528e-10,3.535767367144485208e-11,1.052519141300672922e-12
6.774999999999999911e-01,2.303630045034623206e-06,1.209509191633333165e-07,1.119153941727382279e-07,4.543802421775489326e-08,1.892998354486642962e-06,1.031628684214625971e-07,3.620992589421397586e-09,9.111823797876918997e-11,2.455075513073034768e-08,9.109366297587317750e-11,1.032478543970913998e-12,3.668887699422951308e-11,7.350849850767552118e-10,3.668681976560085823e-11,1.031791204105350164e-12
6.779999999999999361e-01,2.300115783619718508e-06,1.194816053396413196e-07,1.035777346622188854e-07,4.532506571273056107e-08,1.897995962243319788e-06,1.036408516564501869e-07,3.730467897373591121e-09,9.859442538377098229e-11,2.531274235483327870e-08,9.856758069966679277e-11,1.012342304987086273e-12,3.804844810859575681e-11,7.760729169540906865e-10,3.804637111017874441e-11,1.011668589519434503e-12
6.784999999999999920e-01,2.296766608809282988e-06,1.179914465141817197e-07,9.562731011701443801e-08,4.520532443403221315e-08,1.902732700620912677e-06,1.041778172011897995e-07,3.840422192215162275e-09,1.064045086356902849e-10,2.607927764994195653e-08,1.063753106921439130e-10,9.929762043275418914e-13,3.943912082120055320e-11,8.186688218386569033e-10,3.943702476692591008e-11,9.923168350342228076e-13
6.790000000000000480e-01,2.293614556673035669e-06,1.165328517897289623e-07,8.805809013508684170e-08,4.507924013209700490e-08,1.907229422768657763e-06,1.047391802367563101e-07,3.950654401803350471e-09,1.145482266668322888e-10,2.684956401348366490e-08,1.145166022455361948e-10,9.744571553074588366e-13,4.086026677190593545e-11,8.628216813806692485e-10,4.085814761978328952e-11,9.738135816674007846e-13
6.794999999999999929e-01,2.290681919691501705e-06,1.151583082779196992e-07,8.086360809438694211e-08,4.494737746698802078e-08,1.911493091117813669e-06,1.052947459990530926e-07,4.060974548485930355e-09,1.230255358826390159e-10,2.762279549521126739e-08,1.229914216382717082e-10,9.568428153068847338e-13,4.230994981979850067e-11,9.084709242333517948e-10,4.230780057048862949e-11,9.562166833962417141e-13
6.799999999999999378e-01,2.287965797446933831e-06,1.139105649544060465e-07,7.403939155283461596e-08,4.481025569131825575e-08,1.915513438191638195e-06,1.058141385024074760e-07,4.171212949298963419e-09,1.318361516314244836e-10,2.839814193854161821e-08,1.317994918792150520e-10,9.402459285354596310e-13,4.378539239000265722e-11,9.555695401766422048e-10,4.378320624595264793e-11,9.396382368553448021e-13
6.805000000000001048e-01,2.285430890170370722e-06,1.128153265582000056e-07,6.758449747386496681e-08,4.466818698394837169e-08,1.919265587235121297e-06,1.062628998741515616e-07,4.281221288097916364e-09,1.409788599562864532e-10,2.917473492206339978e-08,1.409396035719911966e-10,9.248918490622388778e-13,4.528375367033421716e-11,1.004102896647500640e-09,4.528152708203062923e-11,9.243021458172621150e-13
6.810000000000000497e-01,2.283012723491728127e-06,1.118776329633954015e-07,6.150166488506593345e-08,4.452117931322535209e-08,1.922717924692252540e-06,1.066014148218666545e-07,4.390865081302296364e-09,1.504508259360709133e-10,2.995166010014590306e-08,1.504089235273203051e-10,9.111436538477273321e-13,4.680297033461564245e-11,1.054096496859560032e-09,4.680070447854401944e-11,9.105696844511409515e-13
6.814999999999999947e-01,2.280630092398515579e-06,1.110822813154520121e-07,5.579611733181692470e-08,4.436893981056877001e-08,1.925842639872513005e-06,1.067876053246417217e-07,4.500009897480790449e-09,1.602471327192445685e-10,3.072795893069437370e-08,1.602025351558280283e-10,8.994904268189517697e-13,4.834237330651706647e-11,1.105609382014165559e-09,4.834007321625432023e-11,8.989285091099548885e-13
6.819999999999999396e-01,2.278202474486199803e-06,1.103978250151037166e-07,5.047353184974768644e-08,4.421098147016555111e-08,1.928625333462739966e-06,1.067826846716221938e-07,4.608505831154414169e-09,1.703607111143959998e-10,3.150263960184417454e-08,1.703133700555503720e-10,8.905056530740202732e-13,4.990285431583617897e-11,1.158714664960965783e-09,4.990052594913123267e-11,8.899517744213578530e-13
6.825000000000001066e-01,2.275666577480175638e-06,1.097830427560478755e-07,4.553796539754243259e-08,4.404680054262121714e-08,1.931070323746027286e-06,1.065578475572297775e-07,4.716175443208910389e-09,1.807826876078460492e-10,3.227469391815236226e-08,1.807325579870380240e-10,8.847905344666770117e-13,5.148649831811912577e-11,1.213473198228862932e-09,5.148414483380069476e-11,8.842418361703426346e-13
6.830000000000000515e-01,2.272986643048833592e-06,1.091944368806978068e-07,4.099050128083148006e-08,4.387606646681064016e-08,1.933199692789589840e-06,1.060992046041109404e-07,4.822809388507315556e-09,1.915030342103017184e-10,3.304311500854543127e-08,1.914500779625844254e-10,8.829193181237471812e-13,5.309577737841737297e-11,1.269909049102379291e-09,5.309339636990315970e-11,8.823753987888493492e-13
6.834999999999999964e-01,2.270155479751391763e-06,1.085933263566100721e-07,3.682906876359600676e-08,4.369875978945249356e-08,1.935046240478396293e-06,1.054088072234023879e-07,4.928171538270015221e-09,2.025112972198618404e-10,3.380691058917933363e-08,2.024554870985659407e-10,8.854004618630328692e-13,5.473255804047970981e-11,1.327995264572026538e-09,5.473014118220271028e-11,8.848639093502024166e-13
6.839999999999999414e-01,2.267186594835796996e-06,1.079513885947951279e-07,3.304942405839612874e-08,4.351520916488373130e-08,1.936642622093326981e-06,1.045010626853960889e-07,5.032012332106097912e-09,2.137971519500734316e-10,3.456510815693896608e-08,2.137384742381499654e-10,8.926605888192796596e-13,5.639725201117589244e-11,1.387655287191018150e-09,5.639478759512034816e-11,8.921363794522240182e-13
6.845000000000001084e-01,2.264100993672987324e-06,1.072539580753433510e-07,2.964684019055841761e-08,4.332601152458882615e-08,1.938010302101833488e-06,1.033956403256384542e-07,5.134086362020476243e-09,2.253505885693504119e-10,3.531675130419232968e-08,2.252890438621342166e-10,9.050506192197059275e-13,5.808840812754330351e-11,1.448780267513309582e-09,5.808588568122818586e-11,9.045444395963714638e-13
6.850000000000000533e-01,2.260914038959306024e-06,1.065008736972544516e-07,2.661780315662704993e-08,4.313185905192035035e-08,1.939152084489240552e-06,1.021093960174265500e-07,5.234168709994264921e-09,2.371616613703449234e-10,3.606088934978331647e-08,2.370972632697980535e-10,9.228678798348982157e-13,5.980290747940562396e-11,1.511257080571653179e-09,5.980032260833071859e-11,9.223838799862618667e-13
6.854999999999999982e-01,2.257627538629664324e-06,1.057050729083721507e-07,2.396104252653542525e-08,4.293332922388086021e-08,1.940050820462796536e-06,1.006503103906949834e-07,5.332064850445441087e-09,2.492198863021977629e-10,3.679656465345654582e-08,2.491526585851819805e-10,9.463858161111676069e-13,6.153672506361074931e-11,1.574997950773571666e-09,6.153408233348235913e-11,9.459246084493836904e-13
6.859999999999999432e-01,2.254230056178185372e-06,1.048894038881102201e-07,2.167751718253260790e-08,4.273070844833845668e-08,1.940674833861803066e-06,9.901573996463912850e-08,5.427610933519460197e-09,2.615134961616378760e-10,3.752280261083219929e-08,2.614434695133258347e-10,9.758839748716161066e-13,6.328602586764157851e-11,1.639961633040792460e-09,6.328333814485086831e-11,9.754417068720175126e-13
6.865000000000001101e-01,2.250705137253216480e-06,1.040822677544929642e-07,1.976941156285676689e-08,4.252391028256634836e-08,1.940988339415689335e-06,9.719567556467469088e-08,5.520664360453571073e-09,2.740288153314400306e-10,3.823860824955345235e-08,2.739560248798973327e-10,1.011673692134932865e-12,6.504823823007201716e-11,1.706158545833785920e-09,6.504552225975254604e-11,1.011242701375667178e-12
6.870000000000000551e-01,2.247043974784512491e-06,1.033127477751008204e-07,1.823860105588084531e-08,4.231251851237683564e-08,1.940963427670454664e-06,9.517980863236670171e-08,5.611087750010321987e-09,2.867499771625659591e-10,3.894297098661236044e-08,2.866744617581414436e-10,1.054117480824979734e-12,6.682273884953131597e-11,1.773637409522001823e-09,6.682000845688226392e-11,1.053688479547837044e-12
6.875000000000000000e-01,2.243257198357195208e-06,1.026058755895577703e-07,1.708525704444879141e-08,4.209594349631002875e-08,1.940589630915084391e-06,9.296576033136436095e-08,5.698731626020301154e-09,2.996590898127507697e-10,3.963487630864016205e-08,2.995808933628817367e-10,1.103641098087225168e-12,6.861089991954123920e-11,1.842457155936601416e-09,6.860815941042082137e-11,1.103206228947544731e-12
6.879999999999999449e-01,2.239380678073269306e-06,1.019786500594131843e-07,1.630719828561866142e-08,4.187364126242002813e-08,1.939877858650294923e-06,9.056539225855487143e-08,5.783421676833570305e-09,3.127368012001998408e-10,4.031332086775447788e-08,3.126559756253426421e-10,1.160736545855618121e-12,7.041545505805783706e-11,1.912653056087790553e-09,7.041269562474400714e-11,1.160292237215344832e-12
6.885000000000001119e-01,2.235472416604975834e-06,1.014373571800186897e-07,1.590028068329243914e-08,4.164532229753915937e-08,1.938857341503470800e-06,8.800685489793486444e-08,5.864955044841224887e-09,3.259630750627399200e-10,4.097732649607599756e-08,3.258796838431591776e-10,1.225952954629033498e-12,7.223937014054422768e-11,1.984208347178269390e-09,7.223657115749973046e-11,1.225501465413239053e-12
6.890000000000000568e-01,2.231600958250663551e-06,1.009766125037492875e-07,1.585967727844208747e-08,4.141107890045905186e-08,1.937566532011766159e-06,8.533164435632516659e-08,5.943107222985483208e-09,3.393179168954231002e-10,4.162594921631112354e-08,3.392320379504344344e-10,1.299872195145325302e-12,7.408458038872568212e-11,2.057041216384866088e-09,7.408171568258885244e-11,1.299421127935150211e-12
6.895000000000000018e-01,2.227829019625425411e-06,1.005803346211679841e-07,1.618151201481567053e-08,4.117138623494132592e-08,1.936040911445699882e-06,8.258779414793085517e-08,6.017647688276102711e-09,3.527818069565641886e-10,4.225828120011756942e-08,3.526935338250676731e-10,1.383068562059774176e-12,7.595101426807757582e-11,2.131012159113374230e-09,7.594806142365309290e-11,1.382628327617980573e-12
6.899999999999999467e-01,2.224198016539862194e-06,1.002245593788954406e-07,1.686413513877306192e-08,4.092697431147254831e-08,1.934301682507826973e-06,7.982170761562986664e-08,6.088359514126989306e-09,3.663357015256063988e-10,4.287344610107435650e-08,3.662451424191775516e-10,1.476057086360998558e-12,7.783624345042809254e-11,2.205949997725761843e-09,7.783319277630181735e-11,1.475637078760161206e-12
6.905000000000001137e-01,2.220719079138193892e-06,9.988166066015797562e-08,1.790844438084770163e-08,4.067861195215282792e-08,1.932349051334937435e-06,7.707151988539187229e-08,6.155056831428374431e-09,3.799606167737844940e-10,4.347059038910554933e-08,3.798678918385590052e-10,1.579241391024548773e-12,7.973589893832360910e-11,2.281688450544877238e-09,7.973275849796552825e-11,1.578846187298393207e-12
6.910000000000000586e-01,2.217374020318820164e-06,9.952523278561488669e-08,1.931702856924814067e-08,4.042687440900019652e-08,1.930162313811636016e-06,7.436414954016046880e-08,6.217594624730952948e-09,3.936369579551781964e-10,4.404887449689315025e-08,3.935421957311138460e-10,1.692876684074321621e-12,8.164474000611388388e-11,2.358101273155543517e-09,8.164153431985030455e-11,1.692503684741051164e-12
6.915000000000000036e-01,2.214126305846111089e-06,9.913470414390400790e-08,2.109239833489591194e-08,4.017197302524328780e-08,1.927706751576900391e-06,7.171668188730276014e-08,6.275867778836391587e-09,4.073438475722591252e-10,4.460746740150399015e-08,4.072471819320520283e-10,1.817063536415257798e-12,8.355803904013429187e-11,2.435124061081158618e-09,8.355480132346477553e-11,1.816703038391376634e-12
6.919999999999999485e-01,2.210938588275032535e-06,9.869876399550932921e-08,2.323497834734790161e-08,3.991370548827382116e-08,1.924945134118424119e-06,6.914104020434599347e-08,6.329799758006911588e-09,4.210587072808254927e-10,4.514554684456845884e-08,4.209602759595550982e-10,1.951781858122692933e-12,8.547282832172108843e-11,2.512754916776739400e-09,8.546958863853453673e-11,1.951419720938680943e-12
6.924999999999998934e-01,2.207791047650436268e-06,9.821691622818609504e-08,2.574169505707801515e-08,3.965154518740416074e-08,1.921850130372360675e-06,6.664971578414091278e-08,6.379324679917834509e-09,4.347572589273809940e-10,4.566230530252257850e-08,4.346572041670650896e-10,2.096962684368406807e-12,8.738858713432278361e-11,2.591033080474433127e-09,8.738536063971913082e-11,2.096584798955572883e-12
6.930000000000000604e-01,2.204694438522840175e-06,9.769888112129990775e-08,2.860582225378728145e-08,3.938484131409059391e-08,1.918413634585309333e-06,6.426008646709430902e-08,6.424368730436914880e-09,4.484139618008012651e-10,4.615695982076967609e-08,4.483124328425042715e-10,2.252581333661819399e-12,8.930712275870708529e-11,2.670002050409791805e-09,8.930390252557779961e-11,2.252178380687483939e-12
6.935000000000000053e-01,2.201693474705417793e-06,9.716204753581762895e-08,3.181829067684372639e-08,3.911306349688242870e-08,1.914649997069367179e-06,6.199560722409399968e-08,6.464837125947894486e-09,4.620027485967412422e-10,4.662876261391116018e-08,4.618999050454114588e-10,2.418744259678762679e-12,9.123166189412594260e-11,2.749669168295456934e-09,9.122841942505880657e-11,2.418315037641271081e-12
6.939999999999999503e-01,2.198859364008943616e-06,9.662760490542501925e-08,3.537009040542344023e-08,3.883600892096222811e-08,1.910592099351498558e-06,5.988355462783230064e-08,6.500611064502251967e-09,4.754978168616442580e-10,4.707700928469432965e-08,4.753938315880054685e-10,2.595738494587602910e-12,9.316543361233982912e-11,2.829975210082841048e-09,9.316212744971975695e-11,2.595290516276002588e-12
6.944999999999998952e-01,2.196273824047137344e-06,9.611624255884284093e-08,3.925491740400463936e-08,3.855390167655922917e-08,1.906281499090633987e-06,5.795045224824747445e-08,6.531555876935953009e-09,4.888742137161012776e-10,4.750104257018043669e-08,4.887692740881455973e-10,2.784019884180396188e-12,9.511020217753477182e-11,2.910784553015920733e-09,9.510679198640831550e-11,2.783566864680206392e-12
6.950000000000000622e-01,2.194009577451842941e-06,9.564433035862719726e-08,4.347103522096755012e-08,3.826734979185436553e-08,1.901755764589956956e-06,5.621720333316722944e-08,6.557537940390630260e-09,5.021080265256908274e-10,4.790025123757854998e-08,5.020023333452995102e-10,2.984133607273629939e-12,9.706523627445304416e-11,2.991899861438987149e-09,9.706169752710010382e-11,2.983690582142654618e-12
6.955000000000000071e-01,2.192113286761343562e-06,9.522129742164550508e-08,4.802153316958901074e-08,3.797717313350307511e-08,1.897037021793626400e-06,5.469596440339078285e-08,6.578445039997609443e-09,5.151761344085604045e-10,4.827406546762016585e-08,5.150698987588768366e-10,3.196583055254478888e-12,9.902706741864726154e-11,3.073097086295656222e-09,9.902340126392395854e-11,3.196160770448260589e-12
6.959999999999999520e-01,2.190595905963395061e-06,9.484857831802673460e-08,5.291271125061291122e-08,3.768415904166137131e-08,1.892125364695032416e-06,5.338994398794720984e-08,6.594203704556664795e-09,5.280556342981632327e-10,4.862195116285921451e-08,5.279490732852863711e-10,3.421683560965418459e-12,1.009901357618167089e-10,3.154169621544101813e-09,1.009863701257974627e-10,3.421284122015211754e-12
6.964999999999998970e-01,2.189432918358566764e-06,9.452010985965167387e-08,5.815102262848187293e-08,3.738882735854147549e-08,1.886999251525521931e-06,5.229599553745324668e-08,6.604787986054139035e-09,5.407231737235572781e-10,4.894340574589544350e-08,5.406165065278874632e-10,3.659447931052426961e-12,1.029481287336164258e-10,3.234967086985744862e-09,1.029443097306775685e-10,3.659063334156907013e-12
6.970000000000000639e-01,2.188573798100707693e-06,9.422404580824267803e-08,6.373959822222512674e-08,3.709128390255651806e-08,1.881622805392623853e-06,5.140866662880291554e-08,6.610216900848369458e-09,5.531544576859854105e-10,4.923795719027070842e-08,5.530479032528016499e-10,3.909546054382017344e-12,1.048955840060539842e-10,3.315415643607251240e-09,1.048917602820196501e-10,3.909160249204818533e-12
6.975000000000000089e-01,2.187957316530502469e-06,9.394518343455791925e-08,6.967562940515470404e-08,3.679121213234813347e-08,1.875957751458483548e-06,5.072378039892389850e-08,6.610541410825393571e-09,5.653241357694301531e-10,4.950516662645619639e-08,5.652179128829604231e-10,4.171360699060040611e-12,1.068292322905234381e-10,3.395512629860420637e-09,1.068254376657412106e-10,4.170954584199117122e-12
6.979999999999999538e-01,2.187527839487141033e-06,9.366757983923992338e-08,7.594967251286208113e-08,3.648800650915516155e-08,1.869976240642864429e-06,5.023989663616861987e-08,6.605825203563754069e-09,5.772061392885416297e-10,4.974463345199157583e-08,5.771004688855205640e-10,4.444131236630632646e-12,1.087486319364050600e-10,3.475296758437329083e-09,1.087448725999983254e-10,4.443688910560152613e-12
6.984999999999998987e-01,2.187247883143169477e-06,9.337693886338203612e-08,8.254730874104740396e-08,3.618100342815660199e-08,1.863670500928915806e-06,4.995699565966428002e-08,6.596125528648252660e-09,5.887743754179759904e-10,4.995600098528014012e-08,5.886694841332627588e-10,4.727146030329278142e-12,1.106558736792841292e-10,3.554803343907877241e-09,1.106521247927519196e-10,4.726660113260043314e-12
6.990000000000000657e-01,2.187103726957490656e-06,9.306250256858969678e-08,8.945275149112343772e-08,3.586973262860286040e-08,1.857056225952685800e-06,4.987300645680781444e-08,6.581480310825954151e-09,6.000035544297588623e-10,5.013896064342863704e-08,5.998996778492385777e-10,5.019923486249444151e-12,1.125544373646068263e-10,3.634019264013309769e-09,1.125506506878239846e-10,5.019397595165157215e-12
6.995000000000000107e-01,2.187103211804069416e-06,9.271831760209106509e-08,9.665323966537384629e-08,3.555410486869590951e-08,1.850168562393814815e-06,4.997980297289476200e-08,6.561905702351858128e-09,6.108698749963756485e-10,5.029325336623321401e-08,6.107672591270572190e-10,5.322319675086681600e-12,1.144475635100887296e-10,3.712852764505641987e-09,1.144436836991028691e-10,5.321767101105938655e-12
6.999999999999999556e-01,2.187267188537598882e-06,9.234382815514808118e-08,1.041426759770265185e-07,3.523447283269370645e-08,1.843051888688916191e-06,5.026058190366634235e-08,6.537404829616102578e-09,6.213513404239636712e-10,5.041866821087698812e-08,6.212502404929797247e-10,5.634519585484056915e-12,1.163366677393321744e-10,3.791128561129908155e-09,1.163326517266843325e-10,5.633958556655383661e-12
7.004999999999999005e-01,2.187617731430843387e-06,9.194377610931664350e-08,1.119231296957138668e-07,3.491154464536217348e-08,1.835746558739655605e-06,5.068998213713489240e-08,6.507984845029890660e-09,6.314276096008626725e-10,5.051503919872944921e-08,6.313282862554701683e-10,5.956904792323431646e-12,1.182203192648995924e-10,3.868610436217078726e-09,1.182161518403247591e-10,5.956351930822504602e-12
7.010000000000000675e-01,2.188166795829191899e-06,9.152739995901107452e-08,1.200035001170223462e-07,3.458617875331618300e-08,1.828276787084700438e-06,5.123714199780002688e-08,6.473676700771851438e-09,6.410794542044165235e-10,5.058224213886211844e-08,6.409821681666624733e-10,6.289831671267775441e-12,1.200941259200471125e-10,3.945044376002090854e-09,1.200898258173706299e-10,6.289295925122778907e-12
7.015000000000000124e-01,2.188908462477852271e-06,9.110696147843265101e-08,1.283956158576429218e-07,3.425912869504454847e-08,1.820643546123040193e-06,5.187061169264890416e-08,6.434551189201295496e-09,6.502880382075672252e-10,5.062019303633847904e-08,6.501930450688743916e-10,6.633387399176123651e-12,1.219515747910428431e-10,4.020208304559342601e-09,1.219471888842492328e-10,6.632866592532295264e-12
7.019999999999999574e-01,2.189816576531381644e-06,9.069571968860134392e-08,1.371089879805122831e-07,3.393082305058301533e-08,1.812824807517208611e-06,5.256319460119058892e-08,6.390726020593186074e-09,6.590343043761331392e-10,5.062884888601543582e-08,6.589418512502603055e-10,6.987203728528823260e-12,1.237855648226614064e-10,4.093952025252562370e-09,1.237811522784646444e-10,6.986684968222247575e-12
7.024999999999999023e-01,2.190847937454614853e-06,9.030560703966508906e-08,1.461459976219223010e-07,3.360125403159757064e-08,1.804783155320862699e-06,5.329475342847605580e-08,6.342361622591320064e-09,6.672987191416372082e-10,5.060821050551920866e-08,6.672090442825811885e-10,7.350394948898718243e-12,1.255901385845639554e-10,4.166213977783864620e-09,1.255857504718738837e-10,7.349858767004780015e-12
7.030000000000000693e-01,2.191949710726229787e-06,8.994499818921726908e-08,1.554992555732792641e-07,3.327001174097533617e-08,1.796478445562465586e-06,5.405181923747184603e-08,6.289646990353287724e-09,6.750615021175723447e-10,5.055832606280604367e-08,6.749748375537339505e-10,7.721649297899991100e-12,1.273618507262956829e-10,4.237008941584666984e-09,1.273575122952269889e-10,7.721076085894755670e-12
7.035000000000000142e-01,2.193068767315340318e-06,8.961703386999554886e-08,1.651522033170329085e-07,3.293645237724202783e-08,1.787881534442830517e-06,5.482416146202079491e-08,6.232780103388943759e-09,6.823032929178535397e-10,5.047929353205509252e-08,6.822198690164797572e-10,8.099453474030707671e-12,1.291003245935157946e-10,4.306390414267953370e-09,1.290960265527661251e-10,8.098829952045756298e-12
7.039999999999999591e-01,2.194160372505977170e-06,8.931891722792645197e-08,1.750829375978786458e-07,3.259994394809286421e-08,1.778984686967280885e-06,5.559976953892711223e-08,6.171949124082725049e-09,6.890060473497862789e-10,5.037126065910927628e-08,6.889260974363011527e-10,8.482384001847298617e-12,1.308078099269288819e-10,4.374399884642542496e-09,1.308035118617997183e-10,8.481707460012595968e-12
7.044999999999999041e-01,2.195194016507316475e-06,8.904242055576502378e-08,1.852701001076647791e-07,3.226010736022260175e-08,1.769805267522331046e-06,5.636041801605686344e-08,6.107320266085516356e-09,6.951538654943364464e-10,5.023442201030056970e-08,6.950776285052023617e-10,8.869372919733337681e-12,1.324878788190074501e-10,4.441019747832912068e-09,1.324835235483312965e-10,8.868651770154565394e-12
7.050000000000000711e-01,2.196155046604549459e-06,8.877556001946833002e-08,1.956988837537247607e-07,3.191697260303796479e-08,1.760381416268751953e-06,5.707982191795829630e-08,6.039035993956615374e-09,7.007334693615842454e-10,5.006901392032058445e-08,7.006611891114234211e-10,9.259858721545086864e-12,1.341436784857674033e-10,4.506145610198474421e-09,1.341392122353218198e-10,9.259109217081462268e-12
7.055000000000000160e-01,2.197041894504793546e-06,8.850509228241785791e-08,2.063650650275027689e-07,3.157099840036526783e-08,1.750760977724231420e-06,5.772538560929698027e-08,5.967223830447343719e-09,7.057341646639412768e-10,4.987530913210622058e-08,7.056660854653052631e-10,9.653767171744870973e-12,1.357763058560520866e-10,4.569587470703284090e-09,1.357716970615912777e-10,9.653007503590633977e-12
7.059999999999999609e-01,2.197859840673978786e-06,8.821925605837058184e-08,2.172755591645669687e-07,3.122294945774509622e-08,1.740987152769603885e-06,5.826310186740416186e-08,5.892012614391030844e-09,7.101473003780788644e-10,4.965361320791145804e-08,7.100836600810523892e-10,1.005132068768963966e-11,1.373838322208268863e-10,4.631099773721256728e-09,1.373790823181424732e-10,1.005056457841353584e-11
7.064999999999999059e-01,2.198613175964639708e-06,8.791010346931569145e-08,2.284451371698075528e-07,3.087367289322605154e-08,1.731085469682833016e-06,5.866385279161300514e-08,5.813550682537718339e-09,7.139654187489394036e-10,4.940426422226299549e-08,7.139064412837379174e-10,1.045273213113586387e-11,1.389612976141859183e-10,4.690430738975439506e-09,1.389564401172786665e-10,1.045198417318137481e-11
7.070000000000000728e-01,2.199298098453443778e-06,8.757487342541618744e-08,2.398902637935712589e-07,3.052384874913591703e-08,1.721056323445994805e-06,5.890873609630548568e-08,5.732019895725031531e-09,7.171814035075467156e-10,4.912763600038844206e-08,7.171272933367966588e-10,1.085787988072480403e-11,1.405016816209976124e-10,4.747374884324583106e-09,1.404967700394923580e-10,1.085713419668381536e-11
7.075000000000000178e-01,2.199898574225543289e-06,8.721612343066049616e-08,2.516220575067907409e-07,3.017379760732296154e-08,1.710875594851046808e-06,5.899135644107175717e-08,5.647640847044498573e-09,7.197879428816015143e-10,4.882414370071546040e-08,7.197388832384631899e-10,1.126607139345238469e-11,1.419975413898840561e-10,4.801811457488503343e-09,1.419926305250799308e-10,1.126531397316379198e-11
7.079999999999999627e-01,2.200386659630074486e-06,8.684067542310827207e-08,2.636407616419483289e-07,2.982340874277088038e-08,1.700503268688225344e-06,5.891616910917882845e-08,5.560667489902074405e-09,7.217775207156932911e-10,4.849424943274147700e-08,7.217336762672873117e-10,1.167597734106657356e-11,1.434427912595262498e-10,4.853716026831401906e-09,1.434379186878744774e-10,1.167519109647118115e-11
7.084999999999999076e-01,2.200727547941531367e-06,8.645773878809171778e-08,2.759336894299906620e-07,2.947221169630227150e-08,1.689897354279483228e-06,5.869349286107841404e-08,5.471372846907146436e-09,7.231429673874565787e-10,4.813846532094964777e-08,7.231044904255332012e-10,1.208576490039437289e-11,1.448340517606420471e-10,4.903141282642339133e-09,1.448292260605528114e-10,1.208493555122373400e-11
7.090000000000000746e-01,2.200888151812847835e-06,8.607675552137810268e-08,2.884774830749552439e-07,2.911956631354921289e-08,1.679028630988651589e-06,5.833311298590625510e-08,5.380030292474351085e-09,7.238784042693703019e-10,4.775735214393026216e-08,7.238454422270811169e-10,1.249339383533010021e-11,1.461711339636477059e-10,4.950173269574646324e-09,1.461663336097374160e-10,1.249251452311516258e-11
7.095000000000000195e-01,2.200846776366681855e-06,8.570552016661118797e-08,3.012440736272175949e-07,2.876490719151544635e-08,1.667891400235839262e-06,5.783895380940716889e-08,5.286896239228883015e-09,7.239802704225842197e-10,4.735151318847444562e-08,7.239529719258987324e-10,1.289698403998892482e-11,1.474565034710252089e-10,4.994877435075121515e-09,1.474516863342953731e-10,1.289605711951152076e-11
7.099999999999999645e-01,2.200600807218391154e-06,8.534897296452792790e-08,3.142084367115514536e-07,2.840796102943326943e-08,1.656506665759990863e-06,5.720688730754306941e-08,5.192199496587314352e-09,7.234480801939028680e-10,4.692158473406474670e-08,7.234265972230341270e-10,1.329513695217107697e-11,1.486938968308340682e-10,5.037252314601898470e-09,1.486890163922762204e-10,1.329417249850748660e-11
7.104999999999999094e-01,2.200169636513498574e-06,8.500881477968334989e-08,3.273555608995838526e-07,2.804886519474393750e-08,1.644916605952096063e-06,5.642652209337388740e-08,5.096140326436763344e-09,7.222846420039710779e-10,4.646822596203062533e-08,7.222691269838330110e-10,1.368710531632733637e-11,1.498865357799694168e-10,5.077206220470683761e-09,1.498815579048906550e-10,1.368611709030020326e-11
7.110000000000000764e-01,2.199591315661999470e-06,8.468383972995053841e-08,3.406842333170674675e-07,2.768814933181806387e-08,1.633172058672629664e-06,5.548626695459760508e-08,4.998899051660742801e-09,7.204956463782588636e-10,4.599211151412889334e-08,7.204862447405465116e-10,1.407275316701776525e-11,1.510355137759559706e-10,5.114564750434972957e-09,1.510304279969880891e-10,1.407175365239918302e-11
7.115000000000000213e-01,2.198913360510891734e-06,8.437071044553771737e-08,3.542062613203489022e-07,2.732658765648984951e-08,1.621317068611554526e-06,5.437969497525357506e-08,4.900651017847492022e-09,7.180887456918969210e-10,4.549392918118422935e-08,7.180855860714979476e-10,1.445231566689287298e-11,1.521388735039486403e-10,5.149106774619924593e-09,1.521336951002097415e-10,1.445131202123158455e-11
7.119999999999999662e-01,2.198180162340923786e-06,8.406485703624450285e-08,3.679412639775449221e-07,2.696497231311997095e-08,1.609375566033360060e-06,5.311074238696822161e-08,4.801582747458297240e-09,7.150724257112665944e-10,4.497438348518080562e-08,7.150756108820264740e-10,1.482603444074468474e-11,1.531916718114595327e-10,5.180617156884148367e-09,1.531864345826250646e-10,1.482502673478203074e-11
7.124999999999999112e-01,2.197420876913342757e-06,8.376125711332390004e-08,3.819086762893410795e-07,2.660388367469060807e-08,1.597344593917889179e-06,5.169574429625024937e-08,4.701903865256307929e-09,7.114550475718862915e-10,4.443420380370650516e-08,7.114646491356018180e-10,1.519378630333473291e-11,1.541870116367361830e-10,5.208938935029732508e-09,1.541817547330321000e-10,1.519276847399417183e-11
7.130000000000000782e-01,2.196641897357190519e-06,8.345499850396585760e-08,3.961195961070729515e-07,2.624353347496802091e-08,1.585196371617803542e-06,5.016154137872556200e-08,4.601850858358707289e-09,7.072443890305931706e-10,4.387415392900835794e-08,7.072604477315784913e-10,1.555482732645105043e-11,1.551177109010320855e-10,5.234007857006756566e-09,1.551124650681100154e-10,1.555379022307967783e-11
7.135000000000000231e-01,2.195826843360563157e-06,8.314166615280354960e-08,4.105712195616978598e-07,2.588373152842933488e-08,1.572888569445789782e-06,4.854039444619522798e-08,4.501681445615825042e-09,7.024478499895052764e-10,4.329503921925514751e-08,7.024703816954772632e-10,1.590773809925346580e-11,1.559780752431037494e-10,5.255857988808713119e-09,1.559728536718366019e-10,1.590667326870838630e-11
7.139999999999999680e-01,2.194944680703004969e-06,8.281766850372790719e-08,4.252457972132665641e-07,2.552398520279548934e-08,1.560379435487395638e-06,4.686362733843430256e-08,4.401661369041169023e-09,6.970732631657718864e-10,4.269770811124828405e-08,6.971022686351066822e-10,1.625059123363988537e-11,1.567652095651185876e-10,5.274596644194498767e-09,1.567600063683471460e-10,1.624949393375859859e-11
7.144999999999999130e-01,2.193963829223933124e-06,8.248060055382730522e-08,4.401145581535811606e-07,2.516369680218186638e-08,1.547642781136213787e-06,4.515633051514472936e-08,4.302047802499998480e-09,6.911300417682430503e-10,4.208304657232716759e-08,6.911655169782774808e-10,1.658128977661938517e-11,1.574794522275703392e-10,5.290356978902798383e-09,1.574742483475988418e-10,1.658016015588494697e-11
7.150000000000000799e-01,2.192867863412962653e-06,8.212964936295875851e-08,4.551453844679480966e-07,2.480239222935675438e-08,1.534677853242453780e-06,4.343495952524427198e-08,4.203074553877610381e-09,6.846302737142137336e-10,4.145196648453158072e-08,6.846722172362974863e-10,1.689796906435266284e-11,1.581237970992938886e-10,5.303243907681103611e-09,1.581185705131797057e-10,1.689681128320505946e-11
7.155000000000000249e-01,2.191667507344335509e-06,8.176593575093438085e-08,4.703117349493057940e-07,2.443990505690799985e-08,1.521510804580724705e-06,4.170847680997389081e-08,4.104943540314207600e-09,6.775893795137318089e-10,4.080539114044456364e-08,6.776377943259208502e-10,1.719933331400849337e-11,1.587024921186691363e-10,5.313291135484626666e-09,1.586972277253298514e-10,1.719815324732513179e-11
7.159999999999999698e-01,2.190404510282562013e-06,8.139261535099574873e-08,4.855998552192330485e-07,2.407645615917025561e-08,1.508187265855415277e-06,3.998229849570024021e-08,4.007824911019435248e-09,6.700260882536637001e-10,4.014424219731165618e-08,6.700809772017621885e-10,1.748481905634232865e-11,1.592192651066184914e-10,5.320443362156188913e-09,1.592139601927345015e-10,1.748362174916507343e-11
7.164999999999999147e-01,2.189145485111574639e-06,8.101457668253954430e-08,5.010118394428779642e-07,2.371260455947783958e-08,1.494758488848710542e-06,3.826326989754557802e-08,3.911865391085802762e-09,6.619617089279706426e-10,3.946943212495910430e-08,6.620230651944280378e-10,1.775453362015142182e-11,1.596757449051078346e-10,5.324569381767767767e-09,1.596704082999730223e-10,1.775332166270719367e-11
7.170000000000000817e-01,2.187967128918739615e-06,8.063767880598651854e-08,5.165634624299396036e-07,2.334908808260171112e-08,1.481265675808618530e-06,3.656359770971772596e-08,3.817201836622667404e-09,6.534189089246605587e-10,3.878186444219060447e-08,6.534867046068258437e-10,1.800898986692741870e-11,1.600705816726898882e-10,5.325501627035481761e-09,1.600652276184142497e-10,1.800776333720967526e-11
7.175000000000000266e-01,2.186937291962120201e-06,8.026763035312263159e-08,5.322774343048398074e-07,2.298660835516344273e-08,1.467727710059831104e-06,3.490219808425123791e-08,3.723975443103110735e-09,6.444203790530285087e-10,3.808244142254009091e-08,6.444945556921365935e-10,1.824872426548686342e-11,1.603995455876480538e-10,5.323089066871822811e-09,1.603941856960714583e-10,1.824748210268726638e-11
7.179999999999999716e-01,2.186098020276825758e-06,7.990876235042598866e-08,5.481742652257686158e-07,2.262563195349294009e-08,1.454136355028863107e-06,3.330303084313783329e-08,3.632341996168797712e-09,6.349878078807273515e-10,3.737207634848891879e-08,6.350682722383680119e-10,1.847392263616298049e-11,1.606565705268517676e-10,5.317246084630927572e-09,1.606512079544472235e-10,1.847266461245116404e-11
7.184999999999999165e-01,2.185456302120440636e-06,7.956302544884774219e-08,5.642637475669090251e-07,2.226627269411420453e-08,1.440460480201248904e-06,3.179121197758476661e-08,3.542474966941657348e-09,6.251414911522373576e-10,3.665170571365347965e-08,6.252281178598532007e-10,1.868417447602141347e-11,1.608354084775520948e-10,5.307981419231761615e-09,1.608300373006405424e-10,1.868290264247778168e-11
7.190000000000000835e-01,2.184985836307505269e-06,7.922950990987076909e-08,5.805398866430441656e-07,2.190829195492871891e-08,1.426657850592825258e-06,3.038853506362475643e-08,3.454560636349204936e-09,6.149006953280285125e-10,3.592229663085090622e-08,6.149933357800698138e-10,1.887843415101062360e-11,1.609313672480266439e-10,5.295397913150137586e-09,1.609259774717508530e-10,1.887715288249826204e-11
7.195000000000000284e-01,2.184639473284773060e-06,7.890464806486694555e-08,5.969809896226573378e-07,2.155121425021907897e-08,1.412690500072185517e-06,2.911016799366538922e-08,3.368786997587311209e-09,6.042846454262569415e-10,3.518484619671396978e-08,6.043831401995025878e-10,1.905519971336974736e-11,1.609425795356225669e-10,5.279663442484340568e-09,1.609371653545463614e-10,1.905391416380067560e-11
7.199999999999999734e-01,2.184368303685760524e-06,7.858305942879770941e-08,6.135549238842373897e-07,2.119451742999955173e-08,1.398538542889237297e-06,2.796370333242160005e-08,3.285330114164331752e-09,5.933137986256365823e-10,3.444037222018900272e-08,5.934179894961792241e-10,1.921284996912280950e-11,1.608704026973881376e-10,5.260962812532083715e-09,1.608649698233410663e-10,1.921156356928064648e-11
7.204999999999999183e-01,2.184140982886072892e-06,7.825880774650061931e-08,6.302278435998012982e-07,2.083783329840295165e-08,1.384207845512527986e-06,2.695070359031880954e-08,3.204342314717502719e-09,5.820109660680103154e-10,3.368989765607233012e-08,5.821207037870209944e-10,1.935003051539679215e-11,1.607188267791552520e-10,5.239446503120955612e-09,1.607133947380216977e-10,1.934874272309389169e-11
7.210000000000000853e-01,2.183956667713443367e-06,7.792672369028487606e-08,6.469735267670066588e-07,2.048109260044538676e-08,1.369729077483087570e-06,2.606984466877975156e-08,3.125945905000792648e-09,5.704018896362312552e-10,3.293443329148617054e-08,5.705170350018684319e-10,1.946596564406095389e-11,1.604930844253309747e-10,5.215192979668859436e-09,1.604876817721007287e-10,1.946467120351987483e-11
7.215000000000000302e-01,2.183847037672361634e-06,7.758344509200643946e-08,6.637802505631502113e-07,2.012456828801450985e-08,1.355148565450530304e-06,2.532015256784483608e-08,3.050234242331317142e-09,5.585150545852842588e-10,3.217496393821008836e-08,5.586354725701944335e-10,1.956059905832864564e-11,1.601979094495444626e-10,5.188196642072711808e-09,1.601925630628918904e-10,1.955928947486488446e-11
7.219999999999999751e-01,2.183866592270351641e-06,7.722793452756860207e-08,6.806529343865465021e-07,1.976880560251244607e-08,1.340514102906458908e-06,2.470288639055882826e-08,2.977279666194370571e-09,5.463807662589539256e-10,3.141244231424337253e-08,5.465063152759768500e-10,1.963452300231969347e-11,1.598360007402486916e-10,5.158384957636192325e-09,1.598307233678663884e-10,1.963318998585601030e-11
7.224999999999999201e-01,2.184074477560672320e-06,7.686140833036358870e-08,6.976098333734764017e-07,1.941446499046876209e-08,1.325860504459791683e-06,2.422129442378384823e-08,2.907145667833141843e-09,5.340297588753420073e-10,3.064779228639898932e-08,5.341602789182226561e-10,1.968872365644909772e-11,1.594071803593855704e-10,5.125658761405719126e-09,1.594019620172414120e-10,1.968736332343430960e-11
7.230000000000000870e-01,2.184514070549147141e-06,7.648678684637614587e-08,7.146748571526692941e-07,1.906213175568908723e-08,1.311199703335418823e-06,2.387845199653992232e-08,2.839899464200801336e-09,5.214917579371269522e-10,2.988192002454820940e-08,5.216270617486550798e-10,1.972422821829180236e-11,1.589085114360513590e-10,5.089942250741570931e-09,1.589033193265465801e-10,1.972284429639707394e-11
7.235000000000000320e-01,2.185197374595367451e-06,7.610789244181434500e-08,7.318680269932726439e-07,1.871215570689306221e-08,1.296518596054537812e-06,2.367425070010688127e-08,2.775621165185678985e-09,5.087944347889770906e-10,2.911572894075755326e-08,5.089343052462139970e-10,1.974176776113598575e-11,1.583353344721182467e-10,5.051226255376906609e-09,1.583301229517924931e-10,1.974037220153810629e-11
7.239999999999999769e-01,2.186099639118990111e-06,7.572864605095551920e-08,7.491971952844286355e-07,1.836457233509104669e-08,1.281785201232256805e-06,2.360298093170040511e-08,2.714406933424914144e-09,4.959630664540635928e-10,2.835013296792594449e-08,4.961072613259493785e-10,1.974156141855256996e-11,1.576828881135652080e-10,5.009590818149742346e-09,1.576776160475392707e-10,1.974017169693754479e-11
7.244999999999999218e-01,2.187166073275691078e-06,7.535244959185888485e-08,7.666537346741701376e-07,1.801912873569481253e-08,1.266960923749600571e-06,2.365268161464085649e-08,2.656365511277067247e-09,4.830209868702758341e-10,2.758606323494377178e-08,4.831692496768439709e-10,1.972328563575391338e-11,1.569479955339114013e-10,4.965200081653143328e-09,1.569426448140077654e-10,1.972191932134231038e-11
7.250000000000000888e-01,2.188328316973114319e-06,7.498182825649364742e-08,7.842136000945556000e-07,1.767540241669940048e-08,1.252014733530192666e-06,2.380664645925595252e-08,2.601609586528724677e-09,4.699906607773307702e-10,2.682446536591535646e-08,4.701427344650913268e-10,1.968623167890229116e-11,1.561302789161407082e-10,4.918271590992979521e-09,1.561248665718903455e-10,1.968490007081376080e-11
7.255000000000000338e-01,2.189524946238924730e-06,7.461829659116635836e-08,8.018434067379397682e-07,1.733297108352333592e-08,1.236934526462333300e-06,2.404651903214114071e-08,2.550245032440911083e-09,4.568950113782005108e-10,2.606628774990942192e-08,4.570506505964380523e-10,1.962959530008002003e-11,1.552325174567058700e-10,4.869030380730768292e-09,1.552270954515022685e-10,1.962829855613195718e-11
7.259999999999999787e-01,2.190718916890227449e-06,7.426235061768926678e-08,8.195095301558374392e-07,1.699157620002590874e-08,1.221731981529265316e-06,2.435569453662873550e-08,2.502361625615713679e-09,4.437585520102458391e-10,2.531246414993009679e-08,4.439175302346269496e-10,1.955280321499158462e-11,1.542600393786383280e-10,4.817662940808697215e-09,1.542546804795604651e-10,1.955152910891378904e-11
7.264999999999999236e-01,2.191905969004922195e-06,7.391349381644399001e-08,8.371872566424943360e-07,1.665122714293669495e-08,1.206439474829423602e-06,2.472158475675340073e-08,2.458028280055412653e-09,4.306079359885177741e-10,2.456389592929376001e-08,4.307700454349668207e-10,1.945577344991053644e-11,1.532193472868805373e-10,4.764285883817318736e-09,1.532141208323950366e-10,1.945450071107762049e-11
7.270000000000000906e-01,2.193111218130202993e-06,7.357026377241678672e-08,8.548670091854120519e-07,1.631221410847408604e-08,1.191100277228908501e-06,2.513576804371045336e-08,2.417294354877552140e-09,4.174717261803071578e-10,2.382143932742747089e-08,4.176367708196355894e-10,1.933903162996572715e-11,1.521164199532253551e-10,4.708939057438680341e-09,1.521113658255319235e-10,1.933773712899788619e-11
7.275000000000000355e-01,2.194375305267214121e-06,7.323030033963446101e-08,8.725556412653741944e-07,1.597502895953304239e-08,1.175755448192579498e-06,2.559194533460022973e-08,2.380196685380409743e-09,4.043794357884713199e-10,2.308590156326308337e-08,4.045472200225058648e-10,1.920365347228867528e-11,1.509552345474905975e-10,4.651604716787416079e-09,1.509503452925032316e-10,1.920232093866081374e-11
7.279999999999999805e-01,2.195735100508337777e-06,7.289054108575844957e-08,8.902724054612739528e-07,1.564022335002514363e-08,1.160431830292132760e-06,2.608257703999831540e-08,2.346770251732177652e-09,3.913601237649958944e-10,2.235804663813885527e-08,3.915304407182668653e-10,1.905105880734878436e-11,1.497369796938389288e-10,4.592245901757145524e-09,1.497321986033387131e-10,1.904968593231445468e-11
7.284999999999999254e-01,2.197205789703267782e-06,7.254761624701016539e-08,9.080409351459582562e-07,1.530825284151864837e-08,1.145135053457279469e-06,2.659567875138357014e-08,2.317059358621704413e-09,3.784409683276034118e-10,2.163860852465049380e-08,3.786135917959890375e-10,1.888272677742709495e-11,1.484602058406953793e-10,4.530851112828628999e-09,1.484554434159847452e-10,1.888132785931090598e-11
7.290000000000000924e-01,2.198770601853342070e-06,7.219844300913038119e-08,9.258798612112540422e-07,1.497935836947925200e-08,1.129849686631900338e-06,2.711324430980628848e-08,2.291126142990186257e-09,3.656462465169433603e-10,2.092830702454306663e-08,3.658209293788960215e-10,1.869992222802509666e-11,1.471218577196453598e-10,4.467470651356003673e-09,1.471170221001119165e-10,1.869852493815591808e-11
7.295000000000000373e-01,2.200381695712802281e-06,7.184091705107875146e-08,9.437951084370774808e-07,1.465352210919039508e-08,1.114546256071361635e-06,2.761213520300199009e-08,2.269054136418089131e-09,3.529970167279341438e-10,2.022786075023715466e-08,3.531734964912272383e-10,1.850351479957710121e-11,1.457188512901315103e-10,4.402233040906735849e-09,1.457138824882263592e-10,1.850215173262597321e-11
7.299999999999999822e-01,2.201971812792376530e-06,7.147451481034456916e-08,9.617763485839644332e-07,1.433050892688585645e-08,1.099192606164232556e-06,2.806727676831401087e-08,2.250946174853089816e-09,3.405115778992585151e-10,1.953799269139738315e-08,3.406895877344703024e-10,1.829393926147275909e-11,1.442496851026730296e-10,4.335336664900291623e-09,1.442445805446009473e-10,1.829263694098291157e-11
7.304999999999999272e-01,2.203472605991627609e-06,7.110059670574505856e-08,9.797987230366147449e-07,1.400997616205817829e-08,1.083765744633907324e-06,2.845604190822397718e-08,2.236917677206993405e-09,3.282065354139739305e-10,1.885942631748996534e-08,3.283858172769793071e-10,1.807129994601948847e-11,1.427155683372512034e-10,4.267019870858571760e-09,1.427103894313579414e-10,1.807006911774229697e-11
7.310000000000000941e-01,2.204833346978793679e-06,7.072226048583160867e-08,9.978292366720755029e-07,1.369161293534765282e-08,1.068260295062782581e-06,2.876217839603897320e-08,2.227087682105106844e-09,3.160981168936683536e-10,1.819287329908958235e-08,3.162784327215286506e-10,1.783557859817551444e-11,1.411207064865986179e-10,4.197519639136025408e-09,1.411155622258344566e-10,1.783440946087920445e-11
7.315000000000000391e-01,2.206033726068416841e-06,7.034372227166073292e-08,1.015835723440373242e-06,1.337526229559974810e-08,1.052690931340904425e-06,2.897776839719031108e-08,2.221570641626154127e-09,3.042033088337388271e-10,1.753901666420770906e-08,3.043844464866250626e-10,1.758687667247174990e-11,1.394716587483949662e-10,4.127032314359084372e-09,1.394666706107595468e-10,1.758574114355275681e-11
7.319999999999999840e-01,2.207086619308434623e-06,6.996935763987355080e-08,1.033795475531839020e-06,1.306098729161789551e-08,1.037088229553553354e-06,2.910245414466762632e-08,2.220471663942824050e-09,2.925404481082806875e-10,1.689849464939559222e-08,2.927222204701187569e-10,1.732561751274713436e-11,1.377759800292956038e-10,4.055688849538402744e-09,1.377712396930012454e-10,1.732447819248926939e-11
7.324999999999999289e-01,2.208030198886754488e-06,6.960265892134328814e-08,1.051700764886860270e-06,1.274906220624610088e-08,1.021489534745402997e-06,2.914022791114086527e-08,2.223886791124197420e-09,2.811290785458573008e-10,1.627189020940353128e-08,2.813113163976824270e-10,1.705265086385605612e-11,1.360405885603946828e-10,3.983551983561558571e-09,1.360361234087069880e-10,1.705147389548488599e-11
7.330000000000000959e-01,2.208912360184404243e-06,6.924540880605142203e-08,1.069559513107925851e-06,1.243989552078988503e-08,1.005927992387810095e-06,2.909504273218219843e-08,2.231908343177037413e-09,2.699891148685453385e-10,1.565972924601600021e-08,2.701716560881993562e-10,1.676923487297224994e-11,1.342703843771348612e-10,3.910635504042043565e-09,1.342661438969275465e-10,1.676800230575030532e-11
7.335000000000000409e-01,2.209772901419750839e-06,6.889731366240184913e-08,1.087390942438546147e-06,1.213391311645576245e-08,9.904233578259729541e-07,2.896696879624144736e-08,2.244633825413287880e-09,2.591395709474499273e-10,1.506248776332998111e-08,2.593222496514334141e-10,1.647690812537211702e-11,1.324675581583861477e-10,3.836938651689019443e-09,1.324634275067757386e-10,1.647562531068479765e-11
7.339999999999999858e-01,2.210629429328008833e-06,6.855619934649964803e-08,1.105217652873455821e-06,1.183144172630568554e-08,9.749774696576489698e-07,2.875041065441395030e-08,2.262175835246309462e-09,2.485972403613609425e-10,1.448060530496112559e-08,2.487798794788980063e-10,1.617729493657114933e-11,1.306318031509179712e-10,3.762484080898153532e-09,1.306276406187421877e-10,1.617599003300104062e-11
7.344999999999999307e-01,2.211471479678452964e-06,6.821869609348876610e-08,1.123056700708077132e-06,1.153263047331743094e-08,9.595756454901090908e-07,2.843509490136993847e-08,2.284670119307828341e-09,2.383757260460324297e-10,1.391450010407969811e-08,2.385581355863531462e-10,1.587190278364848333e-11,1.287613495829489967e-10,3.687347020772726125e-09,1.287570357961303243e-10,1.587061813534400323e-11
7.350000000000000977e-01,2.212264430521721805e-06,6.788118934649400239e-08,1.140912545504833156e-06,1.123743388630146982e-08,9.441932995298929483e-07,2.800945594602972344e-08,2.312279492817865828e-09,2.284851025798255182e-10,1.336458097592192679e-08,2.286670839581040457e-10,1.556196832104842293e-11,1.268544765607937709e-10,3.611666503292764813e-09,1.268499583379484602e-10,1.556074638048353642e-11
7.355000000000000426e-01,2.212961497456867352e-06,6.754074220672666216e-08,1.158774102867860108e-06,1.094565846512298450e-08,9.288054387152015187e-07,2.746511595538127096e-08,2.345192563775251151e-09,2.189322971667807966e-10,1.283125218697798203e-08,2.191136520242593412e-10,1.524839035149039732e-11,1.249110062756966201e-10,3.535635571996575272e-09,1.249063191100814410e-10,1.524725889724784083e-11
7.359999999999999876e-01,2.213519551179626409e-06,6.719572517289036648e-08,1.176616802841276568e-06,1.065705404115988995e-08,9.133958803165831136e-07,2.680073795919460344e-08,2.383617736431902194e-09,2.097220562511905295e-10,1.231490990443592725e-08,2.099025968552516518e-10,1.493176104681125830e-11,1.229332969476714873e-10,3.459474216634765427e-09,1.229285570089951720e-10,1.493072290927513186e-11
7.364999999999999325e-01,2.213913489831044149e-06,6.684600507884422896e-08,1.194408944763808354e-06,1.037141765484288671e-08,8.979632685881350751e-07,2.602378552204569152e-08,2.427774350249746841e-09,2.008581913247377324e-10,1.181593156267868553e-08,2.010377492654574555e-10,1.461247903242886445e-11,1.209264188544496583e-10,3.383394175857313070e-09,1.209217859548848888e-10,1.461151015078657393e-11
7.370000000000000995e-01,2.214144667109985999e-06,6.649270177983951684e-08,1.212120276151438770e-06,1.008867548301107275e-08,8.825221229719703190e-07,2.514953906320377757e-08,2.477883637664464857e-09,1.923447212839388537e-10,1.133466169320854768e-08,1.925231518587696718e-10,1.429090722889580193e-11,1.188974658439471514e-10,3.307567030080340939e-09,1.188930893042171338e-10,1.428996404954514774e-11
7.375000000000000444e-01,2.214241049630502580e-06,6.613765971006058627e-08,1.229730037081748701e-06,9.808917559812810231e-09,8.670988101782702069e-07,2.419776971790557876e-08,2.534162214635577214e-09,1.841865699901689940e-10,1.087139876797686554e-08,1.843637511209577656e-10,1.396752935390434095e-11,1.168542347448794411e-10,3.232105550859313422e-09,1.168502007211777546e-10,1.396656330182667460e-11
7.379999999999999893e-01,2.214249544659278835e-06,6.578285349037481931e-08,1.247231912348645146e-06,9.532376958097028629e-09,8.517239438887364712e-07,2.318834323276574155e-08,2.596820041647764362e-09,1.763896206400584104e-10,1.042638713661435026e-08,1.765654468931333372e-10,1.364306281827318373e-11,1.148037060011759155e-10,3.157063684013944493e-09,1.148000050422556460e-10,1.364203698885264647e-11
7.384999999999999343e-01,2.214223360942199160e-06,6.542993188153627726e-08,1.264634345986846006e-06,9.259363715335300421e-09,8.364237713213006560e-07,2.213738509549077409e-08,2.666063433989639717e-09,1.689601272639507804e-10,9.999816410312901997e-09,1.691345009908816736e-10,1.331850007462402045e-11,1.127508164331897347e-10,3.082454406758867966e-09,1.127473435146664483e-10,1.331740235150635438e-11
7.390000000000001013e-01,2.214208591578412380e-06,6.508001651290547808e-08,1.281956164508585667e-06,8.990177886384757893e-09,8.212133020950473073e-07,2.105535954374827505e-08,2.742102154944349828e-09,1.619036770558283850e-10,9.591828262112365814e-09,1.620764994047962900e-10,1.299507066522174194e-11,1.106979125512961160e-10,3.008279035755159464e-09,1.106945006955874031e-10,1.299391855648737923e-11
7.395000000000000462e-01,2.214234111492707715e-06,6.473375201932525805e-08,1.299218946724647378e-06,8.725031333814396094e-09,8.060932557358074520e-07,1.994762791311885938e-08,2.825158349357858536e-09,1.552240278729364567e-10,9.202528353422248808e-09,1.553951922642742968e-10,1.267413680476626490e-11,1.086450459908938052e-10,2.934558165527684405e-09,1.086415226780539444e-10,1.267297207576554178e-11
7.399999999999999911e-01,2.214307524507235409e-06,6.439150292815226548e-08,1.316438596297144707e-06,8.464003068397837551e-09,7.910516092432092513e-07,1.881707961943610527e-08,2.915474451142406153e-09,1.489221762821941689e-10,8.831999656226552425e-09,1.490915660050558684e-10,1.235705141690698419e-11,1.065909971306534661e-10,2.861354282267954175e-09,1.065872442866751601e-10,1.235592613707816135e-11
7.404999999999999361e-01,2.214417823861918165e-06,6.405354911465786469e-08,1.333618801426685798e-06,8.207040346544691974e-09,7.760690524460516157e-07,1.766765703418224583e-08,3.013317424632990817e-09,1.429959367896989947e-10,8.480313219204127267e-09,1.431634270101376613e-10,1.204501574438422546e-11,1.045346792581149308e-10,2.788779140947658905e-09,1.045306757895127544e-10,1.204397441929456591e-11
7.410000000000001030e-01,2.214543359480217691e-06,6.372015877440864169e-08,1.350748441529453089e-06,7.954001969336434806e-09,7.611264744125557692e-07,1.650731599404587619e-08,3.118977726710445742e-09,1.374401574650431111e-10,8.147533420386499544e-09,1.376056205880899327e-10,1.173897260183466832e-11,1.024764591284006575e-10,2.716984116415244908e-09,1.024722905852061527e-10,1.173803653677272483e-11
7.415000000000000480e-01,2.214662267916138314e-06,6.339149836334674202e-08,1.367803730764944903e-06,7.704726697199999323e-09,7.462120609693798332e-07,1.534926402410791635e-08,3.232762914940889849e-09,1.322475088744486255e-10,7.833716580703242672e-09,1.324108212797065621e-10,1.143956169927624640e-11,1.004189662596215678e-10,2.646137224881166477e-09,1.004147974380765347e-10,1.143872108254140783e-11
7.419999999999999929e-01,2.214762077540815639e-06,6.306743392794280551e-08,1.384754381274037041e-06,7.459102694940912555e-09,7.313258159020562446e-07,1.421105375261401854e-08,3.354987426270228700e-09,1.274096178266087799e-10,7.538903873211575221e-09,1.275706657419755500e-10,1.114714763591731921e-11,9.836713803658734323e-11,2.576394598962797662e-09,9.836315730758531765e-11,1.114636423080019913e-11
7.424999999999999378e-01,2.214845764366756316e-06,6.274734437526074502e-08,1.401571803036932912e-06,7.217115306995413236e-09,7.164802151242285584e-07,1.311196900347491818e-08,3.485961228598789259e-09,1.229182222364150643e-10,7.263111117904464251e-09,1.230769049371880596e-10,1.086191279256424821e-11,9.632750097038568384e-11,2.507875644690822806e-09,9.632385526199858191e-11,1.086113247098306595e-11
7.430000000000001048e-01,2.214932813018253648e-06,6.243007507584432728e-08,1.418236729009527816e-06,6.978859200157105363e-09,7.016969550306303613e-07,1.206977982255484874e-08,3.625980433066429231e-09,1.187660240646623365e-10,7.006318837768371820e-09,1.189222534998866376e-10,1.058399066972914819e-11,9.430693609483728852e-11,2.440649563689494312e-09,9.430367910662656427e-11,1.058316157923017662e-11
7.435000000000000497e-01,2.215055374730192254e-06,6.211410623778611361e-08,1.434743855191057760e-06,6.744513602764712043e-09,6.870009622155735310e-07,1.109811860609678692e-08,3.775322405227099138e-09,1.149470112470285860e-10,6.768465700015070580e-09,1.151007082836357507e-10,1.031360426460962766e-11,9.231133785773775512e-11,2.374737005782425807e-09,9.230840982834302900e-11,1.031269440686237182e-11
7.439999999999999947e-01,2.215250948004038374e-06,6.179791803104491115e-08,1.451102044688140757e-06,6.514291560772794906e-09,6.724136253595502309e-07,1.020539755498039282e-08,3.934246566058448355e-09,1.114561777479019219e-10,6.549447328465140171e-09,1.116072661557187680e-10,1.005117182946259469e-11,9.034460031943697810e-11,2.310125672121952889e-09,9.034184688455996123e-11,1.005017996640192432e-11
7.444999999999999396e-01,2.215553805653778193e-06,6.148044329639084156e-08,1.467330054290893648e-06,6.288381831680459018e-09,6.579473683429951594e-07,9.395509132714620247e-09,4.103000316561217642e-09,1.082887468703452055e-10,6.349120844410331098e-09,1.084371467009683054e-10,9.797349911198415959e-12,8.840824727308474598e-11,2.246794330041699321e-09,8.840547135753510456e-11,9.796305976878351462e-12
7.450000000000001066e-01,2.215987521532103119e-06,6.116144825549754723e-08,1.483449155413179883e-06,6.066903038821251606e-09,6.436031868829679850e-07,8.669819391608417673e-09,4.281827881739815553e-09,1.054391463000299738e-10,6.167313874146820553e-09,1.055847683396090542e-10,9.552999638186248484e-12,8.650180577851779693e-11,2.184737284810429899e-09,8.649883482967740309e-11,9.551954445443579852e-12
7.455000000000000515e-01,2.216560471196547595e-06,6.084169444210769359e-08,1.499474994415363070e-06,5.849884162643986450e-09,6.293717982821781615e-07,8.029479539585104698e-09,4.470978864386703077e-09,1.029000538349696809e-10,6.003835602297892091e-09,1.030427963848657087e-10,9.319083085944583062e-12,8.462377895553222243e-11,2.123981560624261071e-09,8.462052427605915372e-11,9.318090822616597410e-12
7.459999999999999964e-01,2.217265290288725172e-06,6.052280749347134324e-08,1.515411268076049724e-06,5.637275674380264770e-09,6.152379203814928075e-07,7.477028917303361760e-09,4.670713263654978124e-09,1.006618112346783224e-10,5.858487030990847711e-09,1.008015597628543358e-10,9.096516779407384158e-12,8.277288390622836268e-11,2.064591692005403941e-09,8.276937139734729110e-11,9.095616295301587318e-12
7.464999999999999414e-01,2.218082227646303925e-06,6.020688240215223789e-08,1.531247209854891180e-06,5.428985162076302161e-09,6.011862519642314481e-07,7.016641096300817506e-09,4.881300695905400447e-09,9.871239697485709081e-11,5.731067978229769629e-09,9.884902640127608771e-11,8.886023137000964450e-12,8.094914480870699328e-11,2.006661170481998781e-09,8.094550626047376530e-11,8.885224452105558081e-12
7.470000000000001084e-01,2.218985373907165554e-06,5.989594951933331319e-08,1.546959677197472096e-06,5.224923678682021325e-09,5.872072524989135359e-07,6.652994430222994124e-09,5.103013286347754109e-09,9.703798750792696224e-11,5.621379352605680637e-09,9.717136623985294718e-11,8.688023383921908594e-12,7.915449097303333737e-11,1.950293852706786304e-09,7.915091872790899290e-11,8.687304048421817612e-12
7.475000000000000533e-01,2.219950075332331872e-06,5.959147413963702717e-08,1.562519179278338922e-06,5.025046571952543246e-09,5.733009422445148084e-07,6.389352709112087726e-09,5.336113663146986575e-09,9.562396660711720152e-11,5.529220568193266228e-09,9.575396106528960913e-11,8.502605462833836103e-12,7.739268140150069361e-11,1.895581662919370743e-09,7.738936198275759833e-11,8.501917997617459972e-12
7.479999999999999982e-01,2.220959580956970957e-06,5.929404675990832567e-08,1.577897943141698041e-06,4.829375673185312138e-09,5.594776077976163893e-07,6.225766043506585539e-09,5.580841069752988094e-09,9.445611171570578539e-11,5.454383254800886109e-09,9.458259004607885249e-11,8.329579778450736606e-12,7.566860162508053241e-11,1.842585814452256728e-09,7.566565127822637267e-11,8.328867606682410143e-12
7.484999999999999432e-01,2.222009166530339261e-06,5.900334861016155412e-08,1.593077472428215664e-06,4.637996972204581354e-09,5.457552846738703260e-07,6.158219521616706093e-09,5.837399299975925227e-09,9.352163237565565067e-11,5.396643357495275355e-09,9.364446630296589063e-11,8.168609759787535155e-12,7.398718046070555288e-11,1.791327346853329097e-09,7.398460491316510130e-11,8.167826133247519537e-12
7.490000000000001101e-01,2.223106598353781469e-06,5.871837735554158446e-08,1.608053208103362153e-06,4.451036564044213758e-09,5.321548874073098779e-07,6.179116773473409089e-09,6.105949701125666979e-09,9.280977502252109716e-11,5.355754096725068190e-09,9.292883929240885495e-11,8.019380841882289980e-12,7.235228876526083501e-11,1.741789582916955061e-09,7.234998108716362353e-11,8.018504273077196307e-12
7.495000000000000551e-01,2.224268726913011608e-06,5.843783010760903991e-08,1.622834806808162391e-06,4.268624721956096059e-09,5.186945628496585107e-07,6.278887073829299877e-09,6.386610986590923789e-09,9.231183094492819479e-11,5.331442009376987421e-09,9.242700040927585929e-11,7.881758029817072365e-12,7.076597497918763302e-11,1.693931240292357996e-09,7.076375217990323112e-11,7.880798993073380525e-12
7.500000000000000000e-01,2.225515036952962072e-06,5.816049787326362098e-08,1.637441927840896543e-06,4.090861181980281098e-09,5.053850442468622695e-07,6.448009967532061581e-09,6.679465491936856911e-09,9.202055642067906999e-11,5.323407487353063513e-09,9.213170141750319599e-11,7.755883581166126101e-12,6.922827000798538133e-11,1.647705635847231868e-09,6.922593557272425815e-11,7.754880290278225770e-12
7.600000000000000089e-01,2.250724914368093690e-06,5.336450371304014239e-08,1.890996970484318827e-06,1.518813321121146493e-09,2.688225790494070407e-07,1.150953544526956433e-08,1.499278513619562694e-08,1.172665407663773498e-10,8.102586694719602003e-09,1.172580043626124338e-10,7.958481858092545514e-12,4.791213407355835108e-11,1.070877672976897799e-09,4.791030638002491460e-11,7.957383603408721866e-12
7.700000000000000178e-01,2.248541865852767657e-06,5.056874628125947338e-08,2.052611467852470299e-06,8.562173926547867745e-10,1.010367708977316208e-07,1.485153057839602317e-09,2.541385920403314729e-08,1.934024610218368101e-10,1.498340655458285749e-08,1.932339438726365874e-10,1.254124691293531666e-11,3.926092355533061068e-11,1.096007391252980495e-09,3.925889814431237154e-11,1.253974743536730169e-11
7.800000000000000266e-01,2.238482776020139084e-06,5.022794303120995783e-08,2.108801316775890802e-06,2.016566676652088516e-09,1.343993010560996452e-08,6.543009404574254138e-09,3.134112500241649832e-08,3.397194598063411108e-10,2.379516088665112371e-08,3.395813400942105499e-10,1.831520386816183598e-11,3.019187721436731216e-11,1.541413343746942002e-09,3.018974881378111172e-11,1.831316359084267436e-11
7.900000000000000355e-01,2.195176356452125392e-06,5.248757105256244967e-08,2.057777374007825205e-06,4.741274621364959277e-09,8.738169910095830156e-09,8.356991913360980966e-09,2.985485009663921664e-08,4.460581814808706042e-10,3.038239184239281068e-08,4.463194957686615027e-10,2.060591894123594882e-11,1.747955365389913540e-11,1.869188664321096871e-09,1.747758654224169701e-11,2.060360717647312231e-11
8.000000000000000444e-01,2.122523961568333272e-06,5.727679337583556048e-08,1.908758497714999941e-06,8.639285860702090656e-09,8.138574228330368415e-08,9.072128956671493560e-09,2.697046036088741042e-08,2.830701038410283908e-10,2.868743865766744391e-08,2.834522251966109823e-10,1.758532966793505722e-11,8.739828949578441749e-12,1.114445811158745168e-09,8.737942135951379202e-12,1.758311731546951697e-11
8.100000000000000533e-01,2.038075643568559292e-06,6.432011126154028405e-08,1.679851627787840561e-06,1.323651331963596084e-08,2.186855440236976960e-07,1.811678376542191142e-08,2.650235365290751247e-08,2.486993653286390059e-10,1.673984237040384072e-08,2.469829043610836525e-10,6.337763559520479564e-12,6.806587527994051075e-12,1.008999842467484928e-10,6.804619057958588205e-12,6.336163030053579237e-12
8.200000000000000622e-01,1.957724056315141499e-06,7.310048745067194543e-08,1.395429593349350800e-06,1.802690900033390039e-08,4.024282478324460652e-07,1.892352671473592574e-08,1.847033812764141430e-08,3.925554222144662334e-09,1.199428540454843430e-08,3.916411777928567064e-09,3.865848937011123660e-11,2.853735944059874173e-11,1.137431866228002192e-08,2.853439648965637671e-11,3.865352775914976091e-11
8.299999999999999600e-01,2.063993804479804807e-06,8.298404816905863019e-08,1.083586938763728462e-06,2.251964435583551184e-08,6.112182371563213601e-07,2.597662639331116772e-08,3.218411148253897795e-08,2.381426130331555127e-08,8.287760387560134219e-08,2.378710908523904127e-08,3.787635024145812797e-10,2.640954047811593925e-10,7.375955441659707819e-08,2.640822760427787080e-10,3.787282950192051160e-10
8.399999999999999689e-01,2.749345849494638299e-06,9.325046269472498798e-08,7.734558197483426167e-07,2.628435708398844884e-08,8.228959509613645176e-07,2.975769425729932643e-08,2.602337759798198975e-07,8.518701864606488401e-08,3.332633859507069260e-07,8.512181640701516710e-08,1.326230428497489213e-09,1.608886788553748302e-09,2.340255232369878253e-07,1.608815228523319530e-09,1.326112082749981225e-09
8.499999999999999778e-01,4.316864160949695590e-06,1.031566950089344048e-07,4.923114576888282465e-07,2.898843597506854928e-08,1.016455705464589387e-06,3.111735735251508623e-08,1.005647318435060547e-06,2.121349481239287122e-07,7.207116877926264110e-07,2.120022070496713930e-07,2.371606711899039873e-09,6.437053470778009033e-09,4.767215198209546567e-07,6.436770958226922258e-09,2.371397096614846274e-09
8.599999999999999867e-01,6.307474557597931668e-06,1.120223831962757270e-07,2.630012624412629102e-07,3.041723691410545909e-08,1.173744482391112891e-06,3.502526011470863067e-08,2.212373039536106121e-06,3.920545496118190489e-07,9.278195961832171138e-07,3.918309374886727291e-07,2.108393015984547469e-09,1.797354918806296443e-08,7.290228989152089118e-07,1.797276151483531218e-08,2.108207086560200199e-09
8.699999999999999956e-01,7.874707453653992446e-06,1.192891343325030614e-07,1.022289796850645760e-07,3.048264772718416347e-08,1.281088412207677022e-06,3.298285600439202997e-08,3.106477868954117820e-06,5.588839618023623431e-07,9.226399058463071274e-07,5.585775687850507641e-07,7.222046672598531386e-10,3.669102354953512865e-08,1.087231333387313855e-06,3.668941602160360057e-08,7.221406836213910141e-10
8.800000000000000044e-01,9.889503832677101473e-06,1.245433608542468766e-07,1.959888936304875362e-08,2.922380548444129851e-08,1.330360869975067309e-06,3.290418381872188028e-08,2.931902143136564244e-06,6.436944372051251387e-07,2.002274871548269481e-06,6.433469412660117241e-07,2.636022802357993547e-09,5.733743412035025136e-08,2.011710159210048342e-06,5.733492253322096340e-08,2.635791359628699213e-09
8.900000000000000133e-01,1.572275719284185692e-05,1.275843703961482882e-07,1.722035529396221063e-08,2.679506709284053270e-08,1.319147503822944440e-06,3.019489578247682385e-08,2.319080348874742601e-06,6.558066026956554040e-07,6.443400683513274063e-06,6.554542846969195303e-07,1.374716854373907713e-08,7.342913335364342348e-08,3.953724897287141567e-06,7.342591744578743335e-08,1.374596404258436263e-08
9.000000000000000222e-01,2.755470291200110049e-05,1.284183416988621604e-07,9.002742261555320090e-08,2.344250269315209812e-08,1.250325046232547101e-06,2.574380675811836996e-08,3.123774638235173790e-06,6.814228787489384131e-07,1.475405290958148735e-05,6.810570336508076229e-07,3.381982452294938468e-08,8.604016147520019718e-08,6.556725090082423511e-06,8.603639337995348955e-08,3.381686232593058203e-08
9.100000000000000311e-01,4.146419466499272463e-05,1.272513036265770516e-07,2.268027317242489303e-07,1.947546666084924604e-08,1.131595524350519132e-06,2.270029556310740359e-08,6.149932399668031678e-06,7.731968552431790184e-07,2.342006061423006186e-05,7.727814501522451536e-07,5.332630336457262658e-08,1.023578018674111192e-07,8.509038966722583770e-06,1.023533188995337621e-07,5.332163291980476493e-08
9.200000000000000400e-01,4.884168286895438461e-05,1.244809944768905271e-07,4.115667286357176174e-07,1.523694475353259472e-08,9.747725377232185192e-07,1.684719653914203771e-08,9.603687432527235863e-06,8.665684442033878344e-07,2.700959944390152800e-05,8.661024599911703001e-07,6.057597444743825661e-08,1.216972320636723953e-07,8.588284908603240238e-06,1.216919023128685769e-07,6.057066877534106486e-08
9.299999999999999378e-01,4.435559982469938192e-05,1.206572222522297400e-07,6.251400444023731008e-07,1.107395223775991658e-08,7.943201166202851709e-07,1.295997826037559485e-08,1.072884818920516396e-05,8.431400239188997178e-07,2.320800061587583184e-05,8.426862888299663106e-07,5.197349838433731357e-08,1.295310531539234399e-07,6.805774515144389585e-06,1.295253806385140743e-07,5.196894577533132969e-08
9.399999999999999467e-01,3.110760881081157752e-05,1.164225249142849182e-07,8.469604772533830158e-07,7.308355817873727863e-09,6.056669353189962034e-07,8.682941340981078782e-09,8.700304253469328696e-06,6.647111954043902793e-07,1.490431081075127312e-05,6.643531237526095684e-07,3.416314072263789166e-08,1.125053461181446038e-07,4.295559136235150747e-06,1.125004220991882765e-07,3.416014761333935632e-08
9.499999999999999556e-01,1.700660198370036500e-05,1.124786117063683324e-07,1.057052008883045384e-06,4.210650484975622286e-09,4.240191728108541272e-07,4.698532674852595517e-09,5.160205401453835762e-06,4.113083321587132546e-07,7.027980994853752218e-06,4.110859833140638262e-07,1.702718633867735975e-08,7.553290034521005114e-08,2.208446785502253364e-06,7.552970546951102834e-08,1.702571770424866505e-08
9.599999999999999645e-01,7.582944319896267798e-06,1.095223677086387627e-07,1.237683319397395432e-06,1.981239502722794358e-09,2.633121758376279651e-07,2.866844436779933451e-09,2.205243398828934140e-06,1.948983596055437030e-07,2.329256067332112156e-06,1.947931142637648745e-07,6.179599440171323610e-09,3.755011504237303065e-08,9.559301734731539838e-07,3.754848136421692545e-08,6.179063662833659110e-09
9.699999999999999734e-01,3.290161988935121443e-06,1.081786220659869477e-07,1.374469085295786567e-06,7.395600998739688065e-10,1.349935285089832687e-07,6.514512662600725677e-10,6.485895350974258027e-07,6.835576984060297714e-08,4.999791007268571555e-07,6.828397547697810275e-08,1.479376634030588696e-09,1.301928036953834340e-08,3.569246936780559884e-07,1.301874770419694696e-08,1.479262170544736553e-09
9.799999999999999822e-01,1.946219349920565876e-06,1.089757577143678292e-07,1.457220690172584323e-06,5.211849390248493246e-10,4.721229696520307081e-08,6.644858193219898708e-10,1.186982497827746441e-07,1.660102208467412631e-08,6.289004008119049244e-08,1.658820139706534588e-08,1.778660310382580001e-10,2.803259881137996601e-09,1.108870317873684218e-07,2.802568151301840837e-09,1.766951135130429915e-10
9.899999999999999911e-01,1.653074443176072569e-06,1.122886681567828808e-07,1.480750432687707373e-06,1.280985681526066677e-09,4.553468597814367098e-09,1.307375142946672475e-09,1.428739660633257533e-08,2.892370186001346704e-09,7.608962949262372716e-09,2.541677983188291108e-09,2.438565526931761595e-12,2.849556893049568866e-10,2.498891690811676396e-08,2.847448068024192057e-10,2.049214759370382582e-12
1.000000000000000000e+00,1.586002829228096370e-06,1.183241176724986541e-07,1.445125985059766927e-06,2.897456667931191400e-09,7.776482452638049753e-09,2.652208048731731617e-09,1.281450551593756726e-09,2.388817034958938086e-10,4.080274237872262212e-09,1.944209760742115236e-10,8.809912589791865293e-12,2.066450582002299196e-11,3.372500739518073899e-09,2.071061920155309057e-11,8.866080364391407772e-12
1.010000000000000009e+00,1.550287733007568957e-06,1.271018340845348433e-07,1.355023696384741985e-06,5.187144309723882052e-09,5.378896227310682204e-08,5.489969525144851391e-09,4.387722539998940656e-10,3.835741533855511710e-10,1.204943144588194364e-09,1.884040095628759059e-10,1.216285788045330706e-11,2.423227599166838356e-11,1.402986217638752605e-09,2.692886847320799850e-11,1.412264879584533303e-11
1.020000000000000018e+00,1.514895042695647520e-06,1.384643080259574245e-07,1.218805794612670083e-06,7.930387424122760441e-09,1.364070844025591568e-07,7.993431753273107685e-09,1.737640236532524005e-10,2.985120124737123232e-11,2.639980994893735833e-10,3.002228643844931785e-11,4.726610030319622557e-12,6.818060877898519051e-12,4.768084175890365659e-09,1.235084734789436259e-11,4.421172089879815006e-12
1.030000000000000027e+00,1.470260932543134126e-06,1.520912081635858802e-07,1.047901437640401567e-06,1.088918304866997502e-08,2.472516176239193170e-07,1.142996515666594093e-08,8.925104821466454833e-11,1.459539086441069489e-11,1.719157323419199183e-10,1.456338002255601542e-11,1.416582508596204549e-12,2.525961037355962396e-12,3.991895382660901719e-10,2.683239267784012146e-12,1.380037368229117886e-12
1.040000000000000036e+00,1.428533634338582569e-06,1.675441718374266072e-07,8.560731529934457298e-07,1.381991852582542195e-08,3.761852968063340911e-07,1.460918299780176166e-08,5.487556778256400461e-11,1.753737769950383060e-11,8.843725156328911407e-11,9.402479120911147720e-12,6.934039522532825110e-13,1.688357592551551922e-12,1.268878587051655060e-10,1.699510449378608184e-12,6.893708837001814978e-13
1.050000000000000044e+00,1.388378335896765842e-06,1.842033328490309243e-07,6.580423049157489466e-07,1.649065732326943784e-08,5.120071730128316019e-07,1.743067567397907497e-08,3.553456350043841219e-11,1.176354471586005821e-11,5.476209600923890465e-11,5.063934526305644415e-12,5.989217081684665167e-13,1.004398103891678548e-12,9.359688561990037956e-11,1.361249961245956689e-12,5.065277607254247380e-13
1.060000000000000053e+00,1.352369845776800310e-06,2.013831063700072167e-07,4.681449685972841484e-07,1.869670250236082779e-08,6.436003581376954702e-07,2.030772798333748376e-08,6.038862159222427296e-11,2.154031558467525002e-11,5.188626830504548733e-11,1.007664716108237587e-11,4.352070254403507095e-13,6.444332578432618130e-13,9.066117391610247551e-11,8.693941540763428949e-13,4.801251183924529011e-13
1.070000000000000062e+00,1.327044594876492269e-06,2.185605039068576315e-07,2.997367563346830405e-07,2.029331522457979402e-08,7.608900142305217939e-07,2.200654260303408482e-08,5.114453604092300061e-09,1.301622165273672991e-10,8.948362931026563013e-11,1.733798679460602515e-10,3.873373192723883974e-13,6.680973367782021455e-13,4.744950507602250613e-11,1.059511150488022479e-12,4.188080575939352434e-13
1.080000000000000071e+00,1.301583755612484020e-06,2.353524736382017095e-07,1.639508599877711523e-07,2.120338851990189384e-08,8.553364698662911255e-07,2.323222446630776859e-08,1.727137619440167305e-09,2.446357317742878334e-10,1.353529090244498261e-10,3.224266118016067537e-10,1.701653017392124752e-11,1.128698155717959301e-11,2.347261074397874604e-11,1.081050533772430881e-11,1.619963415703757842e-11
1.090000000000000080e+00,1.286955285164126213e-06,2.513520313352040705e-07,6.731203357951639906e-08,2.151742781446953372e-08,9.211488230845030030e-07,2.332542510920004862e-08,2.210961312491909955e-09,3.109289677366108729e-11,1.844618090496886483e-11,1.563643456288736938e-11,3.375104408662842172e-12,2.382768169591235319e-12,1.221675418670833001e-11,2.312328248292397003e-12,3.120461486542831533e-12
1.100000000000000089e+00,1.308379058110442817e-06,2.675657408188157503e-07,1.699543835517048193e-08,2.281734710286429641e-08,9.688401468734774074e-07,2.244915426605426056e-08,8.186578321785820113e-09,6.862730976334762872e-10,5.117094274328575093e-10,3.044444890866664375e-10,2.439801127841289883e-12,2.064198134175423959e-12,1.338818561149745469e-11,1.982846524690335760e-12,2.350326723444032343e-12
1.109999999999999876e+00,1.439404734474844505e-06,2.903432829522225661e-07,4.456598709095279248e-08,3.180035866066691376e-08,1.050087147904055604e-06,2.114637598974702382e-08,2.112379093766282967e-10,3.510684473276562549e-11,7.501983775031476438e-10,7.650153778164248076e-11,1.381852227189577864e-12,1.536445312741618025e-12,3.801670901158281409e-10,2.243310830241820249e-12,3.208509319341068044e-12
1.120000000000000107e+00,1.837719538039431646e-06,3.336652072753707554e-07,2.072442286346410034e-07,6.247245662632426377e-08,1.213979555510048720e-06,1.897601078254474285e-08,4.292687193574603938e-12,4.407422204471113192e-11,5.894850509080248225e-11,2.952525516195120543e-11,7.462111548743498396e-13,1.132299338361907207e-12,1.239351152434801605e-09,2.723475405476129721e-12,1.285402677646394011e-12
1.129999999999999893e+00,2.480740362310352350e-06,4.116702394759458541e-07,4.841820272187514263e-07,1.288193381753119895e-07,1.439247910901725510e-06,1.670875752203353195e-08,7.051402194953164855e-11,1.079362241679899091e-11,2.100222373996586406e-11,5.497981929487195789e-12,1.107439660175150305e-13,6.414202423437939145e-14,3.678681263927590704e-12,1.016336679028142304e-13,3.259656256748680783e-13
1.140000000000000124e+00,3.677475789084065158e-06,5.248693706342363591e-07,7.147627843101157192e-07,2.311562818701715537e-07,2.191740388863487927e-06,1.412108952070260351e-08,1.293902397654188563e-10,1.545676687180235199e-10,9.428941675210059857e-11,6.140547508269344267e-11,1.947273737843050317e-12,5.754560124589936460e-13,3.817544163329806410e-10,6.710606571785477448e-13,1.272878291930238952e-12
1.149999999999999911e+00,8.353943776295637527e-06,6.649922808127845860e-07,1.045480378639660392e-06,3.610443499677198516e-07,6.123323856925644831e-06,1.137264056616969260e-08,1.954505977149701858e-09,1.936184188215981439e-08,3.941015425313669921e-08,1.267136745869542544e-08,5.060704868712803249e-10,1.163818957234741921e-10,7.338751417887151331e-08,7.215045992861783988e-11,2.502827911213982184e-10
1.160000000000000142e+00,2.405236928006968100e-05,8.508383597374582147e-07,2.754974213120644426e-06,5.369572322929252514e-07,1.887811332587696676e-05,8.787056590932394223e-09,3.939801101307842364e-09,9.348808121282973261e-08,1.699648383724238912e-07,5.417485700027018147e-08,3.493039880399930296e-09,6.099749497991876787e-10,6.932053637114777771e-07,8.623499569863439922e-10,2.960786265257504920e-09
1.169999999999999929e+00,5.747603633464463339e-05,1.144453446423864724e-06,7.938987131227840576e-06,8.201964269325019114e-07,4.502677574824866377e-05,6.067154517163281651e-09,2.124245556836364917e-08,4.151721867773235981e-08,6.691130803096708944e-08,3.399692912221750102e-08,6.893770422295025510e-09,1.610276573281439313e-09,2.348749235086609161e-06,5.092674425586598975e-09,1.354255938754181070e-08
1.179999999999999938e+00,1.012457681728718670e-04,1.578947039115269636e-06,1.704538030777023091e-05,1.242841616061577988e-06,8.012220642436283552e-05,3.813975564783883027e-09,7.331213418826397078e-07,9.647447645006958046e-08,7.456597047980052042e-08,6.191016306617272732e-08,8.232548590611564608e-09,1.521256416153391521e-09,2.736630572308587786e-07,1.379912823911403136e-09,1.710083056939487295e-09
1.189999999999999947e+00,1.463012281123965603e-04,2.046042327981572160e-06,2.662425518415814131e-05,1.695659261743981275e-06,1.084041217940942743e-04,2.019843323876671514e-09,5.660726913914472412e-06,9.353913028305579166e-07,3.950557549924724168e-07,4.629473457412601351e-07,3.028366838549153188e-08,2.061844516728120112e-08,1.590819097551427654e-08,5.858619531529761722e-09,2.339459556154406116e-09
1.199999999999999956e+00,1.488278516912531167e-04,2.307553254492264829e-06,3.105978568091322779e-05,1.939681610686156223e-06,1.132366182177858811e-04,9.166871936357619116e-10,2.274115185253033082e-07,2.491565126222001040e-08,1.126936085978174483e-08,1.461188979556657995e-08,1.465085810510216068e-09,8.022828961010725388e-10,2.402898949054698535e-09,2.561918300073055615e-10,1.613602534348381558e-10
1.209999999999999964e+00,1.274138641388512360e-04,2.184465270625217061e-06,2.754139103327540709e-05,1.794987327395062360e-06,9.173586516044980686e-05,8.071690228431343227e-10,2.447443306164753234e-06,6.090386620704959812e-07,3.520360754701141621e-07,6.668743588971386202e-07,4.314310471853180692e-09,2.264387757560508534e-09,1.584424076475421142e-08,2.284109611827553825e-08,3.569174036794368363e-08
1.219999999999999973e+00,9.226076982449732183e-05,1.725988164803672189e-06,1.867953945055370057e-05,1.316855461072293150e-06,5.723719913955096713e-05,3.121994839167318163e-09,1.713415986507499946e-06,3.880885569403961671e-08,1.801603321875831554e-06,7.495589224664889468e-07,8.518722875229282856e-08,8.467585204501942310e-09,8.781265746863997472e-06,8.675634352368333377e-09,1.110823319605014921e-07
1.229999999999999982e+00,4.837394349850570186e-05,1.203507170532071541e-06,9.729520557049830640e-06,7.511325668944941826e-07,2.696456060257687365e-05,1.393715235758313889e-09,3.937790840080125434e-08,2.906509550660469130e-07,5.101963811856182743e-07,5.107042816847883442e-07,5.548609258813575286e-08,1.438603100511221660e-08,8.244249725892350530e-06,1.418901222880830798e-08,4.458849816502009886e-08
1.239999999999999991e+00,1.446996046601801290e-05,8.172279326809764613e-07,4.044255067776385454e-06,3.244623496953453666e-07,9.267397732992619508e-06,2.565889792703226462e-09,2.131635677729827708e-10,6.512819754988356191e-11,1.178264042533498736e-10,2.685410013801884820e-10,5.214443625163558220e-11,1.324357821200002241e-11,1.321462684887146149e-08,4.203548123305318087e-11,6.478356445852866107e-11
1.250000000000000000e+00,4.635647646040977303e-06,6.441422084001115887e-07,1.632469205080139091e-06,1.030718465077124571e-07,2.250283717367644898e-06,4.198733981126974010e-09,5.041779960454064810e-12,4.401418107568900508e-11,2.171979268057930195e-11,5.683113607533051992e-11,5.771946042753773030e-12,2.135200757276216365e-12,1.335141531439120552e-09,4.675619154421826177e-12,6.603517056194561365e-12
1.260000000000000009e+00,2.064316957141664432e-06,6.238000604875600722e-07,9.358147493910221012e-07,2.574038300913722286e-08,4.726112335226677358e-07,6.211063735322723736e-09,2.287681625794271437e-12,1.330235780863089886e-12,1.362437765766410950e-12,2.703627934345539749e-12,5.984166350196242794e-13,1.755937160220035641e-13,1.300291227758697069e-10,2.371372745354421398e-13,7.427424453919356645e-13
1.270000000000000018e+00,1.687678483573984609e-06,6.747906652071351306e-07,7.420967387042616069e-07,1.006469482686651837e-08,2.524612310148649426e-07,8.255310521013707713e-09,1.988853012901144706e-12,1.505456958463408081e-12,3.890776742292248505e-13,1.151674313396334350e-12,1.228829570415927672e-14,1.606372536902905704e-14,4.701648629504667166e-12,5.435437517018108104e-14,2.388285786915787808e-14
1.280000000000000027e+00,1.683607672240514951e-06,7.521505349458178471e-07,6.108769248663612733e-07,1.004712220476910467e-08,3.001199279390489057e-07,1.040341065722494284e-08,2.107585998028260239e-13,6.379517211477095317e-13,2.849830358871738540e-13,7.193679231491365345e-13,3.468439807181662880e-14,2.526007113818652323e-14,7.763116692268682348e-12,4.177061952259500883e-14,3.373423176525091731e-14
1.290000000000000036e+00,1.726603925581724718e-06,8.412092260238529753e-07,4.786416205494638706e-07,1.176945299825326240e-08,3.826005368946844635e-07,1.238031845714854658e-08,1.680808930448869794e-13,7.835791217918580767e-14,7.823552561609516125e-14,9.833951035390611294e-14,1.382383889394639305e-14,1.125522240364926055e-14,2.293897743114165347e-12,1.077110671378316924e-14,1.789656926685334011e-14
1.300000000000000044e+00,1.808965933423661894e-06,9.584700464668559605e-07,3.523593187244582016e-07,1.324635116619588891e-08,4.701375431782869697e-07,1.475202961575575897e-08,1.771627687317123435e-13,9.994711094697630616e-14,5.513069542855578846e-14,9.767929454146678672e-14,3.886387590645600678e-15,7.216651678433965879e-15,1.906645280504424523e-13,8.449954959222115177e-15,4.134717240527028472e-15
1.310000000000000053e+00,1.884747699803173426e-06,1.066767140118694639e-06,2.383748881084858948e-07,1.439376826148069726e-08,5.498195036969461533e-07,1.539163405862659027e-08,5.753896230798853649e-14,5.311702202562401174e-14,5.345555578722433334e-14,6.492163630611136365e-14,4.890488659971371212e-15,6.986601830101499613e-15,5.128708309046111896e-13,7.424194479558863095e-15,4.353647505905769015e-15
1.320000000000000062e+00,1.992706839837781153e-06,1.202528366724278508e-06,1.424570279460513983e-07,1.514860138444712598e-08,6.163897259289453057e-07,1.618277154361863826e-08,5.083632316297291414e-14,1.420678706662832920e-14,3.894144479683468091e-14,1.714248639004233548e-14,3.218725388488169951e-15,4.810055286823870837e-15,2.093727131876979090e-13,4.361140559900685173e-15,3.420763638503459993e-15
1.330000000000000071e+00,2.128237771907590845e-06,1.360192597210836297e-06,6.947036542347565714e-08,1.546565927637362388e-08,6.664547536062095939e-07,1.665422049281262493e-08,4.945395455622039192e-14,1.848114372793779897e-14,3.535301157584910174e-14,2.209186413438387129e-14,1.857304674678731242e-15,3.464306196603602736e-15,4.005587707950504906e-14,3.410184519600571426e-15,1.730235906227662847e-15
1.339999999999999858e+00,2.296015905062906712e-06,1.544307652715564112e-06,2.261612046364675792e-08,1.533175867168126866e-08,6.971426744461551957e-07,1.661751142118418489e-08,2.917541603599870206e-14,1.210925721813792655e-14,3.572796937941732756e-14,1.553268007778220412e-14,1.537840697969710295e-15,2.551927210303892240e-15,8.688812484919266497e-14,2.465454718548570675e-15,1.356004762803075504e-15
1.350000000000000089e+00,2.503721920365775249e-06,1.762478743203803892e-06,3.472920617062532658e-09,1.476337805522705536e-08,7.070256034733409469e-07,1.598115594395138260e-08,2.442121133668063862e-14,6.920011948460370558e-15,3.176920023592492635e-14,8.067051914863150437e-15,9.185593479911568296e-16,1.470300378277331486e-15,4.323938705065270554e-14,1.336943204860624649e-15,9.297238393354702270e-16
1.359999999999999876e+00,2.764114651086816460e-06,2.026540728665596300e-06,1.194638689561458368e-08,1.380269112785515034e-08,6.959867129728375211e-07,1.583803870269607613e-08,2.446392297257811064e-14,8.233705452251587569e-15,3.141683969055983209e-14,1.020092009005483223e-14,4.459861158174322488e-16,8.385978965211835020e-16,1.587000859921336481e-14,8.298734317880324108e-16,4.223628578228467018e-16
1.370000000000000107e+00,3.086749901409855620e-06,2.348700538964723623e-06,4.634572781020137313e-08,1.251251494365155524e-08,6.651160045879679463e-07,1.407502172342084706e-08,1.909761305209534489e-14,6.912150694281654569e-15,3.136945309292902673e-14,7.900555777590289377e-15,2.413902914379964110e-16,3.158627705822913794e-16,2.700163863135469677e-14,3.277169403108900208e-16,2.135085910642303069e-16
1.379999999999999893e+00,3.471559821723584438e-06,2.723024883335248618e-06,1.035735145003928486e-07,1.097813492187917114e-08,6.166167570057734432e-07,1.736644510727375587e-08,1.553849817826858746e-14,5.088467571434185486e-15,3.478102535394785551e-14,6.879153887973538470e-15,3.155120655347367564e-16,1.983501856114995081e-16,2.363991443559190875e-14,1.846371451535350118e-16,2.274579907308944388e-16
1.390000000000000124e+00,4.028746438583456798e-06,3.270884592206614529e-06,1.792795500177865373e-07,9.267698849610215749e-09,5.535952994545910165e-07,1.571922993284128931e-08,1.397332992023448833e-14,6.747414085423211034e-15,2.889400398094911229e-14,7.360398316179534564e-15,1.136789795513809578e-16,1.998049406520275681e-16,1.054113773668582056e-14,2.007233483195418007e-16,9.152203317832597160e-17
1.399999999999999911e+00,4.790561125606599934e-06,4.012618366840596605e-06,2.683593403472692580e-07,7.500273064511717039e-09,4.799036298151645879e-07,2.217945654257814716e-08,1.013793323557408135e-14,4.952746782350361816e-15,2.576986362376948305e-14,5.619639328897635578e-15,2.317085412447325180e-16,4.520325862381825665e-16,1.123802601561124023e-14,4.048677991493555693e-16,1.896618621840888859e-16
1.410000000000000142e+00,6.787872335596504285e-06,5.607948251477697712e-06,3.651103038799836992e-07,5.772104299809512380e-09,3.998540435225461383e-07,4.091875772888354542e-07,9.936819177969034769e-15,4.228760644025196288e-15,2.520963723170295315e-14,4.940481147959858138e-15,4.780881175495937012e-16,9.467575907425433962e-16,8.091809479612230030e-15,8.594088752497150057e-16,4.358708788840448821e-16
1.419999999999999929e+00,7.679860493585351108e-06,6.591652754056720990e-06,4.635285641679665815e-07,4.169559704764806549e-09,3.179207748746107841e-07,3.025887907424039599e-07,7.941277750170262162e-15,3.794442246117420460e-15,2.169583376553960598e-14,4.910364404761419646e-15,8.108797897860167588e-16,1.584688332340093382e-15,7.168143122522446631e-15,1.434310496271550239e-15,6.989451372664888256e-16
1.430000000000000160e+00,6.327454735822065593e-05,3.907141880457151348e-05,5.637217436978064854e-07,1.891654503840407724e-08,2.687584899973009900e-07,2.335173172247275456e-05,7.112651563154862855e-15,3.271079351990702341e-15,2.314709935398035339e-14,4.220918854120418683e-15,1.211224474344555955e-15,2.362551143710364170e-15,7.946148401343249714e-15,2.127651293165230166e-15,1.043550103177021874e-15
1.439999999999999947e+00,5.450889257868029008e-04,2.266820106282599594e-04,6.535163666070613576e-07,1.823736635014849209e-08,2.047170046658488749e-07,3.175304443380088824e-04,6.606778201466569704e-15,2.644277147018357590e-15,4.154789290369627504e-14,1.515873223531947653e-14,1.682553443641298978e-15,3.236642037313726767e-15,7.664041730491313886e-15,2.911094619668476564e-15,1.458907797499570147e-15
1.450000000000000178e+00,3.891198679137245040e-04,6.999419217938715790e-05,7.241482305706664461e-07,2.062111516332141551e-08,1.212061978944249768e-07,3.182597000897865883e-04,5.141484145913475015e-15,2.090777893568642663e-15,5.243322859482634380e-14,2.124854074957832881e-14,2.135751550749376604e-15,4.087594022537897164e-15,8.259271695971413072e-15,3.676568444700245465e-15,1.849092037889219893e-15
1.459999999999999964e+00,9.505708836089440169e-04,7.465549239168514672e-05,1.342251819325784197e-06,2.272165972973997624e-07,1.753051451556664878e-07,8.741706175087360538e-04,5.448454714086960904e-15,1.556012333890563367e-15,8.274241546376749874e-14,3.368972650921986065e-14,2.588635330260321186e-15,4.975670909615019001e-15,8.992335979167867346e-15,4.476849989700791532e-15,2.273810940250388782e-15
1.469999999999999973e+00,1.845981036845384610e-03,3.068118076572436429e-04,2.498532671328642346e-06,6.746863221965158928e-07,3.571655392924378922e-07,1.535638844284355296e-03,4.394618246365674349e-15,1.066675780403991427e-15,2.775390873835914188e-13,6.222141777063747618e-14,2.991665167980982338e-15,5.751480553260052916e-15,9.155797020873276852e-15,5.189107389733602561e-15,2.658073669249009496e-15
1.479999999999999982e+00,6.530490296939693226e-03,1.346430413396845153e-04,9.992868097525373315e-07,1.238862686948769393e-08,8.248691699515000125e-09,6.394827330479893948e-03,4.137025613002284005e-15,7.575827472312245133e-16,7.106658170147100265e-13,2.479987994748201487e-13,3.353280153966728985e-15,6.436045796873170825e-15,9.431116193332061686e-15,5.802323644496037905e-15,3.212210806146648414e-15
1.489999999999999991e+00,4.881327222221974044e-02,9.652170399593009570e-03,8.538055398811098242e-06,1.213897002244688616e-06,9.619956692922099794e-07,3.915038787226494260e-02,4.344717523475324131e-15,4.011533445282344163e-16,1.141891654740728639e-12,1.113310893026817700e-12,3.631037867918237408e-15,6.911003181268706756e-15,9.537499472432388076e-15,6.226402547507376144e-15,5.186875848418645035e-15
1.500000000000000000e+00,4.980682916778374214e-02,6.084643591123478114e-03,2.680830980946139150e-06,9.935146774332948660e-08,2.567805304005510771e-06,4.371683758648574336e-02,3.021080701241731404e-15,2.098279093574507848e-16,1.205465027523710346e-12,1.180392928821323665e-12,3.802457487213829586e-15,7.198493985693344859e-15,9.667340427703632752e-15,6.494576283076444520e-15,5.579173998951510343e-15
1.510000000000000009e+00,8.859997292847452549e-03,7.130874304683528560e-04,8.581453068963036997e-07,2.553870512702216243e-07,4.263618644158204377e-07,8.145369966857898825e-03,3.261035450519034449e-15,9.901099188145219143e-17,8.685349155146184888e-13,3.948793615718214275e-13,3.884782761334312748e-15,7.300100779087733141e-15,1.031301096967649893e-14,6.583694013524251443e-15,3.765870501777066669e-15
1.520000000000000018e+00,3.700130868199269681e-03,8.899129863370031752e-05,6.530634686257545694e-07,4.612767234752827031e-09,9.029014332499028853e-08,3.610391602583070368e-03,2.446894677886676890e-15,1.098376807719966364e-16,4.370152007408555972e-13,1.322863993058697801e-13,3.856946505878955453e-15,7.208556104151919744e-15,1.038835434016795173e-14,6.492954681277616118e-15,3.507971962902724661e-15
1.530000000000000027e+00,1.445285197361391265e-03,3.483015986917208985e-05,5.742843243810809104e-07,5.436790525345091440e-09,1.423053943585240617e-07,1.409733010741954671e-03,2.473438165881956107e-15,2.659439558358361090e-16,1.553557759339620020e-13,5.296904587866662498e-14,3.720571837116272509e-15,6.991086242749822838e-15,9.648971367785515220e-15,6.299107134846071582e-15,3.275461828839889168e-15
1.540000000000000036e+00,4.824110297475330770e-04,1.835124362495182406e-05,4.881670624171583197e-07,6.754494010709791053e-09,2.012240229800707506e-07,4.633636404508798858e-04,2.389419846498548684e-15,4.419639799919889797e-16,4.084672862792016631e-14,2.093517947932845890e-14,3.494018542680664719e-15,6.578100873052698413e-15,8.645868593061930934e-15,5.930833771734706202e-15,3.031286021979338712e-15
1.550000000000000044e+00,1.179547353222268574e-04,1.194903447415808661e-05,3.985929153966607751e-07,8.024336890948750958e-09,2.634503031965883339e-07,1.053356332489151855e-04,1.701185108260888324e-15,7.185656943517901791e-16,1.106641726836536362e-14,4.799678170065653993e-15,3.192449225718775129e-15,5.975950233878049247e-15,8.073051977967446376e-15,5.388115163835170118e-15,2.753988207725351070e-15
1.560000000000000053e+00,2.234454007597730228e-05,8.734003456128014187e-06,3.100493650734252890e-07,9.171364859369879655e-09,3.255244173694498852e-07,1.296579143997716218e-05,2.078890120021015375e-15,1.058174123726133055e-15,5.457083716231401657e-15,1.551449457509474708e-15,2.829115215181701667e-15,5.300828406583646239e-15,7.074529298733910915e-15,4.782032873167561708e-15,2.437776647565054751e-15
1.570000000000000062e+00,7.734384463167862534e-06,6.564605107414086247e-06,2.268122696060672437e-07,1.014079966365022656e-08,3.841517394317669093e-07,5.486745187243427989e-07,1.496369004746641226e-15,1.403763033747655705e-15,5.023885633075694193e-15,1.403057032868091281e-15,2.418984591943625944e-15,4.515353917203309396e-15,5.906994919165938221e-15,4.074985829835404506e-15,2.084558662680936627e-15
1.580000000000000071e+00,5.786161026411002033e-06,5.035250268862400143e-06,1.527438943002155489e-07,1.088455591823962722e-08,4.363328960389083130e-07,1.509493796190284686e-07,1.845275944627199147e-15,1.938495639073334009e-15,6.119602023220894537e-15,5.998796301644399735e-15,1.995671334841020961e-15,3.685245878006050357e-15,5.041406885205897212e-15,3.326272635668562605e-15,1.721442494548119142e-15
1.589999999999999858e+00,4.613988002426840751e-06,3.990479993449006140e-06,9.112169195568917341e-08,1.136926599477131146e-08,4.794971777819092979e-07,4.151968190056622174e-08,9.275303254997305322e-15,5.494795539489179513e-15,7.987045436896934692e-15,1.560673191423278190e-13,1.571138251155594102e-15,2.884577928938397146e-15,4.086494999742501358e-15,2.606665449203671978e-15,1.371558044080613876e-15
1.600000000000000089e+00,3.815428222432273122e-06,3.233630782544480729e-06,4.449381514854083790e-08,1.157565661926184548e-08,5.116136164947695745e-07,1.411383690715659707e-08,1.338128071091377097e-14,1.193175521409500903e-14,1.074342753067338900e-14,4.677579069100726816e-13,1.163734583287156810e-15,2.120325327129505101e-15,3.194651658292914123e-15,2.169046014018283056e-15,2.255935482330360349e-15
1.609999999999999876e+00,3.242640626487258534e-06,2.668684782949999570e-06,1.458231302599608469e-08,1.149850609321398461e-08,5.312703920814248119e-07,1.660441929617141502e-08,3.350614541218485795e-15,6.244710480988021040e-15,1.033910222255470150e-14,1.779360652648055027e-13,7.940340388904551747e-16,1.463738064396667692e-15,3.508942625467662481e-15,2.721519621760202461e-15,6.681724922097481688e-15
1.620000000000000107e+00,2.806544333002317831e-06,2.243280678548153751e-06,2.231848899145593939e-09,1.114673470271846982e-08,5.377178449793440343e-07,1.216719291187651131e-08,8.246501860867869124e-16,3.394849847351495713e-15,1.045794917739341781e-14,8.846042487206327215e-15,4.533307402880366613e-16,9.653359562785093956e-16,2.319976282262827156e-15,1.789387889011758108e-15,3.909557351085974373e-15
1.629999999999999893e+00,2.475987174754198504e-06,1.915265348219229262e-06,7.402883748204146570e-09,1.054237388574396841e-08,5.308796588959960871e-07,1.189688866392869482e-08,8.058079503654093910e-16,3.472808964939142449e-15,1.121333878034408409e-14,3.454533371456592941e-15,1.914524046775016276e-16,5.863236963761340812e-16,6.305041158296174419e-16,6.053671382389832382e-16,3.809598557289849408e-16
1.640000000000000124e+00,2.217713776840297722e-06,1.656714429154377567e-06,2.920809274305894700e-08,9.718802258634263306e-09,5.113310911324701300e-07,1.074134173567355004e-08,7.529976602447476810e-16,3.153147248276309411e-15,1.141681162135102363e-14,3.148495008907228355e-15,7.849613421696069033e-17,2.710277927454857151e-16,6.587261781765287443e-16,2.667984123233001925e-16,6.958395373086951090e-17
1.649999999999999911e+00,2.016976036728456189e-06,1.452540598827523404e-06,6.598856847293185044e-08,8.718846320962526057e-09,4.802439329716232223e-07,9.484071358828111064e-09,6.603373212965729542e-16,2.410831040473386732e-15,1.130536731431426198e-14,2.425501357793759792e-15,6.213297525439284354e-17,2.574434688383519924e-16,1.333126312531425757e-15,2.607894470326157346e-16,6.105787418757402063e-17
1.660000000000000142e+00,1.859097202139936546e-06,1.288367399357697173e-06,1.154232770699425673e-07,7.592374514749908835e-09,4.393073928341556081e-07,8.406738131629118164e-09,1.037206657795847448e-15,2.155041909014708844e-15,1.143852908222949711e-14,2.169936560697556312e-15,3.457469484610622199e-17,8.812107074028336812e-16,1.613709337750953680e-15,8.627708670914768994e-16,3.878230121345814196e-17
1.669999999999999929e+00,1.731076019625713798e-06,1.152413149500602105e-06,1.746651394891085980e-07,6.393546320667921728e-09,3.906284188035824102e-07,6.975739430206824817e-09,9.669688370178756521e-16,3.636934397300867163e-15,1.163733051653430292e-14,3.619365574837370298e-15,5.319571257320057473e-17,1.781594441111790794e-15,2.573424249681663010e-15,1.760102663261253789e-15,5.262938817079946802e-17
1.680000000000000160e+00,1.629016047863808506e-06,1.041056349745605222e-06,2.404967891547674928e-07,5.178185756299015698e-09,3.366141117042096711e-07,5.670575170217824641e-09,1.427109570709960329e-15,6.753888318693846799e-15,1.123029692061547090e-14,6.783197441821775580e-15,4.180690998332671199e-16,1.925929613945493527e-15,5.460031822995691561e-15,1.955229428174633576e-15,3.789574452933183198e-16
1.689999999999999947e+00,1.545714441433544343e-06,9.479855234213606353e-07,3.094960155816631453e-07,4.001167702108314056e-09,2.798469934673356640e-07,4.384639998935834074e-09,1.308183997983029037e-14,9.624019754599145641e-15,1.018626547506100713e-14,5.389104397916675091e-14,1.230277949443529747e-15,1.040342225788147236e-15,9.972900264261263270e-15,1.105287674202022115e-15,1.130163427887450593e-15
1.700000000000000178e+00,1.475962197948662414e-06,8.686986412153587457e-07,3.782037377775678698e-07,2.913763413878710037e-09,2.229580475410796858e-07,3.187399928859629238e-09,5.387955837155250559e-14,1.214333185837112895e-14,9.717747241222491721e-15,5.133492236039089430e-13,1.981330373233033341e-15,5.698271030356530824e-16,1.304301345382439518e-14,6.266972100191639130e-16,2.761188371405359356e-15
1.709999999999999964e+00,1.416356957430151214e-06,8.004601730527469134e-07,4.432874589559974208e-07,1.961468790046563276e-09,1.685009186229818816e-07,2.146244668054199619e-09,2.994653883342695169e-14,9.352888105770487503e-15,8.971356790694433158e-15,6.219755837997105423e-13,2.055518049847560003e-15,1.884306395051846210e-15,1.117060857114223643e-14,2.017729834925256003e-15,5.965793565328474191e-15
1.719999999999999973e+00,1.363562007883133376e-06,7.405768088187184289e-07,5.016902690336206013e-07,1.182218187855550061e-09,1.188364275835032692e-07,1.276160554847749299e-09,2.345964282433469424e-15,3.973836406414975621e-15,7.727358709760739707e-15,9.126157477392875403e-14,1.598110002568708649e-15,4.016388407776252445e-15,5.465061356581563025e-15,3.787230903489797234e-15,3.529062757970751261e-15
1.729999999999999982e+00,1.315278309623597001e-06,6.872501924222166202e-07,5.507612034061706809e-07,6.048285578141079868e-10,7.603158274431596952e-08,6.304765401693691302e-10,7.635545040020009556e-16,2.030279553267203923e-15,6.348051643260259548e-15,2.643375380793598424e-15,1.411821185570614960e-15,4.817684420066997774e-15,2.252139597117473480e-15,4.387663563938694283e-15,1.298340632823713604e-15
1.739999999999999991e+00,1.269618195866362371e-06,6.390131030519939883e-07,5.883626102626480297e-07,2.480345368046594862e-10,4.177496710440624847e-08,2.194555360667371312e-10,8.991681655417982587e-16,2.110283589779703681e-15,4.485729689425706577e-15,2.152310770606852078e-15,1.904210529804131099e-15,4.078079073502896187e-15,4.450232573287500580e-15,3.675714782428161841e-15,1.618713640429872360e-15
1.750000000000000000e+00,1.225143023311699262e-06,5.947071613576205210e-07,6.129476752511044288e-07,1.200973374830726360e-10,1.731378645674786247e-08,5.427071314604264202e-11,8.720105265720014327e-16,3.625700330857044191e-15,3.212978676969780789e-15,3.637582697720656369e-15,2.586763723328920811e-15,4.029169509193098677e-15,8.461230567318412827e-15,3.537502881308683035e-15,2.232658527648287060e-15
1.760000000000000009e+00,1.181155479877200643e-06,5.537750707155966046e-07,6.236087407469450914e-07,2.187631205443436962e-10,3.413891292347590115e-09,1.389730344049297441e-10,9.349368897612217935e-16,5.578542988902709053e-15,2.930810935293106613e-15,5.563231967407305213e-15,2.765651171849075832e-15,6.276613427759321278e-15,8.945287724527572768e-15,5.583582006857489296e-15,2.388704847526619971e-15
1.770000000000000018e+00,1.136769962724654847e-06,5.153463058002406328e-07,6.200959561302539161e-07,5.317554713427698524e-10,3.424018213396276022e-10,4.534990518207481323e-10,6.294579681278186471e-16,6.547772698395789625e-15,3.005219392325149435e-15,6.528174290367075666e-15,2.415903869168636615e-15,9.389276315232212319e-15,5.297611153125062519e-15,8.581151215588056357e-15,2.055090633258296012e-15
1.780000000000000027e+00,1.091856495245550751e-06,4.791584837591131111e-07,6.028035441790989916e-07,1.037707897121475864e-09,7.873965426490333836e-09,9.827522765586965922e-10,4.886409267302327027e-16,5.834182333778508098e-15,2.943145881865566566e-15,5.908890802424514601e-15,2.156005627228600788e-15,1.048680161549757760e-14,2.302845995849980931e-15,9.783477059445985263e-15,1.803177793205747555e-15
1.790000000000000036e+00,1.046421629426462509e-06,4.449750833731798557e-07,5.727287328742412073e-07,1.707405220749638848e-09,2.531863648988197129e-08,1.691720628170827946e-09,8.928196019923931063e-16,4.463830780117857849e-15,2.657759061826722001e-15,1.823898323729331708e-14,2.480382540576716705e-15,8.445461508403141508e-15,3.436906832365262802e-15,7.996718278650779460e-15,2.227377276977236485e-15
1.800000000000000044e+00,1.000784722568090038e-06,4.126456861270076675e-07,5.314072752512239702e-07,2.505390969164052254e-09,5.156894147648626906e-08,2.542595399035504170e-09,3.060412571148096713e-12,3.822613621155424737e-13,9.738282300314296115e-14,1.091453443006372360e-10,3.214185977035602916e-15,4.825937475862859354e-15,1.947682706085065097e-13,1.926577054459976583e-13,1.752478016024361413e-12
1.810000000000000053e+00,9.577608359096412613e-07,3.821237439016128471e-07,4.808255643438779069e-07,3.391720002001130174e-09,8.516388440205518352e-08,3.496388559360186918e-09,7.005224041544323648e-11,1.092811296849040692e-11,2.736779293693730487e-12,2.623982296926663559e-09,3.572158722577710572e-15,2.776263803825413701e-15,4.814734110198185339e-12,4.807878251476933111e-12,4.220631034551444503e-11
1.820000000000000062e+00,9.160055619790373667e-07,3.534160896970365396e-07,4.233169856194969515e-07,4.323825158434180908e-09,1.243654557381857444e-07,4.501245424287720701e-09,1.479371438400847791e-10,2.840835874952745330e-11,7.124861912244067864e-12,5.785010514049284907e-09,2.886028030597133035e-15,5.604224808345851078e-15,1.106424408424173683e-11,1.106055677112392781e-11,9.134617193694830024e-11
1.830000000000000071e+00,8.676929888157222113e-07,3.265744016775462821e-07,3.614491882620305587e-07,5.258506567468598707e-09,1.672441246491507629e-07,5.516145409023942022e-09,3.841504432738548179e-11,8.986330393139893072e-12,2.359245825348047231e-12,1.570318480628797744e-09,1.556048561222604216e-15,1.483651218014000996e-14,3.133123503787969292e-12,3.142273876096515057e-12,2.425135938684545318e-11
1.840000000000000080e+00,8.240033791753324801e-07,3.016511680875684958e-07,2.979036946642544541e-07,6.153739601410787726e-09,2.117697412120220974e-07,6.491664673076080195e-09,9.588903610006383800e-13,3.862019454656216856e-13,4.833270097637057323e-13,3.087082657691800130e-11,1.010767326272933313e-15,2.921311194882223615e-14,7.677014625758885569e-14,9.334655510054026843e-14,4.713505268234544372e-13
1.850000000000000089e+00,7.843345453988851848e-07,2.787162060847115519e-07,2.353567057425957665e-07,6.970440412295511543e-09,2.559020542127585775e-07,7.386186854273396960e-09,6.628658574403999541e-13,5.133044032550094886e-13,1.102014922435756946e-12,5.179509667793428448e-13,3.319628917754797796e-15,4.658855992604116059e-14,5.613592907471765051e-14,4.681539126705787799e-14,3.096591089792086927e-15
1.860000000000000098e+00,7.477109306967987386e-07,2.578234490527734674e-07,1.763658945795155821e-07,7.674212641971737901e-09,2.976776472436209069e-07,8.163312490078710099e-09,1.440193339393089926e-12,1.182801946062489506e-12,2.283647926038565530e-12,1.183442611688112078e-12,1.065777577765748244e-14,7.132374602342032113e-14,1.592900239411979714e-13,7.323205770732846677e-14,1.009941178789911612e-14
1.870000000000000107e+00,7.145931754236547762e-07,2.390017331148849804e-07,1.232625030806442669e-07,8.236522719541048067e-09,3.352921987189632192e-07,8.788391119828503240e-09,2.608235962797091018e-12,2.239696689131396406e-12,4.104992751252830300e-12,2.239088734683131322e-12,2.194645701311700026e-14,1.240854541220428682e-13,3.410561761952427404e-13,1.264515851436015306e-13,2.111598236145794747e-14
1.880000000000000115e+00,6.853901894908531799e-07,2.222626412151788780e-07,7.805902372095360358e-08,8.635505253421484361e-09,3.671741169783702498e-07,9.240341649131679632e-09,3.918073645557921942e-12,3.469178715386352670e-12,6.515444755541460910e-12,3.466623457789470565e-12,3.101605795309949891e-14,2.257727039925448471e-13,6.781591883094321214e-13,2.260091978106525000e-13,3.039607506775578222e-14
1.890000000000000124e+00,6.603794803684349345e-07,2.075755014054438032e-07,4.237890562845936224e-08,8.856714872989635973e-09,3.920434163080288904e-07,9.500201223420113887e-09,4.885088713374751780e-12,4.420751353930773672e-12,8.955134649123020418e-12,4.417406805201104923e-12,3.418307909738239884e-14,3.492472177886555400e-13,1.298269258448667127e-12,3.465563165960887671e-13,3.429269947153225165e-14
1.900000000000000133e+00,6.397168568617134483e-07,1.948824898443514375e-07,1.740253906285589867e-08,8.893272290535152671e-09,4.089504335734552829e-07,9.560297335677442702e-09,5.063080809781504778e-12,4.673638295155671767e-12,1.032461302159785713e-11,4.671921167764362821e-12,3.659769065068598789e-14,4.151667635022991367e-13,2.190457441435938282e-12,4.120465993525651715e-13,3.723304894432770948e-14
1.909999999999999920e+00,6.234097800815061072e-07,1.840879176341385915e-07,3.830024382688620760e-09,8.745678282288444511e-09,4.172966722215791693e-07,9.423307955859799540e-09,4.371931399016905063e-12,4.117520406121567326e-12,9.678451088350308191e-12,4.118463160191845004e-12,4.277841750068868770e-14,3.736574483357553069e-13,3.060881197241779238e-12,3.727246390132210111e-13,4.319719592972506606e-14
1.919999999999999929e+00,6.113246347039100803e-07,1.750687731121407975e-07,1.866703716129718490e-09,8.422508593274385593e-09,4.168518386039174191e-07,9.094259275259560758e-09,3.273859293908084537e-12,2.998280273521121608e-12,7.119377782787494937e-12,3.000337129317420006e-12,4.655219460742302058e-14,2.638769146487573103e-13,3.537936878956759473e-12,2.647327898011801310e-13,4.644993061069389952e-14
1.929999999999999938e+00,6.032207704855359729e-07,1.676659981701626789e-07,1.123406980395946771e-08,7.941349445010503944e-09,4.077714241346419040e-07,8.593913783678713759e-09,2.720654077602075597e-12,1.738872402715866609e-12,3.897321270999849601e-12,1.739876847376600578e-12,4.008955593988689994e-14,1.628446185922667004e-13,3.512093915629580564e-12,1.635512249851951585e-13,3.984416870869380981e-14
1.939999999999999947e+00,5.987741768374746192e-07,1.617048192177296169e-07,3.120093437239192214e-08,7.327332128379063018e-09,3.905883590911872081e-07,7.942415452730359583e-09,3.832594956128290312e-12,7.441619416302394599e-13,1.561926595077239205e-12,7.439264764756059260e-13,2.734588282245339649e-14,1.074406210763865527e-13,3.164442111371784817e-12,1.074503746329561232e-13,2.728609725986251918e-14
1.949999999999999956e+00,5.975469426803752164e-07,1.569811640000630053e-07,6.062229921256127483e-08,6.608306605035594798e-09,3.661546769422316169e-07,7.168526279915893341e-09,7.370446790757984255e-12,3.203921909800769345e-13,1.017972179003557796e-12,3.206064657057056086e-13,1.946166672324769258e-14,9.086930328769970629e-14,2.719497325321543385e-12,9.095243095897026288e-14,1.944221515696926178e-14
1.959999999999999964e+00,5.989739808765294477e-07,1.532880261432895768e-07,9.799031983268136206e-08,5.810414228787792891e-09,3.355596895872509121e-07,6.306192011475692049e-09,1.331525287355392944e-11,6.294610128462863645e-13,2.228285625580834562e-12,6.310588428316508745e-13,1.942731064505317516e-14,1.053410601420040577e-13,2.285415399983321426e-12,1.055393896499140759e-13,1.929152891446532814e-14
1.969999999999999973e+00,6.023798101976612499e-07,1.504089091381650443e-07,1.415142002426975876e-07,4.959739721030421031e-09,3.000774310942229617e-07,5.388814309366194046e-09,2.080744360455585363e-11,1.584452468589148298e-12,4.514834100362635903e-12,1.586004014197854851e-12,1.972734403635646611e-14,1.513034099530155970e-13,1.881583516292148281e-12,1.506398070296985486e-13,1.970391393897641157e-14
1.979999999999999982e+00,6.070939243868805637e-07,1.481348749043773844e-07,1.892194279229941297e-07,4.088762018983475424e-09,2.611535797411529738e-07,4.454634169724747087e-09,2.793683896667496447e-11,2.870665415313862560e-12,7.032030475742409693e-12,2.869716149933002221e-12,1.585490563115658240e-14,1.986736473877531367e-13,1.508631517997093656e-12,1.971169939350818676e-13,1.610157523204356399e-14
1.989999999999999991e+00,6.125043608895397065e-07,1.462564208990502441e-07,2.390389213341223156e-07,3.237427684378811331e-09,2.203819589858890973e-07,3.538906152570163225e-09,3.066080274036321697e-11,4.404519431135374267e-12,9.395460436400665540e-12,4.398994946710130290e-12,1.332096177896865025e-14,2.095594180242502748e-13,1.421448462949937874e-12,2.080656942533957252e-13,1.366143741259664636e-14
2.000000000000000000e+00,6.180540879608960473e-07,1.445803460491409864e-07,2.888789128259022816e-07,2.444176388516777871e-09,1.794202205868835645e-07,2.675844688918916031e-09,2.302707357245205267e-11,7.145869246478631644e-12,1.334797812900430659e-11,7.133631820415755363e-12,3.442392367431578426e-14,3.847754274208101874e-13,3.095816893444982050e-12,3.828343070215744837e-13,3.501821366126534082e-14
2.009999999999999787e+00,6.231707083858916556e-07,1.429253481009893389e-07,3.366706770227332299e-07,1.737027257050711455e-09,1.398660373424285985e-07,1.897876815065911451e-09,6.508279712257198708e-12,1.374926309363073078e-11,2.640514814737709567e-11,1.372930520371451295e-11,1.465744573002571460e-13,1.436710722301188611e-12,1.018374493321890211e-11,1.435472953239646233e-12,1.473484007047672811e-13
2.020000000000000018e+00,6.273033032653772518e-07,1.411406184493874245e-07,3.804554407152464087e-07,1.134866700390684035e-09,1.031710170613406966e-07,1.230684469386760132e-09,1.456550473625797982e-11,2.806603544022538485e-11,6.461814028964692478e-11,2.804028764047168766e-11,3.939208012780817516e-13,3.807982047191167743e-12,2.697577822730858857e-11,3.815328759870200329e-12,3.928916830240230347e-13
2.030000000000000249e+00,6.300299487142545051e-07,1.390985783609696267e-07,4.185069027475801009e-07,6.545029480669623230e-10,7.062246384046163327e-08,6.984508746195069189e-10,1.332940003093359205e-10,5.159151568635775506e-11,1.454673398238644308e-10,5.156017276362379271e-11,5.337691600671335588e-13,5.142299427734056169e-12,5.577122332400854591e-11,5.159366352276285501e-12,5.302557092612320215e-13
2.040000000000000036e+00,6.310890609328921242e-07,1.367021061304155614e-07,4.494157727200741690e-07,3.128495963986957919e-10,4.334172058742710502e-08,3.160310610574191606e-10,4.625924252848403157e-10,7.848601254632857720e-11,2.699580673327977855e-10,7.844348773082632955e-11,2.856316662297084258e-13,1.973975344523483721e-12,1.065708342028321988e-10,1.985002773122500453e-12,2.854006376989318281e-13
2.049999999999999822e+00,6.303337227134300787e-07,1.338788604894515554e-07,4.721032949191777444e-07,1.219792972462739794e-10,2.224589446543038903e-08,9.440042857603933089e-11,9.876607470507136966e-10,1.027985937820703488e-10,4.279605012337344996e-10,1.027412807134393115e-10,1.595303748837896888e-12,1.422618329258901036e-11,2.364632226639099347e-10,1.424709740401393983e-11,1.600183658640315735e-12
2.060000000000000053e+00,6.278811902171924928e-07,1.305960839198949036e-07,4.858088989251458558e-07,8.450938838656640260e-11,7.982756192536085748e-09,4.689767759210521171e-11,1.467224720916454660e-09,1.512565559247314292e-10,6.760290853947557647e-10,1.511774379094391511e-10,1.253721929146035555e-11,1.438821738655188627e-10,6.034229019877270731e-10,1.439878604006577162e-10,1.252615794639028199e-11
2.070000000000000284e+00,6.270472790824787442e-07,1.281490222148705985e-07,4.901007365917936481e-07,1.952549188311851812e-10,8.935925873926809776e-10,1.501538511349764318e-09,1.550501917335357023e-09,3.142772485207199025e-10,1.245571553341977953e-09,3.141211514174834791e-10,4.772083875682178975e-11,6.165572202162652459e-10,1.453995016704747864e-09,6.167202407825866339e-10,4.766907116497316181e-11
2.080000000000000071e+00,3.168973186920170851e-06,1.368058903923416870e-06,4.849458189326408551e-07,4.457848833807908813e-10,1.027448209007395974e-09,1.302878451173042607e-06,1.154478697515952764e-09,7.063603548754516823e-10,2.493091640938974885e-09,7.059945773068360910e-10,1.188455107490876167e-10,1.684170815969261288e-09,2.950966818604328029e-09,1.684090436966124871e-09,1.187809457560176944e-10
2.089999999999999858e+00,4.189340045971441418e-05,2.053525997691638399e-05,4.708749464303518993e-07,8.321612045164461788e-10,8.167953531411069534e-09,2.085826486032106938e-05,7.361256699870325641e-10,1.339727302897959294e-09,4.564417554235704354e-09,1.339010507674334877e-09,2.181360017035111600e-10,3.346915279586387694e-09,4.891802874417623168e-09,3.346290528163759247e-09,2.181355920127957835e-10
2.100000000000000089e+00,6.184475193666669928e-05,3.075700613153203996e-05,4.482258917656927518e-07,1.324490217152679300e-09,2.184136144745319071e-08,3.058681955829288871e-05,1.019016983384838630e-09,2.026202481766327749e-09,7.012131571750413049e-09,2.025112548504573502e-09,3.106570829311709146e-10,5.117183635823574585e-09,6.597206174855903721e-09,5.116248310694919920e-09,3.107446217586324166e-10
2.110000000000000320e+00,1.022793090467638146e-05,4.942894462383574806e-06,4.176570277553106720e-07,1.882600808919819768e-09,4.134833122678021761e-08,4.787806872744322233e-06,2.291284175897754482e-09,2.451564988229992162e-09,8.853290076236164518e-09,2.450250416554387121e-09,3.506407614934095747e-10,6.177124072341288402e-09,7.240161889136624745e-09,6.176564521136836805e-09,3.507288564456068995e-10
2.120000000000000107e+00,6.572090701067897927e-07,1.347776767155316449e-07,3.810052766482819185e-07,2.514511696372445290e-09,6.580540391158858929e-08,3.614029203130647517e-08,3.994703616754859475e-09,2.397499448012532184e-09,9.195893876635589777e-09,2.396210049421497131e-09,3.145725074800138517e-10,5.945291664843113331e-09,6.461728568812643667e-09,5.945445653463146563e-09,3.145637182852169269e-10
2.129999999999999893e+00,5.678563789313073729e-07,9.645817642220320768e-08,3.396306063671719006e-07,3.186961141700897616e-09,9.413960909260851327e-08,3.367230568119187348e-09,5.116291277403963787e-09,1.906185918813027701e-09,7.901397427910624035e-09,1.905146524987313025e-09,2.214399987156547186e-10,4.553252115390519598e-09,4.695014443921556404e-09,4.553717813603002533e-09,2.213498187580606268e-10
2.140000000000000124e+00,5.406153010231339328e-07,9.077974046788341695e-08,2.951095624418201670e-07,3.869000893204387071e-09,1.251426398398111295e-07,4.060376465396143685e-09,5.017943002745371785e-09,1.231133676754559681e-09,5.644359342954011370e-09,1.230454258679997151e-09,1.184469584510517431e-10,2.735802588453571950e-09,2.821448505836656660e-09,2.736025941705229338e-09,1.183666394384625214e-10
2.150000000000000355e+00,5.137953176041992035e-07,8.525545481103080169e-08,2.490792878856149923e-07,4.533298560740639990e-09,1.575403798858349359e-07,4.781484428474238891e-09,3.874607111402863031e-09,6.405052834513565726e-10,3.363381557678222247e-09,6.401582729921339979e-10,4.528264871236398329e-11,1.250841718414370664e-09,1.494632592679979981e-09,1.250746434414229142e-09,4.525641275797248245e-11
2.160000000000000142e+00,4.900015090520418515e-07,7.993477898199747917e-08,2.031529634401545474e-07,5.155542651862712078e-09,1.900625581205500044e-07,5.461357341508683954e-09,2.383110018804667498e-09,2.638594669464086643e-10,1.673592840477054336e-09,2.637279124738972142e-10,1.136630496946367268e-11,4.121970466257513249e-10,8.030488834445323833e-10,4.120383649626186864e-10,1.136767726402775727e-11
2.169999999999999929e+00,4.698003806473021417e-07,7.490898396467673506e-08,1.589154561415224803e-07,5.714141030888356115e-09,2.214873853541227670e-07,6.073483037730650976e-09,1.166693389463500825e-09,8.385319255006203484e-11,6.936314635001650304e-10,8.381608725633975393e-11,2.616478883478792657e-12,9.271180008754074478e-11,4.823587248922182462e-10,9.263343994425432381e-11,2.616541783581800432e-12
2.179999999999999716e+00,4.526751423654709014e-07,7.025875757840323684e-08,1.179262716044352702e-07,6.188993659418776906e-09,2.506418857073244265e-07,6.596822356508050160e-09,4.492234563225493142e-10,2.003577885459343796e-11,2.373272835316949584e-10,2.002478751472627071e-11,2.112883488825302652e-12,2.102722509528900109e-11,2.895523110606865135e-10,2.099580647035226153e-11,2.111927042383182567e-12
2.189999999999999947e+00,4.380498732430933712e-07,6.605231596707294044e-08,8.159181935424719009e-08,6.563169967197037968e-09,2.764477802245015407e-07,7.012648799703923319e-09,1.327310664705491085e-10,3.731519061366154798e-12,6.579588674255854791e-11,3.726917297463284744e-12,1.843238813941783331e-12,1.353814831411534748e-11,1.454101750767265039e-10,1.351538329529451159e-11,1.846595298740596051e-12
2.200000000000000178e+00,4.256671034994161833e-07,6.234243919172799307e-08,5.105499148476547569e-08,6.823969998819626460e-09,2.980191941081725716e-07,7.307569167453649026e-09,2.887371257614454133e-11,7.068266427815186317e-13,1.436693347546210885e-11,7.059630594961900396e-13,9.688561413967018220e-13,8.928137741930397000e-12,5.449787026909536351e-11,8.918422142097741971e-12,9.728264284849958928e-13
2.209999999999999964e+00,4.155135659014438635e-07,5.916626090890449407e-08,2.724916660313728250e-08,6.962820007787891976e-09,3.146344402251206231e-07,7.472315389145526190e-09,4.333313095431424137e-12,1.705427990713166412e-13,2.403604146770438845e-12,1.710445843673341573e-13,3.159257679939620989e-13,3.449602789576126156e-12,1.394964268614114608e-11,3.451950091008627223e-12,3.171413876749367270e-13
2.219999999999999751e+00,4.075816291765713572e-07,5.654306664295434128e-08,1.085354500470816116e-08,6.977159507961602406e-09,3.257006028410599603e-07,7.502829819732328754e-09,4.129947459002667078e-13,3.773624096738668550e-14,2.989040951875633753e-13,3.787010220412157202e-14,6.372728959336107823e-14,6.966060263511933963e-13,2.114211468705115329e-12,6.998316210019745630e-13,6.347856503570732589e-14
2.229999999999999982e+00,4.018704568891671167e-07,5.447479579227562946e-08,2.229517408686052353e-09,6.869699133443552082e-09,3.308961717413550641e-07,7.399955813977424255e-09,2.870646727216262601e-14,7.062274163258538587e-15,2.589679612199825229e-14,6.988872052057855622e-15,6.820621410400973784e-15,5.016591668679137205e-14,1.338629826333614291e-13,5.085755058497356580e-14,6.637948428723835261e-15
2.240000000000000213e+00,3.984039096231461641e-07,5.294634605582779684e-08,1.482970804238056089e-09,6.644700062197110280e-09,3.301610122568357468e-07,7.168844784010717573e-09,4.810963696628470522e-15,1.205039651933378978e-15,1.074029622577652913e-14,1.232716858050372689e-15,4.199099537696910155e-16,8.682240760777366324e-16,1.506549431815394498e-14,9.291682313931543839e-16,3.882236618615056042e-16
2.250000000000000000e+00,3.969987911424940000e-07,5.192862520555334086e-08,8.413473813893073561e-09,6.311712483587906865e-09,3.235259017376511817e-07,6.819047939993206641e-09,1.263381782532133170e-15,2.550042184529237314e-15,9.144913011602124416e-15,2.552472975320157321e-15,3.747758085952765328e-16,1.689829535724212742e-15,1.027651186395319171e-14,1.753893407950458081e-15,3.559946976315084718e-16
2.259999999999999787e+00,3.975051866997222426e-07,5.137537932971233283e-08,2.260839842999720294e-08,5.884983223507134492e-09,3.112710965805548064e-07,6.365314143009069295e-09,2.120562138108963442e-16,3.510995480733084182e-15,5.405738549491192231e-15,3.478374957478721712e-15,9.181128499130729250e-17,4.725082941069557848e-16,1.261093869038873804e-15,4.719318646701030221e-16,8.843115686760615760e-17
2.270000000000000018e+00,4.000132431433058561e-07,5.123266904308021807e-08,4.338813727570085836e-08,5.366086039475268223e-09,2.942016611709358188e-07,5.824677152870488482e-09,1.341832506295528117e-16,2.257424504850692183e-15,7.192368543803065318e-15,2.251790715797066757e-15,1.961512731607258191e-17,1.132261097267568772e-16,3.576075066130637281e-16,1.163053739089159853e-16,1.872206717963602712e-17
2.280000000000000249e+00,4.045397522987395159e-07,5.144935638744288292e-08,6.951412728881778090e-08,4.774796552436862742e-09,2.735853389276547405e-07,5.216120358907508161e-09,2.007701700240105351e-16,2.336110531767461706e-15,7.321576895725857651e-15,2.324314245529134882e-15,3.597338612633334749e-17,1.561179170504806943e-16,2.353907232311116850e-16,1.412101273328184909e-16,3.201578588696411109e-17
2.290000000000000036e+00,4.117106974176342129e-07,5.194835689280247581e-08,1.008000237609535748e-07,4.217285141364968659e-09,2.501853269807612165e-07,4.559691718450344754e-09,1.994134411584410234e-16,2.647318097129513586e-15,6.312311031338024872e-15,2.626090385251270707e-15,6.546544535330833026e-17,3.480823419565071798e-16,3.481163166822091958e-16,3.227014064398957715e-16,5.380314268942906592e-17
2.299999999999999822e+00,4.202962033076799689e-07,5.259662883227524271e-08,1.380999041445729814e-07,3.755727158777232233e-09,2.219633813276255870e-07,3.880549061766642882e-09,7.907907348068709184e-17,1.874889563569245403e-15,7.290505383645290208e-15,1.870761252051695695e-15,1.940454781490617301e-16,3.181418899537405886e-16,7.038515208824270179e-16,2.860154421977406407e-16,1.653727410880603039e-16
2.310000000000000053e+00,4.205676251555181349e-07,5.330644480664904703e-08,1.759329391471681447e-07,3.180795391032679528e-09,1.849439432600923157e-07,3.203489704201022004e-09,4.274133221032260838e-17,1.571521445365856018e-15,7.104416013499845608e-15,1.571445228307540734e-15,3.106011871985903899e-16,6.471791446884479179e-16,7.564328418208561651e-16,5.773858224441031537e-16,2.646519203323143326e-16
2.320000000000000284e+00,4.056594731052835896e-07,5.412346988873386976e-08,2.043360573416072022e-07,2.307108518828984324e-09,1.423445386994288139e-07,2.548285475248776122e-09,8.284154607233656677e-17,1.654113631331411539e-15,5.714249706071698471e-15,1.648653124228116868e-15,4.550692675415818944e-16,1.024411983766893903e-15,1.284977896353900486e-15,9.294851309828141247e-16,3.876336983295895222e-16
2.330000000000000071e+00,4.014227186909516321e-07,5.503073873806029323e-08,2.325187353642272749e-07,1.484518241962312477e-09,1.104559190164735903e-07,1.932794209033221327e-09,7.387890305836844922e-17,1.378282753347317748e-15,5.108551396795215789e-15,1.375565637771736926e-15,6.591732081289539036e-16,1.172818703639619458e-15,1.731994074312235192e-15,1.056037523051797899e-15,5.648926822708535627e-16
2.339999999999999858e+00,4.480648190770745596e-07,5.578270664194116037e-08,2.861924840385262958e-07,1.093464599123147072e-09,1.036161136692406051e-07,1.380036887784683889e-09,7.348826386999146691e-17,1.196307065637019226e-15,4.426350125261142747e-15,1.195064938707865002e-15,8.372456760119363099e-16,1.545303919492483742e-15,1.865336052778850473e-15,1.383684406682884886e-15,7.176780907328494215e-16
2.350000000000000089e+00,5.202470157454671204e-07,5.626392904520876291e-08,3.490762358491504773e-07,7.399284823918420610e-10,1.132569365067225044e-07,9.099720286605582811e-10,1.148508639722818978e-16,1.105309443503374776e-15,3.502970031304958359e-15,1.103183063981088866e-15,1.009471346818679539e-15,2.019137368990998377e-15,2.295097227614490407e-15,1.818936801729963795e-15,8.643769115223118459e-16
2.360000000000000320e+00,5.265971168281613553e-07,5.679483868762133466e-08,3.531639097804502938e-07,1.375818226517489266e-10,1.159709143104157433e-07,5.298580067972654372e-10,1.250344350889373840e-16,8.363977442205370458e-16,3.002419889212335801e-15,8.335316837405713867e-16,1.214264935465107097e-15,2.295501675576931866e-15,2.803741534983085045e-15,2.067886360726018300e-15,1.041446860083630660e-15
2.370000000000000107e+00,4.524065254977478007e-07,5.765826814210062151e-08,2.911992487696315915e-07,2.482835508616591954e-10,1.030550461614068134e-07,2.456642792580430274e-10,1.420212932775496529e-16,6.191614586382512664e-16,2.477660004891982964e-15,6.144438629815257019e-16,1.396930101407863870e-15,2.617893588000335592e-15,3.174597025216409491e-15,2.352853644706824279e-15,1.198928178996225647e-15
2.379999999999999893e+00,4.253846943625417966e-07,5.865001984875247892e-08,2.772795205051021688e-07,1.852286852871899587e-09,8.753011767988620649e-08,7.273429339692376115e-11,2.074471662315259287e-16,4.817618300448213300e-16,1.825402458914947454e-15,4.808110631966590627e-16,1.546950751598585885e-15,3.014525820457147321e-15,3.583031885105924122e-15,2.715624575491112952e-15,1.326976574564272624e-15
2.390000000000000124e+00,5.392683700181365643e-07,5.947247322891682146e-08,3.937111573645977200e-07,3.854438976946493979e-09,8.221011792943062544e-08,2.016706204164976870e-11,2.060506091324457122e-16,3.107520656850462123e-16,1.331957120398841150e-15,3.182133492582929951e-16,1.703858174460687329e-15,3.238368184462465578e-15,3.965164552064840949e-15,2.919151634771066073e-15,1.462687659854560808e-15
2.399999999999999911e+00,6.866461052910343567e-07,5.996095705038959918e-08,5.370602350150561943e-07,4.926758370788239877e-09,8.462146022391776690e-08,7.667908936879040908e-11,1.853011982247846969e-16,1.848613988440871985e-16,8.684015551222046973e-16,1.939448608895518158e-16,1.839256291563812329e-15,3.419243148544348642e-15,4.193086210414434738e-15,3.076953403136046925e-15,1.580465766631048803e-15
